checkpoint,condition,train_seed,eval_seed,eval_policy,ablation,history_intervention,sender_remap,cross_play,sender_id,receiver_id,receiver_is_sender,regime,true_f,n_obs,natural_token0_rate,natural_token1_rate,natural_p_cooperate,natural_logit_margin,natural_greedy_cooperate,p_cooperate_force0,p_cooperate_force1,delta_p_cooperate_1_minus_0,logit_margin_force0,logit_margin_force1,delta_logit_margin_1_minus_0,greedy_cooperate_force0,greedy_cooperate_force1,delta_greedy_cooperate_1_minus_0,action_flip_rate_force0_vs_natural,action_flip_rate_force1_vs_natural,checkpoint_episode
<SOURCE_VECSTRAIGHT_REPO>/remote-results/phase3_vecstraight_clean_msgsource_learned_15seeds_remote_20260410/train/cond1_seed101.pt,cond1,101,9001,greedy,none,none,none,none,agent_0,agent_0,1,competitive,0.5,5288,0.2102874432677761,0.789712556732224,2.977656925558477e-05,-68.54212341269368,0.0,0.00013992009264850614,0.0011827565843787898,0.0010428364917302838,-73.02165390016813,-66.99466442613216,6.026989474035968,0.00018910741301059002,0.00132375189107413,0.0011346444780635401,0.00018910741301059002,0.00132375189107413,150000
<SOURCE_VECSTRAIGHT_REPO>/remote-results/phase3_vecstraight_clean_msgsource_learned_15seeds_remote_20260410/train/cond1_seed101.pt,cond1,101,9001,greedy,none,none,none,none,agent_0,agent_1,0,competitive,0.5,5288,0.2102874432677761,0.789712556732224,0.00023497028536715063,-87.33904556961626,0.00018910741301059002,0.0004489320153926798,1.330722169138982e-05,-0.00043562479370129025,-100.86245785838447,-83.92881101270667,16.933646845677796,0.00037821482602118004,0.0,-0.00037821482602118004,0.00018910741301059002,0.00018910741301059002,150000
<SOURCE_VECSTRAIGHT_REPO>/remote-results/phase3_vecstraight_clean_msgsource_learned_15seeds_remote_20260410/train/cond1_seed101.pt,cond1,101,9001,greedy,none,none,none,none,agent_0,agent_2,0,competitive,0.5,5288,0.2102874432677761,0.789712556732224,0.0073940600596907645,-63.64944757770257,0.007753403933434191,0.00829796126623531,0.001109027770540077,-0.007188933495695229,-52.77695600369751,-66.45775171575305,-13.680795712055534,0.00869894099848714,0.0007564296520423601,-0.00794251134644478,0.0009455370650529501,0.00699697428139183,150000
<SOURCE_VECSTRAIGHT_REPO>/remote-results/phase3_vecstraight_clean_msgsource_learned_15seeds_remote_20260410/train/cond1_seed101.pt,cond1,101,9001,greedy,none,none,none,none,agent_0,agent_3,0,competitive,0.5,5288,0.2102874432677761,0.789712556732224,0.0038001085728573834,-45.63294497703775,0.0045385779122541605,0.0038807193989636355,0.00308846801911428,-0.0007922513798493608,-39.68684215331943,-47.08830264872912,-7.401460495409689,0.00434947049924357,0.0032148260211800304,-0.0011346444780635401,0.0005673222390317701,0.00132375189107413,150000
<SOURCE_VECSTRAIGHT_REPO>/remote-results/phase3_vecstraight_clean_msgsource_learned_15seeds_remote_20260410/train/cond1_seed101.pt,cond1,101,9001,greedy,none,none,none,none,agent_1,agent_0,0,competitive,0.5,5288,0.424357034795764,0.575642965204236,2.977656925558477e-05,-68.54212341269368,0.0,6.1347781119023425e-06,2.986391413361505e-05,2.3729136021712698e-05,-64.71062183506369,-71.30322321769239,-6.5926013826286916,0.0,0.0,0.0,0.0,0.0,150000
<SOURCE_VECSTRAIGHT_REPO>/remote-results/phase3_vecstraight_clean_msgsource_learned_15seeds_remote_20260410/train/cond1_seed101.pt,cond1,101,9001,greedy,none,none,none,none,agent_1,agent_1,1,competitive,0.5,5288,0.424357034795764,0.575642965204236,0.00023497028536715063,-87.33904556961626,0.00018910741301059002,0.0003879197953491174,4.605233043484388e-06,-0.00038331456230563315,-83.17835398974199,-89.76918363183421,-6.590829642092226,0.00037821482602118004,0.0,-0.00037821482602118004,0.00018910741301059002,0.00018910741301059002,150000
<SOURCE_VECSTRAIGHT_REPO>/remote-results/phase3_vecstraight_clean_msgsource_learned_15seeds_remote_20260410/train/cond1_seed101.pt,cond1,101,9001,greedy,none,none,none,none,agent_1,agent_2,0,competitive,0.5,5288,0.424357034795764,0.575642965204236,0.0073940600596907645,-63.64944757770257,0.007753403933434191,0.00777445629342555,0.001933442288361532,-0.005841014005064029,-47.514145603327364,-75.5121657536358,-27.998020150308438,0.00813161875945537,0.0018910741301059002,-0.006240544629349471,0.00037821482602118004,0.0058623298033282905,150000
<SOURCE_VECSTRAIGHT_REPO>/remote-results/phase3_vecstraight_clean_msgsource_learned_15seeds_remote_20260410/train/cond1_seed101.pt,cond1,101,9001,greedy,none,none,none,none,agent_1,agent_3,0,competitive,0.5,5288,0.424357034795764,0.575642965204236,0.0038001085728573834,-45.63294497703775,0.0045385779122541605,0.004459346747480611,0.0031831135888189194,-0.0012762331586616913,-42.73568873377954,-47.53572455202983,-4.8000358182502945,0.00529500756429652,0.00340393343419062,-0.0018910741301059002,0.0007564296520423601,0.0011346444780635401,150000
<SOURCE_VECSTRAIGHT_REPO>/remote-results/phase3_vecstraight_clean_msgsource_learned_15seeds_remote_20260410/train/cond1_seed101.pt,cond1,101,9001,greedy,none,none,none,none,agent_2,agent_0,0,competitive,0.5,5288,0.1079803328290469,0.8920196671709532,2.977656925558477e-05,-68.54212341269368,0.0,2.9802399413452497e-05,2.0703409140233286e-09,-2.9800329072538478e-05,-52.4713154357834,-70.53709916393984,-18.065783728156436,0.0,0.0,0.0,0.0,0.0,150000
<SOURCE_VECSTRAIGHT_REPO>/remote-results/phase3_vecstraight_clean_msgsource_learned_15seeds_remote_20260410/train/cond1_seed101.pt,cond1,101,9001,greedy,none,none,none,none,agent_2,agent_1,0,competitive,0.5,5288,0.1079803328290469,0.8920196671709532,0.00023497028536715063,-87.33904556961626,0.00018910741301059002,5.1487327945421196e-05,0.0006320528370573036,0.000580565509111882,-72.07632166309544,-89.10516660693193,-17.02884494383649,0.0,0.0005673222390317701,0.0005673222390317701,0.00018910741301059002,0.00037821482602118004,150000
<SOURCE_VECSTRAIGHT_REPO>/remote-results/phase3_vecstraight_clean_msgsource_learned_15seeds_remote_20260410/train/cond1_seed101.pt,cond1,101,9001,greedy,none,none,none,none,agent_2,agent_2,1,competitive,0.5,5288,0.1079803328290469,0.8920196671709532,0.0073940600596907645,-63.64944757770257,0.007753403933434191,5.039889338911632e-06,0.011092142591828965,0.011087102702490055,-75.15213608110547,-61.74704999000725,13.405086091098216,0.0,0.0113464447806354,0.0113464447806354,0.007753403933434191,0.0035930408472012103,150000
<SOURCE_VECSTRAIGHT_REPO>/remote-results/phase3_vecstraight_clean_msgsource_learned_15seeds_remote_20260410/train/cond1_seed101.pt,cond1,101,9001,greedy,none,none,none,none,agent_2,agent_3,0,competitive,0.5,5288,0.1079803328290469,0.8920196671709532,0.0038001085728573834,-45.63294497703775,0.0045385779122541605,0.012918144611157367,0.001820973094046001,-0.011097171517111391,-41.87007022022345,-46.12013428671773,-4.250064066494287,0.013048411497730712,0.0022692889561270802,-0.01077912254160363,0.00850983358547655,0.0022692889561270802,150000
<SOURCE_VECSTRAIGHT_REPO>/remote-results/phase3_vecstraight_clean_msgsource_learned_15seeds_remote_20260410/train/cond1_seed101.pt,cond1,101,9001,greedy,none,none,none,none,agent_3,agent_0,0,competitive,0.5,5288,0.9116868381240545,0.08831316187594554,2.977656925558477e-05,-68.54212341269368,0.0,0.00014091838906078825,3.1295636337306894e-07,-0.0001406054326974153,-67.90772269296484,-75.14249596851857,-7.234773275553729,0.0,0.0,0.0,0.0,0.0,150000
<SOURCE_VECSTRAIGHT_REPO>/remote-results/phase3_vecstraight_clean_msgsource_learned_15seeds_remote_20260410/train/cond1_seed101.pt,cond1,101,9001,greedy,none,none,none,none,agent_3,agent_1,0,competitive,0.5,5288,0.9116868381240545,0.08831316187594554,0.00023497028536715063,-87.33904556961626,0.00018910741301059002,1.8827987261316374e-05,0.00030571170909315324,0.0002868837218318367,-90.33522978429535,-51.79641206463328,38.53881771966206,0.0,0.00018910741301059002,0.00018910741301059002,0.00018910741301059002,0.0,150000
<SOURCE_VECSTRAIGHT_REPO>/remote-results/phase3_vecstraight_clean_msgsource_learned_15seeds_remote_20260410/train/cond1_seed101.pt,cond1,101,9001,greedy,none,none,none,none,agent_3,agent_2,0,competitive,0.5,5288,0.9116868381240545,0.08831316187594554,0.0073940600596907645,-63.64944757770257,0.007753403933434191,0.007263325458620012,0.007206891043061586,-5.6434415558419864e-05,-64.49042082118059,-53.363194254896236,11.127226566284353,0.007375189107413011,0.007375189107413011,0.0,0.00037821482602118004,0.00037821482602118004,150000
<SOURCE_VECSTRAIGHT_REPO>/remote-results/phase3_vecstraight_clean_msgsource_learned_15seeds_remote_20260410/train/cond1_seed101.pt,cond1,101,9001,greedy,none,none,none,none,agent_3,agent_3,1,competitive,0.5,5288,0.9116868381240545,0.08831316187594554,0.0038001085728573834,-45.63294497703775,0.0045385779122541605,0.005663475250792391,0.0014180456005039805,-0.004245429650288409,-45.13088510366954,-49.98066499822529,-4.849779894555751,0.006240544629349471,0.0015128593040847202,-0.004727685325264751,0.0024583963691376704,0.0030257186081694403,150000
<SOURCE_VECSTRAIGHT_REPO>/remote-results/phase3_vecstraight_clean_msgsource_learned_15seeds_remote_20260410/train/cond1_seed101.pt,cond1,101,9001,greedy,none,none,none,none,agent_0,agent_0,1,mixed,1.5,5824,0.7408997252747253,0.25910027472527475,0.0019221941541164563,-44.23607402548685,0.001717032967032967,0.000630748244786697,0.004654885019453263,0.004024136774666569,-45.924117673147514,-40.03536385604804,5.888753817099464,0.00034340659340659343,0.004464285714285714,0.004120879120879121,0.0020604395604395605,0.0027472527472527475,150000
<SOURCE_VECSTRAIGHT_REPO>/remote-results/phase3_vecstraight_clean_msgsource_learned_15seeds_remote_20260410/train/cond1_seed101.pt,cond1,101,9001,greedy,none,none,none,none,agent_0,agent_1,0,mixed,1.5,5824,0.7408997252747253,0.25910027472527475,0.012428436377118011,-58.62820559413336,0.011847527472527472,0.011830170885687026,0.015356802543697718,0.0035266316580107124,-62.88298197980244,-46.15412255951234,16.728859420290092,0.011332417582417582,0.014766483516483516,0.003434065934065934,0.0015453296703296703,0.007383241758241758,150000
<SOURCE_VECSTRAIGHT_REPO>/remote-results/phase3_vecstraight_clean_msgsource_learned_15seeds_remote_20260410/train/cond1_seed101.pt,cond1,101,9001,greedy,none,none,none,none,agent_0,agent_2,0,mixed,1.5,5824,0.7408997252747253,0.25910027472527475,0.037895213129424045,-38.89220351135808,0.03708791208791209,0.04352250135085573,0.01999156505868581,-0.02353093629216999,-34.940130900463686,-49.91007291178148,-14.96994201131779,0.04275412087912088,0.019917582417582416,-0.02283653846153846,0.008070054945054946,0.022664835164835164,150000
<SOURCE_VECSTRAIGHT_REPO>/remote-results/phase3_vecstraight_clean_msgsource_learned_15seeds_remote_20260410/train/cond1_seed101.pt,cond1,101,9001,greedy,none,none,none,none,agent_0,agent_3,0,mixed,1.5,5824,0.7408997252747253,0.25910027472527475,0.029274559868899225,-27.33948164083739,0.028846153846153848,0.028453894173595742,0.02265188512513956,-0.005802009048456246,-26.21835558640433,-30.535224301784023,-4.3168687153796945,0.027815934065934064,0.02197802197802198,-0.005837912087912088,0.0027472527472527475,0.012706043956043956,150000
<SOURCE_VECSTRAIGHT_REPO>/remote-results/phase3_vecstraight_clean_msgsource_learned_15seeds_remote_20260410/train/cond1_seed101.pt,cond1,101,9001,greedy,none,none,none,none,agent_1,agent_0,0,mixed,1.5,5824,0.38495879120879123,0.6150412087912088,0.0019221941541164563,-44.23607402548685,0.001717032967032967,0.0019855438393101043,0.001649674078280649,-0.00033586976102946116,-42.88232446384135,-45.24686796663861,-2.36454350279726,0.0018887362637362637,0.0015453296703296703,-0.00034340659340659343,0.00017170329670329672,0.0005151098901098901,150000
<SOURCE_VECSTRAIGHT_REPO>/remote-results/phase3_vecstraight_clean_msgsource_learned_15seeds_remote_20260410/train/cond1_seed101.pt,cond1,101,9001,greedy,none,none,none,none,agent_1,agent_1,1,mixed,1.5,5824,0.38495879120879123,0.6150412087912088,0.012428436377118011,-58.62820559413336,0.011847527472527472,0.017202151624092877,0.0055418862210931865,-0.011660265402999703,-52.65734700244534,-63.1298438043482,-10.472496801902857,0.016826923076923076,0.005322802197802198,-0.01150412087912088,0.005666208791208791,0.007211538461538462,150000
<SOURCE_VECSTRAIGHT_REPO>/remote-results/phase3_vecstraight_clean_msgsource_learned_15seeds_remote_20260410/train/cond1_seed101.pt,cond1,101,9001,greedy,none,none,none,none,agent_1,agent_2,0,mixed,1.5,5824,0.38495879120879123,0.6150412087912088,0.037895213129424045,-38.89220351135808,0.03708791208791209,0.053375847667130834,0.01901736270599334,-0.03435848496113754,-24.84163403400261,-47.7652434526564,-22.92360941865379,0.052026098901098904,0.019059065934065936,-0.03296703296703297,0.014938186813186814,0.018028846153846152,150000
<SOURCE_VECSTRAIGHT_REPO>/remote-results/phase3_vecstraight_clean_msgsource_learned_15seeds_remote_20260410/train/cond1_seed101.pt,cond1,101,9001,greedy,none,none,none,none,agent_1,agent_3,0,mixed,1.5,5824,0.38495879120879123,0.6150412087912088,0.029274559868899225,-27.33948164083739,0.028846153846153848,0.0387526345670489,0.02060660867945212,-0.018146025887596767,-21.63983691002723,-30.473348623256783,-8.83351171322955,0.038461538461538464,0.020432692307692308,-0.018028846153846152,0.010302197802197802,0.010473901098901098,150000
<SOURCE_VECSTRAIGHT_REPO>/remote-results/phase3_vecstraight_clean_msgsource_learned_15seeds_remote_20260410/train/cond1_seed101.pt,cond1,101,9001,greedy,none,none,none,none,agent_2,agent_0,0,mixed,1.5,5824,0.5729739010989011,0.4270260989010989,0.0019221941541164563,-44.23607402548685,0.001717032967032967,0.002295565654204423,0.0021354267782142567,-0.00016013887599017576,-38.36849773412693,-52.179444813732424,-13.810947079605494,0.002403846153846154,0.0018887362637362637,-0.0005151098901098901,0.0006868131868131869,0.00017170329670329672,150000
<SOURCE_VECSTRAIGHT_REPO>/remote-results/phase3_vecstraight_clean_msgsource_learned_15seeds_remote_20260410/train/cond1_seed101.pt,cond1,101,9001,greedy,none,none,none,none,agent_2,agent_1,0,mixed,1.5,5824,0.5729739010989011,0.4270260989010989,0.012428436377118011,-58.62820559413336,0.011847527472527472,0.015511355319465403,0.013152373687536661,-0.00235898163192875,-48.432536917440544,-72.9550095885291,-24.522472671088558,0.014938186813186814,0.012706043956043956,-0.002232142857142857,0.006181318681318681,0.008756868131868132,150000
<SOURCE_VECSTRAIGHT_REPO>/remote-results/phase3_vecstraight_clean_msgsource_learned_15seeds_remote_20260410/train/cond1_seed101.pt,cond1,101,9001,greedy,none,none,none,none,agent_2,agent_2,1,mixed,1.5,5824,0.5729739010989011,0.4270260989010989,0.037895213129424045,-38.89220351135808,0.03708791208791209,0.006853551368205451,0.17873448081965265,0.171880929451447,-49.1673942088651,-22.56376814458693,26.603626064278163,0.006696428571428571,0.17685439560439561,0.17015796703296704,0.030391483516483516,0.13976648351648352,150000
<SOURCE_VECSTRAIGHT_REPO>/remote-results/phase3_vecstraight_clean_msgsource_learned_15seeds_remote_20260410/train/cond1_seed101.pt,cond1,101,9001,greedy,none,none,none,none,agent_2,agent_3,0,mixed,1.5,5824,0.5729739010989011,0.4270260989010989,0.029274559868899225,-27.33948164083739,0.028846153846153848,0.04503943923231682,0.006861310277257608,-0.03817812895505927,-24.538782560916435,-30.780968947336078,-6.242186386419644,0.04429945054945055,0.007039835164835165,-0.037259615384615384,0.015453296703296704,0.02180631868131868,150000
<SOURCE_VECSTRAIGHT_REPO>/remote-results/phase3_vecstraight_clean_msgsource_learned_15seeds_remote_20260410/train/cond1_seed101.pt,cond1,101,9001,greedy,none,none,none,none,agent_3,agent_0,0,mixed,1.5,5824,0.9424793956043956,0.05752060439560439,0.0019221941541164563,-44.23607402548685,0.001717032967032967,0.0068778105296126825,5.7992669390004076e-05,-0.0068198178602227,-43.814988283578636,-46.48667480747451,-2.6716865238958745,0.006524725274725275,0.0,-0.006524725274725275,0.004807692307692308,0.001717032967032967,150000
<SOURCE_VECSTRAIGHT_REPO>/remote-results/phase3_vecstraight_clean_msgsource_learned_15seeds_remote_20260410/train/cond1_seed101.pt,cond1,101,9001,greedy,none,none,none,none,agent_3,agent_1,0,mixed,1.5,5824,0.9424793956043956,0.05752060439560439,0.012428436377118011,-58.62820559413336,0.011847527472527472,0.007785177201689554,0.03886903972445791,0.031083862522768454,-59.88104156538547,-34.08603826346858,25.79500330191689,0.007211538461538462,0.036744505494505496,0.029532967032967032,0.005322802197802198,0.025927197802197804,150000
<SOURCE_VECSTRAIGHT_REPO>/remote-results/phase3_vecstraight_clean_msgsource_learned_15seeds_remote_20260410/train/cond1_seed101.pt,cond1,101,9001,greedy,none,none,none,none,agent_3,agent_2,0,mixed,1.5,5824,0.9424793956043956,0.05752060439560439,0.037895213129424045,-38.89220351135808,0.03708791208791209,0.039931416710825826,0.03474742298584719,-0.0051839937249786704,-38.774004973988,-35.93616043067547,2.8378445433125226,0.039320054945054944,0.034684065934065936,-0.004635989010989011,0.005322802197802198,0.006868131868131868,150000
<SOURCE_VECSTRAIGHT_REPO>/remote-results/phase3_vecstraight_clean_msgsource_learned_15seeds_remote_20260410/train/cond1_seed101.pt,cond1,101,9001,greedy,none,none,none,none,agent_3,agent_3,1,mixed,1.5,5824,0.9424793956043956,0.05752060439560439,0.029274559868899225,-27.33948164083739,0.028846153846153848,0.040079285824231044,0.020101132571366285,-0.01997815325286477,-26.90008267857503,-33.48531209188002,-6.585229413304989,0.03983516483516483,0.01974587912087912,-0.020089285714285716,0.01201923076923077,0.009443681318681318,150000
<SOURCE_VECSTRAIGHT_REPO>/remote-results/phase3_vecstraight_clean_msgsource_learned_15seeds_remote_20260410/train/cond1_seed101.pt,cond1,101,9001,greedy,none,none,none,none,agent_0,agent_0,1,mixed,2.5,6298,0.9423626548110511,0.05763734518894887,0.04891478742557332,-19.611623292415626,0.04493489996824389,0.04177650757888681,0.08758459635989198,0.045808088781005125,-20.121716829122683,-15.104301110501515,5.0174157186211685,0.037789774531597334,0.08431248015242934,0.04652270562083201,0.011908542394410923,0.057796125754207686,150000
<SOURCE_VECSTRAIGHT_REPO>/remote-results/phase3_vecstraight_clean_msgsource_learned_15seeds_remote_20260410/train/cond1_seed101.pt,cond1,101,9001,greedy,none,none,none,none,agent_0,agent_1,0,mixed,2.5,6298,0.9423626548110511,0.05763734518894887,0.5740257715207345,-1.4967512499461784,0.5768497935852651,0.5708916254509545,0.6436235750836548,0.07273194963270051,-1.7057838083944905,3.091647484354857,4.797431292749348,0.574468085106383,0.645442997777072,0.0709749126706891,0.006510003175611305,0.11876786281359161,150000
<SOURCE_VECSTRAIGHT_REPO>/remote-results/phase3_vecstraight_clean_msgsource_learned_15seeds_remote_20260410/train/cond1_seed101.pt,cond1,101,9001,greedy,none,none,none,none,agent_0,agent_2,0,mixed,2.5,6298,0.9423626548110511,0.05763734518894887,0.5648057623739576,4.682129156664274,0.5646236900603366,0.5737608639926978,0.45315443853225595,-0.12060642546044031,5.597451818073579,-5.511371721413901,-11.10882353948748,0.5738329628453477,0.4528421721181327,-0.12099079072721498,0.011432200698634487,0.18894887265798666,150000
<SOURCE_VECSTRAIGHT_REPO>/remote-results/phase3_vecstraight_clean_msgsource_learned_15seeds_remote_20260410/train/cond1_seed101.pt,cond1,101,9001,greedy,none,none,none,none,agent_0,agent_3,0,mixed,2.5,6298,0.9423626548110511,0.05763734518894887,0.5478767331641529,1.788412891228962,0.546522705620832,0.5449646763315552,0.4979338694604985,-0.047030806871057054,1.7848623903588325,0.5423699960079448,-1.2424923943508879,0.5435058748809146,0.4931724356938711,-0.050333439187043506,0.004604636392505557,0.14258494760241347,150000
<SOURCE_VECSTRAIGHT_REPO>/remote-results/phase3_vecstraight_clean_msgsource_learned_15seeds_remote_20260410/train/cond1_seed101.pt,cond1,101,9001,greedy,none,none,none,none,agent_1,agent_0,0,mixed,2.5,6298,0.4979358526516354,0.5020641473483646,0.04891478742557332,-19.611623292415626,0.04493489996824389,0.022309801570450063,0.06112722871416418,0.03881742714371427,-22.8695427420812,-17.127322526645685,5.742220215435519,0.021117815179422038,0.05398539218799619,0.03286757700857415,0.028580501746586218,0.011273420133375674,150000
<SOURCE_VECSTRAIGHT_REPO>/remote-results/phase3_vecstraight_clean_msgsource_learned_15seeds_remote_20260410/train/cond1_seed101.pt,cond1,101,9001,greedy,none,none,none,none,agent_1,agent_1,1,mixed,2.5,6298,0.4979358526516354,0.5020641473483646,0.5740257715207345,-1.4967512499461784,0.5768497935852651,0.6647433422315774,0.3986966909365433,-0.26604665129503247,3.3040451539379285,-8.21083677500704,-11.51488192894497,0.6664020323912353,0.3996506827564306,-0.2667513496348047,0.08955223880597014,0.17846935535090505,150000
<SOURCE_VECSTRAIGHT_REPO>/remote-results/phase3_vecstraight_clean_msgsource_learned_15seeds_remote_20260410/train/cond1_seed101.pt,cond1,101,9001,greedy,none,none,none,none,agent_1,agent_2,0,mixed,2.5,6298,0.4979358526516354,0.5020641473483646,0.5648057623739576,4.682129156664274,0.5646236900603366,0.6433910725990756,0.49086506901670535,-0.15252600358236898,9.6550746960805,-1.412027133522847,-11.067101829603347,0.6451254366465544,0.489838043823436,-0.15528739282311846,0.08050174658621785,0.07478564623690061,150000
<SOURCE_VECSTRAIGHT_REPO>/remote-results/phase3_vecstraight_clean_msgsource_learned_15seeds_remote_20260410/train/cond1_seed101.pt,cond1,101,9001,greedy,none,none,none,none,agent_1,agent_3,0,mixed,2.5,6298,0.4979358526516354,0.5020641473483646,0.5478767331641529,1.788412891228962,0.546522705620832,0.6184026776539131,0.469718937111271,-0.14868374054264177,3.5873807238165862,-0.8395714895541269,-4.426952213370713,0.6182915211178152,0.4693553509050492,-0.14893617021276595,0.07875516036837091,0.07907272149888854,150000
<SOURCE_VECSTRAIGHT_REPO>/remote-results/phase3_vecstraight_clean_msgsource_learned_15seeds_remote_20260410/train/cond1_seed101.pt,cond1,101,9001,greedy,none,none,none,none,agent_2,agent_0,0,mixed,2.5,6298,0.7067322959669736,0.2932677040330264,0.04891478742557332,-19.611623292415626,0.04493489996824389,0.054283650955243685,0.04117204804443537,-0.013111602910808219,-16.69472727659355,-24.199164132157293,-7.504436855563742,0.04938075579549063,0.039853921879961896,-0.00952683391552874,0.007939028262940616,0.0387424579231502,150000
<SOURCE_VECSTRAIGHT_REPO>/remote-results/phase3_vecstraight_clean_msgsource_learned_15seeds_remote_20260410/train/cond1_seed101.pt,cond1,101,9001,greedy,none,none,none,none,agent_2,agent_1,0,mixed,2.5,6298,0.7067322959669736,0.2932677040330264,0.5740257715207345,-1.4967512499461784,0.5768497935852651,0.566445605391988,0.4551479625399017,-0.11129764285208554,-0.9108110566754527,-11.326614229399539,-10.415803172724086,0.5689107653223245,0.45681168624960306,-0.1120990790727215,0.06097173705938393,0.20800254048904415,150000
<SOURCE_VECSTRAIGHT_REPO>/remote-results/phase3_vecstraight_clean_msgsource_learned_15seeds_remote_20260410/train/cond1_seed101.pt,cond1,101,9001,greedy,none,none,none,none,agent_2,agent_2,1,mixed,2.5,6298,0.7067322959669736,0.2932677040330264,0.5648057623739576,4.682129156664274,0.5646236900603366,0.4204441432784606,0.946279574778693,0.5258354315002328,-3.5961276332999494,24.102496694483598,27.69862432778355,0.4201333756748174,0.9482375357256272,0.5281041600508097,0.1444903143855192,0.38361384566529055,150000
<SOURCE_VECSTRAIGHT_REPO>/remote-results/phase3_vecstraight_clean_msgsource_learned_15seeds_remote_20260410/train/cond1_seed101.pt,cond1,101,9001,greedy,none,none,none,none,agent_2,agent_3,0,mixed,2.5,6298,0.7067322959669736,0.2932677040330264,0.5478767331641529,1.788412891228962,0.546522705620832,0.7045815350672433,0.25583522205233045,-0.4487463130149128,6.325731968145762,-7.040707790518458,-13.36643975866422,0.7040330263575738,0.2516671959352175,-0.4523658304223563,0.15751032073674182,0.29485550968561447,150000
<SOURCE_VECSTRAIGHT_REPO>/remote-results/phase3_vecstraight_clean_msgsource_learned_15seeds_remote_20260410/train/cond1_seed101.pt,cond1,101,9001,greedy,none,none,none,none,agent_3,agent_0,0,mixed,2.5,6298,0.46999047316608444,0.5300095268339156,0.04891478742557332,-19.611623292415626,0.04493489996824389,0.1269249036383358,0.02935281639140059,-0.0975720872469354,-14.854894321976143,-21.14463070233726,-6.289736380361117,0.12321371864083835,0.02461098761511591,-0.09860273102572245,0.08050174658621785,0.022864401397268974,150000
<SOURCE_VECSTRAIGHT_REPO>/remote-results/phase3_vecstraight_clean_msgsource_learned_15seeds_remote_20260410/train/cond1_seed101.pt,cond1,101,9001,greedy,none,none,none,none,agent_3,agent_1,0,mixed,2.5,6298,0.46999047316608444,0.5300095268339156,0.5740257715207345,-1.4967512499461784,0.5768497935852651,0.3910913078848571,0.661951419099913,0.27086011121505593,-10.042685311197141,3.8583617518153472,13.90104706301249,0.3913940933629724,0.6648142267386472,0.27342013337567483,0.1984757065735154,0.10130200063512226,150000
<SOURCE_VECSTRAIGHT_REPO>/remote-results/phase3_vecstraight_clean_msgsource_learned_15seeds_remote_20260410/train/cond1_seed101.pt,cond1,101,9001,greedy,none,none,none,none,agent_3,agent_2,0,mixed,2.5,6298,0.46999047316608444,0.5300095268339156,0.5648057623739576,4.682129156664274,0.5646236900603366,0.6437155238760777,0.4725814633972796,-0.17113406047879723,8.424806993363603,0.559465996682095,-7.865340996681508,0.6449666560812957,0.47364242616703717,-0.1713242299142585,0.08732931089234677,0.09447443632899333,150000
<SOURCE_VECSTRAIGHT_REPO>/remote-results/phase3_vecstraight_clean_msgsource_learned_15seeds_remote_20260410/train/cond1_seed101.pt,cond1,101,9001,greedy,none,none,none,none,agent_3,agent_3,1,mixed,2.5,6298,0.46999047316608444,0.5300095268339156,0.5478767331641529,1.788412891228962,0.546522705620832,0.635636621511507,0.46697485472690886,-0.16866176678459754,3.9020693379759828,-1.209861917890284,-5.111931255866267,0.6357573832962845,0.4672912035566847,-0.16846617973959988,0.0901873610670054,0.08050174658621785,150000
<SOURCE_VECSTRAIGHT_REPO>/remote-results/phase3_vecstraight_clean_msgsource_learned_15seeds_remote_20260410/train/cond1_seed101.pt,cond1,101,9001,greedy,none,none,none,none,agent_0,agent_0,1,mixed,3.5,6673,0.6322493631050502,0.3677506368949498,0.6235690546708891,3.8228875258266166,0.6256556271542035,0.5118624808334397,0.759148605297391,0.247286124463951,0.19208554173005354,10.790061684686814,10.597976142956758,0.5071182376742095,0.7630750786752585,0.255956841001049,0.12632998651281283,0.15989809680803238,150000
<SOURCE_VECSTRAIGHT_REPO>/remote-results/phase3_vecstraight_clean_msgsource_learned_15seeds_remote_20260410/train/cond1_seed101.pt,cond1,101,9001,greedy,none,none,none,none,agent_0,agent_1,0,mixed,3.5,6673,0.6322493631050502,0.3677506368949498,0.8842690731871332,18.347940090048887,0.8856586243069084,0.851048031515356,0.9664821394299714,0.11543410791461468,17.632085168285627,20.563927122120305,2.9318419538346765,0.8523902292821819,0.9677806084219991,0.11539037913981717,0.03326839502472651,0.08242169938558369,150000
<SOURCE_VECSTRAIGHT_REPO>/remote-results/phase3_vecstraight_clean_msgsource_learned_15seeds_remote_20260410/train/cond1_seed101.pt,cond1,101,9001,greedy,none,none,none,none,agent_0,agent_2,0,mixed,3.5,6673,0.6322493631050502,0.3677506368949498,0.9692983503807383,25.387689181126596,0.9700284729506968,0.9839650707196522,0.9341751509464136,-0.04978991977323822,32.5124819470045,13.327150127751242,-19.185331819253257,0.9844148059343624,0.9346620710325191,-0.049752734901843246,0.014386332983665517,0.03716469354113592,150000
<SOURCE_VECSTRAIGHT_REPO>/remote-results/phase3_vecstraight_clean_msgsource_learned_15seeds_remote_20260410/train/cond1_seed101.pt,cond1,101,9001,greedy,none,none,none,none,agent_0,agent_3,0,mixed,3.5,6673,0.6322493631050502,0.3677506368949498,0.9744369434474363,22.006128367715988,0.9746740596433389,0.9740208081073713,0.9687476973120257,-0.005273110795346112,23.13364000881735,20.59174762810704,-2.5418923807103075,0.9745242020080923,0.9683800389629852,-0.006144163045107148,0.002247864528697737,0.011988610819721265,150000
<SOURCE_VECSTRAIGHT_REPO>/remote-results/phase3_vecstraight_clean_msgsource_learned_15seeds_remote_20260410/train/cond1_seed101.pt,cond1,101,9001,greedy,none,none,none,none,agent_1,agent_0,0,mixed,3.5,6673,0.20470552974674058,0.7952944702532594,0.6235690546708891,3.8228875258266166,0.6256556271542035,0.5971033621771774,0.6161024922979413,0.01899913012076446,2.344036866959185,3.736088036789666,1.3920511698304812,0.606323992207403,0.6163644537689196,0.01004046156151656,0.14820920125880413,0.03926270043458714,150000
<SOURCE_VECSTRAIGHT_REPO>/remote-results/phase3_vecstraight_clean_msgsource_learned_15seeds_remote_20260410/train/cond1_seed101.pt,cond1,101,9001,greedy,none,none,none,none,agent_1,agent_1,1,mixed,3.5,6673,0.20470552974674058,0.7952944702532594,0.8842690731871332,18.347940090048887,0.8856586243069084,0.8815652270759767,0.873718766963522,-0.007846460112454282,18.86907078283767,17.726080906691156,-1.142989876146516,0.8829611868724712,0.8744193016634197,-0.008541885209051402,0.014985763524651582,0.011239322643488685,150000
<SOURCE_VECSTRAIGHT_REPO>/remote-results/phase3_vecstraight_clean_msgsource_learned_15seeds_remote_20260410/train/cond1_seed101.pt,cond1,101,9001,greedy,none,none,none,none,agent_1,agent_2,0,mixed,3.5,6673,0.20470552974674058,0.7952944702532594,0.9692983503807383,25.387689181126596,0.9700284729506968,0.9923560497444873,0.9583776149348355,-0.0339784348096518,27.364945716020426,24.636916694928463,-2.7280290210919635,0.9925071182376742,0.9589390079424547,-0.03356811029521954,0.02247864528697737,0.01108946500824217,150000
<SOURCE_VECSTRAIGHT_REPO>/remote-results/phase3_vecstraight_clean_msgsource_learned_15seeds_remote_20260410/train/cond1_seed101.pt,cond1,101,9001,greedy,none,none,none,none,agent_1,agent_3,0,mixed,3.5,6673,0.20470552974674058,0.7952944702532594,0.9744369434474363,22.006128367715988,0.9746740596433389,0.9709519866630021,0.9665053576949512,-0.004446628968051139,20.300592166117493,22.14850924633333,1.847917080215834,0.9713771916679155,0.967181177881013,-0.004196013786902443,0.0053948748688745695,0.01108946500824217,150000
<SOURCE_VECSTRAIGHT_REPO>/remote-results/phase3_vecstraight_clean_msgsource_learned_15seeds_remote_20260410/train/cond1_seed101.pt,cond1,101,9001,greedy,none,none,none,none,agent_2,agent_0,0,mixed,3.5,6673,0.4939307657725161,0.5060692342274838,0.6235690546708891,3.8228875258266166,0.6256556271542035,0.7305519858154687,0.5350483783872777,-0.19550360742819103,7.496533817152882,0.9249919553969944,-6.571541861755888,0.7323542634497228,0.5384384834407313,-0.19391578000899146,0.14056646186123184,0.10849692791847744,150000
<SOURCE_VECSTRAIGHT_REPO>/remote-results/phase3_vecstraight_clean_msgsource_learned_15seeds_remote_20260410/train/cond1_seed101.pt,cond1,101,9001,greedy,none,none,none,none,agent_2,agent_1,0,mixed,3.5,6673,0.4939307657725161,0.5060692342274838,0.8842690731871332,18.347940090048887,0.8856586243069084,0.9918267416888972,0.8353561670420117,-0.1564705746468857,25.81039007847927,12.845217581189667,-12.9651724972896,0.9929566911434138,0.8386033268395024,-0.15435336430391128,0.10849692791847744,0.05095159598381538,150000
<SOURCE_VECSTRAIGHT_REPO>/remote-results/phase3_vecstraight_clean_msgsource_learned_15seeds_remote_20260410/train/cond1_seed101.pt,cond1,101,9001,greedy,none,none,none,none,agent_2,agent_2,1,mixed,3.5,6673,0.4939307657725161,0.5060692342274838,0.9692983503807383,25.387689181126596,0.9700284729506968,0.9642412452157151,0.9968128736125895,0.03257162839687463,26.551923557385752,25.15195408333961,-1.3999694740461406,0.9653828862580548,0.9980518507417953,0.032668964483740445,0.00464558669264199,0.028023377791098456,150000
<SOURCE_VECSTRAIGHT_REPO>/remote-results/phase3_vecstraight_clean_msgsource_learned_15seeds_remote_20260410/train/cond1_seed101.pt,cond1,101,9001,greedy,none,none,none,none,agent_2,agent_3,0,mixed,3.5,6673,0.4939307657725161,0.5060692342274838,0.9744369434474363,22.006128367715988,0.9746740596433389,0.9918610146743762,0.9592283433923059,-0.03263267128206972,24.449717851413453,19.654610065026798,-4.795107786386656,0.9925071182376742,0.9593885808481942,-0.03311853738947999,0.017833058594335382,0.015585194065637645,150000
<SOURCE_VECSTRAIGHT_REPO>/remote-results/phase3_vecstraight_clean_msgsource_learned_15seeds_remote_20260410/train/cond1_seed101.pt,cond1,101,9001,greedy,none,none,none,none,agent_3,agent_0,0,mixed,3.5,6673,0.5751536040761277,0.4248463959238723,0.6235690546708891,3.8228875258266166,0.6256556271542035,0.8304250743996326,0.3322818472225594,-0.4981432271770734,9.834407510217762,-4.904226699056572,-14.738634209274334,0.8305110145361906,0.33762925221040013,-0.4928817623257905,0.20635396373445228,0.28952495129626854,150000
<SOURCE_VECSTRAIGHT_REPO>/remote-results/phase3_vecstraight_clean_msgsource_learned_15seeds_remote_20260410/train/cond1_seed101.pt,cond1,101,9001,greedy,none,none,none,none,agent_3,agent_1,0,mixed,3.5,6673,0.5751536040761277,0.4248463959238723,0.8842690731871332,18.347940090048887,0.8856586243069084,0.8108352113610697,0.9942370095524958,0.18340179819142605,14.526960987295684,24.116581011338003,9.589620024042318,0.8128278135771018,0.994754982766372,0.18192716918927018,0.07343024127079274,0.10909635845946351,150000
<SOURCE_VECSTRAIGHT_REPO>/remote-results/phase3_vecstraight_clean_msgsource_learned_15seeds_remote_20260410/train/cond1_seed101.pt,cond1,101,9001,greedy,none,none,none,none,agent_3,agent_2,0,mixed,3.5,6673,0.5751536040761277,0.4248463959238723,0.9692983503807383,25.387689181126596,0.9700284729506968,0.9838248114937024,0.9577119475328043,-0.02611286396089851,28.434799203308344,22.560140025657226,-5.874659177651116,0.9838153753933763,0.9587891503072081,-0.02502622508616814,0.014386332983665517,0.011838753184474748,150000
<SOURCE_VECSTRAIGHT_REPO>/remote-results/phase3_vecstraight_clean_msgsource_learned_15seeds_remote_20260410/train/cond1_seed101.pt,cond1,101,9001,greedy,none,none,none,none,agent_3,agent_3,1,mixed,3.5,6673,0.5751536040761277,0.4248463959238723,0.9744369434474363,22.006128367715988,0.9746740596433389,0.9784161064204451,0.9631822382477381,-0.015233868172707414,22.02880407209502,21.833417138166556,-0.1953869339284664,0.9785703581597482,0.9631350217293572,-0.015435336430391128,0.003896298516409411,0.012737898995953845,150000
<SOURCE_VECSTRAIGHT_REPO>/remote-results/phase3_vecstraight_clean_msgsource_learned_15seeds_remote_20260410/train/cond1_seed101.pt,cond1,101,9001,greedy,none,none,none,none,agent_0,agent_0,1,cooperative,5.0,5917,0.57647456481325,0.42352543518675007,0.9688065555232543,17.136861241163988,0.9758323474733818,0.9628083770577316,0.9984783360296072,0.03566995897187555,13.931838239288943,24.638793318748515,10.706955079459572,0.9727902653371641,0.9998309954368768,0.027040730099712692,0.003042082136217678,0.023998647963495014,150000
<SOURCE_VECSTRAIGHT_REPO>/remote-results/phase3_vecstraight_clean_msgsource_learned_15seeds_remote_20260410/train/cond1_seed101.pt,cond1,101,9001,greedy,none,none,none,none,agent_0,agent_1,0,cooperative,5.0,5917,0.57647456481325,0.42352543518675007,0.9997406636709617,39.436156145529466,0.9996619908737536,0.9997406595206974,0.9999999314904193,0.0002592719697218923,40.364505663995146,39.15490036436245,-1.2096052996326947,0.9996619908737536,1.0,0.0003380091262464086,0.0,0.0003380091262464086,150000
<SOURCE_VECSTRAIGHT_REPO>/remote-results/phase3_vecstraight_clean_msgsource_learned_15seeds_remote_20260410/train/cond1_seed101.pt,cond1,101,9001,greedy,none,none,none,none,agent_0,agent_2,0,cooperative,5.0,5917,0.57647456481325,0.42352543518675007,0.9999999391966139,38.76237243676842,1.0,1.0,0.9999997303335575,-2.696664425616372e-07,46.661004870893265,25.82410640452225,-20.83689846637101,1.0,1.0,0.0,0.0,0.0,150000
<SOURCE_VECSTRAIGHT_REPO>/remote-results/phase3_vecstraight_clean_msgsource_learned_15seeds_remote_20260410/train/cond1_seed101.pt,cond1,101,9001,greedy,none,none,none,none,agent_0,agent_3,0,cooperative,5.0,5917,0.57647456481325,0.42352543518675007,0.9998403804838526,35.64259016322429,0.9998309954368768,0.9998403805442934,0.9998201248219474,-2.0255722346006867e-05,37.03502277286749,35.80612878278036,-1.2288939900871303,0.9998309954368768,0.9998309954368768,0.0,0.0,0.0,150000
<SOURCE_VECSTRAIGHT_REPO>/remote-results/phase3_vecstraight_clean_msgsource_learned_15seeds_remote_20260410/train/cond1_seed101.pt,cond1,101,9001,greedy,none,none,none,none,agent_1,agent_0,0,cooperative,5.0,5917,0.3513604867331418,0.6486395132668582,0.9688065555232543,17.136861241163988,0.9758323474733818,0.8885370958305548,0.9793307824602273,0.09079368662967245,17.58968757177318,15.205563988398715,-2.3841235833744636,0.8887949974649315,0.9873246577657597,0.09852966030082812,0.08703735000845023,0.013182355923609938,150000
<SOURCE_VECSTRAIGHT_REPO>/remote-results/phase3_vecstraight_clean_msgsource_learned_15seeds_remote_20260410/train/cond1_seed101.pt,cond1,101,9001,greedy,none,none,none,none,agent_1,agent_1,1,cooperative,5.0,5917,0.3513604867331418,0.6486395132668582,0.9997406636709617,39.436156145529466,0.9996619908737536,0.999696891705128,0.9992910083967504,-0.00040588330837748246,39.499724216410414,39.29310881021721,-0.20661540619320054,0.9996619908737536,0.999154977184384,-0.000507013689369613,0.0,0.000507013689369613,150000
<SOURCE_VECSTRAIGHT_REPO>/remote-results/phase3_vecstraight_clean_msgsource_learned_15seeds_remote_20260410/train/cond1_seed101.pt,cond1,101,9001,greedy,none,none,none,none,agent_1,agent_2,0,cooperative,5.0,5917,0.3513604867331418,0.6486395132668582,0.9999999391966139,38.76237243676842,1.0,0.9999996669715132,0.9999999409292485,2.7395773522249844e-07,39.256655212912946,38.24775845274765,-1.0088967601652985,1.0,1.0,0.0,0.0,0.0,150000
<SOURCE_VECSTRAIGHT_REPO>/remote-results/phase3_vecstraight_clean_msgsource_learned_15seeds_remote_20260410/train/cond1_seed101.pt,cond1,101,9001,greedy,none,none,none,none,agent_1,agent_3,0,cooperative,5.0,5917,0.3513604867331418,0.6486395132668582,0.9998403804838526,35.64259016322429,0.9998309954368768,0.9998403804838526,0.9991395052041573,-0.0007008752796953253,33.233920858944714,37.540440459445925,4.3065196005012085,0.9998309954368768,0.999154977184384,-0.0006760182524928173,0.0,0.0006760182524928173,150000
<SOURCE_VECSTRAIGHT_REPO>/remote-results/phase3_vecstraight_clean_msgsource_learned_15seeds_remote_20260410/train/cond1_seed101.pt,cond1,101,9001,greedy,none,none,none,none,agent_2,agent_0,0,cooperative,5.0,5917,0.7304377218184891,0.2695622781815109,0.9688065555232543,17.136861241163988,0.9758323474733818,0.9774917553359791,0.8885132273191594,-0.08897852801681988,16.879811118074983,18.747815069358293,1.8680039512833087,0.984282575629542,0.889133006591178,-0.09514956903836404,0.011492310292377895,0.08669934088220382,150000
<SOURCE_VECSTRAIGHT_REPO>/remote-results/phase3_vecstraight_clean_msgsource_learned_15seeds_remote_20260410/train/cond1_seed101.pt,cond1,101,9001,greedy,none,none,none,none,agent_2,agent_1,0,cooperative,5.0,5917,0.7304377218184891,0.2695622781815109,0.9997406636709617,39.436156145529466,0.9996619908737536,1.0,0.9995247606600126,-0.00047523933998737985,43.44890129040358,32.67312047618334,-10.775780814220237,1.0,0.9994929863106304,-0.000507013689369613,0.0003380091262464086,0.0001690045631232043,150000
<SOURCE_VECSTRAIGHT_REPO>/remote-results/phase3_vecstraight_clean_msgsource_learned_15seeds_remote_20260410/train/cond1_seed101.pt,cond1,101,9001,greedy,none,none,none,none,agent_2,agent_2,1,cooperative,5.0,5917,0.7304377218184891,0.2695622781815109,0.9999999391966139,38.76237243676842,1.0,1.0,0.9999996919335395,-3.0806646045648067e-07,41.13168026568097,31.64285865385266,-9.48882161182831,1.0,1.0,0.0,0.0,0.0,150000
<SOURCE_VECSTRAIGHT_REPO>/remote-results/phase3_vecstraight_clean_msgsource_learned_15seeds_remote_20260410/train/cond1_seed101.pt,cond1,101,9001,greedy,none,none,none,none,agent_2,agent_3,0,cooperative,5.0,5917,0.7304377218184891,0.2695622781815109,0.9998403804838526,35.64259016322429,0.9998309954368768,0.9999969931436146,0.9998403805442934,-0.00015661259932112648,35.969035374588394,34.966915854332676,-1.0021195202557163,1.0,0.9998309954368768,-0.0001690045631232043,0.0001690045631232043,0.0,150000
<SOURCE_VECSTRAIGHT_REPO>/remote-results/phase3_vecstraight_clean_msgsource_learned_15seeds_remote_20260410/train/cond1_seed101.pt,cond1,101,9001,greedy,none,none,none,none,agent_3,agent_0,0,cooperative,5.0,5917,0.5595741085009295,0.44042589149907047,0.9688065555232543,17.136861241163988,0.9758323474733818,0.9994679420848986,0.8521233910963186,-0.14734455098857976,25.413564372107007,6.551939411432896,-18.86162496067411,0.9998309954368768,0.8622612810545884,-0.13756971438228832,0.023998647963495014,0.1135710664187933,150000
<SOURCE_VECSTRAIGHT_REPO>/remote-results/phase3_vecstraight_clean_msgsource_learned_15seeds_remote_20260410/train/cond1_seed101.pt,cond1,101,9001,greedy,none,none,none,none,agent_3,agent_1,0,cooperative,5.0,5917,0.5595741085009295,0.44042589149907047,0.9997406636709617,39.436156145529466,0.9996619908737536,0.9997402011683327,1.0,0.00025979883166731097,39.01083691987069,42.36019208726598,3.3493551673952826,0.9996619908737536,1.0,0.0003380091262464086,0.0,0.0003380091262464086,150000
<SOURCE_VECSTRAIGHT_REPO>/remote-results/phase3_vecstraight_clean_msgsource_learned_15seeds_remote_20260410/train/cond1_seed101.pt,cond1,101,9001,greedy,none,none,none,none,agent_3,agent_2,0,cooperative,5.0,5917,0.5595741085009295,0.44042589149907047,0.9999999391966139,38.76237243676842,1.0,0.9999999753200305,0.9999998454530235,-1.298670070042819e-07,41.30705116430569,35.7176279208538,-5.589423243451888,1.0,1.0,0.0,0.0,0.0,150000
<SOURCE_VECSTRAIGHT_REPO>/remote-results/phase3_vecstraight_clean_msgsource_learned_15seeds_remote_20260410/train/cond1_seed101.pt,cond1,101,9001,greedy,none,none,none,none,agent_3,agent_3,1,cooperative,5.0,5917,0.5595741085009295,0.44042589149907047,0.9998403804838526,35.64259016322429,0.9998309954368768,0.9998403805241465,0.9986615875895938,-0.0011787929345526988,34.894204850371715,35.71751212099627,0.8233072706245582,0.9998309954368768,0.9986479634950144,-0.0011830319418624302,0.0,0.0011830319418624302,150000
<SOURCE_VECSTRAIGHT_REPO>/remote-results/phase3_vecstraight_clean_msgsource_learned_15seeds_remote_20260410/train/cond1_seed1111.pt,cond1,1111,9001,greedy,none,none,none,none,agent_0,agent_0,1,competitive,0.5,5288,0.9909228441754917,0.009077155824508321,1.6623949209677948e-12,-98.17903221861859,0.0,1.6623950097168186e-12,1.1346181323971286e-15,-1.661260391584421e-12,-98.15656662384067,-98.43456899091804,-0.2780023670773643,0.0,0.0,0.0,0.0,0.0,150000
<SOURCE_VECSTRAIGHT_REPO>/remote-results/phase3_vecstraight_clean_msgsource_learned_15seeds_remote_20260410/train/cond1_seed1111.pt,cond1,1111,9001,greedy,none,none,none,none,agent_0,agent_1,0,competitive,0.5,5288,0.9909228441754917,0.009077155824508321,1.256489446101668e-06,-80.90325884388001,0.0,1.0757309778592332e-07,9.118655177510255e-06,9.011082079724342e-06,-80.89008897272433,-84.60800335167396,-3.7179143789496254,0.0,0.0,0.0,0.0,0.0,150000
<SOURCE_VECSTRAIGHT_REPO>/remote-results/phase3_vecstraight_clean_msgsource_learned_15seeds_remote_20260410/train/cond1_seed1111.pt,cond1,1111,9001,greedy,none,none,none,none,agent_0,agent_2,0,competitive,0.5,5288,0.9909228441754917,0.009077155824508321,0.0002654765213847445,-61.86048834251294,0.00018910741301059002,0.0002655150088572564,9.143935673929475e-07,-0.0002646006152898635,-61.806339960302964,-70.34343697344842,-8.537097013145459,0.00018910741301059002,0.0,-0.00018910741301059002,0.0,0.00018910741301059002,150000
<SOURCE_VECSTRAIGHT_REPO>/remote-results/phase3_vecstraight_clean_msgsource_learned_15seeds_remote_20260410/train/cond1_seed1111.pt,cond1,1111,9001,greedy,none,none,none,none,agent_0,agent_3,0,competitive,0.5,5288,0.9909228441754917,0.009077155824508321,0.00018563376358571068,-54.85338203162631,0.00018910741301059002,0.00018561591114460435,0.0011497520428516309,0.0009641361317070282,-54.962421207154755,-37.97246717246539,16.989954034689358,0.00018910741301059002,0.0011346444780635401,0.0009455370650529501,0.0,0.0009455370650529501,150000
<SOURCE_VECSTRAIGHT_REPO>/remote-results/phase3_vecstraight_clean_msgsource_learned_15seeds_remote_20260410/train/cond1_seed1111.pt,cond1,1111,9001,greedy,none,none,none,none,agent_1,agent_0,0,competitive,0.5,5288,1.0,0.0,1.6623949209677948e-12,-98.17903221861859,0.0,1.6623949209677948e-12,1.1347771041785761e-13,-1.5489172105499365e-12,-98.17903221861859,-92.96195395306631,5.217078265552261,0.0,0.0,0.0,0.0,0.0,150000
<SOURCE_VECSTRAIGHT_REPO>/remote-results/phase3_vecstraight_clean_msgsource_learned_15seeds_remote_20260410/train/cond1_seed1111.pt,cond1,1111,9001,greedy,none,none,none,none,agent_1,agent_1,1,competitive,0.5,5288,1.0,0.0,1.256489446101668e-06,-80.90325884388001,0.0,1.256489446101668e-06,1.5806315937438083e-07,-1.098426286727287e-06,-80.90325884388001,-94.22896921391205,-13.325710370032041,0.0,0.0,0.0,0.0,0.0,150000
<SOURCE_VECSTRAIGHT_REPO>/remote-results/phase3_vecstraight_clean_msgsource_learned_15seeds_remote_20260410/train/cond1_seed1111.pt,cond1,1111,9001,greedy,none,none,none,none,agent_1,agent_2,0,competitive,0.5,5288,1.0,0.0,0.0002654765213847445,-61.86048834251294,0.00018910741301059002,0.0002654765213847445,0.01625952384769665,0.015994047326311926,-61.86048834251294,-44.121596263887845,17.738892078625092,0.00018910741301059002,0.015695915279878972,0.015506807866868382,0.0,0.015506807866868382,150000
<SOURCE_VECSTRAIGHT_REPO>/remote-results/phase3_vecstraight_clean_msgsource_learned_15seeds_remote_20260410/train/cond1_seed1111.pt,cond1,1111,9001,greedy,none,none,none,none,agent_1,agent_3,0,competitive,0.5,5288,1.0,0.0,0.00018563376358571068,-54.85338203162631,0.00018910741301059002,0.00018563376358571068,7.694669740369167e-05,-0.00010868706618201913,-54.85338203162631,-50.0496589479441,4.803723083682212,0.00018910741301059002,0.0,-0.00018910741301059002,0.0,0.00018910741301059002,150000
<SOURCE_VECSTRAIGHT_REPO>/remote-results/phase3_vecstraight_clean_msgsource_learned_15seeds_remote_20260410/train/cond1_seed1111.pt,cond1,1111,9001,greedy,none,none,none,none,agent_2,agent_0,0,competitive,0.5,5288,0.799357034795764,0.200642965204236,1.6623949209677948e-12,-98.17903221861859,0.0,1.6623949215846675e-12,1.448684133542857e-11,1.2824446413843907e-11,-95.901117926827,-107.03036690046856,-11.12924897364156,0.0,0.0,0.0,0.0,0.0,150000
<SOURCE_VECSTRAIGHT_REPO>/remote-results/phase3_vecstraight_clean_msgsource_learned_15seeds_remote_20260410/train/cond1_seed1111.pt,cond1,1111,9001,greedy,none,none,none,none,agent_2,agent_1,0,competitive,0.5,5288,0.799357034795764,0.200642965204236,1.256489446101668e-06,-80.90325884388001,0.0,1.2564894460222274e-06,3.930939549098908e-05,3.805290604496683e-05,-83.8188830569905,-69.25638381424451,14.562499242745982,0.0,0.0,0.0,0.0,0.0,150000
<SOURCE_VECSTRAIGHT_REPO>/remote-results/phase3_vecstraight_clean_msgsource_learned_15seeds_remote_20260410/train/cond1_seed1111.pt,cond1,1111,9001,greedy,none,none,none,none,agent_2,agent_2,1,competitive,0.5,5288,0.799357034795764,0.200642965204236,0.0002654765213847445,-61.86048834251294,0.00018910741301059002,7.842238884958457e-05,0.003321095471688471,0.0032426730828388883,-66.36067758685432,-41.01260630016563,25.348071286688683,0.0,0.0037821482602118004,0.0037821482602118004,0.00018910741301059002,0.0035930408472012103,150000
<SOURCE_VECSTRAIGHT_REPO>/remote-results/phase3_vecstraight_clean_msgsource_learned_15seeds_remote_20260410/train/cond1_seed1111.pt,cond1,1111,9001,greedy,none,none,none,none,agent_2,agent_3,0,competitive,0.5,5288,0.799357034795764,0.200642965204236,0.00018563376358571068,-54.85338203162631,0.00018910741301059002,0.00018563376358616708,7.481035769823084e-10,-0.0001856330154825901,-52.618283347557785,-63.548387860566514,-10.930104513008727,0.00018910741301059002,0.0,-0.00018910741301059002,0.0,0.00018910741301059002,150000
<SOURCE_VECSTRAIGHT_REPO>/remote-results/phase3_vecstraight_clean_msgsource_learned_15seeds_remote_20260410/train/cond1_seed1111.pt,cond1,1111,9001,greedy,none,none,none,none,agent_3,agent_0,0,competitive,0.5,5288,0.8158093797276853,0.18419062027231467,1.6623949209677948e-12,-98.17903221861859,0.0,8.355151002656853e-06,1.653518402073578e-12,-8.355149349138451e-06,-99.2995314080488,-92.49586880441512,6.803662603633667,0.0,0.0,0.0,0.0,0.0,150000
<SOURCE_VECSTRAIGHT_REPO>/remote-results/phase3_vecstraight_clean_msgsource_learned_15seeds_remote_20260410/train/cond1_seed1111.pt,cond1,1111,9001,greedy,none,none,none,none,agent_3,agent_1,0,competitive,0.5,5288,0.8158093797276853,0.18419062027231467,1.256489446101668e-06,-80.90325884388001,0.0,6.236926877001529e-09,1.2563777124900733e-06,1.2501407856130722e-06,-81.36612545235614,-78.87992482060925,2.4862006317469065,0.0,0.0,0.0,0.0,0.0,150000
<SOURCE_VECSTRAIGHT_REPO>/remote-results/phase3_vecstraight_clean_msgsource_learned_15seeds_remote_20260410/train/cond1_seed1111.pt,cond1,1111,9001,greedy,none,none,none,none,agent_3,agent_2,0,competitive,0.5,5288,0.8158093797276853,0.18419062027231467,0.0002654765213847445,-61.86048834251294,0.00018910741301059002,0.0008493049423195384,2.6326191350680227e-05,-0.0008229787509688572,-60.870100559213064,-66.43513543924117,-5.565034880028099,0.0009455370650529501,0.0,-0.0009455370650529501,0.0007564296520423601,0.00018910741301059002,150000
<SOURCE_VECSTRAIGHT_REPO>/remote-results/phase3_vecstraight_clean_msgsource_learned_15seeds_remote_20260410/train/cond1_seed1111.pt,cond1,1111,9001,greedy,none,none,none,none,agent_3,agent_3,1,competitive,0.5,5288,0.8158093797276853,0.18419062027231467,0.00018563376358571068,-54.85338203162631,0.00018910741301059002,0.001632712790308017,1.491324859561459e-08,-0.0016326978770594216,-54.3295587045049,-58.12658270638938,-3.7970240018844783,0.0018910741301059002,0.0,-0.0018910741301059002,0.00170196671709531,0.00018910741301059002,150000
<SOURCE_VECSTRAIGHT_REPO>/remote-results/phase3_vecstraight_clean_msgsource_learned_15seeds_remote_20260410/train/cond1_seed1111.pt,cond1,1111,9001,greedy,none,none,none,none,agent_0,agent_0,1,mixed,1.5,5824,0.9852335164835165,0.014766483516483516,3.3857761695440193e-06,-65.80680046197804,0.0,3.4367052686644424e-06,5.278537529789057e-10,-3.436177414911469e-06,-65.72397627484995,-70.76907489506098,-5.04509862021103,0.0,0.0,0.0,0.0,0.0,150000
<SOURCE_VECSTRAIGHT_REPO>/remote-results/phase3_vecstraight_clean_msgsource_learned_15seeds_remote_20260410/train/cond1_seed1111.pt,cond1,1111,9001,greedy,none,none,none,none,agent_0,agent_1,0,mixed,1.5,5824,0.9852335164835165,0.014766483516483516,0.0009033695100362773,-43.98989480753061,0.0006868131868131869,0.00012586869822954006,0.002129097257936514,0.0020032285597069758,-44.01656639395834,-41.50265184797828,2.513914545980067,0.0,0.0018887362637362637,0.0018887362637362637,0.0006868131868131869,0.001201923076923077,150000
<SOURCE_VECSTRAIGHT_REPO>/remote-results/phase3_vecstraight_clean_msgsource_learned_15seeds_remote_20260410/train/cond1_seed1111.pt,cond1,1111,9001,greedy,none,none,none,none,agent_0,agent_2,0,mixed,1.5,5824,0.9852335164835165,0.014766483516483516,0.00756144304160904,-34.57167423994966,0.006868131868131868,0.008760073900745584,0.0014194844566172713,-0.007340589444128313,-34.4976718167232,-44.3813324881779,-9.8836606714547,0.007898351648351648,0.001201923076923077,-0.006696428571428571,0.0010302197802197802,0.005666208791208791,150000
<SOURCE_VECSTRAIGHT_REPO>/remote-results/phase3_vecstraight_clean_msgsource_learned_15seeds_remote_20260410/train/cond1_seed1111.pt,cond1,1111,9001,greedy,none,none,none,none,agent_0,agent_3,0,mixed,1.5,5824,0.9852335164835165,0.014766483516483516,0.00348200832086643,-45.00342931279114,0.0030906593406593405,0.0010756916520817167,0.008979720363007227,0.007904028710925472,-45.21027017787232,-25.12896220492465,20.081307972947666,0.0010302197802197802,0.008585164835164836,0.007554945054945055,0.0020604395604395605,0.005494505494505495,150000
<SOURCE_VECSTRAIGHT_REPO>/remote-results/phase3_vecstraight_clean_msgsource_learned_15seeds_remote_20260410/train/cond1_seed1111.pt,cond1,1111,9001,greedy,none,none,none,none,agent_1,agent_0,0,mixed,1.5,5824,0.9994848901098901,0.0005151098901098901,3.3857761695440193e-06,-65.80680046197804,0.0,3.3857769366061347e-06,5.1329900080646e-08,-3.3344470365254897e-06,-65.80339848692273,-64.6085055241218,1.1948929628009324,0.0,0.0,0.0,0.0,0.0,150000
<SOURCE_VECSTRAIGHT_REPO>/remote-results/phase3_vecstraight_clean_msgsource_learned_15seeds_remote_20260410/train/cond1_seed1111.pt,cond1,1111,9001,greedy,none,none,none,none,agent_1,agent_1,1,mixed,1.5,5824,0.9994848901098901,0.0005151098901098901,0.0009033695100362773,-43.98989480753061,0.0006868131868131869,0.0011903124719792962,0.0006092229254240815,-0.000581089546555215,-43.98812077880919,-56.05063521573167,-12.062514436922477,0.0010302197802197802,0.0005151098901098901,-0.0005151098901098901,0.00034340659340659343,0.00017170329670329672,150000
<SOURCE_VECSTRAIGHT_REPO>/remote-results/phase3_vecstraight_clean_msgsource_learned_15seeds_remote_20260410/train/cond1_seed1111.pt,cond1,1111,9001,greedy,none,none,none,none,agent_1,agent_2,0,mixed,1.5,5824,0.9994848901098901,0.0005151098901098901,0.00756144304160904,-34.57167423994966,0.006868131868131868,0.007061044475913327,0.06004158811942931,0.052980543643515995,-34.57828929070076,-23.301560967019505,11.27672832368126,0.006353021978021978,0.05752060439560439,0.051167582417582416,0.0005151098901098901,0.05271291208791209,150000
<SOURCE_VECSTRAIGHT_REPO>/remote-results/phase3_vecstraight_clean_msgsource_learned_15seeds_remote_20260410/train/cond1_seed1111.pt,cond1,1111,9001,greedy,none,none,none,none,agent_1,agent_3,0,mixed,1.5,5824,0.9994848901098901,0.0005151098901098901,0.00348200832086643,-45.00342931279114,0.0030906593406593405,0.003482008320722194,0.003923048524518132,0.0004410402037959405,-45.00474238084568,-44.544553705381105,0.46018867546457104,0.0030906593406593405,0.0037774725274725275,0.0006868131868131869,0.0,0.001717032967032967,150000
<SOURCE_VECSTRAIGHT_REPO>/remote-results/phase3_vecstraight_clean_msgsource_learned_15seeds_remote_20260410/train/cond1_seed1111.pt,cond1,1111,9001,greedy,none,none,none,none,agent_2,agent_0,0,mixed,1.5,5824,0.16260302197802198,0.837396978021978,3.3857761695440193e-06,-65.80680046197804,0.0,3.3955940119399416e-06,3.878068342850669e-09,-3.3917159435970934e-06,-59.75059839272564,-66.93958139026557,-7.188982997539934,0.0,0.0,0.0,0.0,0.0,150000
<SOURCE_VECSTRAIGHT_REPO>/remote-results/phase3_vecstraight_clean_msgsource_learned_15seeds_remote_20260410/train/cond1_seed1111.pt,cond1,1111,9001,greedy,none,none,none,none,agent_2,agent_1,0,mixed,1.5,5824,0.16260302197802198,0.837396978021978,0.0009033695100362773,-43.98989480753061,0.0006868131868131869,0.0009017765330302628,0.0015732041178471209,0.000671427584816864,-59.30545978398308,-41.3672651943065,17.93819458967658,0.0006868131868131869,0.0015453296703296703,0.0008585164835164835,0.0,0.0008585164835164835,150000
<SOURCE_VECSTRAIGHT_REPO>/remote-results/phase3_vecstraight_clean_msgsource_learned_15seeds_remote_20260410/train/cond1_seed1111.pt,cond1,1111,9001,greedy,none,none,none,none,agent_2,agent_2,1,mixed,1.5,5824,0.16260302197802198,0.837396978021978,0.00756144304160904,-34.57167423994966,0.006868131868131868,0.002947525432431728,0.018692971482027892,0.015745446049596164,-46.4034938462754,-31.848734197227262,14.55475964904814,0.002918956043956044,0.01871565934065934,0.015796703296703296,0.003949175824175824,0.012877747252747252,150000
<SOURCE_VECSTRAIGHT_REPO>/remote-results/phase3_vecstraight_clean_msgsource_learned_15seeds_remote_20260410/train/cond1_seed1111.pt,cond1,1111,9001,greedy,none,none,none,none,agent_2,agent_3,0,mixed,1.5,5824,0.16260302197802198,0.837396978021978,0.00348200832086643,-45.00342931279114,0.0030906593406593405,0.0036102204177298016,9.394109511267475e-05,-0.0035162793226171333,-38.2540483379757,-46.30715160743221,-8.053103269456507,0.0032623626373626375,0.0,-0.0032623626373626375,0.00017170329670329672,0.0030906593406593405,150000
<SOURCE_VECSTRAIGHT_REPO>/remote-results/phase3_vecstraight_clean_msgsource_learned_15seeds_remote_20260410/train/cond1_seed1111.pt,cond1,1111,9001,greedy,none,none,none,none,agent_3,agent_0,0,mixed,1.5,5824,0.19574175824175824,0.8042582417582418,3.3857761695440193e-06,-65.80680046197804,0.0,0.00041059613166819186,1.2810873311666466e-07,-0.0004104680229350757,-72.58616468574401,-64.21372970742183,8.372434978322177,0.00034340659340659343,0.0,-0.00034340659340659343,0.00034340659340659343,0.0,150000
<SOURCE_VECSTRAIGHT_REPO>/remote-results/phase3_vecstraight_clean_msgsource_learned_15seeds_remote_20260410/train/cond1_seed1111.pt,cond1,1111,9001,greedy,none,none,none,none,agent_3,agent_1,0,mixed,1.5,5824,0.19574175824175824,0.8042582417582418,0.0009033695100362773,-43.98989480753061,0.0006868131868131869,0.0002620978714127183,0.000908129056747256,0.0006460311853345427,-43.44288996618323,-44.2168683990872,-0.773978432903967,0.00034340659340659343,0.0006868131868131869,0.00034340659340659343,0.0010302197802197802,0.0,150000
<SOURCE_VECSTRAIGHT_REPO>/remote-results/phase3_vecstraight_clean_msgsource_learned_15seeds_remote_20260410/train/cond1_seed1111.pt,cond1,1111,9001,greedy,none,none,none,none,agent_3,agent_2,0,mixed,1.5,5824,0.19574175824175824,0.8042582417582418,0.00756144304160904,-34.57167423994966,0.006868131868131868,0.014599129417563361,0.004981777489407734,-0.009617351928155623,-27.322391996779327,-36.36036247839373,-9.037970481614408,0.01356456043956044,0.004635989010989011,-0.008928571428571428,0.007726648351648352,0.0025755494505494505,150000
<SOURCE_VECSTRAIGHT_REPO>/remote-results/phase3_vecstraight_clean_msgsource_learned_15seeds_remote_20260410/train/cond1_seed1111.pt,cond1,1111,9001,greedy,none,none,none,none,agent_3,agent_3,1,mixed,1.5,5824,0.19574175824175824,0.8042582417582418,0.00348200832086643,-45.00342931279114,0.0030906593406593405,0.013090961737209758,0.001559464321990528,-0.011531497415219284,-44.872431249774806,-45.16469229435916,-0.292261044584358,0.012877747252747252,0.0013736263736263737,-0.01150412087912088,0.009787087912087912,0.001717032967032967,150000
<SOURCE_VECSTRAIGHT_REPO>/remote-results/phase3_vecstraight_clean_msgsource_learned_15seeds_remote_20260410/train/cond1_seed1111.pt,cond1,1111,9001,greedy,none,none,none,none,agent_0,agent_0,1,mixed,2.5,6298,0.9058431248015243,0.09415687519847571,0.0012722919041942863,-34.03150129303095,0.0014290250873293109,0.001735000819274837,0.001126666774731896,-0.0006083340445429434,-33.29326949256986,-44.209466945371695,-10.916197452801832,0.0015878056525881232,0.0012702445220704986,-0.00031756113051762465,0.000476341695776437,0.00015878056525881233,150000
<SOURCE_VECSTRAIGHT_REPO>/remote-results/phase3_vecstraight_clean_msgsource_learned_15seeds_remote_20260410/train/cond1_seed1111.pt,cond1,1111,9001,greedy,none,none,none,none,agent_0,agent_1,0,mixed,2.5,6298,0.9058431248015243,0.09415687519847571,0.0236995800399309,-25.592436845634676,0.024452207049857098,0.008539354606905681,0.02754503997360146,0.019005685366695935,-26.067880949576285,-22.323740405576803,3.7441405439994835,0.007939028262940616,0.027945379485550967,0.020006351222610352,0.01651317878691648,0.003810733566211496,150000
<SOURCE_VECSTRAIGHT_REPO>/remote-results/phase3_vecstraight_clean_msgsource_learned_15seeds_remote_20260410/train/cond1_seed1111.pt,cond1,1111,9001,greedy,none,none,none,none,agent_0,agent_2,0,mixed,2.5,6298,0.9058431248015243,0.09415687519847571,0.23591703957844903,-9.82206524631719,0.2356303588440775,0.2564676419675674,0.07648923107356193,-0.17997841089400593,-9.350427219094682,-19.776259082362703,-10.425831863268023,0.2588123213718641,0.07589711019371229,-0.1829152111781518,0.02604001270244522,0.16005080978088282,150000
<SOURCE_VECSTRAIGHT_REPO>/remote-results/phase3_vecstraight_clean_msgsource_learned_15seeds_remote_20260410/train/cond1_seed1111.pt,cond1,1111,9001,greedy,none,none,none,none,agent_0,agent_3,0,mixed,2.5,6298,0.9058431248015243,0.09415687519847571,0.0500354728275412,-22.520474595076585,0.04938075579549063,0.00799664297556008,0.22713000389212862,0.2191333609165683,-23.98595761576364,-7.282555231395677,16.703402384367962,0.006510003175611305,0.2243569387107018,0.2178469355350905,0.042870752619879327,0.17497618291521116,150000
<SOURCE_VECSTRAIGHT_REPO>/remote-results/phase3_vecstraight_clean_msgsource_learned_15seeds_remote_20260410/train/cond1_seed1111.pt,cond1,1111,9001,greedy,none,none,none,none,agent_1,agent_0,0,mixed,2.5,6298,0.9845982851698952,0.015401714830104794,0.0012722919041942863,-34.03150129303095,0.0014290250873293109,0.0014243632564554711,0.0004943856430468369,-0.0009299776134086333,-33.9713838294068,-38.36519300647106,-4.393809177064259,0.0015878056525881232,0.000476341695776437,-0.0011114639568116863,0.00015878056525881233,0.000952683391552874,150000
<SOURCE_VECSTRAIGHT_REPO>/remote-results/phase3_vecstraight_clean_msgsource_learned_15seeds_remote_20260410/train/cond1_seed1111.pt,cond1,1111,9001,greedy,none,none,none,none,agent_1,agent_1,1,mixed,2.5,6298,0.9845982851698952,0.015401714830104794,0.0236995800399309,-25.592436845634676,0.024452207049857098,0.02026600161791432,0.03496720139963292,0.014701199781718752,-25.663895742834637,-25.824525623969443,-0.16062988113480622,0.021117815179422038,0.03540806605271515,0.014290250873293109,0.004922197523023182,0.013178786916481423,150000
<SOURCE_VECSTRAIGHT_REPO>/remote-results/phase3_vecstraight_clean_msgsource_learned_15seeds_remote_20260410/train/cond1_seed1111.pt,cond1,1111,9001,greedy,none,none,none,none,agent_1,agent_2,0,mixed,2.5,6298,0.9845982851698952,0.015401714830104794,0.23591703957844903,-9.82206524631719,0.2356303588440775,0.22915383450793336,0.19918328160815196,-0.029970552899781448,-9.92498305898956,-6.752011073429685,3.1729719855598737,0.22848523340743093,0.18640838361384565,-0.042076849793585266,0.007462686567164179,0.2680215941568752,150000
<SOURCE_VECSTRAIGHT_REPO>/remote-results/phase3_vecstraight_clean_msgsource_learned_15seeds_remote_20260410/train/cond1_seed1111.pt,cond1,1111,9001,greedy,none,none,none,none,agent_1,agent_3,0,mixed,2.5,6298,0.9845982851698952,0.015401714830104794,0.0500354728275412,-22.520474595076585,0.04938075579549063,0.051295299910951324,0.036833420969737934,-0.014461878941213254,-22.508051663384,-28.255947657504436,-5.747895994120437,0.05080978088281994,0.03715465227056208,-0.01365512861225786,0.0014290250873293109,0.014131470308034296,150000
<SOURCE_VECSTRAIGHT_REPO>/remote-results/phase3_vecstraight_clean_msgsource_learned_15seeds_remote_20260410/train/cond1_seed1111.pt,cond1,1111,9001,greedy,none,none,none,none,agent_2,agent_0,0,mixed,2.5,6298,0.1894252143537631,0.8105747856462369,0.0012722919041942863,-34.03150129303095,0.0014290250873293109,0.002436411056048515,0.00018784971228548515,-0.002248561343763027,-30.353691827024342,-34.67352359621023,-4.319831769185885,0.0022229279136233727,0.00031756113051762465,-0.001905366783105748,0.0007939028262940616,0.0011114639568116863,150000
<SOURCE_VECSTRAIGHT_REPO>/remote-results/phase3_vecstraight_clean_msgsource_learned_15seeds_remote_20260410/train/cond1_seed1111.pt,cond1,1111,9001,greedy,none,none,none,none,agent_2,agent_1,0,mixed,2.5,6298,0.1894252143537631,0.8105747856462369,0.0236995800399309,-25.592436845634676,0.024452207049857098,0.022580694542660113,0.024871991694939043,0.0022912971522788582,-36.16662337995117,-23.824705477303535,12.341917902647635,0.022864401397268974,0.02540489044140997,0.0025404890441409972,0.001905366783105748,0.0025404890441409972,150000
<SOURCE_VECSTRAIGHT_REPO>/remote-results/phase3_vecstraight_clean_msgsource_learned_15seeds_remote_20260410/train/cond1_seed1111.pt,cond1,1111,9001,greedy,none,none,none,none,agent_2,agent_2,1,mixed,2.5,6298,0.1894252143537631,0.8105747856462369,0.23591703957844903,-9.82206524631719,0.2356303588440775,0.03327101777388496,0.31489403089999596,0.2816230131261116,-18.639773912550382,-8.145671537449413,10.494102375100969,0.023658304223563034,0.3193077167354716,0.2956494125119085,0.21228961575103208,0.08431248015242934,150000
<SOURCE_VECSTRAIGHT_REPO>/remote-results/phase3_vecstraight_clean_msgsource_learned_15seeds_remote_20260410/train/cond1_seed1111.pt,cond1,1111,9001,greedy,none,none,none,none,agent_2,agent_3,0,mixed,2.5,6298,0.1894252143537631,0.8105747856462369,0.0500354728275412,-22.520474595076585,0.04938075579549063,0.06394414363124415,0.021625074813619916,-0.04231906881762393,-17.326751572985845,-23.762581466339,-6.435829893353157,0.06351222610352493,0.020323912353127978,-0.04318831375039695,0.014131470308034296,0.029056843442362656,150000
<SOURCE_VECSTRAIGHT_REPO>/remote-results/phase3_vecstraight_clean_msgsource_learned_15seeds_remote_20260410/train/cond1_seed1111.pt,cond1,1111,9001,greedy,none,none,none,none,agent_3,agent_0,0,mixed,2.5,6298,0.007303906001905367,0.9926960939980947,0.0012722919041942863,-34.03150129303095,0.0014290250873293109,0.019078393383799387,0.0007324334762817104,-0.01834595990751781,-39.61094282924769,-34.03444550671665,5.57649732253104,0.019212448396316292,0.0007939028262940616,-0.01841854557002223,0.01778342330898698,0.0006351222610352493,150000
<SOURCE_VECSTRAIGHT_REPO>/remote-results/phase3_vecstraight_clean_msgsource_learned_15seeds_remote_20260410/train/cond1_seed1111.pt,cond1,1111,9001,greedy,none,none,none,none,agent_3,agent_1,0,mixed,2.5,6298,0.007303906001905367,0.9926960939980947,0.0236995800399309,-25.592436845634676,0.024452207049857098,0.04273185738356499,0.0240607426670706,-0.018671114716494346,-16.76931543645877,-25.62383973435462,-8.854524297895848,0.039377580184185454,0.02461098761511591,-0.014766592569069545,0.047634169577643694,0.0007939028262940616,150000
<SOURCE_VECSTRAIGHT_REPO>/remote-results/phase3_vecstraight_clean_msgsource_learned_15seeds_remote_20260410/train/cond1_seed1111.pt,cond1,1111,9001,greedy,none,none,none,none,agent_3,agent_2,0,mixed,2.5,6298,0.007303906001905367,0.9926960939980947,0.23591703957844903,-9.82206524631719,0.2356303588440775,0.3281760947317413,0.23515163376120923,-0.0930244609705319,-6.094669021800913,-9.845007655014118,-3.750338633213205,0.33423308986979994,0.2346776754525246,-0.09955541441727532,0.10939980946332169,0.0012702445220704986,150000
<SOURCE_VECSTRAIGHT_REPO>/remote-results/phase3_vecstraight_clean_msgsource_learned_15seeds_remote_20260410/train/cond1_seed1111.pt,cond1,1111,9001,greedy,none,none,none,none,agent_3,agent_3,1,mixed,2.5,6298,0.007303906001905367,0.9926960939980947,0.0500354728275412,-22.520474595076585,0.04938075579549063,0.09664694061705496,0.049024609753805154,-0.04762233086325032,-21.677864259994383,-22.547689941604958,-0.8698256816105753,0.09542711972054621,0.048269291838678945,-0.04715782788186726,0.05080978088281994,0.0011114639568116863,150000
<SOURCE_VECSTRAIGHT_REPO>/remote-results/phase3_vecstraight_clean_msgsource_learned_15seeds_remote_20260410/train/cond1_seed1111.pt,cond1,1111,9001,greedy,none,none,none,none,agent_0,agent_0,1,mixed,3.5,6673,0.08182226884459763,0.9181777311554024,0.08178444154622723,-11.57946712541005,0.08302112992656976,0.02637405335202699,0.08195375025821977,0.05557969690619288,-8.78871235660522,-12.409093352865105,-3.6203809962598847,0.016334482241870223,0.08302112992656976,0.06668664768469953,0.0729806683650532,0.0,150000
<SOURCE_VECSTRAIGHT_REPO>/remote-results/phase3_vecstraight_clean_msgsource_learned_15seeds_remote_20260410/train/cond1_seed1111.pt,cond1,1111,9001,greedy,none,none,none,none,agent_0,agent_1,0,mixed,3.5,6673,0.08182226884459763,0.9181777311554024,0.8072317658179464,3.1852436032222697,0.8469953544133073,0.4090614367224829,0.8273240613762473,0.4182626246537645,-2.9609428493404573,3.97746698015922,6.938409829499678,0.45331934662071033,0.866926419901094,0.41360707328038365,0.3939757230630901,0.019931065487786604,150000
<SOURCE_VECSTRAIGHT_REPO>/remote-results/phase3_vecstraight_clean_msgsource_learned_15seeds_remote_20260410/train/cond1_seed1111.pt,cond1,1111,9001,greedy,none,none,none,none,agent_0,agent_2,0,mixed,3.5,6673,0.08182226884459763,0.9181777311554024,0.9300969119704506,4.947590658703291,0.9357110744792447,0.6425497166038782,0.8942112261413481,0.2516615095374698,1.3744844420371019,4.399559233270091,3.025074791232989,0.63914281432639,0.8994455267495879,0.26030271242319797,0.3589090364154054,0.03716469354113592,150000
<SOURCE_VECSTRAIGHT_REPO>/remote-results/phase3_vecstraight_clean_msgsource_learned_15seeds_remote_20260410/train/cond1_seed1111.pt,cond1,1111,9001,greedy,none,none,none,none,agent_0,agent_3,0,mixed,3.5,6673,0.08182226884459763,0.9181777311554024,0.4771045821043362,0.28492878686492096,0.4798441480593436,0.0672872607993932,0.5302560917879923,0.46296883098859776,-11.629056634950564,1.446208892464102,13.075265527414665,0.05934362355762026,0.5342424696538288,0.4748988460962086,0.42080023977221637,0.05439832159448524,150000
<SOURCE_VECSTRAIGHT_REPO>/remote-results/phase3_vecstraight_clean_msgsource_learned_15seeds_remote_20260410/train/cond1_seed1111.pt,cond1,1111,9001,greedy,none,none,none,none,agent_1,agent_0,0,mixed,3.5,6673,0.5504270942604526,0.44957290573954745,0.08178444154622723,-11.57946712541005,0.08302112992656976,0.13713294024796183,0.03684149296454592,-0.10029144728341581,-9.597410997359377,-13.718893717606528,-4.121482720247152,0.1506069234227484,0.029372096508317097,-0.12123482691443128,0.06758579349617863,0.05454817922973176,150000
<SOURCE_VECSTRAIGHT_REPO>/remote-results/phase3_vecstraight_clean_msgsource_learned_15seeds_remote_20260410/train/cond1_seed1111.pt,cond1,1111,9001,greedy,none,none,none,none,agent_1,agent_1,1,mixed,3.5,6673,0.5504270942604526,0.44957290573954745,0.8072317658179464,3.1852436032222697,0.8469953544133073,0.7679474034779143,0.9209920037419379,0.15304460026402297,0.6878426893752821,6.885723802564331,6.197881113189049,0.8354563164993256,0.9229731754832908,0.08751685898396523,0.011539037913981717,0.07627753634047654,150000
<SOURCE_VECSTRAIGHT_REPO>/remote-results/phase3_vecstraight_clean_msgsource_learned_15seeds_remote_20260410/train/cond1_seed1111.pt,cond1,1111,9001,greedy,none,none,none,none,agent_1,agent_2,0,mixed,3.5,6673,0.5504270942604526,0.44957290573954745,0.9300969119704506,4.947590658703291,0.9357110744792447,0.9163909419813543,0.8936188600646832,-0.022772081916671297,4.146289935600413,5.182427513359119,1.0361375777587065,0.9262700434587142,0.8895549228233178,-0.03671512063539637,0.0322193915780009,0.10939607372995654,150000
<SOURCE_VECSTRAIGHT_REPO>/remote-results/phase3_vecstraight_clean_msgsource_learned_15seeds_remote_20260410/train/cond1_seed1111.pt,cond1,1111,9001,greedy,none,none,none,none,agent_1,agent_3,0,mixed,3.5,6673,0.5504270942604526,0.44957290573954745,0.4771045821043362,0.28492878686492096,0.4798441480593436,0.5440932920843352,0.38327431089159886,-0.16081898119273555,2.4885815755146905,-2.967380197591176,-5.455961773105867,0.51655926869474,0.3999700284729507,-0.1165892402217893,0.03671512063539637,0.07987411958639293,150000
<SOURCE_VECSTRAIGHT_REPO>/remote-results/phase3_vecstraight_clean_msgsource_learned_15seeds_remote_20260410/train/cond1_seed1111.pt,cond1,1111,9001,greedy,none,none,none,none,agent_2,agent_0,0,mixed,3.5,6673,0.07747639742244868,0.9225236025775513,0.08178444154622723,-11.57946712541005,0.08302112992656976,0.1908652793564731,0.07131291917849544,-0.11955236017797741,-8.228898021617644,-11.844825868956352,-3.615927847338709,0.1877716169638843,0.0720815225535741,-0.11569009441031021,0.10475048703731456,0.010939607372995654,150000
<SOURCE_VECSTRAIGHT_REPO>/remote-results/phase3_vecstraight_clean_msgsource_learned_15seeds_remote_20260410/train/cond1_seed1111.pt,cond1,1111,9001,greedy,none,none,none,none,agent_2,agent_1,0,mixed,3.5,6673,0.07747639742244868,0.9225236025775513,0.8072317658179464,3.1852436032222697,0.8469953544133073,0.8008592806093106,0.8078228090146464,0.006963528405336737,1.4295317392182747,3.3050012756515867,1.875469536433312,0.8287127229132324,0.8487936460362655,0.02008092312303312,0.024876367450921623,0.0017982916229581896,150000
<SOURCE_VECSTRAIGHT_REPO>/remote-results/phase3_vecstraight_clean_msgsource_learned_15seeds_remote_20260410/train/cond1_seed1111.pt,cond1,1111,9001,greedy,none,none,none,none,agent_2,agent_2,1,mixed,3.5,6673,0.07747639742244868,0.9225236025775513,0.9300969119704506,4.947590658703291,0.9357110744792447,0.6597097513886104,0.9593174662710174,0.2996077148824066,1.7222041146394,5.388102789364099,3.6658986747246995,0.6785553723962235,0.9676307507867525,0.289075378390529,0.25805484789450023,0.03191967630750787,150000
<SOURCE_VECSTRAIGHT_REPO>/remote-results/phase3_vecstraight_clean_msgsource_learned_15seeds_remote_20260410/train/cond1_seed1111.pt,cond1,1111,9001,greedy,none,none,none,none,agent_2,agent_3,0,mixed,3.5,6673,0.07747639742244868,0.9225236025775513,0.4771045821043362,0.28492878686492096,0.4798441480593436,0.8644243476936335,0.44568454575127353,-0.41873980194235993,6.870114232950101,-0.2855412500021287,-7.15565548295223,0.9174284429791698,0.4444777461411659,-0.4729506968380039,0.43758429491982614,0.035366401918177734,150000
<SOURCE_VECSTRAIGHT_REPO>/remote-results/phase3_vecstraight_clean_msgsource_learned_15seeds_remote_20260410/train/cond1_seed1111.pt,cond1,1111,9001,greedy,none,none,none,none,agent_3,agent_0,0,mixed,3.5,6673,0.0008991458114790948,0.9991008541885209,0.08178444154622723,-11.57946712541005,0.08302112992656976,0.20348757146149019,0.08178437579581085,-0.12170319566567943,-7.967592996884979,-11.584480181124263,-3.616887184239284,0.1922673460212798,0.08302112992656976,-0.10924621609471002,0.213247414955792,0.0,150000
<SOURCE_VECSTRAIGHT_REPO>/remote-results/phase3_vecstraight_clean_msgsource_learned_15seeds_remote_20260410/train/cond1_seed1111.pt,cond1,1111,9001,greedy,none,none,none,none,agent_3,agent_1,0,mixed,3.5,6673,0.0008991458114790948,0.9991008541885209,0.8072317658179464,3.1852436032222697,0.8469953544133073,0.7120500688423851,0.8071921764807715,0.09514210763838687,1.0854509268076045,3.1862728894292798,2.1008219626216755,0.8243668514910835,0.8469953544133073,0.022628502922223886,0.19196763075078677,0.0,150000
<SOURCE_VECSTRAIGHT_REPO>/remote-results/phase3_vecstraight_clean_msgsource_learned_15seeds_remote_20260410/train/cond1_seed1111.pt,cond1,1111,9001,greedy,none,none,none,none,agent_3,agent_2,0,mixed,3.5,6673,0.0008991458114790948,0.9991008541885209,0.9300969119704506,4.947590658703291,0.9357110744792447,0.8919336063942738,0.9303597767837989,0.038426170389525345,5.2167080407126205,4.94985254781278,-0.26685549289984056,0.9396073729956541,0.9360107897497377,-0.0035965832459163793,0.04196013786902442,0.0002997152704930316,150000
<SOURCE_VECSTRAIGHT_REPO>/remote-results/phase3_vecstraight_clean_msgsource_learned_15seeds_remote_20260410/train/cond1_seed1111.pt,cond1,1111,9001,greedy,none,none,none,none,agent_3,agent_3,1,mixed,3.5,6673,0.0008991458114790948,0.9991008541885209,0.4771045821043362,0.28492878686492096,0.4798441480593436,0.6274704366321535,0.47723631741397354,-0.15023411921818053,0.7187107528982608,0.2913661922750919,-0.42734456062316895,0.6557770118387531,0.47999400569459016,-0.17578300614416303,0.31979619361606476,0.0001498576352465158,150000
<SOURCE_VECSTRAIGHT_REPO>/remote-results/phase3_vecstraight_clean_msgsource_learned_15seeds_remote_20260410/train/cond1_seed1111.pt,cond1,1111,9001,greedy,none,none,none,none,agent_0,agent_0,1,cooperative,5.0,5917,0.026364711847219877,0.9736352881527801,0.4867737172717477,-0.16946061936930987,0.5474057799560588,0.01376019291884463,0.4917402122731913,0.47798001935434675,-5.434445875957646,-0.089991468366425,5.344454407591221,0.002704073009971269,0.5516308940341389,0.5489268210241677,0.5453777251985804,0.004225114078080108,150000
<SOURCE_VECSTRAIGHT_REPO>/remote-results/phase3_vecstraight_clean_msgsource_learned_15seeds_remote_20260410/train/cond1_seed1111.pt,cond1,1111,9001,greedy,none,none,none,none,agent_0,agent_1,0,cooperative,5.0,5917,0.026364711847219877,0.9736352881527801,0.7395632181377876,1.650903646098675,0.8431637654216664,0.20188889271538743,0.7487414449791798,0.5468525522637924,-3.6965876690072546,1.739400634536756,5.43598830354401,0.19790434341727225,0.8524590163934426,0.6545546729761703,0.645935440256887,0.009295250971776237,150000
<SOURCE_VECSTRAIGHT_REPO>/remote-results/phase3_vecstraight_clean_msgsource_learned_15seeds_remote_20260410/train/cond1_seed1111.pt,cond1,1111,9001,greedy,none,none,none,none,agent_0,agent_2,0,cooperative,5.0,5917,0.026364711847219877,0.9736352881527801,0.7963270764252868,1.8324521905428577,0.9293560926145006,0.5742417742394809,0.7925505209232107,0.2183087466837298,0.5268161214695442,1.740996896802563,1.214180775333019,0.5663342910258578,0.9283420652357613,0.36200777420990365,0.4664525942200439,0.001014027378739226,150000
<SOURCE_VECSTRAIGHT_REPO>/remote-results/phase3_vecstraight_clean_msgsource_learned_15seeds_remote_20260410/train/cond1_seed1111.pt,cond1,1111,9001,greedy,none,none,none,none,agent_0,agent_3,0,cooperative,5.0,5917,0.026364711847219877,0.9736352881527801,0.5943022934678879,4.704567436727596,0.5357444651005577,0.3400558266046244,0.5965307391250729,0.2564749125204488,-6.395887406841009,4.86229529149814,11.258182698339148,0.3609937468311644,0.5369274970424202,0.1759337502112557,0.17644076390062532,0.0011830319418624302,150000
<SOURCE_VECSTRAIGHT_REPO>/remote-results/phase3_vecstraight_clean_msgsource_learned_15seeds_remote_20260410/train/cond1_seed1111.pt,cond1,1111,9001,greedy,none,none,none,none,agent_1,agent_0,0,cooperative,5.0,5917,0.9481155991211763,0.051884400878823726,0.4867737172717477,-0.16946061936930987,0.5474057799560588,0.46659251983454436,0.8460499491105792,0.37945742927603476,-0.3486974057624202,2.9336784595429384,3.2823758653053585,0.5291532871387528,0.8778097008619232,0.3486564137231705,0.02197059320601656,0.4027378739225959,150000
<SOURCE_VECSTRAIGHT_REPO>/remote-results/phase3_vecstraight_clean_msgsource_learned_15seeds_remote_20260410/train/cond1_seed1111.pt,cond1,1111,9001,greedy,none,none,none,none,agent_1,agent_1,1,cooperative,5.0,5917,0.9481155991211763,0.051884400878823726,0.7395632181377876,1.650903646098675,0.8431637654216664,0.7356396626640357,0.9872950970149431,0.25165543435090737,1.44413982240588,6.26467417357831,4.82053435117243,0.8429947608585432,0.9996619908737536,0.1566672300152104,0.000507013689369613,0.15649822545208722,150000
<SOURCE_VECSTRAIGHT_REPO>/remote-results/phase3_vecstraight_clean_msgsource_learned_15seeds_remote_20260410/train/cond1_seed1111.pt,cond1,1111,9001,greedy,none,none,none,none,agent_1,agent_2,0,cooperative,5.0,5917,0.9481155991211763,0.051884400878823726,0.7963270764252868,1.8324521905428577,0.9293560926145006,0.7874664198964352,0.8887008713309313,0.10123445143449612,1.701906909909586,3.2243841013453873,1.522477191435801,0.9269900287307757,0.9024843670779111,-0.02450566165286463,0.005746155146188947,0.1644414399188778,150000
<SOURCE_VECSTRAIGHT_REPO>/remote-results/phase3_vecstraight_clean_msgsource_learned_15seeds_remote_20260410/train/cond1_seed1111.pt,cond1,1111,9001,greedy,none,none,none,none,agent_1,agent_3,0,cooperative,5.0,5917,0.9481155991211763,0.051884400878823726,0.5943022934678879,4.704567436727596,0.5357444651005577,0.6031275395839039,0.45395360612624075,-0.14917393345766305,4.924528488392904,-0.057383019277548616,-4.9819115076704525,0.5435186750042251,0.444143991887781,-0.09937468311644414,0.007774209903667399,0.09160047321277674,150000
<SOURCE_VECSTRAIGHT_REPO>/remote-results/phase3_vecstraight_clean_msgsource_learned_15seeds_remote_20260410/train/cond1_seed1111.pt,cond1,1111,9001,greedy,none,none,none,none,agent_2,agent_0,0,cooperative,5.0,5917,0.0,1.0,0.4867737172717477,-0.16946061936930987,0.5474057799560588,0.9690547083671732,0.4867737172717477,-0.4822809910954255,5.811642572266116,-0.16946061936930987,-5.981103191635426,0.9896907216494846,0.5474057799560588,-0.44228494169342575,0.44228494169342575,0.0,150000
<SOURCE_VECSTRAIGHT_REPO>/remote-results/phase3_vecstraight_clean_msgsource_learned_15seeds_remote_20260410/train/cond1_seed1111.pt,cond1,1111,9001,greedy,none,none,none,none,agent_2,agent_1,0,cooperative,5.0,5917,0.0,1.0,0.7395632181377876,1.650903646098675,0.8431637654216664,0.9427422393423158,0.7395632181377876,-0.20317902120452838,4.1047330422464485,1.650903646098675,-2.453829396147774,0.9886766942707453,0.8431637654216664,-0.14551292884907893,0.148893020111543,0.0,150000
<SOURCE_VECSTRAIGHT_REPO>/remote-results/phase3_vecstraight_clean_msgsource_learned_15seeds_remote_20260410/train/cond1_seed1111.pt,cond1,1111,9001,greedy,none,none,none,none,agent_2,agent_2,1,cooperative,5.0,5917,0.0,1.0,0.7963270764252868,1.8324521905428577,0.9293560926145006,0.4591342331401701,0.7963270764252868,0.33719284328511656,-0.378047787712014,1.8324521905428577,2.2104999782548718,0.4808179820855163,0.9293560926145006,0.4485381105289843,0.4485381105289843,0.0,150000
<SOURCE_VECSTRAIGHT_REPO>/remote-results/phase3_vecstraight_clean_msgsource_learned_15seeds_remote_20260410/train/cond1_seed1111.pt,cond1,1111,9001,greedy,none,none,none,none,agent_2,agent_3,0,cooperative,5.0,5917,0.0,1.0,0.5943022934678879,4.704567436727596,0.5357444651005577,0.9849582318948776,0.5943022934678879,-0.3906559384269898,12.224987552652836,4.704567436727596,-7.52042011592524,0.9981409498056447,0.5357444651005577,-0.46239648470508704,0.46239648470508704,0.0,150000
<SOURCE_VECSTRAIGHT_REPO>/remote-results/phase3_vecstraight_clean_msgsource_learned_15seeds_remote_20260410/train/cond1_seed1111.pt,cond1,1111,9001,greedy,none,none,none,none,agent_3,agent_0,0,cooperative,5.0,5917,0.15970931215142808,0.8402906878485719,0.4867737172717477,-0.16946061936930987,0.5474057799560588,0.385780870725886,0.48727873537662447,0.10149786465073839,-0.569280850891328,-0.20256743790512252,0.36671341298620547,0.3170525604191313,0.5506168666553997,0.2335643062362684,0.27057630556025014,0.05154639175257732,150000
<SOURCE_VECSTRAIGHT_REPO>/remote-results/phase3_vecstraight_clean_msgsource_learned_15seeds_remote_20260410/train/cond1_seed1111.pt,cond1,1111,9001,greedy,none,none,none,none,agent_3,agent_1,0,cooperative,5.0,5917,0.15970931215142808,0.8402906878485719,0.7395632181377876,1.650903646098675,0.8431637654216664,0.7401665888077603,0.7259070380548075,-0.014259550752952845,1.3755580772565026,1.561659280514826,0.18610120325832324,0.9670441101909751,0.8286293729930708,-0.13841473719790434,0.14720297448031097,0.01487240155484198,150000
<SOURCE_VECSTRAIGHT_REPO>/remote-results/phase3_vecstraight_clean_msgsource_learned_15seeds_remote_20260410/train/cond1_seed1111.pt,cond1,1111,9001,greedy,none,none,none,none,agent_3,agent_2,0,cooperative,5.0,5917,0.15970931215142808,0.8402906878485719,0.7963270764252868,1.8324521905428577,0.9293560926145006,0.7030112014325257,0.803158410081057,0.10014720864853138,1.178247253178986,1.9185926019188437,0.7403453487398577,0.9269900287307757,0.9285110697988845,0.001521041068108839,0.1095149569038364,0.0008450228156160216,150000
<SOURCE_VECSTRAIGHT_REPO>/remote-results/phase3_vecstraight_clean_msgsource_learned_15seeds_remote_20260410/train/cond1_seed1111.pt,cond1,1111,9001,greedy,none,none,none,none,agent_3,agent_3,1,cooperative,5.0,5917,0.15970931215142808,0.8402906878485719,0.5943022934678879,4.704567436727596,0.5357444651005577,0.4704247078434837,0.6559160929419953,0.18549138509851149,-0.47970128557267816,5.841595205462158,6.321296491034836,0.47050870373500087,0.6074023998647964,0.13689369612979552,0.06557377049180328,0.07165793476423864,150000
<SOURCE_VECSTRAIGHT_REPO>/remote-results/phase3_vecstraight_clean_msgsource_learned_15seeds_remote_20260410/train/cond1_seed1212.pt,cond1,1212,9001,greedy,none,none,none,none,agent_0,agent_0,1,competitive,0.5,5288,0.9947049924357034,0.00529500756429652,0.00014245470530800604,-59.363790750385185,0.00018910741301059002,5.6201884394539666e-06,0.00014250226004439747,0.00013688207160494353,-59.384626050715006,-54.50071288712334,4.883913163591666,0.0,0.00018910741301059002,0.00018910741301059002,0.00018910741301059002,0.0,150000
<SOURCE_VECSTRAIGHT_REPO>/remote-results/phase3_vecstraight_clean_msgsource_learned_15seeds_remote_20260410/train/cond1_seed1212.pt,cond1,1212,9001,greedy,none,none,none,none,agent_0,agent_1,0,competitive,0.5,5288,0.9947049924357034,0.00529500756429652,4.8056132252811786e-08,-55.55980956139615,0.0,3.8105047760977645e-09,5.374694976319907e-07,5.336589928558924e-07,-55.60518669396774,-42.79842176271459,12.806764931253154,0.0,0.0,0.0,0.0,0.0,150000
<SOURCE_VECSTRAIGHT_REPO>/remote-results/phase3_vecstraight_clean_msgsource_learned_15seeds_remote_20260410/train/cond1_seed1212.pt,cond1,1212,9001,greedy,none,none,none,none,agent_0,agent_2,0,competitive,0.5,5288,0.9947049924357034,0.00529500756429652,0.0001274397648715259,-83.65078903165464,0.00018910741301059002,0.00012743976441552068,2.1851369648742779e-07,-0.00012722125071903338,-83.70984101603187,-64.22441871245582,19.485422303576062,0.00018910741301059002,0.0,-0.00018910741301059002,0.0,0.00018910741301059002,150000
<SOURCE_VECSTRAIGHT_REPO>/remote-results/phase3_vecstraight_clean_msgsource_learned_15seeds_remote_20260410/train/cond1_seed1212.pt,cond1,1212,9001,greedy,none,none,none,none,agent_0,agent_3,0,competitive,0.5,5288,0.9947049924357034,0.00529500756429652,2.7460017843088407e-13,-43.697189862717295,0.0,2.7471893695489217e-13,5.49641777153321e-13,2.7492284019842954e-13,-43.66383870538893,-44.04580710947784,-0.38196840408890764,0.0,0.0,0.0,0.0,0.0,150000
<SOURCE_VECSTRAIGHT_REPO>/remote-results/phase3_vecstraight_clean_msgsource_learned_15seeds_remote_20260410/train/cond1_seed1212.pt,cond1,1212,9001,greedy,none,none,none,none,agent_1,agent_0,0,competitive,0.5,5288,0.6257564296520424,0.37424357034795763,0.00014245470530800604,-59.363790750385185,0.00018910741301059002,0.0007942302287191117,0.0001424547053080055,-0.0006517755234111061,-61.375400292851964,-55.52595217421696,5.8494481186350065,0.0009455370650529501,0.00018910741301059002,-0.0007564296520423601,0.0007564296520423601,0.0,150000
<SOURCE_VECSTRAIGHT_REPO>/remote-results/phase3_vecstraight_clean_msgsource_learned_15seeds_remote_20260410/train/cond1_seed1212.pt,cond1,1212,9001,greedy,none,none,none,none,agent_1,agent_1,1,competitive,0.5,5288,0.6257564296520424,0.37424357034795763,4.8056132252811786e-08,-55.55980956139615,0.0,7.865024847243016e-05,4.8056132252248204e-08,-7.86021923401779e-05,-52.75630286356234,-60.276590974175804,-7.520288110613462,0.0,0.0,0.0,0.0,0.0,150000
<SOURCE_VECSTRAIGHT_REPO>/remote-results/phase3_vecstraight_clean_msgsource_learned_15seeds_remote_20260410/train/cond1_seed1212.pt,cond1,1212,9001,greedy,none,none,none,none,agent_1,agent_2,0,competitive,0.5,5288,0.6257564296520424,0.37424357034795763,0.0001274397648715259,-83.65078903165464,0.00018910741301059002,3.204564119350659e-06,0.0001274397648143348,0.00012423520069498417,-80.3067361450051,-89.59802276916159,-9.291286624156491,0.0,0.00018910741301059002,0.00018910741301059002,0.00018910741301059002,0.0,150000
<SOURCE_VECSTRAIGHT_REPO>/remote-results/phase3_vecstraight_clean_msgsource_learned_15seeds_remote_20260410/train/cond1_seed1212.pt,cond1,1212,9001,greedy,none,none,none,none,agent_1,agent_3,0,competitive,0.5,5288,0.6257564296520424,0.37424357034795763,2.7460017843088407e-13,-43.697189862717295,0.0,9.535148505297781e-12,1.1071199070631022e-13,-9.424436514591466e-12,-43.11520410413641,-44.78287633211998,-1.6676722279835756,0.0,0.0,0.0,0.0,0.0,150000
<SOURCE_VECSTRAIGHT_REPO>/remote-results/phase3_vecstraight_clean_msgsource_learned_15seeds_remote_20260410/train/cond1_seed1212.pt,cond1,1212,9001,greedy,none,none,none,none,agent_2,agent_0,0,competitive,0.5,5288,0.0,1.0,0.00014245470530800604,-59.363790750385185,0.00018910741301059002,0.0007671833108257525,0.00014245470530800604,-0.0006247286055177461,-48.53271226225908,-59.363790750385185,-10.831078488126105,0.0007564296520423601,0.00018910741301059002,-0.0005673222390317701,0.0005673222390317701,0.0,150000
<SOURCE_VECSTRAIGHT_REPO>/remote-results/phase3_vecstraight_clean_msgsource_learned_15seeds_remote_20260410/train/cond1_seed1212.pt,cond1,1212,9001,greedy,none,none,none,none,agent_2,agent_1,0,competitive,0.5,5288,0.0,1.0,4.8056132252811786e-08,-55.55980956139615,0.0,1.1905685598426953e-11,4.8056132252811786e-08,4.8044226567213346e-08,-68.11052206136095,-55.55980956139615,12.550712499964796,0.0,0.0,0.0,0.0,0.0,150000
<SOURCE_VECSTRAIGHT_REPO>/remote-results/phase3_vecstraight_clean_msgsource_learned_15seeds_remote_20260410/train/cond1_seed1212.pt,cond1,1212,9001,greedy,none,none,none,none,agent_2,agent_2,1,competitive,0.5,5288,0.0,1.0,0.0001274397648715259,-83.65078903165464,0.00018910741301059002,0.0008205060304895594,0.0001274397648715259,-0.0006930662656180335,-70.96752913018939,-83.65078903165464,-12.683259901465249,0.0005673222390317701,0.00018910741301059002,-0.00037821482602118004,0.00037821482602118004,0.0,150000
<SOURCE_VECSTRAIGHT_REPO>/remote-results/phase3_vecstraight_clean_msgsource_learned_15seeds_remote_20260410/train/cond1_seed1212.pt,cond1,1212,9001,greedy,none,none,none,none,agent_2,agent_3,0,competitive,0.5,5288,0.0,1.0,2.7460017843088407e-13,-43.697189862717295,0.0,2.8019904324107783e-12,2.7460017843088407e-13,-2.527390253979897e-12,-39.573553885706616,-43.697189862717295,-4.123635977010684,0.0,0.0,0.0,0.0,0.0,150000
<SOURCE_VECSTRAIGHT_REPO>/remote-results/phase3_vecstraight_clean_msgsource_learned_15seeds_remote_20260410/train/cond1_seed1212.pt,cond1,1212,9001,greedy,none,none,none,none,agent_3,agent_0,0,competitive,0.5,5288,0.0007564296520423601,0.9992435703479576,0.00014245470530800604,-59.363790750385185,0.00018910741301059002,2.428780339604627e-07,0.00014245470342086667,0.00014221182538690655,-55.12273918428147,-59.36741466481526,-4.244675480533791,0.0,0.00018910741301059002,0.00018910741301059002,0.00018910741301059002,0.0,150000
<SOURCE_VECSTRAIGHT_REPO>/remote-results/phase3_vecstraight_clean_msgsource_learned_15seeds_remote_20260410/train/cond1_seed1212.pt,cond1,1212,9001,greedy,none,none,none,none,agent_3,agent_1,0,competitive,0.5,5288,0.0007564296520423601,0.9992435703479576,4.8056132252811786e-08,-55.55980956139615,0.0,2.698464743751966e-10,4.80571112062077e-08,4.778726473183236e-08,-55.026486537640466,-55.55871954122939,-0.5322330035889202,0.0,0.0,0.0,0.0,0.0,150000
<SOURCE_VECSTRAIGHT_REPO>/remote-results/phase3_vecstraight_clean_msgsource_learned_15seeds_remote_20260410/train/cond1_seed1212.pt,cond1,1212,9001,greedy,none,none,none,none,agent_3,agent_2,0,competitive,0.5,5288,0.0007564296520423601,0.9992435703479576,0.0001274397648715259,-83.65078903165464,0.00018910741301059002,0.0011744584694886632,1.6044355547128565e-09,-0.0011744568650531083,-78.354534630899,-83.66334652287516,-5.308811891976175,0.0011346444780635401,0.0,-0.0011346444780635401,0.0009455370650529501,0.00018910741301059002,150000
<SOURCE_VECSTRAIGHT_REPO>/remote-results/phase3_vecstraight_clean_msgsource_learned_15seeds_remote_20260410/train/cond1_seed1212.pt,cond1,1212,9001,greedy,none,none,none,none,agent_3,agent_3,1,competitive,0.5,5288,0.0007564296520423601,0.9992435703479576,2.7460017843088407e-13,-43.697189862717295,0.0,3.000859319276717e-12,2.752074767682979e-13,-2.7256518425084304e-12,-43.93858487414881,-43.694230174874036,0.24435469927477585,0.0,0.0,0.0,0.0,0.0,150000
<SOURCE_VECSTRAIGHT_REPO>/remote-results/phase3_vecstraight_clean_msgsource_learned_15seeds_remote_20260410/train/cond1_seed1212.pt,cond1,1212,9001,greedy,none,none,none,none,agent_0,agent_0,1,mixed,1.5,5824,0.9737293956043956,0.026270604395604396,0.006542479400683533,-45.344340474917914,0.006181318681318681,0.007585263583243745,0.006563279714488407,-0.001021983868755322,-45.34259143179016,-39.6838655822327,5.658725849557463,0.007554945054945055,0.006181318681318681,-0.0013736263736263737,0.003434065934065934,0.00034340659340659343,150000
<SOURCE_VECSTRAIGHT_REPO>/remote-results/phase3_vecstraight_clean_msgsource_learned_15seeds_remote_20260410/train/cond1_seed1212.pt,cond1,1212,9001,greedy,none,none,none,none,agent_0,agent_1,0,mixed,1.5,5824,0.9737293956043956,0.026270604395604396,0.0013661173050585214,-41.74855394609615,0.001201923076923077,0.0007286555218467194,0.0014854563043979292,0.0007568007825512154,-41.87176474538289,-30.831382049191333,11.040382696191555,0.0008585164835164835,0.001201923076923077,0.00034340659340659343,0.00034340659340659343,0.0,150000
<SOURCE_VECSTRAIGHT_REPO>/remote-results/phase3_vecstraight_clean_msgsource_learned_15seeds_remote_20260410/train/cond1_seed1212.pt,cond1,1212,9001,greedy,none,none,none,none,agent_0,agent_2,0,mixed,1.5,5824,0.9737293956043956,0.026270604395604396,0.003219153762162545,-59.40109643288939,0.0032623626373626375,0.006251684373175072,0.002714233425786758,-0.003537450947388324,-59.4679319927735,-44.78207747743639,14.685854515337109,0.006696428571428571,0.0025755494505494505,-0.004120879120879121,0.003434065934065934,0.0006868131868131869,150000
<SOURCE_VECSTRAIGHT_REPO>/remote-results/phase3_vecstraight_clean_msgsource_learned_15seeds_remote_20260410/train/cond1_seed1212.pt,cond1,1212,9001,greedy,none,none,none,none,agent_0,agent_3,0,mixed,1.5,5824,0.9737293956043956,0.026270604395604396,0.0003348993872920405,-32.39030853308901,0.00017170329670329672,0.0003348993945580816,0.0010021367214978739,0.0006672373269397987,-32.18495173574231,-33.22213564685464,-1.0371839111123315,0.00017170329670329672,0.0010302197802197802,0.0008585164835164835,0.0,0.0008585164835164835,150000
<SOURCE_VECSTRAIGHT_REPO>/remote-results/phase3_vecstraight_clean_msgsource_learned_15seeds_remote_20260410/train/cond1_seed1212.pt,cond1,1212,9001,greedy,none,none,none,none,agent_1,agent_0,0,mixed,1.5,5824,0.570570054945055,0.42942994505494503,0.006542479400683533,-45.344340474917914,0.006181318681318681,0.008433550310121489,0.006397595973806883,-0.002035954336314605,-45.52215042111085,-44.996496845169794,0.5256535759410605,0.007898351648351648,0.006009615384615385,-0.0018887362637362637,0.002403846153846154,0.00017170329670329672,150000
<SOURCE_VECSTRAIGHT_REPO>/remote-results/phase3_vecstraight_clean_msgsource_learned_15seeds_remote_20260410/train/cond1_seed1212.pt,cond1,1212,9001,greedy,none,none,none,none,agent_1,agent_1,1,mixed,1.5,5824,0.570570054945055,0.42942994505494503,0.0013661173050585214,-41.74855394609615,0.001201923076923077,0.006091370035115936,0.001140510090317358,-0.004950859944798586,-38.09527042603177,-46.15261184240456,-8.057341416372795,0.005666208791208791,0.0008585164835164835,-0.004807692307692308,0.004464285714285714,0.00034340659340659343,150000
<SOURCE_VECSTRAIGHT_REPO>/remote-results/phase3_vecstraight_clean_msgsource_learned_15seeds_remote_20260410/train/cond1_seed1212.pt,cond1,1212,9001,greedy,none,none,none,none,agent_1,agent_2,0,mixed,1.5,5824,0.570570054945055,0.42942994505494503,0.003219153762162545,-59.40109643288939,0.0032623626373626375,0.001958333380674874,0.003219130518451587,0.0012607971377767127,-55.607589744548264,-64.83978361560666,-9.232193871058401,0.0020604395604395605,0.0032623626373626375,0.001201923076923077,0.001201923076923077,0.0,150000
<SOURCE_VECSTRAIGHT_REPO>/remote-results/phase3_vecstraight_clean_msgsource_learned_15seeds_remote_20260410/train/cond1_seed1212.pt,cond1,1212,9001,greedy,none,none,none,none,agent_1,agent_3,0,mixed,1.5,5824,0.570570054945055,0.42942994505494503,0.0003348993872920405,-32.39030853308901,0.00017170329670329672,0.0005078447620323941,1.3469192127952411e-08,-0.0005078312928402657,-30.96267409284937,-34.189837616059805,-3.2271635232104376,0.00034340659340659343,0.0,-0.00034340659340659343,0.00017170329670329672,0.00017170329670329672,150000
<SOURCE_VECSTRAIGHT_REPO>/remote-results/phase3_vecstraight_clean_msgsource_learned_15seeds_remote_20260410/train/cond1_seed1212.pt,cond1,1212,9001,greedy,none,none,none,none,agent_2,agent_0,0,mixed,1.5,5824,0.0005151098901098901,0.9994848901098901,0.006542479400683533,-45.344340474917914,0.006181318681318681,0.012271795825504127,0.006542479400683531,-0.005729316424820653,-34.083198892638336,-45.35009130068983,-11.266892408051497,0.012706043956043956,0.006181318681318681,-0.006524725274725275,0.006524725274725275,0.0,150000
<SOURCE_VECSTRAIGHT_REPO>/remote-results/phase3_vecstraight_clean_msgsource_learned_15seeds_remote_20260410/train/cond1_seed1212.pt,cond1,1212,9001,greedy,none,none,none,none,agent_2,agent_1,0,mixed,1.5,5824,0.0005151098901098901,0.9994848901098901,0.0013661173050585214,-41.74855394609615,0.001201923076923077,1.0977760129132913e-05,0.001366117305059003,0.0013551395449298697,-52.84165796158569,-41.74218825845861,11.099469703127077,0.0,0.001201923076923077,0.001201923076923077,0.001201923076923077,0.0,150000
<SOURCE_VECSTRAIGHT_REPO>/remote-results/phase3_vecstraight_clean_msgsource_learned_15seeds_remote_20260410/train/cond1_seed1212.pt,cond1,1212,9001,greedy,none,none,none,none,agent_2,agent_2,1,mixed,1.5,5824,0.0005151098901098901,0.9994848901098901,0.003219153762162545,-59.40109643288939,0.0032623626373626375,0.005557153829851515,0.003219152740524091,-0.002338001089327426,-50.596983047332714,-59.40379994761731,-8.806816900284593,0.005666208791208791,0.0032623626373626375,-0.002403846153846154,0.002403846153846154,0.0,150000
<SOURCE_VECSTRAIGHT_REPO>/remote-results/phase3_vecstraight_clean_msgsource_learned_15seeds_remote_20260410/train/cond1_seed1212.pt,cond1,1212,9001,greedy,none,none,none,none,agent_2,agent_3,0,mixed,1.5,5824,0.0005151098901098901,0.9994848901098901,0.0003348993872920405,-32.39030853308901,0.00017170329670329672,0.0009748290845998811,0.00033489938729199496,-0.0006399296973078881,-29.430600204760886,-32.392235068522474,-2.9616348637615912,0.0008585164835164835,0.00017170329670329672,-0.0006868131868131869,0.0006868131868131869,0.0,150000
<SOURCE_VECSTRAIGHT_REPO>/remote-results/phase3_vecstraight_clean_msgsource_learned_15seeds_remote_20260410/train/cond1_seed1212.pt,cond1,1212,9001,greedy,none,none,none,none,agent_3,agent_0,0,mixed,1.5,5824,0.013392857142857142,0.9866071428571429,0.006542479400683533,-45.344340474917914,0.006181318681318681,0.002587391413925976,0.00867576801589784,0.00608837660197189,-40.52991727303079,-45.32173850997812,-4.791821236947326,0.0025755494505494505,0.008070054945054946,0.005494505494505495,0.003949175824175824,0.0018887362637362637,150000
<SOURCE_VECSTRAIGHT_REPO>/remote-results/phase3_vecstraight_clean_msgsource_learned_15seeds_remote_20260410/train/cond1_seed1212.pt,cond1,1212,9001,greedy,none,none,none,none,agent_3,agent_1,0,mixed,1.5,5824,0.013392857142857142,0.9866071428571429,0.0013661173050585214,-41.74855394609615,0.001201923076923077,0.00044793661340762457,0.0017800942084271172,0.0013321575950195035,-39.93994270230306,-41.728348323925665,-1.7884056216226072,0.00034340659340659343,0.0015453296703296703,0.001201923076923077,0.0008585164835164835,0.00034340659340659343,150000
<SOURCE_VECSTRAIGHT_REPO>/remote-results/phase3_vecstraight_clean_msgsource_learned_15seeds_remote_20260410/train/cond1_seed1212.pt,cond1,1212,9001,greedy,none,none,none,none,agent_3,agent_2,0,mixed,1.5,5824,0.013392857142857142,0.9866071428571429,0.003219153762162545,-59.40109643288939,0.0032623626373626375,0.006118654461352609,0.001193772487955475,-0.004924881973397135,-55.04909401525907,-59.509494956081305,-4.4604009408222325,0.006009615384615385,0.001201923076923077,-0.004807692307692308,0.0027472527472527475,0.0020604395604395605,150000
<SOURCE_VECSTRAIGHT_REPO>/remote-results/phase3_vecstraight_clean_msgsource_learned_15seeds_remote_20260410/train/cond1_seed1212.pt,cond1,1212,9001,greedy,none,none,none,none,agent_3,agent_3,1,mixed,1.5,5824,0.013392857142857142,0.9866071428571429,0.0003348993872920405,-32.39030853308901,0.00017170329670329672,0.0020208081603736174,3.0225054289897403e-05,-0.0019905831060837258,-31.561292598093093,-32.356807850055645,-0.7955152519625499,0.0015453296703296703,0.0,-0.0015453296703296703,0.0013736263736263737,0.00017170329670329672,150000
<SOURCE_VECSTRAIGHT_REPO>/remote-results/phase3_vecstraight_clean_msgsource_learned_15seeds_remote_20260410/train/cond1_seed1212.pt,cond1,1212,9001,greedy,none,none,none,none,agent_0,agent_0,1,mixed,2.5,6298,0.9158463004128294,0.08415369958717053,0.058633483849653334,-27.351915965423995,0.05890758971101937,0.06825644564114686,0.08412305557256337,0.015866609931416288,-27.088939196597245,-20.066693660696373,7.022245535900874,0.06843442362654811,0.08351857732613528,0.01508415369958717,0.015242934264845983,0.026198793267704034,150000
<SOURCE_VECSTRAIGHT_REPO>/remote-results/phase3_vecstraight_clean_msgsource_learned_15seeds_remote_20260410/train/cond1_seed1212.pt,cond1,1212,9001,greedy,none,none,none,none,agent_0,agent_1,0,mixed,2.5,6298,0.9158463004128294,0.08415369958717053,0.027120982418966336,-30.862079724555887,0.026198793267704034,0.015757646849667784,0.02983901868144631,0.014081371831778494,-31.212281366539884,-25.3491156446523,5.863165721887585,0.015878056525881232,0.028898062877103843,0.01302000635122261,0.011908542394410923,0.0026992696093998095,150000
<SOURCE_VECSTRAIGHT_REPO>/remote-results/phase3_vecstraight_clean_msgsource_learned_15seeds_remote_20260410/train/cond1_seed1212.pt,cond1,1212,9001,greedy,none,none,none,none,agent_0,agent_2,0,mixed,2.5,6298,0.9158463004128294,0.08415369958717053,0.030065507665148962,-35.51072937611191,0.029850746268656716,0.04311132238487424,0.02678249827637165,-0.016328824108502654,-35.32184736204217,-26.381567317172625,8.94028004486955,0.04334709431565576,0.02588123213718641,-0.017465862178469356,0.013496348046999047,0.003969514131470308,150000
<SOURCE_VECSTRAIGHT_REPO>/remote-results/phase3_vecstraight_clean_msgsource_learned_15seeds_remote_20260410/train/cond1_seed1212.pt,cond1,1212,9001,greedy,none,none,none,none,agent_0,agent_3,0,mixed,2.5,6298,0.9158463004128294,0.08415369958717053,0.00773317303125215,-21.104133403111483,0.006668783740870117,0.0060173000277993285,0.012837050867923977,0.006819750840124673,-20.80681937716951,-23.997486157757436,-3.1906667805879256,0.00476341695776437,0.012543664655446173,0.0077802476976818035,0.0022229279136233727,0.005874880914576056,150000
<SOURCE_VECSTRAIGHT_REPO>/remote-results/phase3_vecstraight_clean_msgsource_learned_15seeds_remote_20260410/train/cond1_seed1212.pt,cond1,1212,9001,greedy,none,none,none,none,agent_1,agent_0,0,mixed,2.5,6298,0.08748809145760558,0.9125119085423944,0.058633483849653334,-27.351915965423995,0.05890758971101937,0.06010941237151737,0.06123093419532457,0.0011215218238073564,-25.57059009557264,-27.332732287601996,-1.762142192029355,0.05906637027627818,0.06113051762464274,0.00206414734836456,0.008732931089234678,0.0028580501746586218,150000
<SOURCE_VECSTRAIGHT_REPO>/remote-results/phase3_vecstraight_clean_msgsource_learned_15seeds_remote_20260410/train/cond1_seed1212.pt,cond1,1212,9001,greedy,none,none,none,none,agent_1,agent_1,1,mixed,2.5,6298,0.08748809145760558,0.9125119085423944,0.027120982418966336,-30.862079724555887,0.026198793267704034,0.0629045108610928,0.015779193900736607,-0.047125316960356246,-21.173852279223915,-31.565907904801954,-10.392055625578038,0.06208320101619562,0.015242934264845983,-0.046840266751349634,0.03588440774849158,0.01095585900285805,150000
<SOURCE_VECSTRAIGHT_REPO>/remote-results/phase3_vecstraight_clean_msgsource_learned_15seeds_remote_20260410/train/cond1_seed1212.pt,cond1,1212,9001,greedy,none,none,none,none,agent_1,agent_2,0,mixed,2.5,6298,0.08748809145760558,0.9125119085423944,0.030065507665148962,-35.51072937611191,0.029850746268656716,0.0498167478852478,0.029829458346848036,-0.0199872895383997,-26.580696793251207,-36.05917977866539,-9.478482985414184,0.04922197523023182,0.02921562400762147,-0.020006351222610352,0.021594156875198476,0.0031756113051762463,150000
<SOURCE_VECSTRAIGHT_REPO>/remote-results/phase3_vecstraight_clean_msgsource_learned_15seeds_remote_20260410/train/cond1_seed1212.pt,cond1,1212,9001,greedy,none,none,none,none,agent_1,agent_3,0,mixed,2.5,6298,0.08748809145760558,0.9125119085423944,0.00773317303125215,-21.104133403111483,0.006668783740870117,0.049598366487434466,0.0018439062940434764,-0.04775446019339112,-15.440284767129869,-21.930326040700507,-6.49004127357064,0.04493489996824389,0.0011114639568116863,-0.0438234360114322,0.03826611622737377,0.005557319784058431,150000
<SOURCE_VECSTRAIGHT_REPO>/remote-results/phase3_vecstraight_clean_msgsource_learned_15seeds_remote_20260410/train/cond1_seed1212.pt,cond1,1212,9001,greedy,none,none,none,none,agent_2,agent_0,0,mixed,2.5,6298,0.019688790092092727,0.9803112099079073,0.058633483849653334,-27.351915965423995,0.05890758971101937,0.08200727683798349,0.05794152830672083,-0.024065748531262622,-16.54964525023787,-27.47918907615657,-10.9295438259187,0.08066052715147666,0.05827246744998412,-0.022388059701492536,0.025246109876151158,0.0012702445220704986,150000
<SOURCE_VECSTRAIGHT_REPO>/remote-results/phase3_vecstraight_clean_msgsource_learned_15seeds_remote_20260410/train/cond1_seed1212.pt,cond1,1212,9001,greedy,none,none,none,none,agent_2,agent_1,0,mixed,2.5,6298,0.019688790092092727,0.9803112099079073,0.027120982418966336,-30.862079724555887,0.026198793267704034,0.005740641147806843,0.028593377380734756,0.022852736232927943,-35.97466725439884,-30.75023726018772,5.224429994211117,0.0050809780882819944,0.027786598920292158,0.02270562083201016,0.02270562083201016,0.0015878056525881232,150000
<SOURCE_VECSTRAIGHT_REPO>/remote-results/phase3_vecstraight_clean_msgsource_learned_15seeds_remote_20260410/train/cond1_seed1212.pt,cond1,1212,9001,greedy,none,none,none,none,agent_2,agent_2,1,mixed,2.5,6298,0.019688790092092727,0.9803112099079073,0.030065507665148962,-35.51072937611191,0.029850746268656716,0.03368502560266977,0.030970553865161305,-0.002714471737508492,-32.56521084208352,-35.51516838399672,-2.949957541913201,0.03413782153064465,0.03064464909495078,-0.003493172435693871,0.014766592569069545,0.0033343918704350586,150000
<SOURCE_VECSTRAIGHT_REPO>/remote-results/phase3_vecstraight_clean_msgsource_learned_15seeds_remote_20260410/train/cond1_seed1212.pt,cond1,1212,9001,greedy,none,none,none,none,agent_2,agent_3,0,mixed,2.5,6298,0.019688790092092727,0.9803112099079073,0.00773317303125215,-21.104133403111483,0.006668783740870117,0.017018581856374615,0.0067319819569228705,-0.010286599899451718,-18.806211891615153,-21.15484886322846,-2.3486369716133075,0.016036837091140045,0.005874880914576056,-0.010161956176563989,0.009368053350269927,0.0007939028262940616,150000
<SOURCE_VECSTRAIGHT_REPO>/remote-results/phase3_vecstraight_clean_msgsource_learned_15seeds_remote_20260410/train/cond1_seed1212.pt,cond1,1212,9001,greedy,none,none,none,none,agent_3,agent_0,0,mixed,2.5,6298,0.07383296284534772,0.9261670371546523,0.058633483849653334,-27.351915965423995,0.05890758971101937,0.08701739312491695,0.06760263245209945,-0.01941476067281737,-18.45128887057986,-27.506044947569162,-9.054756076989305,0.0863766275007939,0.06875198475706573,-0.01762464274372817,0.06144807875516037,0.015878056525881232,150000
<SOURCE_VECSTRAIGHT_REPO>/remote-results/phase3_vecstraight_clean_msgsource_learned_15seeds_remote_20260410/train/cond1_seed1212.pt,cond1,1212,9001,greedy,none,none,none,none,agent_3,agent_1,0,mixed,2.5,6298,0.07383296284534772,0.9261670371546523,0.027120982418966336,-30.862079724555887,0.026198793267704034,0.020551817111031087,0.03389284679420029,0.013341029683169367,-25.908232659120415,-30.99410211333574,-5.085869454215324,0.020323912353127978,0.033343918704350585,0.01302000635122261,0.006510003175611305,0.007145125436646554,150000
<SOURCE_VECSTRAIGHT_REPO>/remote-results/phase3_vecstraight_clean_msgsource_learned_15seeds_remote_20260410/train/cond1_seed1212.pt,cond1,1212,9001,greedy,none,none,none,none,agent_3,agent_2,0,mixed,2.5,6298,0.07383296284534772,0.9261670371546523,0.030065507665148962,-35.51072937611191,0.029850746268656716,0.05310618037605308,0.024785549835876896,-0.02832063054017617,-32.05161815534871,-35.85022791230175,-3.798609756953037,0.053509050492219754,0.024293426484598285,-0.02921562400762147,0.023658304223563034,0.005557319784058431,150000
<SOURCE_VECSTRAIGHT_REPO>/remote-results/phase3_vecstraight_clean_msgsource_learned_15seeds_remote_20260410/train/cond1_seed1212.pt,cond1,1212,9001,greedy,none,none,none,none,agent_3,agent_3,1,mixed,2.5,6298,0.07383296284534772,0.9261670371546523,0.00773317303125215,-21.104133403111483,0.006668783740870117,0.023590574361367096,0.0033165676638068874,-0.0202740066975602,-20.60454306593203,-21.13424382227239,-0.5297007563403577,0.02254684026675135,0.0028580501746586218,-0.019688790092092727,0.016195617656398858,0.003810733566211496,150000
<SOURCE_VECSTRAIGHT_REPO>/remote-results/phase3_vecstraight_clean_msgsource_learned_15seeds_remote_20260410/train/cond1_seed1212.pt,cond1,1212,9001,greedy,none,none,none,none,agent_0,agent_0,1,mixed,3.5,6673,0.407912483141016,0.592087516858984,0.9257876313897231,15.434818165119703,0.9283680503521654,0.9399756379138805,0.937216077969829,-0.0027595599440508522,20.997338228853284,13.316332777766975,-7.6810054510863095,0.9402068035366402,0.9397572306309007,-0.0004495729057395474,0.012737898995953845,0.02397722163944253,150000
<SOURCE_VECSTRAIGHT_REPO>/remote-results/phase3_vecstraight_clean_msgsource_learned_15seeds_remote_20260410/train/cond1_seed1212.pt,cond1,1212,9001,greedy,none,none,none,none,agent_0,agent_1,0,mixed,3.5,6673,0.407912483141016,0.592087516858984,0.7173822820069452,1.481404476131109,0.7542334781957141,0.6336082813901591,0.7097591019936869,0.076150820603528,-0.32486970085710976,2.1110629148833775,2.4359326157404873,0.6793046605724562,0.7411958639292672,0.06189120335681103,0.14686048254158549,0.05050202307807583,150000
<SOURCE_VECSTRAIGHT_REPO>/remote-results/phase3_vecstraight_clean_msgsource_learned_15seeds_remote_20260410/train/cond1_seed1212.pt,cond1,1212,9001,greedy,none,none,none,none,agent_0,agent_2,0,mixed,3.5,6673,0.407912483141016,0.592087516858984,0.9012632510098219,6.564263968150262,0.9103851341225836,0.8852824550843276,0.8831875333819533,-0.0020949217023744486,7.506420403028935,6.063171299192013,-1.4432491038369217,0.8862580548478945,0.8921025026225086,0.005844447774614117,0.06518807133223438,0.02427693690993556,150000
<SOURCE_VECSTRAIGHT_REPO>/remote-results/phase3_vecstraight_clean_msgsource_learned_15seeds_remote_20260410/train/cond1_seed1212.pt,cond1,1212,9001,greedy,none,none,none,none,agent_0,agent_3,0,mixed,3.5,6673,0.407912483141016,0.592087516858984,0.5250592707951829,2.234426435997028,0.5248014386332983,0.4517234891435455,0.5854875745063457,0.13376408536280024,-0.02852147326563388,3.312553521567836,3.3410749948334697,0.4494230481043009,0.5857934961786303,0.13637044807432938,0.09456016784055148,0.06818522403716469,150000
<SOURCE_VECSTRAIGHT_REPO>/remote-results/phase3_vecstraight_clean_msgsource_learned_15seeds_remote_20260410/train/cond1_seed1212.pt,cond1,1212,9001,greedy,none,none,none,none,agent_1,agent_0,0,mixed,3.5,6673,0.8682751386183126,0.1317248613816874,0.9257876313897231,15.434818165119703,0.9283680503521654,0.9194623268712503,0.9350793333348332,0.015617006463582354,15.052462297920057,21.696098718331633,6.6436364204115765,0.9208751685898396,0.9354113592087517,0.014536190618912034,0.01828263150007493,0.008841600479544433,150000
<SOURCE_VECSTRAIGHT_REPO>/remote-results/phase3_vecstraight_clean_msgsource_learned_15seeds_remote_20260410/train/cond1_seed1212.pt,cond1,1212,9001,greedy,none,none,none,none,agent_1,agent_1,1,mixed,3.5,6673,0.8682751386183126,0.1317248613816874,0.7173822820069452,1.481404476131109,0.7542334781957141,0.7508689728332619,0.6756194868150981,-0.07524948601816198,2.7543584574501034,2.0522024998268,-0.7021559576233035,0.7873520155851941,0.6796043758429492,-0.10774763974224487,0.03371796793046606,0.09740746291023528,150000
<SOURCE_VECSTRAIGHT_REPO>/remote-results/phase3_vecstraight_clean_msgsource_learned_15seeds_remote_20260410/train/cond1_seed1212.pt,cond1,1212,9001,greedy,none,none,none,none,agent_1,agent_2,0,mixed,3.5,6673,0.8682751386183126,0.1317248613816874,0.9012632510098219,6.564263968150262,0.9103851341225836,0.9219795569144782,0.9059054468847935,-0.016074110029684327,7.241412389775043,8.21415787705699,0.9727454872819485,0.9321144912333283,0.9100854188520905,-0.022029072381237823,0.022328787651730856,0.014686048254158549,150000
<SOURCE_VECSTRAIGHT_REPO>/remote-results/phase3_vecstraight_clean_msgsource_learned_15seeds_remote_20260410/train/cond1_seed1212.pt,cond1,1212,9001,greedy,none,none,none,none,agent_1,agent_3,0,mixed,3.5,6673,0.8682751386183126,0.1317248613816874,0.5250592707951829,2.234426435997028,0.5248014386332983,0.5819083149382802,0.09721330786222106,-0.48469500707606006,4.428468137841058,-11.665259021030236,-16.093727158871296,0.5811479094859883,0.09066386932414207,-0.49048404016184627,0.05634647085268994,0.4341375693091563,150000
<SOURCE_VECSTRAIGHT_REPO>/remote-results/phase3_vecstraight_clean_msgsource_learned_15seeds_remote_20260410/train/cond1_seed1212.pt,cond1,1212,9001,greedy,none,none,none,none,agent_2,agent_0,0,mixed,3.5,6673,0.4083620560467556,0.5916379439532444,0.9257876313897231,15.434818165119703,0.9283680503521654,0.9355406972974463,0.9267366847128895,-0.008804012584557704,14.257278605502853,16.772556296566624,2.515277691063773,0.9414056646186123,0.9274689045406863,-0.01393676007792597,0.02532594035666117,0.0026974374344372848,150000
<SOURCE_VECSTRAIGHT_REPO>/remote-results/phase3_vecstraight_clean_msgsource_learned_15seeds_remote_20260410/train/cond1_seed1212.pt,cond1,1212,9001,greedy,none,none,none,none,agent_2,agent_1,0,mixed,3.5,6673,0.4083620560467556,0.5916379439532444,0.7173822820069452,1.481404476131109,0.7542334781957141,0.5888101937396303,0.8241134782298489,0.23530328449021912,-0.9830829426601572,3.7039383249114497,4.687021267571607,0.6556271542035067,0.8377041810280234,0.1820770268245167,0.12408212198411508,0.09156301513562116,150000
<SOURCE_VECSTRAIGHT_REPO>/remote-results/phase3_vecstraight_clean_msgsource_learned_15seeds_remote_20260410/train/cond1_seed1212.pt,cond1,1212,9001,greedy,none,none,none,none,agent_2,agent_2,1,mixed,3.5,6673,0.4083620560467556,0.5916379439532444,0.9012632510098219,6.564263968150262,0.9103851341225836,0.8945417020935152,0.9128581712493741,0.018316469155859133,4.0428489918439405,9.746137945164845,5.703288953320905,0.9097857035815975,0.9135321444627604,0.0037464408811628954,0.030870672860782256,0.00464558669264199,150000
<SOURCE_VECSTRAIGHT_REPO>/remote-results/phase3_vecstraight_clean_msgsource_learned_15seeds_remote_20260410/train/cond1_seed1212.pt,cond1,1212,9001,greedy,none,none,none,none,agent_2,agent_3,0,mixed,3.5,6673,0.4083620560467556,0.5916379439532444,0.5250592707951829,2.234426435997028,0.5248014386332983,0.5556268673549133,0.4792563178727347,-0.07637054948217888,2.8869994138020654,1.2590162249076282,-1.6279831888944372,0.5532743893301364,0.4780458564363854,-0.07522853289375094,0.052749887606773564,0.05904390828712723,150000
<SOURCE_VECSTRAIGHT_REPO>/remote-results/phase3_vecstraight_clean_msgsource_learned_15seeds_remote_20260410/train/cond1_seed1212.pt,cond1,1212,9001,greedy,none,none,none,none,agent_3,agent_0,0,mixed,3.5,6673,0.350666866476847,0.649333133523153,0.9257876313897231,15.434818165119703,0.9283680503521654,0.9008628804905053,0.9255586956778651,0.02469581518735931,13.779252675480702,16.954649375347152,3.175396699866451,0.9174284429791698,0.9259703281882212,0.008541885209051402,0.05349917578300614,0.029372096508317097,150000
<SOURCE_VECSTRAIGHT_REPO>/remote-results/phase3_vecstraight_clean_msgsource_learned_15seeds_remote_20260410/train/cond1_seed1212.pt,cond1,1212,9001,greedy,none,none,none,none,agent_3,agent_1,0,mixed,3.5,6673,0.350666866476847,0.649333133523153,0.7173822820069452,1.481404476131109,0.7542334781957141,0.6072128749998601,0.7393016270677378,0.1320887520678778,0.6126187724762907,2.160305878214614,1.5476871057383232,0.6325490783755432,0.7651730855687098,0.1326240071931665,0.16694140566461863,0.0379139817173685,150000
<SOURCE_VECSTRAIGHT_REPO>/remote-results/phase3_vecstraight_clean_msgsource_learned_15seeds_remote_20260410/train/cond1_seed1212.pt,cond1,1212,9001,greedy,none,none,none,none,agent_3,agent_2,0,mixed,3.5,6673,0.350666866476847,0.649333133523153,0.9012632510098219,6.564263968150262,0.9103851341225836,0.8652753612742198,0.8901118847558968,0.024836523481677142,6.532507542341559,6.190131174576581,-0.34237636776497815,0.8891053499175783,0.8976472351266297,0.008541885209051402,0.05934362355762026,0.020530496028772667,150000
<SOURCE_VECSTRAIGHT_REPO>/remote-results/phase3_vecstraight_clean_msgsource_learned_15seeds_remote_20260410/train/cond1_seed1212.pt,cond1,1212,9001,greedy,none,none,none,none,agent_3,agent_3,1,mixed,3.5,6673,0.350666866476847,0.649333133523153,0.5250592707951829,2.234426435997028,0.5248014386332983,0.696419314306198,0.44731654216383515,-0.24910277214236204,7.353445572100013,-0.37333802328632454,-7.726783595386339,0.6963884309905589,0.44687546830511016,-0.2495129626854488,0.17548329087367,0.07882511613966732,150000
<SOURCE_VECSTRAIGHT_REPO>/remote-results/phase3_vecstraight_clean_msgsource_learned_15seeds_remote_20260410/train/cond1_seed1212.pt,cond1,1212,9001,greedy,none,none,none,none,agent_0,agent_0,1,cooperative,5.0,5917,0.711340206185567,0.28865979381443296,0.9999028973851793,34.7938031490709,1.0,0.9999999884356714,0.9996480724085056,-0.000351916027165797,38.781807865144756,26.706449200550164,-12.075358664594592,1.0,0.9998309954368768,-0.0001690045631232043,0.0,0.0001690045631232043,150000
<SOURCE_VECSTRAIGHT_REPO>/remote-results/phase3_vecstraight_clean_msgsource_learned_15seeds_remote_20260410/train/cond1_seed1212.pt,cond1,1212,9001,greedy,none,none,none,none,agent_0,agent_1,0,cooperative,5.0,5917,0.711340206185567,0.28865979381443296,0.758438737349533,5.092889330819065,0.8191651174581713,0.6876721082555323,0.7646500463134086,0.0769779380578763,4.634386229307562,5.264396813837725,0.6300105845301623,0.7067770829812405,0.8125739394963664,0.10579685651512591,0.1289504816630049,0.14618894710157174,150000
<SOURCE_VECSTRAIGHT_REPO>/remote-results/phase3_vecstraight_clean_msgsource_learned_15seeds_remote_20260410/train/cond1_seed1212.pt,cond1,1212,9001,greedy,none,none,none,none,agent_0,agent_2,0,cooperative,5.0,5917,0.711340206185567,0.28865979381443296,0.53565008834249,0.5849574645951287,0.5222241000507014,0.45001859930091304,0.4938774684378386,0.04385886913692554,0.15259117790628007,0.26535094714616025,0.11275976923988017,0.4029068784857191,0.4608754436369782,0.05796856515125908,0.13114754098360656,0.2148047997295927,150000
<SOURCE_VECSTRAIGHT_REPO>/remote-results/phase3_vecstraight_clean_msgsource_learned_15seeds_remote_20260410/train/cond1_seed1212.pt,cond1,1212,9001,greedy,none,none,none,none,agent_0,agent_3,0,cooperative,5.0,5917,0.711340206185567,0.28865979381443296,0.9903831368714233,25.63350719300369,0.9927328037857022,0.9898209407042919,0.9967975343730398,0.006976593668747789,23.92357782963635,29.375001085012048,5.451423255375698,0.9923947946594558,0.9972959269900288,0.004901132330572926,0.0003380091262464086,0.004901132330572926,150000
<SOURCE_VECSTRAIGHT_REPO>/remote-results/phase3_vecstraight_clean_msgsource_learned_15seeds_remote_20260410/train/cond1_seed1212.pt,cond1,1212,9001,greedy,none,none,none,none,agent_1,agent_0,0,cooperative,5.0,5917,0.9959438904850431,0.004056109514956904,0.9999028973851793,34.7938031490709,1.0,0.9999028973851793,0.9999999959907642,9.709860558483233e-05,34.753573484516075,44.34467679430388,9.591103309787808,1.0,1.0,0.0,0.0,0.0,150000
<SOURCE_VECSTRAIGHT_REPO>/remote-results/phase3_vecstraight_clean_msgsource_learned_15seeds_remote_20260410/train/cond1_seed1212.pt,cond1,1212,9001,greedy,none,none,none,none,agent_1,agent_1,1,cooperative,5.0,5917,0.9959438904850431,0.004056109514956904,0.758438737349533,5.092889330819065,0.8191651174581713,0.7585548976702968,0.9979129319603512,0.23935803429005445,5.106415610196966,13.04245248376487,7.936036873567904,0.8191651174581713,0.9986479634950144,0.179482846036843,0.0,0.18151090079432144,150000
<SOURCE_VECSTRAIGHT_REPO>/remote-results/phase3_vecstraight_clean_msgsource_learned_15seeds_remote_20260410/train/cond1_seed1212.pt,cond1,1212,9001,greedy,none,none,none,none,agent_1,agent_2,0,cooperative,5.0,5917,0.9959438904850431,0.004056109514956904,0.53565008834249,0.5849574645951287,0.5222241000507014,0.5342295736809338,0.9330081265772457,0.398778552896312,0.5616615261326615,11.642544455142547,11.080882929009885,0.5208720635457157,0.9533547405779956,0.4324826770322799,0.0013520365049856345,0.4683116444143992,150000
<SOURCE_VECSTRAIGHT_REPO>/remote-results/phase3_vecstraight_clean_msgsource_learned_15seeds_remote_20260410/train/cond1_seed1212.pt,cond1,1212,9001,greedy,none,none,none,none,agent_1,agent_3,0,cooperative,5.0,5917,0.9959438904850431,0.004056109514956904,0.9903831368714233,25.63350719300369,0.9927328037857022,0.9903862504359383,0.8481584686274726,-0.14222778180846596,25.73333869804467,6.921959265212826,-18.811379432831842,0.9927328037857022,0.8580361669765084,-0.13469663680919386,0.0,0.13503464593544026,150000
<SOURCE_VECSTRAIGHT_REPO>/remote-results/phase3_vecstraight_clean_msgsource_learned_15seeds_remote_20260410/train/cond1_seed1212.pt,cond1,1212,9001,greedy,none,none,none,none,agent_2,agent_0,0,cooperative,5.0,5917,0.9678891330065912,0.03211086699340882,0.9999028973851793,34.7938031490709,1.0,0.9999025971558684,0.9996262020558164,-0.00027639510005193725,34.67653908386753,38.25536672646318,3.578827642595645,1.0,0.9994929863106304,-0.000507013689369613,0.0,0.000507013689369613,150000
<SOURCE_VECSTRAIGHT_REPO>/remote-results/phase3_vecstraight_clean_msgsource_learned_15seeds_remote_20260410/train/cond1_seed1212.pt,cond1,1212,9001,greedy,none,none,none,none,agent_2,agent_1,0,cooperative,5.0,5917,0.9678891330065912,0.03211086699340882,0.758438737349533,5.092889330819065,0.8191651174581713,0.7615464844347275,0.6175410272438092,-0.14400545719091834,5.141141343971997,2.931279215428431,-2.209862128543566,0.8235592360993746,0.5937130302518168,-0.22984620584755788,0.009464255534899442,0.27378739225959103,150000
<SOURCE_VECSTRAIGHT_REPO>/remote-results/phase3_vecstraight_clean_msgsource_learned_15seeds_remote_20260410/train/cond1_seed1212.pt,cond1,1212,9001,greedy,none,none,none,none,agent_2,agent_2,1,cooperative,5.0,5917,0.9678891330065912,0.03211086699340882,0.53565008834249,0.5849574645951287,0.5222241000507014,0.5296190478102358,0.9997290254787595,0.47010997766852364,0.26586196163991266,11.519595084126705,11.253733122486791,0.5191820179144837,1.0,0.4808179820855163,0.003042082136217678,0.47777589994929864,150000
<SOURCE_VECSTRAIGHT_REPO>/remote-results/phase3_vecstraight_clean_msgsource_learned_15seeds_remote_20260410/train/cond1_seed1212.pt,cond1,1212,9001,greedy,none,none,none,none,agent_2,agent_3,0,cooperative,5.0,5917,0.9678891330065912,0.03211086699340882,0.9903831368714233,25.63350719300369,0.9927328037857022,0.9908612590929745,0.9656326452045702,-0.025228613888404448,25.622595016562357,25.235411974648194,-0.38718304191416175,0.9930708129119487,0.9714382288321785,-0.021632584079770152,0.0003380091262464086,0.021294574953523746,150000
<SOURCE_VECSTRAIGHT_REPO>/remote-results/phase3_vecstraight_clean_msgsource_learned_15seeds_remote_20260410/train/cond1_seed1212.pt,cond1,1212,9001,greedy,none,none,none,none,agent_3,agent_0,0,cooperative,5.0,5917,0.6809193848233902,0.3190806151766098,0.9999028973851793,34.7938031490709,1.0,0.9998742269063411,0.9998039355073726,-7.029139896855074e-05,35.57981384494064,35.27326057741766,-0.306553267522984,1.0,0.9998309954368768,-0.0001690045631232043,0.0,0.0001690045631232043,150000
<SOURCE_VECSTRAIGHT_REPO>/remote-results/phase3_vecstraight_clean_msgsource_learned_15seeds_remote_20260410/train/cond1_seed1212.pt,cond1,1212,9001,greedy,none,none,none,none,agent_3,agent_1,0,cooperative,5.0,5917,0.6809193848233902,0.3190806151766098,0.758438737349533,5.092889330819065,0.8191651174581713,0.7197381237134018,0.8366765767121931,0.11693845299879127,4.838843913125251,5.6004273756212815,0.761583462496031,0.7414230184214974,0.9851275984451581,0.24370458002366063,0.07774209903667399,0.17475071826939328,150000
<SOURCE_VECSTRAIGHT_REPO>/remote-results/phase3_vecstraight_clean_msgsource_learned_15seeds_remote_20260410/train/cond1_seed1212.pt,cond1,1212,9001,greedy,none,none,none,none,agent_3,agent_2,0,cooperative,5.0,5917,0.6809193848233902,0.3190806151766098,0.53565008834249,0.5849574645951287,0.5222241000507014,0.4574163360131638,0.6658462553918746,0.20842991937871078,0.1305383681666716,1.5573644666342754,1.4268260984676038,0.4169342572249451,0.7052560419131316,0.2883217846881866,0.1908061517660977,0.27192834206523575,150000
<SOURCE_VECSTRAIGHT_REPO>/remote-results/phase3_vecstraight_clean_msgsource_learned_15seeds_remote_20260410/train/cond1_seed1212.pt,cond1,1212,9001,greedy,none,none,none,none,agent_3,agent_3,1,cooperative,5.0,5917,0.6809193848233902,0.3190806151766098,0.9903831368714233,25.63350719300369,0.9927328037857022,0.9997089651562947,0.9889342334083375,-0.010774731747957175,29.630822572843922,15.750786186453256,-13.880036386390664,0.9998309954368768,0.9915497718438397,-0.008281223593037013,0.0070981916511745815,0.0011830319418624302,150000
<SOURCE_VECSTRAIGHT_REPO>/remote-results/phase3_vecstraight_clean_msgsource_learned_15seeds_remote_20260410/train/cond1_seed1313.pt,cond1,1313,9001,greedy,none,none,none,none,agent_0,agent_0,1,competitive,0.5,5288,0.007375189107413011,0.992624810892587,0.01661704262734812,-41.92034829387078,0.016074130105900152,0.012610946041896031,0.016827468973508012,0.004216522931611984,-45.1581921737286,-41.86130146513751,3.296890708591096,0.012481089258698942,0.01626323751891074,0.0037821482602118004,0.0035930408472012103,0.00018910741301059002,150000
<SOURCE_VECSTRAIGHT_REPO>/remote-results/phase3_vecstraight_clean_msgsource_learned_15seeds_remote_20260410/train/cond1_seed1313.pt,cond1,1313,9001,greedy,none,none,none,none,agent_0,agent_1,0,competitive,0.5,5288,0.007375189107413011,0.992624810892587,0.0006680833395580908,-51.034613957335544,0.00037821482602118004,0.001619833345867056,7.624187481802936e-06,-0.001612209158385256,-44.93130046988411,-51.1155644925748,-6.1842640226906935,0.0011346444780635401,0.0,-0.0011346444780635401,0.0007564296520423601,0.00037821482602118004,150000
<SOURCE_VECSTRAIGHT_REPO>/remote-results/phase3_vecstraight_clean_msgsource_learned_15seeds_remote_20260410/train/cond1_seed1313.pt,cond1,1313,9001,greedy,none,none,none,none,agent_0,agent_2,0,competitive,0.5,5288,0.007375189107413011,0.992624810892587,0.0006265901702629258,-76.02815044611557,0.0005673222390317701,0.0017203758732905212,3.621825456355839e-08,-0.0017203396550359575,-62.08860195077584,-76.15045804461624,-14.061856093840412,0.0015128593040847202,0.0,-0.0015128593040847202,0.0009455370650529501,0.0005673222390317701,150000
<SOURCE_VECSTRAIGHT_REPO>/remote-results/phase3_vecstraight_clean_msgsource_learned_15seeds_remote_20260410/train/cond1_seed1313.pt,cond1,1313,9001,greedy,none,none,none,none,agent_0,agent_3,0,competitive,0.5,5288,0.007375189107413011,0.992624810892587,7.752815735993089e-05,-65.16864097743957,0.0,7.757097732854305e-05,1.05569448077362e-05,-6.701403252080685e-05,-57.93649958422388,-65.23062917829101,-7.294129594067131,0.0,0.0,0.0,0.0,0.0,150000
<SOURCE_VECSTRAIGHT_REPO>/remote-results/phase3_vecstraight_clean_msgsource_learned_15seeds_remote_20260410/train/cond1_seed1313.pt,cond1,1313,9001,greedy,none,none,none,none,agent_1,agent_0,0,competitive,0.5,5288,0.0071860816944024205,0.9928139183055976,0.01661704262734812,-41.92034829387078,0.016074130105900152,0.010697872517810493,0.018178109282328075,0.007480236764517581,-43.93007597643403,-41.86614376737112,2.06393220906291,0.01059001512859304,0.01777609682299546,0.0071860816944024205,0.00548411497730711,0.00170196671709531,150000
<SOURCE_VECSTRAIGHT_REPO>/remote-results/phase3_vecstraight_clean_msgsource_learned_15seeds_remote_20260410/train/cond1_seed1313.pt,cond1,1313,9001,greedy,none,none,none,none,agent_1,agent_1,1,competitive,0.5,5288,0.0071860816944024205,0.9928139183055976,0.0006680833395580908,-51.034613957335544,0.00037821482602118004,0.0005756381483020146,0.0007253126180609954,0.0001496744697589775,-41.27995523974671,-51.05929327792236,-9.779338038175645,0.00037821482602118004,0.0005673222390317701,0.00018910741301059002,0.0,0.00018910741301059002,150000
<SOURCE_VECSTRAIGHT_REPO>/remote-results/phase3_vecstraight_clean_msgsource_learned_15seeds_remote_20260410/train/cond1_seed1313.pt,cond1,1313,9001,greedy,none,none,none,none,agent_1,agent_2,0,competitive,0.5,5288,0.0071860816944024205,0.9928139183055976,0.0006265901702629258,-76.02815044611557,0.0005673222390317701,0.0003495787284793361,0.0006317159974448098,0.0002821372689654737,-71.41033047992235,-76.04445444491556,-4.634123964993207,0.00037821482602118004,0.0005673222390317701,0.00018910741301059002,0.00018910741301059002,0.0,150000
<SOURCE_VECSTRAIGHT_REPO>/remote-results/phase3_vecstraight_clean_msgsource_learned_15seeds_remote_20260410/train/cond1_seed1313.pt,cond1,1313,9001,greedy,none,none,none,none,agent_1,agent_3,0,competitive,0.5,5288,0.0071860816944024205,0.9928139183055976,7.752815735993089e-05,-65.16864097743957,0.0,1.2013991900284835e-09,7.76662695971853e-05,7.766506819799525e-05,-72.02554563927758,-65.08589756807788,6.9396480711997,0.0,0.0,0.0,0.0,0.0,150000
<SOURCE_VECSTRAIGHT_REPO>/remote-results/phase3_vecstraight_clean_msgsource_learned_15seeds_remote_20260410/train/cond1_seed1313.pt,cond1,1313,9001,greedy,none,none,none,none,agent_2,agent_0,0,competitive,0.5,5288,0.07564296520423601,0.924357034795764,0.01661704262734812,-41.92034829387078,0.016074130105900152,0.0840418585744389,0.00015889551175642144,-0.08388296306268217,-14.988349465379962,-44.18228132351275,-29.193931858132785,0.08188350983358547,0.0,-0.08188350983358547,0.06580937972768533,0.016074130105900152,150000
<SOURCE_VECSTRAIGHT_REPO>/remote-results/phase3_vecstraight_clean_msgsource_learned_15seeds_remote_20260410/train/cond1_seed1313.pt,cond1,1313,9001,greedy,none,none,none,none,agent_2,agent_1,0,competitive,0.5,5288,0.07564296520423601,0.924357034795764,0.0006680833395580908,-51.034613957335544,0.00037821482602118004,0.0009664301137837092,1.7596317234528847e-05,-0.0009488337965491809,-41.518286015660856,-51.70646058530202,-10.18817456964116,0.0007564296520423601,0.0,-0.0007564296520423601,0.00037821482602118004,0.00037821482602118004,150000
<SOURCE_VECSTRAIGHT_REPO>/remote-results/phase3_vecstraight_clean_msgsource_learned_15seeds_remote_20260410/train/cond1_seed1313.pt,cond1,1313,9001,greedy,none,none,none,none,agent_2,agent_2,1,competitive,0.5,5288,0.07564296520423601,0.924357034795764,0.0006265901702629258,-76.02815044611557,0.0005673222390317701,0.0001790662397484871,0.0014239586472819022,0.0012448924075334144,-76.60142555122746,-75.96347845716573,0.6379470940617318,0.00018910741301059002,0.00132375189107413,0.0011346444780635401,0.00037821482602118004,0.0007564296520423601,150000
<SOURCE_VECSTRAIGHT_REPO>/remote-results/phase3_vecstraight_clean_msgsource_learned_15seeds_remote_20260410/train/cond1_seed1313.pt,cond1,1313,9001,greedy,none,none,none,none,agent_2,agent_3,0,competitive,0.5,5288,0.07564296520423601,0.924357034795764,7.752815735993089e-05,-65.16864097743957,0.0,7.756102171539497e-05,2.6352043540608796e-05,-5.1208978174786194e-05,-67.8480021175724,-64.94472092083471,2.903281196737704,0.0,0.0,0.0,0.0,0.0,150000
<SOURCE_VECSTRAIGHT_REPO>/remote-results/phase3_vecstraight_clean_msgsource_learned_15seeds_remote_20260410/train/cond1_seed1313.pt,cond1,1313,9001,greedy,none,none,none,none,agent_3,agent_0,0,competitive,0.5,5288,0.00037821482602118004,0.9996217851739788,0.01661704262734812,-41.92034829387078,0.016074130105900152,0.012086170437236754,0.016672999418267862,0.004586828981031104,-44.4821047735106,-41.91875625162212,2.5633485218884817,0.012291981845688351,0.016074130105900152,0.0037821482602118004,0.00416036308623298,0.0,150000
<SOURCE_VECSTRAIGHT_REPO>/remote-results/phase3_vecstraight_clean_msgsource_learned_15seeds_remote_20260410/train/cond1_seed1313.pt,cond1,1313,9001,greedy,none,none,none,none,agent_3,agent_1,0,competitive,0.5,5288,0.00037821482602118004,0.9996217851739788,0.0006680833395580908,-51.034613957335544,0.00037821482602118004,0.0002816144054220005,0.0006672056505400358,0.00038559124511803596,-65.50726585134683,-51.0328101277233,14.474455723623532,0.00018910741301059002,0.00037821482602118004,0.00018910741301059002,0.00018910741301059002,0.0,150000
<SOURCE_VECSTRAIGHT_REPO>/remote-results/phase3_vecstraight_clean_msgsource_learned_15seeds_remote_20260410/train/cond1_seed1313.pt,cond1,1313,9001,greedy,none,none,none,none,agent_3,agent_2,0,competitive,0.5,5288,0.00037821482602118004,0.9996217851739788,0.0006265901702629258,-76.02815044611557,0.0005673222390317701,7.527095468635315e-09,0.0006265901702630171,0.0006265826431675485,-79.9995949241289,-76.02685292784277,3.9727419962861354,0.0,0.0005673222390317701,0.0005673222390317701,0.0005673222390317701,0.0,150000
<SOURCE_VECSTRAIGHT_REPO>/remote-results/phase3_vecstraight_clean_msgsource_learned_15seeds_remote_20260410/train/cond1_seed1313.pt,cond1,1313,9001,greedy,none,none,none,none,agent_3,agent_3,1,competitive,0.5,5288,0.00037821482602118004,0.9996217851739788,7.752815735993089e-05,-65.16864097743957,0.0,0.0006858484376951388,7.753396795974203e-05,-0.0006083144697353968,-50.40315176317758,-65.16683870503248,-14.763686941854893,0.0009455370650529501,0.0,-0.0009455370650529501,0.0009455370650529501,0.0,150000
<SOURCE_VECSTRAIGHT_REPO>/remote-results/phase3_vecstraight_clean_msgsource_learned_15seeds_remote_20260410/train/cond1_seed1313.pt,cond1,1313,9001,greedy,none,none,none,none,agent_0,agent_0,1,mixed,1.5,5824,0.018372252747252748,0.9816277472527473,0.01843432613302502,-31.69586239708076,0.018200549450549452,0.013002850987037132,0.01951713709480997,0.006514286107772788,-35.57815222745597,-31.526310186434007,4.05184204102197,0.01304945054945055,0.019230769230769232,0.006181318681318681,0.005151098901098901,0.0010302197802197802,150000
<SOURCE_VECSTRAIGHT_REPO>/remote-results/phase3_vecstraight_clean_msgsource_learned_15seeds_remote_20260410/train/cond1_seed1313.pt,cond1,1313,9001,greedy,none,none,none,none,agent_0,agent_1,0,mixed,1.5,5824,0.018372252747252748,0.9816277472527473,0.004201133762145104,-39.57601113260498,0.004120879120879121,0.008512157887186431,0.00046491950129971333,-0.008047238385886727,-34.844950364449744,-39.72902936703822,-4.884079002588476,0.008241758241758242,0.0005151098901098901,-0.007726648351648352,0.004120879120879121,0.003605769230769231,150000
<SOURCE_VECSTRAIGHT_REPO>/remote-results/phase3_vecstraight_clean_msgsource_learned_15seeds_remote_20260410/train/cond1_seed1313.pt,cond1,1313,9001,greedy,none,none,none,none,agent_0,agent_2,0,mixed,1.5,5824,0.018372252747252748,0.9816277472527473,0.006661258621295688,-50.13568977420321,0.006524725274725275,0.01392714761131122,0.00459615050246546,-0.00933099710884578,-40.93531757130308,-50.34886295867285,-9.413545387369775,0.014251373626373626,0.004464285714285714,-0.009787087912087912,0.007726648351648352,0.0020604395604395605,150000
<SOURCE_VECSTRAIGHT_REPO>/remote-results/phase3_vecstraight_clean_msgsource_learned_15seeds_remote_20260410/train/cond1_seed1313.pt,cond1,1313,9001,greedy,none,none,none,none,agent_0,agent_3,0,mixed,1.5,5824,0.018372252747252748,0.9816277472527473,0.008414490918383788,-45.909006318778495,0.008928571428571428,0.0015522164491935271,0.0108038003436323,0.009251583894438848,-39.82779332010874,-45.958176319538566,-6.130382999429827,0.0013736263736263737,0.011332417582417582,0.009958791208791208,0.007554945054945055,0.002403846153846154,150000
<SOURCE_VECSTRAIGHT_REPO>/remote-results/phase3_vecstraight_clean_msgsource_learned_15seeds_remote_20260410/train/cond1_seed1313.pt,cond1,1313,9001,greedy,none,none,none,none,agent_1,agent_0,0,mixed,1.5,5824,0.027644230769230768,0.9723557692307693,0.01843432613302502,-31.69586239708076,0.018200549450549452,0.012571254566842558,0.021817276585067165,0.009246022018224635,-33.471362980635284,-31.493605001288426,1.977757979346859,0.012362637362637362,0.02180631868131868,0.009443681318681318,0.005837912087912088,0.003605769230769231,150000
<SOURCE_VECSTRAIGHT_REPO>/remote-results/phase3_vecstraight_clean_msgsource_learned_15seeds_remote_20260410/train/cond1_seed1313.pt,cond1,1313,9001,greedy,none,none,none,none,agent_1,agent_1,1,mixed,1.5,5824,0.027644230769230768,0.9723557692307693,0.004201133762145104,-39.57601113260498,0.004120879120879121,0.003927388599521594,0.004175107515348588,0.0002477189158269916,-31.990620685889063,-39.65718462589391,-7.66656394000485,0.003605769230769231,0.004464285714285714,0.0008585164835164835,0.0008585164835164835,0.004120879120879121,150000
<SOURCE_VECSTRAIGHT_REPO>/remote-results/phase3_vecstraight_clean_msgsource_learned_15seeds_remote_20260410/train/cond1_seed1313.pt,cond1,1313,9001,greedy,none,none,none,none,agent_1,agent_2,0,mixed,1.5,5824,0.027644230769230768,0.9723557692307693,0.006661258621295688,-50.13568977420321,0.006524725274725275,0.005911395253508316,0.007744499293583905,0.001833104040075586,-44.87478113562319,-50.146557428817786,-5.271776293194597,0.005494505494505495,0.007726648351648352,0.002232142857142857,0.001717032967032967,0.001201923076923077,150000
<SOURCE_VECSTRAIGHT_REPO>/remote-results/phase3_vecstraight_clean_msgsource_learned_15seeds_remote_20260410/train/cond1_seed1313.pt,cond1,1313,9001,greedy,none,none,none,none,agent_1,agent_3,0,mixed,1.5,5824,0.027644230769230768,0.9723557692307693,0.008414490918383788,-45.909006318778495,0.008928571428571428,0.00925466461787973,0.008627109160439255,-0.000627555457440467,-53.3921970796495,-45.62788343595617,7.76431364369333,0.009100274725274726,0.009100274725274726,0.0,0.0018887362637362637,0.001201923076923077,150000
<SOURCE_VECSTRAIGHT_REPO>/remote-results/phase3_vecstraight_clean_msgsource_learned_15seeds_remote_20260410/train/cond1_seed1313.pt,cond1,1313,9001,greedy,none,none,none,none,agent_2,agent_0,0,mixed,1.5,5824,0.015281593406593406,0.9847184065934066,0.01843432613302502,-31.69586239708076,0.018200549450549452,0.6312554342090387,0.005917097233760045,-0.6253383369752818,3.9625239740842235,-32.18885313936479,-36.15137711344901,0.631353021978022,0.005837912087912088,-0.6255151098901099,0.6131524725274725,0.012362637362637362,150000
<SOURCE_VECSTRAIGHT_REPO>/remote-results/phase3_vecstraight_clean_msgsource_learned_15seeds_remote_20260410/train/cond1_seed1313.pt,cond1,1313,9001,greedy,none,none,none,none,agent_2,agent_1,0,mixed,1.5,5824,0.015281593406593406,0.9847184065934066,0.004201133762145104,-39.57601113260498,0.004120879120879121,0.006242616158184537,0.0007140335462737154,-0.0055285826119108395,-30.708927609556056,-39.701197610200886,-8.992270000644826,0.006181318681318681,0.0006868131868131869,-0.005494505494505495,0.0030906593406593405,0.003434065934065934,150000
<SOURCE_VECSTRAIGHT_REPO>/remote-results/phase3_vecstraight_clean_msgsource_learned_15seeds_remote_20260410/train/cond1_seed1313.pt,cond1,1313,9001,greedy,none,none,none,none,agent_2,agent_2,1,mixed,1.5,5824,0.015281593406593406,0.9847184065934066,0.006661258621295688,-50.13568977420321,0.006524725274725275,0.004582299205870065,0.007853640115838119,0.003271340909968043,-51.79179478713035,-50.086868497512334,1.7049262896180153,0.004120879120879121,0.007898351648351648,0.0037774725274725275,0.002403846153846154,0.0013736263736263737,150000
<SOURCE_VECSTRAIGHT_REPO>/remote-results/phase3_vecstraight_clean_msgsource_learned_15seeds_remote_20260410/train/cond1_seed1313.pt,cond1,1313,9001,greedy,none,none,none,none,agent_2,agent_3,0,mixed,1.5,5824,0.015281593406593406,0.9847184065934066,0.008414490918383788,-45.909006318778495,0.008928571428571428,0.006573338411983316,0.00936076629716726,0.002787427885183952,-47.07633211030778,-45.82189581834885,1.254436291958932,0.006524725274725275,0.009615384615384616,0.0030906593406593405,0.0027472527472527475,0.0013736263736263737,150000
<SOURCE_VECSTRAIGHT_REPO>/remote-results/phase3_vecstraight_clean_msgsource_learned_15seeds_remote_20260410/train/cond1_seed1313.pt,cond1,1313,9001,greedy,none,none,none,none,agent_3,agent_0,0,mixed,1.5,5824,0.014251373626373626,0.9857486263736264,0.01843432613302502,-31.69586239708076,0.018200549450549452,0.017069248346100838,0.017761449628272846,0.0006922012821719905,-33.244651849217874,-31.693669221210445,1.5509826280074297,0.016826923076923076,0.01768543956043956,0.0008585164835164835,0.0030906593406593405,0.0008585164835164835,150000
<SOURCE_VECSTRAIGHT_REPO>/remote-results/phase3_vecstraight_clean_msgsource_learned_15seeds_remote_20260410/train/cond1_seed1313.pt,cond1,1313,9001,greedy,none,none,none,none,agent_3,agent_1,0,mixed,1.5,5824,0.014251373626373626,0.9857486263736264,0.004201133762145104,-39.57601113260498,0.004120879120879121,0.0033893293833473026,0.004885202799021466,0.0014958734156741765,-55.27406447572163,-39.44750015743353,15.826564318288098,0.0032623626373626375,0.004979395604395604,0.001717032967032967,0.0008585164835164835,0.0008585164835164835,150000
<SOURCE_VECSTRAIGHT_REPO>/remote-results/phase3_vecstraight_clean_msgsource_learned_15seeds_remote_20260410/train/cond1_seed1313.pt,cond1,1313,9001,greedy,none,none,none,none,agent_3,agent_2,0,mixed,1.5,5824,0.014251373626373626,0.9857486263736264,0.006661258621295688,-50.13568977420321,0.006524725274725275,0.0026358543693773134,0.008678255565371317,0.006042401195994003,-54.162022332381966,-50.01478890311434,4.147233429267634,0.002403846153846154,0.008585164835164836,0.006181318681318681,0.004120879120879121,0.0020604395604395605,150000
<SOURCE_VECSTRAIGHT_REPO>/remote-results/phase3_vecstraight_clean_msgsource_learned_15seeds_remote_20260410/train/cond1_seed1313.pt,cond1,1313,9001,greedy,none,none,none,none,agent_3,agent_3,1,mixed,1.5,5824,0.014251373626373626,0.9857486263736264,0.008414490918383788,-45.909006318778495,0.008928571428571428,0.019352637770850147,0.0016479017332756483,-0.017704736037574456,-27.114667814787847,-46.07852015670665,-18.963852341918805,0.01871565934065934,0.0013736263736263737,-0.017342032967032968,0.009787087912087912,0.007898351648351648,150000
<SOURCE_VECSTRAIGHT_REPO>/remote-results/phase3_vecstraight_clean_msgsource_learned_15seeds_remote_20260410/train/cond1_seed1313.pt,cond1,1313,9001,greedy,none,none,none,none,agent_0,agent_0,1,mixed,2.5,6298,0.2704033026357574,0.7295966973642426,0.08648562159861418,-15.697264708468566,0.0862178469355351,0.06457999090109005,0.1363739133244711,0.07179392242338056,-21.21080515623949,-12.738401643967356,8.472403512272136,0.06494125119085424,0.13432835820895522,0.06938710701810098,0.02127659574468085,0.048110511273420135,150000
<SOURCE_VECSTRAIGHT_REPO>/remote-results/phase3_vecstraight_clean_msgsource_learned_15seeds_remote_20260410/train/cond1_seed1313.pt,cond1,1313,9001,greedy,none,none,none,none,agent_0,agent_1,0,mixed,2.5,6298,0.2704033026357574,0.7295966973642426,0.021196620319275012,-26.709487305425885,0.020959034614163225,0.04265492834935843,0.0063771523167490555,-0.0362777760326094,-23.300424464321413,-28.121950762551638,-4.821526298230226,0.04239441092410289,0.0057161003493172435,-0.03667831057478565,0.021435376309939663,0.015242934264845983,150000
<SOURCE_VECSTRAIGHT_REPO>/remote-results/phase3_vecstraight_clean_msgsource_learned_15seeds_remote_20260410/train/cond1_seed1313.pt,cond1,1313,9001,greedy,none,none,none,none,agent_0,agent_2,0,mixed,2.5,6298,0.2704033026357574,0.7295966973642426,0.12063813918274113,-19.578132093525006,0.11956176563988567,0.16130692989050158,0.10534085443312192,-0.05596607545737887,-15.870784174007351,-20.97897724095654,-5.1081930669491875,0.1595744680851064,0.10352492854874563,-0.05604953953636075,0.04191806922832645,0.016671959352175292,150000
<SOURCE_VECSTRAIGHT_REPO>/remote-results/phase3_vecstraight_clean_msgsource_learned_15seeds_remote_20260410/train/cond1_seed1313.pt,cond1,1313,9001,greedy,none,none,none,none,agent_0,agent_3,0,mixed,2.5,6298,0.2704033026357574,0.7295966973642426,0.17701832568144624,-19.597483388696276,0.19768180374722133,0.04839677959669196,0.22295106964868983,0.1745542900519991,-19.79726098932352,-19.670939986132353,0.126321003191166,0.046840266751349634,0.25309622102254686,0.2062559542711972,0.1521117815179422,0.0554144172753255,150000
<SOURCE_VECSTRAIGHT_REPO>/remote-results/phase3_vecstraight_clean_msgsource_learned_15seeds_remote_20260410/train/cond1_seed1313.pt,cond1,1313,9001,greedy,none,none,none,none,agent_1,agent_0,0,mixed,2.5,6298,0.14909495077802476,0.8509050492219752,0.08648562159861418,-15.697264708468566,0.0862178469355351,0.07774450003785609,0.11183574048231638,0.034091240444459874,-17.288068783884437,-14.751555605095014,2.5365131787894244,0.07684979358526517,0.110828834550651,0.033979040965385836,0.016989520482692918,0.027469037789774532,150000
<SOURCE_VECSTRAIGHT_REPO>/remote-results/phase3_vecstraight_clean_msgsource_learned_15seeds_remote_20260410/train/cond1_seed1313.pt,cond1,1313,9001,greedy,none,none,none,none,agent_1,agent_1,1,mixed,2.5,6298,0.14909495077802476,0.8509050492219752,0.021196620319275012,-26.709487305425885,0.020959034614163225,0.023325198870406044,0.01870534596364839,-0.00461985290675761,-22.557910341578992,-27.009399563516556,-4.451489221937564,0.0231819625277866,0.01794220387424579,-0.005239758653540806,0.0031756113051762463,0.00968561448078755,150000
<SOURCE_VECSTRAIGHT_REPO>/remote-results/phase3_vecstraight_clean_msgsource_learned_15seeds_remote_20260410/train/cond1_seed1313.pt,cond1,1313,9001,greedy,none,none,none,none,agent_1,agent_2,0,mixed,2.5,6298,0.14909495077802476,0.8509050492219752,0.12063813918274113,-19.578132093525006,0.11956176563988567,0.1536888598550811,0.12336078210472678,-0.030328077750353913,-15.299345348931485,-19.649079407512062,-4.349734058580576,0.15131787869164814,0.12226103524928549,-0.029056843442362656,0.04191806922832645,0.01857732613528104,150000
<SOURCE_VECSTRAIGHT_REPO>/remote-results/phase3_vecstraight_clean_msgsource_learned_15seeds_remote_20260410/train/cond1_seed1313.pt,cond1,1313,9001,greedy,none,none,none,none,agent_1,agent_3,0,mixed,2.5,6298,0.14909495077802476,0.8509050492219752,0.17701832568144624,-19.597483388696276,0.19768180374722133,0.2148491473621279,0.1803800315820275,-0.034469115780101,-22.999066224043126,-19.2314407018375,3.7676255222056243,0.21403620196887901,0.20117497618291522,-0.012861225785963798,0.026516354398221656,0.0231819625277866,150000
<SOURCE_VECSTRAIGHT_REPO>/remote-results/phase3_vecstraight_clean_msgsource_learned_15seeds_remote_20260410/train/cond1_seed1313.pt,cond1,1313,9001,greedy,none,none,none,none,agent_2,agent_0,0,mixed,2.5,6298,0.038583677357891394,0.9614163226421086,0.08648562159861418,-15.697264708468566,0.0862178469355351,0.9810663309024478,0.05301762436050799,-0.9280487065419427,21.273816683048974,-17.038326876200724,-38.3121435592497,0.9818990155604954,0.05271514766592569,-0.9291838678945697,0.8956811686249603,0.0335026992696094,150000
<SOURCE_VECSTRAIGHT_REPO>/remote-results/phase3_vecstraight_clean_msgsource_learned_15seeds_remote_20260410/train/cond1_seed1313.pt,cond1,1313,9001,greedy,none,none,none,none,agent_2,agent_1,0,mixed,2.5,6298,0.038583677357891394,0.9614163226421086,0.021196620319275012,-26.709487305425885,0.020959034614163225,0.15553099953391128,0.006645167815750238,-0.14888583171816097,-13.364938955054292,-27.406426605917265,-14.041487650862972,0.15417592886630677,0.006351222610352493,-0.14782470625595426,0.1338520165131788,0.014607812003810734,150000
<SOURCE_VECSTRAIGHT_REPO>/remote-results/phase3_vecstraight_clean_msgsource_learned_15seeds_remote_20260410/train/cond1_seed1313.pt,cond1,1313,9001,greedy,none,none,none,none,agent_2,agent_2,1,mixed,2.5,6298,0.038583677357891394,0.9614163226421086,0.12063813918274113,-19.578132093525006,0.11956176563988567,0.1113935018572959,0.12009792660854311,0.008704424751247292,-20.646349022798443,-19.611871791613417,1.0344772311850257,0.11003493172435694,0.11956176563988567,0.00952683391552874,0.029850746268656716,0.0025404890441409972,150000
<SOURCE_VECSTRAIGHT_REPO>/remote-results/phase3_vecstraight_clean_msgsource_learned_15seeds_remote_20260410/train/cond1_seed1313.pt,cond1,1313,9001,greedy,none,none,none,none,agent_2,agent_3,0,mixed,2.5,6298,0.038583677357891394,0.9614163226421086,0.17701832568144624,-19.597483388696276,0.19768180374722133,0.20315405225747404,0.18179504978477398,-0.0213590024726991,-16.79433938629497,-19.47918615926728,-2.6848467729723087,0.1983169260082566,0.20260400127024453,0.004287075261987933,0.06732295966973642,0.0077802476976818035,150000
<SOURCE_VECSTRAIGHT_REPO>/remote-results/phase3_vecstraight_clean_msgsource_learned_15seeds_remote_20260410/train/cond1_seed1313.pt,cond1,1313,9001,greedy,none,none,none,none,agent_3,agent_0,0,mixed,2.5,6298,0.26865671641791045,0.7313432835820896,0.08648562159861418,-15.697264708468566,0.0862178469355351,0.08309695388131888,0.08578625106666828,0.002689297185349032,-16.86657430352593,-15.341234379196903,1.5253399243290253,0.08224833280406478,0.08542394410924103,0.0031756113051762463,0.01095585900285805,0.00968561448078755,150000
<SOURCE_VECSTRAIGHT_REPO>/remote-results/phase3_vecstraight_clean_msgsource_learned_15seeds_remote_20260410/train/cond1_seed1313.pt,cond1,1313,9001,greedy,none,none,none,none,agent_3,agent_1,0,mixed,2.5,6298,0.26865671641791045,0.7313432835820896,0.021196620319275012,-26.709487305425885,0.020959034614163225,0.01864536984328279,0.02468439406219624,0.006039024218913556,-38.77329253836184,-23.02892970386508,15.744362834496759,0.01857732613528104,0.024134645919339472,0.005557319784058431,0.002381708478882185,0.0050809780882819944,150000
<SOURCE_VECSTRAIGHT_REPO>/remote-results/phase3_vecstraight_clean_msgsource_learned_15seeds_remote_20260410/train/cond1_seed1313.pt,cond1,1313,9001,greedy,none,none,none,none,agent_3,agent_2,0,mixed,2.5,6298,0.26865671641791045,0.7313432835820896,0.12063813918274113,-19.578132093525006,0.11956176563988567,0.08386897778556245,0.14766337380624114,0.06379439602067881,-23.355793250388107,-17.98336993253155,5.372423317856559,0.08367735789139409,0.1468720228644014,0.0631946649730073,0.03588440774849158,0.02731025722451572,150000
<SOURCE_VECSTRAIGHT_REPO>/remote-results/phase3_vecstraight_clean_msgsource_learned_15seeds_remote_20260410/train/cond1_seed1313.pt,cond1,1313,9001,greedy,none,none,none,none,agent_3,agent_3,1,mixed,2.5,6298,0.26865671641791045,0.7313432835820896,0.17701832568144624,-19.597483388696276,0.19768180374722133,0.29882881651585985,0.03909027145324154,-0.25973854506261945,-8.91959726063741,-22.174418991531557,-13.254821730894147,0.30898697999364877,0.03810733566211496,-0.27087964433153383,0.11162273737694506,0.1713242299142585,150000
<SOURCE_VECSTRAIGHT_REPO>/remote-results/phase3_vecstraight_clean_msgsource_learned_15seeds_remote_20260410/train/cond1_seed1313.pt,cond1,1313,9001,greedy,none,none,none,none,agent_0,agent_0,1,mixed,3.5,6673,0.3106548778660273,0.6893451221339727,0.890705353513448,18.271810548223424,0.8933013637044808,0.8650457758014354,0.9125606773530276,0.04751490155159276,14.456755913499277,20.315569279883178,5.858813366383899,0.8676757080773265,0.914880863179979,0.04720515510265248,0.025625655627154204,0.021579499475498278,150000
<SOURCE_VECSTRAIGHT_REPO>/remote-results/phase3_vecstraight_clean_msgsource_learned_15seeds_remote_20260410/train/cond1_seed1313.pt,cond1,1313,9001,greedy,none,none,none,none,agent_0,agent_1,0,mixed,3.5,6673,0.3106548778660273,0.6893451221339727,0.36932776977746146,-2.3875566351660256,0.3798891053499176,0.6333456778198154,0.28781503074824033,-0.34553064707157616,3.209064457394159,-5.696037745794649,-8.905102203188807,0.6503821369698786,0.29701783305859436,-0.35336430391128426,0.270493031619961,0.08287127229132324,150000
<SOURCE_VECSTRAIGHT_REPO>/remote-results/phase3_vecstraight_clean_msgsource_learned_15seeds_remote_20260410/train/cond1_seed1313.pt,cond1,1313,9001,greedy,none,none,none,none,agent_0,agent_2,0,mixed,3.5,6673,0.3106548778660273,0.6893451221339727,0.9357111696568774,16.430071018543554,0.9370597931964634,0.9482734670969989,0.9255288066926368,-0.022744660404361964,14.971162914085358,16.795482899988635,1.824319985903276,0.9491982616514312,0.9267196163644538,-0.02247864528697737,0.012737898995953845,0.010639892102502622,150000
<SOURCE_VECSTRAIGHT_REPO>/remote-results/phase3_vecstraight_clean_msgsource_learned_15seeds_remote_20260410/train/cond1_seed1313.pt,cond1,1313,9001,greedy,none,none,none,none,agent_0,agent_3,0,mixed,3.5,6673,0.3106548778660273,0.6893451221339727,0.8016473636428351,5.644787422659496,0.8153753933762925,0.5941719843579103,0.887693075259925,0.29352109090201545,1.6075641245708354,7.07518289810211,5.4676187735312745,0.5974823917278586,0.9075378390528998,0.3100554473250412,0.21939157800089915,0.09276187621759328,150000
<SOURCE_VECSTRAIGHT_REPO>/remote-results/phase3_vecstraight_clean_msgsource_learned_15seeds_remote_20260410/train/cond1_seed1313.pt,cond1,1313,9001,greedy,none,none,none,none,agent_1,agent_0,0,mixed,3.5,6673,0.5564213996703132,0.4435786003296868,0.890705353513448,18.271810548223424,0.8933013637044808,0.8723292361159037,0.9279249299291984,0.05559569381329471,14.58649135643032,23.19766449471401,8.61117313828369,0.8757680203806384,0.928218192716919,0.052450172336280534,0.019931065487786604,0.038213696987861534,150000
<SOURCE_VECSTRAIGHT_REPO>/remote-results/phase3_vecstraight_clean_msgsource_learned_15seeds_remote_20260410/train/cond1_seed1313.pt,cond1,1313,9001,greedy,none,none,none,none,agent_1,agent_1,1,mixed,3.5,6673,0.5564213996703132,0.4435786003296868,0.36932776977746146,-2.3875566351660256,0.3798891053499176,0.2888609555711615,0.3589170506982449,0.07005609512708404,-1.8521116842497205,-3.4238729719382417,-1.5717612876885212,0.2700434587142215,0.36535291473100556,0.09530945601678406,0.14820920125880413,0.08017383485688596,150000
<SOURCE_VECSTRAIGHT_REPO>/remote-results/phase3_vecstraight_clean_msgsource_learned_15seeds_remote_20260410/train/cond1_seed1313.pt,cond1,1313,9001,greedy,none,none,none,none,agent_1,agent_2,0,mixed,3.5,6673,0.5564213996703132,0.4435786003296868,0.9357111696568774,16.430071018543554,0.9370597931964634,0.9362462508434136,0.9414161132163414,0.005169862372927893,16.750968170237698,16.247608732921723,-0.5033594373159728,0.9379589390079425,0.9421549527948448,0.004196013786902443,0.013487187172186423,0.01678405514760977,150000
<SOURCE_VECSTRAIGHT_REPO>/remote-results/phase3_vecstraight_clean_msgsource_learned_15seeds_remote_20260410/train/cond1_seed1313.pt,cond1,1313,9001,greedy,none,none,none,none,agent_1,agent_3,0,mixed,3.5,6673,0.5564213996703132,0.4435786003296868,0.8016473636428351,5.644787422659496,0.8153753933762925,0.9308773518387268,0.6161274894870178,-0.3147498623517093,8.967786196062685,0.8515065368814803,-8.116279659181204,0.943353813876817,0.6337479394575154,-0.30960587441930165,0.13577101753334334,0.18852090514011688,150000
<SOURCE_VECSTRAIGHT_REPO>/remote-results/phase3_vecstraight_clean_msgsource_learned_15seeds_remote_20260410/train/cond1_seed1313.pt,cond1,1313,9001,greedy,none,none,none,none,agent_2,agent_0,0,mixed,3.5,6673,0.1637943953244418,0.8362056046755583,0.890705353513448,18.271810548223424,0.8933013637044808,0.9998400538659815,0.8654469822350903,-0.13439307163089184,42.92198625522701,13.42119984013998,-29.50078641508703,0.9998501423647534,0.8690244267945452,-0.1308257155702083,0.10654877866027274,0.02427693690993556,150000
<SOURCE_VECSTRAIGHT_REPO>/remote-results/phase3_vecstraight_clean_msgsource_learned_15seeds_remote_20260410/train/cond1_seed1313.pt,cond1,1313,9001,greedy,none,none,none,none,agent_2,agent_1,0,mixed,3.5,6673,0.1637943953244418,0.8362056046755583,0.36932776977746146,-2.3875566351660256,0.3798891053499176,0.8103869961367405,0.2851077751143272,-0.5252792210224131,11.979076739059526,-5.896599310981304,-17.87567605004083,0.8122283830361157,0.29536939907088267,-0.516858983965233,0.5474299415555223,0.08991458114790948,150000
<SOURCE_VECSTRAIGHT_REPO>/remote-results/phase3_vecstraight_clean_msgsource_learned_15seeds_remote_20260410/train/cond1_seed1313.pt,cond1,1313,9001,greedy,none,none,none,none,agent_2,agent_2,1,mixed,3.5,6673,0.1637943953244418,0.8362056046755583,0.9357111696568774,16.430071018543554,0.9370597931964634,0.9563158491603085,0.9356747045594423,-0.020641144600865975,17.54932552742204,16.329441054710898,-1.2198844727111438,0.9577401468604826,0.9370597931964634,-0.020680353664019182,0.026075228532893752,0.0,150000
<SOURCE_VECSTRAIGHT_REPO>/remote-results/phase3_vecstraight_clean_msgsource_learned_15seeds_remote_20260410/train/cond1_seed1313.pt,cond1,1313,9001,greedy,none,none,none,none,agent_2,agent_3,0,mixed,3.5,6673,0.1637943953244418,0.8362056046755583,0.8016473636428351,5.644787422659496,0.8153753933762925,0.8018203433186267,0.7805858765744284,-0.021234466744198564,3.537574831721809,5.399439403118177,1.8618645713963682,0.828562865277986,0.7930466057245616,-0.035516259553424245,0.08242169938558369,0.03012138468454968,150000
<SOURCE_VECSTRAIGHT_REPO>/remote-results/phase3_vecstraight_clean_msgsource_learned_15seeds_remote_20260410/train/cond1_seed1313.pt,cond1,1313,9001,greedy,none,none,none,none,agent_3,agent_0,0,mixed,3.5,6673,0.8787651730855687,0.12123482691443128,0.890705353513448,18.271810548223424,0.8933013637044808,0.8904318953030431,0.8824772084737773,-0.00795468682926518,18.31973987867338,18.26972539478512,-0.050014483888262164,0.8934512213397272,0.8844597632249364,-0.008991458114790948,0.004345871422148958,0.04300914131575004,150000
<SOURCE_VECSTRAIGHT_REPO>/remote-results/phase3_vecstraight_clean_msgsource_learned_15seeds_remote_20260410/train/cond1_seed1313.pt,cond1,1313,9001,greedy,none,none,none,none,agent_3,agent_1,0,mixed,3.5,6673,0.8787651730855687,0.12123482691443128,0.36932776977746146,-2.3875566351660256,0.3798891053499176,0.34849605477877843,0.5123171802255546,0.16382112544677574,-2.9889067342131104,2.1019259240100334,5.090832658223143,0.3565113142514611,0.5128128278135771,0.156301513562116,0.02547579799190769,0.1506069234227484,150000
<SOURCE_VECSTRAIGHT_REPO>/remote-results/phase3_vecstraight_clean_msgsource_learned_15seeds_remote_20260410/train/cond1_seed1313.pt,cond1,1313,9001,greedy,none,none,none,none,agent_3,agent_2,0,mixed,3.5,6673,0.8787651730855687,0.12123482691443128,0.9357111696568774,16.430071018543554,0.9370597931964634,0.9292632703810595,0.9704637777736984,0.04120050739263864,16.18994231014287,17.90251152367226,1.712569213529389,0.9301663419751236,0.9707777611269294,0.040611419151805786,0.006893451221339727,0.03371796793046606,150000
<SOURCE_VECSTRAIGHT_REPO>/remote-results/phase3_vecstraight_clean_msgsource_learned_15seeds_remote_20260410/train/cond1_seed1313.pt,cond1,1313,9001,greedy,none,none,none,none,agent_3,agent_3,1,mixed,3.5,6673,0.8787651730855687,0.12123482691443128,0.8016473636428351,5.644787422659496,0.8153753933762925,0.7905309306399145,0.7865589668152503,-0.003971963824664606,5.74974967089797,2.4000492762692165,-3.3497003946287527,0.8011389180278735,0.8159748239172786,0.014835905889405065,0.03431739847145212,0.15435336430391128,150000
<SOURCE_VECSTRAIGHT_REPO>/remote-results/phase3_vecstraight_clean_msgsource_learned_15seeds_remote_20260410/train/cond1_seed1313.pt,cond1,1313,9001,greedy,none,none,none,none,agent_0,agent_0,1,cooperative,5.0,5917,0.50211255703904,0.49788744296095994,0.999514275393876,37.366961512469715,0.9996619908737536,0.9995131125039322,0.9998270402149261,0.0003139277109938521,34.249707435139214,40.2014704869167,5.951763051777489,0.9996619908737536,0.9998309954368768,0.0001690045631232043,0.0,0.0001690045631232043,150000
<SOURCE_VECSTRAIGHT_REPO>/remote-results/phase3_vecstraight_clean_msgsource_learned_15seeds_remote_20260410/train/cond1_seed1313.pt,cond1,1313,9001,greedy,none,none,none,none,agent_0,agent_1,0,cooperative,5.0,5917,0.50211255703904,0.49788744296095994,0.9783763629188303,13.874484646248822,0.9949298631063038,0.9956215535584325,0.9248018693170821,-0.07081968424135077,20.50181370650481,7.249806420690902,-13.252007285813907,0.9964509041744127,0.9744803109683962,-0.02197059320601656,0.001521041068108839,0.020449552137907723,150000
<SOURCE_VECSTRAIGHT_REPO>/remote-results/phase3_vecstraight_clean_msgsource_learned_15seeds_remote_20260410/train/cond1_seed1313.pt,cond1,1313,9001,greedy,none,none,none,none,agent_0,agent_2,0,cooperative,5.0,5917,0.50211255703904,0.49788744296095994,0.9995033721055018,22.1389914799204,0.9994929863106304,0.9995033716824165,0.9994644315698314,-3.894011258514866e-05,20.82790675033523,23.838102258095894,3.010195507760666,0.9994929863106304,0.9994929863106304,0.0,0.0,0.0,150000
<SOURCE_VECSTRAIGHT_REPO>/remote-results/phase3_vecstraight_clean_msgsource_learned_15seeds_remote_20260410/train/cond1_seed1313.pt,cond1,1313,9001,greedy,none,none,none,none,agent_0,agent_3,0,cooperative,5.0,5917,0.50211255703904,0.49788744296095994,0.7154987549775871,2.6513057139066096,0.7458171370627007,0.6884354792976465,0.7450580731056797,0.05662259380803325,1.91386554313256,3.0130835887883913,1.0992180456558314,0.7385499408484029,0.7601825249281731,0.021632584079770152,0.08061517660976847,0.03870204495521379,150000
<SOURCE_VECSTRAIGHT_REPO>/remote-results/phase3_vecstraight_clean_msgsource_learned_15seeds_remote_20260410/train/cond1_seed1313.pt,cond1,1313,9001,greedy,none,none,none,none,agent_1,agent_0,0,cooperative,5.0,5917,0.6775392935609261,0.3224607064390739,0.999514275393876,37.366961512469715,0.9996619908737536,0.9995142101581688,0.999822418626548,0.00030820846837911867,34.50839431136368,43.34396780175858,8.8355734903949,0.9996619908737536,0.9998309954368768,0.0001690045631232043,0.0,0.0001690045631232043,150000
<SOURCE_VECSTRAIGHT_REPO>/remote-results/phase3_vecstraight_clean_msgsource_learned_15seeds_remote_20260410/train/cond1_seed1313.pt,cond1,1313,9001,greedy,none,none,none,none,agent_1,agent_1,1,cooperative,5.0,5917,0.6775392935609261,0.3224607064390739,0.9783763629188303,13.874484646248822,0.9949298631063038,0.9273446737748405,0.9810268754836728,0.05368220170883238,14.130510385787419,12.610853685183523,-1.5196567006038968,0.9584248774716917,0.9912117627175934,0.03278688524590164,0.03819503126584418,0.005408146019942538,150000
<SOURCE_VECSTRAIGHT_REPO>/remote-results/phase3_vecstraight_clean_msgsource_learned_15seeds_remote_20260410/train/cond1_seed1313.pt,cond1,1313,9001,greedy,none,none,none,none,agent_1,agent_2,0,cooperative,5.0,5917,0.6775392935609261,0.3224607064390739,0.9995033721055018,22.1389914799204,0.9994929863106304,0.9995036318596627,0.9994475039590368,-5.612790062584034e-05,22.90709171445059,20.133373733023767,-2.773717981426825,0.9994929863106304,0.9994929863106304,0.0,0.0,0.0,150000
<SOURCE_VECSTRAIGHT_REPO>/remote-results/phase3_vecstraight_clean_msgsource_learned_15seeds_remote_20260410/train/cond1_seed1313.pt,cond1,1313,9001,greedy,none,none,none,none,agent_1,agent_3,0,cooperative,5.0,5917,0.6775392935609261,0.3224607064390739,0.7154987549775871,2.6513057139066096,0.7458171370627007,0.8743578723537518,0.2626789571925714,-0.6116789151611806,4.407706685483869,-3.4745331114840825,-7.882239796967951,0.92141287814771,0.2496197397329728,-0.6717931384147372,0.1793138414737198,0.4992394794659456,150000
<SOURCE_VECSTRAIGHT_REPO>/remote-results/phase3_vecstraight_clean_msgsource_learned_15seeds_remote_20260410/train/cond1_seed1313.pt,cond1,1313,9001,greedy,none,none,none,none,agent_2,agent_0,0,cooperative,5.0,5917,0.2303532195369275,0.7696467804630726,0.999514275393876,37.366961512469715,0.9996619908737536,1.0,0.9980972537214595,-0.0019027462785405251,53.380286163709165,32.64592725214814,-20.734358911561024,1.0,0.9983099543687679,-0.0016900456312320432,0.0003380091262464086,0.0013520365049856345,150000
<SOURCE_VECSTRAIGHT_REPO>/remote-results/phase3_vecstraight_clean_msgsource_learned_15seeds_remote_20260410/train/cond1_seed1313.pt,cond1,1313,9001,greedy,none,none,none,none,agent_2,agent_1,0,cooperative,5.0,5917,0.2303532195369275,0.7696467804630726,0.9783763629188303,13.874484646248822,0.9949298631063038,0.9972115909601711,0.9657700778152839,-0.031441513144887044,30.765573202188662,8.918681914311357,-21.846891287877305,0.9981409498056447,0.9885076897076222,-0.009633260098022647,0.005915159709312151,0.006760182524928173,150000
<SOURCE_VECSTRAIGHT_REPO>/remote-results/phase3_vecstraight_clean_msgsource_learned_15seeds_remote_20260410/train/cond1_seed1313.pt,cond1,1313,9001,greedy,none,none,none,none,agent_2,agent_2,1,cooperative,5.0,5917,0.2303532195369275,0.7696467804630726,0.9995033721055018,22.1389914799204,0.9994929863106304,0.9999960734470684,0.999503325707159,-0.0004927477399093468,22.77072953267216,21.939778231961995,-0.8309513007101627,1.0,0.9994929863106304,-0.000507013689369613,0.000507013689369613,0.0,150000
<SOURCE_VECSTRAIGHT_REPO>/remote-results/phase3_vecstraight_clean_msgsource_learned_15seeds_remote_20260410/train/cond1_seed1313.pt,cond1,1313,9001,greedy,none,none,none,none,agent_2,agent_3,0,cooperative,5.0,5917,0.2303532195369275,0.7696467804630726,0.7154987549775871,2.6513057139066096,0.7458171370627007,0.6664628561423569,0.6280448920096738,-0.038417964132682975,2.7670790437978527,0.60118960816201,-2.165889435635843,0.7042420145343924,0.6569207368598953,-0.04732127767449721,0.21125570390400542,0.0939665370965016,150000
<SOURCE_VECSTRAIGHT_REPO>/remote-results/phase3_vecstraight_clean_msgsource_learned_15seeds_remote_20260410/train/cond1_seed1313.pt,cond1,1313,9001,greedy,none,none,none,none,agent_3,agent_0,0,cooperative,5.0,5917,0.8061517660976847,0.19384823390231537,0.999514275393876,37.366961512469715,0.9996619908737536,0.9995143430875068,0.9990713697501177,-0.0004429733373890611,37.889180964063264,35.038979850871875,-2.8502011131913916,0.9996619908737536,0.9993239817475071,-0.0003380091262464086,0.0,0.0006760182524928173,150000
<SOURCE_VECSTRAIGHT_REPO>/remote-results/phase3_vecstraight_clean_msgsource_learned_15seeds_remote_20260410/train/cond1_seed1313.pt,cond1,1313,9001,greedy,none,none,none,none,agent_3,agent_1,0,cooperative,5.0,5917,0.8061517660976847,0.19384823390231537,0.9783763629188303,13.874484646248822,0.9949298631063038,0.9718229019254414,0.9906892106327351,0.0188663087072937,13.234934580193615,15.432779968767043,2.1978453885734295,0.9932398174750718,0.9989859726212608,0.005746155146188947,0.0016900456312320432,0.0043941186412033125,150000
<SOURCE_VECSTRAIGHT_REPO>/remote-results/phase3_vecstraight_clean_msgsource_learned_15seeds_remote_20260410/train/cond1_seed1313.pt,cond1,1313,9001,greedy,none,none,none,none,agent_3,agent_2,0,cooperative,5.0,5917,0.8061517660976847,0.19384823390231537,0.9995033721055018,22.1389914799204,0.9994929863106304,0.9995033721256487,0.9999923002625188,0.000488928136870187,22.337886735275628,22.640791465326682,0.3029047300510558,0.9994929863106304,1.0,0.000507013689369613,0.0,0.000507013689369613,150000
<SOURCE_VECSTRAIGHT_REPO>/remote-results/phase3_vecstraight_clean_msgsource_learned_15seeds_remote_20260410/train/cond1_seed1313.pt,cond1,1313,9001,greedy,none,none,none,none,agent_3,agent_3,1,cooperative,5.0,5917,0.8061517660976847,0.19384823390231537,0.7154987549775871,2.6513057139066096,0.7458171370627007,0.7119839117909974,0.6810883232963049,-0.03089558849469237,2.1218126574863305,2.728291515189791,0.6064788577034603,0.7515632922088896,0.7076221057968565,-0.04394118641203312,0.04258914990704749,0.13216156836234577,150000
<SOURCE_VECSTRAIGHT_REPO>/remote-results/phase3_vecstraight_clean_msgsource_learned_15seeds_remote_20260410/train/cond1_seed1414.pt,cond1,1414,9001,greedy,none,none,none,none,agent_0,agent_0,1,competitive,0.5,5288,0.06202723146747353,0.9379727685325264,3.0657014492708907e-08,-60.92215315422745,0.0,2.3673168514622944e-08,2.0102914545546575e-07,1.7735597694084352e-07,-57.951972662591,-60.991070501021646,-3.0390978384306497,0.0,0.0,0.0,0.0,0.0,150000
<SOURCE_VECSTRAIGHT_REPO>/remote-results/phase3_vecstraight_clean_msgsource_learned_15seeds_remote_20260410/train/cond1_seed1414.pt,cond1,1414,9001,greedy,none,none,none,none,agent_0,agent_1,0,competitive,0.5,5288,0.06202723146747353,0.9379727685325264,2.690717428217122e-07,-55.338910000948246,0.0,2.692133589524558e-07,2.909830644441724e-09,-2.663035283080138e-07,-46.41627832386028,-55.607343157553274,-9.191064833692993,0.0,0.0,0.0,0.0,0.0,150000
<SOURCE_VECSTRAIGHT_REPO>/remote-results/phase3_vecstraight_clean_msgsource_learned_15seeds_remote_20260410/train/cond1_seed1414.pt,cond1,1414,9001,greedy,none,none,none,none,agent_0,agent_2,0,competitive,0.5,5288,0.06202723146747353,0.9379727685325264,6.724870359366345e-05,-62.60476081224325,0.0,6.744500454871969e-05,0.0010412627237195483,0.0009738177191708295,-59.57313407049057,-62.61134703360419,-3.038212963113626,0.0,0.0009455370650529501,0.0009455370650529501,0.0,0.0009455370650529501,150000
<SOURCE_VECSTRAIGHT_REPO>/remote-results/phase3_vecstraight_clean_msgsource_learned_15seeds_remote_20260410/train/cond1_seed1414.pt,cond1,1414,9001,greedy,none,none,none,none,agent_0,agent_3,0,competitive,0.5,5288,0.06202723146747353,0.9379727685325264,7.962368066066576e-05,-40.134336538781916,0.0,7.997835143411457e-05,0.00020460682800289707,0.00012462847656878357,-30.91751533985679,-40.51957897140832,-9.602063631551529,0.0,0.0,0.0,0.0,0.0,150000
<SOURCE_VECSTRAIGHT_REPO>/remote-results/phase3_vecstraight_clean_msgsource_learned_15seeds_remote_20260410/train/cond1_seed1414.pt,cond1,1414,9001,greedy,none,none,none,none,agent_1,agent_0,0,competitive,0.5,5288,0.23827534039334342,0.7617246596066566,3.0657014492708907e-08,-60.92215315422745,0.0,0.0001773289462237889,2.1465117525706868e-08,-0.00017730748110626317,-57.693533021162025,-61.93027075660752,-4.236737735445488,0.00018910741301059002,0.0,-0.00018910741301059002,0.00018910741301059002,0.0,150000
<SOURCE_VECSTRAIGHT_REPO>/remote-results/phase3_vecstraight_clean_msgsource_learned_15seeds_remote_20260410/train/cond1_seed1414.pt,cond1,1414,9001,greedy,none,none,none,none,agent_1,agent_1,1,competitive,0.5,5288,0.23827534039334342,0.7617246596066566,2.690717428217122e-07,-55.338910000948246,0.0,3.735776809631136e-05,7.753180565352207e-10,-3.7356992778254746e-05,-52.61283435795383,-55.80654919490151,-3.1937148369476764,0.0,0.0,0.0,0.0,0.0,150000
<SOURCE_VECSTRAIGHT_REPO>/remote-results/phase3_vecstraight_clean_msgsource_learned_15seeds_remote_20260410/train/cond1_seed1414.pt,cond1,1414,9001,greedy,none,none,none,none,agent_1,agent_2,0,competitive,0.5,5288,0.23827534039334342,0.7617246596066566,6.724870359366345e-05,-62.60476081224325,0.0,0.00014133859421042687,5.355592842422643e-05,-8.77826657862006e-05,-60.40812190386513,-63.30996439334304,-2.9018424894779065,0.0,0.0,0.0,0.0,0.0,150000
<SOURCE_VECSTRAIGHT_REPO>/remote-results/phase3_vecstraight_clean_msgsource_learned_15seeds_remote_20260410/train/cond1_seed1414.pt,cond1,1414,9001,greedy,none,none,none,none,agent_1,agent_3,0,competitive,0.5,5288,0.23827534039334342,0.7617246596066566,7.962368066066576e-05,-40.134336538781916,0.0,0.0002667797704534174,0.0001019344792435818,-0.00016484529120984023,-42.88851218905057,-39.259751701814864,3.6287604872357107,0.00018910741301059002,0.0,-0.00018910741301059002,0.00018910741301059002,0.0,150000
<SOURCE_VECSTRAIGHT_REPO>/remote-results/phase3_vecstraight_clean_msgsource_learned_15seeds_remote_20260410/train/cond1_seed1414.pt,cond1,1414,9001,greedy,none,none,none,none,agent_2,agent_0,0,competitive,0.5,5288,0.9967851739788199,0.0032148260211800304,3.0657014492708907e-08,-60.92215315422745,0.0,3.065655622961754e-08,2.7818028098049874e-08,-2.8385281315677023e-09,-60.93366246775311,-63.31534973052915,-2.3816872627760386,0.0,0.0,0.0,0.0,0.0,150000
<SOURCE_VECSTRAIGHT_REPO>/remote-results/phase3_vecstraight_clean_msgsource_learned_15seeds_remote_20260410/train/cond1_seed1414.pt,cond1,1414,9001,greedy,none,none,none,none,agent_2,agent_1,0,competitive,0.5,5288,0.9967851739788199,0.0032148260211800304,2.690717428217122e-07,-55.338910000948246,0.0,2.690718333070143e-07,4.9096635280854685e-09,-2.641621697789301e-07,-55.336327247828834,-51.091606884969345,4.2447203628594865,0.0,0.0,0.0,0.0,0.0,150000
<SOURCE_VECSTRAIGHT_REPO>/remote-results/phase3_vecstraight_clean_msgsource_learned_15seeds_remote_20260410/train/cond1_seed1414.pt,cond1,1414,9001,greedy,none,none,none,none,agent_2,agent_2,1,competitive,0.5,5288,0.9967851739788199,0.0032148260211800304,6.724870359366345e-05,-62.60476081224325,0.0,1.60390090366694e-05,0.00021623285123815008,0.00020019384220148082,-62.61446024556383,-53.31408705006659,9.300373195497244,0.0,0.0,0.0,0.0,0.0,150000
<SOURCE_VECSTRAIGHT_REPO>/remote-results/phase3_vecstraight_clean_msgsource_learned_15seeds_remote_20260410/train/cond1_seed1414.pt,cond1,1414,9001,greedy,none,none,none,none,agent_2,agent_3,0,competitive,0.5,5288,0.9967851739788199,0.0032148260211800304,7.962368066066576e-05,-40.134336538781916,0.0,8.477753124893123e-05,1.8296581714974655e-08,-8.475923466721625e-05,-40.091089563497796,-51.06966444872511,-10.978574885227316,0.0,0.0,0.0,0.0,0.0,150000
<SOURCE_VECSTRAIGHT_REPO>/remote-results/phase3_vecstraight_clean_msgsource_learned_15seeds_remote_20260410/train/cond1_seed1414.pt,cond1,1414,9001,greedy,none,none,none,none,agent_3,agent_0,0,competitive,0.5,5288,0.8833207261724659,0.11667927382753404,3.0657014492708907e-08,-60.92215315422745,0.0,0.0005734780776420385,9.159307589324905e-09,-0.000573468918334449,-58.636774362576354,-77.4383924220225,-18.80161805944616,0.0005673222390317701,0.0,-0.0005673222390317701,0.0005673222390317701,0.0,150000
<SOURCE_VECSTRAIGHT_REPO>/remote-results/phase3_vecstraight_clean_msgsource_learned_15seeds_remote_20260410/train/cond1_seed1414.pt,cond1,1414,9001,greedy,none,none,none,none,agent_3,agent_1,0,competitive,0.5,5288,0.8833207261724659,0.11667927382753404,2.690717428217122e-07,-55.338910000948246,0.0,5.2240054587267935e-05,2.77509202041708e-07,-5.196254538522636e-05,-55.121175408859294,-54.75525999952914,0.36591540933016026,0.0,0.0,0.0,0.0,0.0,150000
<SOURCE_VECSTRAIGHT_REPO>/remote-results/phase3_vecstraight_clean_msgsource_learned_15seeds_remote_20260410/train/cond1_seed1414.pt,cond1,1414,9001,greedy,none,none,none,none,agent_3,agent_2,0,competitive,0.5,5288,0.8833207261724659,0.11667927382753404,6.724870359366345e-05,-62.60476081224325,0.0,7.937831838807781e-05,6.914199631415206e-05,-1.0236322073925731e-05,-62.85104798806237,-61.45026970572443,1.4007782823379389,0.0,0.0,0.0,0.0,0.0,150000
<SOURCE_VECSTRAIGHT_REPO>/remote-results/phase3_vecstraight_clean_msgsource_learned_15seeds_remote_20260410/train/cond1_seed1414.pt,cond1,1414,9001,greedy,none,none,none,none,agent_3,agent_3,1,competitive,0.5,5288,0.8833207261724659,0.11667927382753404,7.962368066066576e-05,-40.134336538781916,0.0,0.0012156515682837184,7.579766906271703e-05,-0.001139853899221,-39.019484070218454,-47.169647948689615,-8.150163878471155,0.0011346444780635401,0.0,-0.0011346444780635401,0.0011346444780635401,0.0,150000
<SOURCE_VECSTRAIGHT_REPO>/remote-results/phase3_vecstraight_clean_msgsource_learned_15seeds_remote_20260410/train/cond1_seed1414.pt,cond1,1414,9001,greedy,none,none,none,none,agent_0,agent_0,1,mixed,1.5,5824,0.41620879120879123,0.5837912087912088,0.0019135065181223247,-49.0987979588764,0.0018887362637362637,0.0018679345247649994,0.0019681295797640518,0.00010019505499905055,-47.561181978076945,-49.49509000494708,-1.9339080268701354,0.0018887362637362637,0.0018887362637362637,0.0,0.0,0.0,150000
<SOURCE_VECSTRAIGHT_REPO>/remote-results/phase3_vecstraight_clean_msgsource_learned_15seeds_remote_20260410/train/cond1_seed1414.pt,cond1,1414,9001,greedy,none,none,none,none,agent_0,agent_1,0,mixed,1.5,5824,0.41620879120879123,0.5837912087912088,0.015312963883816802,-29.425471931562893,0.013736263736263736,0.016811723364796905,0.013530295561890596,-0.0032814278029062918,-27.346557697649676,-30.487764477842376,-3.141206780192698,0.015796703296703296,0.012190934065934066,-0.003605769230769231,0.002403846153846154,0.0018887362637362637,150000
<SOURCE_VECSTRAIGHT_REPO>/remote-results/phase3_vecstraight_clean_msgsource_learned_15seeds_remote_20260410/train/cond1_seed1414.pt,cond1,1414,9001,greedy,none,none,none,none,agent_0,agent_2,0,mixed,1.5,5824,0.41620879120879123,0.5837912087912088,0.005806285654724281,-42.62584960837285,0.005494505494505495,0.005064641646559241,0.00959596153551896,0.004531319888959745,-36.158441643164096,-46.62118362659936,-10.46274198343527,0.004979395604395604,0.009271978021978022,0.004292582417582418,0.001201923076923077,0.0037774725274725275,150000
<SOURCE_VECSTRAIGHT_REPO>/remote-results/phase3_vecstraight_clean_msgsource_learned_15seeds_remote_20260410/train/cond1_seed1414.pt,cond1,1414,9001,greedy,none,none,none,none,agent_0,agent_3,0,mixed,1.5,5824,0.41620879120879123,0.5837912087912088,0.012153592207206373,-24.154320862011186,0.010645604395604396,0.023546348446943855,0.0047665458304596234,-0.018779802616484147,-17.943324863296617,-28.321997394196814,-10.378672530900197,0.022321428571428572,0.004464285714285714,-0.017857142857142856,0.01304945054945055,0.007898351648351648,150000
<SOURCE_VECSTRAIGHT_REPO>/remote-results/phase3_vecstraight_clean_msgsource_learned_15seeds_remote_20260410/train/cond1_seed1414.pt,cond1,1414,9001,greedy,none,none,none,none,agent_1,agent_0,0,mixed,1.5,5824,0.01459478021978022,0.9854052197802198,0.0019135065181223247,-49.0987979588764,0.0018887362637362637,0.004171153290051012,0.0014152735443088854,-0.002755879745742135,-45.08807817917153,-49.18084445448367,-4.092766275312138,0.004120879120879121,0.0013736263736263737,-0.0027472527472527475,0.002232142857142857,0.0005151098901098901,150000
<SOURCE_VECSTRAIGHT_REPO>/remote-results/phase3_vecstraight_clean_msgsource_learned_15seeds_remote_20260410/train/cond1_seed1414.pt,cond1,1414,9001,greedy,none,none,none,none,agent_1,agent_1,1,mixed,1.5,5824,0.01459478021978022,0.9854052197802198,0.015312963883816802,-29.425471931562893,0.013736263736263736,0.030332024032572322,0.014353149086160715,-0.015978874946411637,-24.800066570976522,-29.521314945778105,-4.721248374801579,0.02815934065934066,0.012706043956043956,-0.015453296703296704,0.020604395604395604,0.0010302197802197802,150000
<SOURCE_VECSTRAIGHT_REPO>/remote-results/phase3_vecstraight_clean_msgsource_learned_15seeds_remote_20260410/train/cond1_seed1414.pt,cond1,1414,9001,greedy,none,none,none,none,agent_1,agent_2,0,mixed,1.5,5824,0.01459478021978022,0.9854052197802198,0.005806285654724281,-42.62584960837285,0.005494505494505495,0.010791292733331197,0.00272879675641918,-0.008062495976912033,-43.89621774843577,-42.645292887709786,1.2509248607259775,0.011160714285714286,0.001717032967032967,-0.009443681318681318,0.006696428571428571,0.004464285714285714,150000
<SOURCE_VECSTRAIGHT_REPO>/remote-results/phase3_vecstraight_clean_msgsource_learned_15seeds_remote_20260410/train/cond1_seed1414.pt,cond1,1414,9001,greedy,none,none,none,none,agent_1,agent_3,0,mixed,1.5,5824,0.01459478021978022,0.9854052197802198,0.012153592207206373,-24.154320862011186,0.010645604395604396,0.0074570848642079145,0.012338378595283946,0.004881293731075973,-29.001681039058653,-24.09046683822257,4.911214200836084,0.007383241758241758,0.010817307692307692,0.003434065934065934,0.008413461538461538,0.00017170329670329672,150000
<SOURCE_VECSTRAIGHT_REPO>/remote-results/phase3_vecstraight_clean_msgsource_learned_15seeds_remote_20260410/train/cond1_seed1414.pt,cond1,1414,9001,greedy,none,none,none,none,agent_2,agent_0,0,mixed,1.5,5824,0.9871222527472527,0.012877747252747252,0.0019135065181223247,-49.0987979588764,0.0018887362637362637,0.0019569343497408413,0.0013652890362752554,-0.000591645313465589,-49.096628444310234,-49.50547714330829,-0.4088486989980543,0.0018887362637362637,0.0013736263736263737,-0.0005151098901098901,0.0,0.0005151098901098901,150000
<SOURCE_VECSTRAIGHT_REPO>/remote-results/phase3_vecstraight_clean_msgsource_learned_15seeds_remote_20260410/train/cond1_seed1414.pt,cond1,1414,9001,greedy,none,none,none,none,agent_2,agent_1,0,mixed,1.5,5824,0.9871222527472527,0.012877747252747252,0.015312963883816802,-29.425471931562893,0.013736263736263736,0.016181603910169057,0.010398974145882683,-0.005782629764286373,-29.358889815868338,-28.828272041700945,0.5306177741673949,0.01459478021978022,0.009443681318681318,-0.005151098901098901,0.0008585164835164835,0.01253434065934066,150000
<SOURCE_VECSTRAIGHT_REPO>/remote-results/phase3_vecstraight_clean_msgsource_learned_15seeds_remote_20260410/train/cond1_seed1414.pt,cond1,1414,9001,greedy,none,none,none,none,agent_2,agent_2,1,mixed,1.5,5824,0.9871222527472527,0.012877747252747252,0.005806285654724281,-42.62584960837285,0.005494505494505495,0.0038419033312529984,0.008341336442569432,0.004499433111316453,-42.680057246867406,-35.06272896450873,7.617328282358677,0.004120879120879121,0.007726648351648352,0.003605769230769231,0.001717032967032967,0.0025755494505494505,150000
<SOURCE_VECSTRAIGHT_REPO>/remote-results/phase3_vecstraight_clean_msgsource_learned_15seeds_remote_20260410/train/cond1_seed1414.pt,cond1,1414,9001,greedy,none,none,none,none,agent_2,agent_3,0,mixed,1.5,5824,0.9871222527472527,0.012877747252747252,0.012153592207206373,-24.154320862011186,0.010645604395604396,0.013853664891688273,0.0012808156873172646,-0.012572849204371007,-23.97489512113056,-40.4651100243759,-16.49021490324534,0.012190934065934066,0.001201923076923077,-0.01098901098901099,0.0015453296703296703,0.009443681318681318,150000
<SOURCE_VECSTRAIGHT_REPO>/remote-results/phase3_vecstraight_clean_msgsource_learned_15seeds_remote_20260410/train/cond1_seed1414.pt,cond1,1414,9001,greedy,none,none,none,none,agent_3,agent_0,0,mixed,1.5,5824,0.31816620879120877,0.6818337912087912,0.0019135065181223247,-49.0987979588764,0.0018887362637362637,0.010795771998421005,0.0005399366103027202,-0.010255835388118282,-37.59256489980188,-54.46090858499264,-16.868343685190755,0.01098901098901099,0.0005151098901098901,-0.010473901098901098,0.009100274725274726,0.0013736263736263737,150000
<SOURCE_VECSTRAIGHT_REPO>/remote-results/phase3_vecstraight_clean_msgsource_learned_15seeds_remote_20260410/train/cond1_seed1414.pt,cond1,1414,9001,greedy,none,none,none,none,agent_3,agent_1,0,mixed,1.5,5824,0.31816620879120877,0.6818337912087912,0.015312963883816802,-29.425471931562893,0.013736263736263736,0.008923920325567167,0.02026704577601808,0.01134312545045096,-30.693571299631763,-28.579197200629245,2.1143740990025166,0.008585164835164836,0.018543956043956044,0.009958791208791208,0.007898351648351648,0.005151098901098901,150000
<SOURCE_VECSTRAIGHT_REPO>/remote-results/phase3_vecstraight_clean_msgsource_learned_15seeds_remote_20260410/train/cond1_seed1414.pt,cond1,1414,9001,greedy,none,none,none,none,agent_3,agent_2,0,mixed,1.5,5824,0.31816620879120877,0.6818337912087912,0.005806285654724281,-42.62584960837285,0.005494505494505495,0.00705166529192491,0.005170182829376719,-0.0018814824625481954,-41.8530376582038,-42.98472300392402,-1.1316853457202132,0.007039835164835165,0.004807692307692308,-0.002232142857142857,0.006353021978021978,0.0006868131868131869,150000
<SOURCE_VECSTRAIGHT_REPO>/remote-results/phase3_vecstraight_clean_msgsource_learned_15seeds_remote_20260410/train/cond1_seed1414.pt,cond1,1414,9001,greedy,none,none,none,none,agent_3,agent_3,1,mixed,1.5,5824,0.31816620879120877,0.6818337912087912,0.012153592207206373,-24.154320862011186,0.010645604395604396,0.07890932758748609,0.009675226187365727,-0.0692341014001205,-16.361302245344334,-27.038641826684618,-10.677339581340286,0.07589285714285714,0.008070054945054946,-0.06782280219780219,0.06559065934065934,0.0025755494505494505,150000
<SOURCE_VECSTRAIGHT_REPO>/remote-results/phase3_vecstraight_clean_msgsource_learned_15seeds_remote_20260410/train/cond1_seed1414.pt,cond1,1414,9001,greedy,none,none,none,none,agent_0,agent_0,1,mixed,2.5,6298,0.884884090187361,0.11511590981263893,0.12217831503506574,-21.899508637886893,0.12257859637980312,0.12577639375814947,0.1265383214615682,0.0007619277034185528,-21.75830932261074,-22.556361306346325,-0.7980519837355872,0.1263893299460146,0.12702445220704986,0.0006351222610352493,0.0050809780882819944,0.011432200698634487,150000
<SOURCE_VECSTRAIGHT_REPO>/remote-results/phase3_vecstraight_clean_msgsource_learned_15seeds_remote_20260410/train/cond1_seed1414.pt,cond1,1414,9001,greedy,none,none,none,none,agent_0,agent_1,0,mixed,2.5,6298,0.884884090187361,0.11511590981263893,0.4116057203391277,-3.4654067093042125,0.41044776119402987,0.42869058036384833,0.3034180211582778,-0.1252725592055705,-3.0080881619257522,-6.85448459925993,-3.8463964373341777,0.427278501111464,0.30342966020959034,-0.1238488409018736,0.018100984439504603,0.11241664020323912,150000
<SOURCE_VECSTRAIGHT_REPO>/remote-results/phase3_vecstraight_clean_msgsource_learned_15seeds_remote_20260410/train/cond1_seed1414.pt,cond1,1414,9001,greedy,none,none,none,none,agent_0,agent_2,0,mixed,2.5,6298,0.884884090187361,0.11511590981263893,0.23257566063545826,-8.440876267758124,0.22832645284217212,0.23019612085096136,0.17768306423250085,-0.05251305661845979,-8.268054853974542,-15.032010020581113,-6.763955166606571,0.2254684026675135,0.17846935535090505,-0.04699904731660845,0.018736106700539854,0.10479517307081614,150000
<SOURCE_VECSTRAIGHT_REPO>/remote-results/phase3_vecstraight_clean_msgsource_learned_15seeds_remote_20260410/train/cond1_seed1414.pt,cond1,1414,9001,greedy,none,none,none,none,agent_0,agent_3,0,mixed,2.5,6298,0.884884090187361,0.11511590981263893,0.4241497363853685,-4.151754717790028,0.4269609399809463,0.4399388240920588,0.20605733055630604,-0.23388149353575216,-3.900321546517296,-10.57298715550792,-6.6726656089906236,0.4422038742457923,0.20371546522705622,-0.2384884090187361,0.01651317878691648,0.22610352492854874,150000
<SOURCE_VECSTRAIGHT_REPO>/remote-results/phase3_vecstraight_clean_msgsource_learned_15seeds_remote_20260410/train/cond1_seed1414.pt,cond1,1414,9001,greedy,none,none,none,none,agent_1,agent_0,0,mixed,2.5,6298,0.2076849793585265,0.7923150206414735,0.12217831503506574,-21.899508637886893,0.12257859637980312,0.16203940125481986,0.1001768367145269,-0.0618625645402926,-17.758209125698087,-23.01378949474639,-5.255580369048306,0.16179739599872975,0.1005080978088282,-0.06128929818990156,0.039218799618926645,0.022070498570974914,150000
<SOURCE_VECSTRAIGHT_REPO>/remote-results/phase3_vecstraight_clean_msgsource_learned_15seeds_remote_20260410/train/cond1_seed1414.pt,cond1,1414,9001,greedy,none,none,none,none,agent_1,agent_1,1,mixed,2.5,6298,0.2076849793585265,0.7923150206414735,0.4116057203391277,-3.4654067093042125,0.41044776119402987,0.5952091904455231,0.3611317665211214,-0.2340774239244022,1.693013939286043,-4.71482966181687,-6.407843601102913,0.5951095585900286,0.36027310257224515,-0.2348364560177834,0.19037789774531597,0.050492219752302316,150000
<SOURCE_VECSTRAIGHT_REPO>/remote-results/phase3_vecstraight_clean_msgsource_learned_15seeds_remote_20260410/train/cond1_seed1414.pt,cond1,1414,9001,greedy,none,none,none,none,agent_1,agent_2,0,mixed,2.5,6298,0.2076849793585265,0.7923150206414735,0.23257566063545826,-8.440876267758124,0.22832645284217212,0.1327367421469091,0.27591162511838485,0.1431748829714751,-14.481394119411659,-6.765051114777793,7.716343004633866,0.1351222610352493,0.26897427754842806,0.1338520165131788,0.1535408066052715,0.06637027627818355,150000
<SOURCE_VECSTRAIGHT_REPO>/remote-results/phase3_vecstraight_clean_msgsource_learned_15seeds_remote_20260410/train/cond1_seed1414.pt,cond1,1414,9001,greedy,none,none,none,none,agent_1,agent_3,0,mixed,2.5,6298,0.2076849793585265,0.7923150206414735,0.4241497363853685,-4.151754717790028,0.4269609399809463,0.21531321935990713,0.4396587949662622,0.22434557560635576,-8.873586199266754,-3.901320442834159,4.972265756432595,0.21054302953318513,0.44426802159415685,0.23372499206097175,0.2516671959352175,0.03636074944426802,150000
<SOURCE_VECSTRAIGHT_REPO>/remote-results/phase3_vecstraight_clean_msgsource_learned_15seeds_remote_20260410/train/cond1_seed1414.pt,cond1,1414,9001,greedy,none,none,none,none,agent_2,agent_0,0,mixed,2.5,6298,0.7087964433153382,0.2912035566846618,0.12217831503506574,-21.899508637886893,0.12257859637980312,0.1370643729951166,0.11543631133303998,-0.021628061662077137,-21.947859714126523,-19.369413116740382,2.578446597386141,0.13766275007939027,0.11511590981263893,-0.02254684026675135,0.020165131787869165,0.018259765004763416,150000
<SOURCE_VECSTRAIGHT_REPO>/remote-results/phase3_vecstraight_clean_msgsource_learned_15seeds_remote_20260410/train/cond1_seed1414.pt,cond1,1414,9001,greedy,none,none,none,none,agent_2,agent_1,0,mixed,2.5,6298,0.7087964433153382,0.2912035566846618,0.4116057203391277,-3.4654067093042125,0.41044776119402987,0.4756000278244141,0.39056712892261053,-0.08503289890180263,-1.9227749289570346,-3.8205142844268427,-1.897739355469808,0.47364242616703717,0.3902826294061607,-0.08335979676087647,0.0682756430612893,0.06970466814861861,150000
<SOURCE_VECSTRAIGHT_REPO>/remote-results/phase3_vecstraight_clean_msgsource_learned_15seeds_remote_20260410/train/cond1_seed1414.pt,cond1,1414,9001,greedy,none,none,none,none,agent_2,agent_2,1,mixed,2.5,6298,0.7087964433153382,0.2912035566846618,0.23257566063545826,-8.440876267758124,0.22832645284217212,0.16810057092196326,0.3491029317389102,0.18100236081694665,-10.034627329904755,-5.3065975834336045,4.728029746471151,0.16862496030485868,0.3448713877421404,0.17624642743728167,0.08542394410924103,0.11876786281359161,150000
<SOURCE_VECSTRAIGHT_REPO>/remote-results/phase3_vecstraight_clean_msgsource_learned_15seeds_remote_20260410/train/cond1_seed1414.pt,cond1,1414,9001,greedy,none,none,none,none,agent_2,agent_3,0,mixed,2.5,6298,0.7087964433153382,0.2912035566846618,0.4241497363853685,-4.151754717790028,0.4269609399809463,0.5146432440011409,0.15202041268132624,-0.36262283131981493,0.3218847672295603,-18.815861022710877,-19.137745789940436,0.5196887900920927,0.15369958717053034,-0.3659892029215624,0.0927278501111464,0.273261352810416,150000
<SOURCE_VECSTRAIGHT_REPO>/remote-results/phase3_vecstraight_clean_msgsource_learned_15seeds_remote_20260410/train/cond1_seed1414.pt,cond1,1414,9001,greedy,none,none,none,none,agent_3,agent_0,0,mixed,2.5,6298,0.23785328675770084,0.7621467132422991,0.12217831503506574,-21.899508637886893,0.12257859637980312,0.23944312543898433,0.02027401590888417,-0.21916910953009977,-8.611752928987917,-26.472034098724215,-17.860281169736297,0.2372181644966656,0.019530009526833914,-0.21768815496983168,0.11463956811686249,0.10304858685296919,150000
<SOURCE_VECSTRAIGHT_REPO>/remote-results/phase3_vecstraight_clean_msgsource_learned_15seeds_remote_20260410/train/cond1_seed1414.pt,cond1,1414,9001,greedy,none,none,none,none,agent_3,agent_1,0,mixed,2.5,6298,0.23785328675770084,0.7621467132422991,0.4116057203391277,-3.4654067093042125,0.41044776119402987,0.34562972563133204,0.4047049801124537,0.05907525448112228,-4.794581338325524,-3.8394643931080896,0.9551169452174348,0.34582407113369323,0.40282629406160686,0.057002222927913626,0.08717053032708796,0.018100984439504603,150000
<SOURCE_VECSTRAIGHT_REPO>/remote-results/phase3_vecstraight_clean_msgsource_learned_15seeds_remote_20260410/train/cond1_seed1414.pt,cond1,1414,9001,greedy,none,none,none,none,agent_3,agent_2,0,mixed,2.5,6298,0.23785328675770084,0.7621467132422991,0.23257566063545826,-8.440876267758124,0.22832645284217212,0.26281479505549954,0.20605100621847272,-0.0567637888370269,-8.286400160152748,-8.534723493183328,-0.24832333303058135,0.25976500476341696,0.19879326770403302,-0.06097173705938393,0.04318831375039695,0.041600508097808825,150000
<SOURCE_VECSTRAIGHT_REPO>/remote-results/phase3_vecstraight_clean_msgsource_learned_15seeds_remote_20260410/train/cond1_seed1414.pt,cond1,1414,9001,greedy,none,none,none,none,agent_3,agent_3,1,mixed,2.5,6298,0.23785328675770084,0.7621467132422991,0.4241497363853685,-4.151754717790028,0.4269609399809463,0.688638356373025,0.30736803345296704,-0.3812703229200578,4.82998009766909,-7.753548646491836,-12.583528744160926,0.6924420450936806,0.30882819942838996,-0.38361384566529055,0.2654811051127342,0.11813274055255636,150000
<SOURCE_VECSTRAIGHT_REPO>/remote-results/phase3_vecstraight_clean_msgsource_learned_15seeds_remote_20260410/train/cond1_seed1414.pt,cond1,1414,9001,greedy,none,none,none,none,agent_0,agent_0,1,mixed,3.5,6673,0.41465607672710925,0.5853439232728908,0.9501081727532357,24.520983425009632,0.9497976921924172,0.9521723072150763,0.9508649151581524,-0.0013073920569246474,22.75174056638686,26.49842126746103,3.7466807010741707,0.9520455567211149,0.9502472650981567,-0.0017982916229581896,0.0025475797991907686,0.00464558669264199,150000
<SOURCE_VECSTRAIGHT_REPO>/remote-results/phase3_vecstraight_clean_msgsource_learned_15seeds_remote_20260410/train/cond1_seed1414.pt,cond1,1414,9001,greedy,none,none,none,none,agent_0,agent_1,0,mixed,3.5,6673,0.41465607672710925,0.5853439232728908,0.8595712404859864,7.764977643622213,0.8664768469953544,0.8620907105791734,0.8400980737766343,-0.0219926368025391,7.198020499385531,7.985115453652243,0.7870949542667133,0.8670762775363404,0.8472950696838004,-0.019781207852540086,0.029971527049303164,0.02397722163944253,150000
<SOURCE_VECSTRAIGHT_REPO>/remote-results/phase3_vecstraight_clean_msgsource_learned_15seeds_remote_20260410/train/cond1_seed1414.pt,cond1,1414,9001,greedy,none,none,none,none,agent_0,agent_2,0,mixed,3.5,6673,0.41465607672710925,0.5853439232728908,0.8360162056573329,5.508869894464102,0.8499925071182377,0.81834668698409,0.8450985636616153,0.02675187667752559,4.928712880461359,5.589670314770776,0.6609574343094168,0.8231679904091114,0.8760677356511314,0.05289974524202008,0.038513412258354564,0.06773565113142514,150000
<SOURCE_VECSTRAIGHT_REPO>/remote-results/phase3_vecstraight_clean_msgsource_learned_15seeds_remote_20260410/train/cond1_seed1414.pt,cond1,1414,9001,greedy,none,none,none,none,agent_0,agent_3,0,mixed,3.5,6673,0.41465607672710925,0.5853439232728908,0.9715059378609703,16.132614843856622,0.9727259103851341,0.9758182610373637,0.9592258184478882,-0.0165924425894752,15.309691544779055,16.880543546543187,1.5708520017641336,0.9764723512662971,0.9608871572006594,-0.015585194065637645,0.004345871422148958,0.012737898995953845,150000
<SOURCE_VECSTRAIGHT_REPO>/remote-results/phase3_vecstraight_clean_msgsource_learned_15seeds_remote_20260410/train/cond1_seed1414.pt,cond1,1414,9001,greedy,none,none,none,none,agent_1,agent_0,0,mixed,3.5,6673,0.2583545631649933,0.7416454368350067,0.9501081727532357,24.520983425009632,0.9497976921924172,0.959303512017131,0.949144760123421,-0.010158751893710075,28.659484817260264,22.946196415178978,-5.713288402081286,0.9592387232129477,0.9485988311104451,-0.010639892102502622,0.010340176832009591,0.0011988610819721264,150000
<SOURCE_VECSTRAIGHT_REPO>/remote-results/phase3_vecstraight_clean_msgsource_learned_15seeds_remote_20260410/train/cond1_seed1414.pt,cond1,1414,9001,greedy,none,none,none,none,agent_1,agent_1,1,mixed,3.5,6673,0.2583545631649933,0.7416454368350067,0.8595712404859864,7.764977643622213,0.8664768469953544,0.9072033547793177,0.8238731414308964,-0.08333021334842126,11.470229956363427,6.046758703227596,-5.4234712531358324,0.9124831410160348,0.8315600179829162,-0.08092312303311854,0.046306009291173386,0.034916829012438186,150000
<SOURCE_VECSTRAIGHT_REPO>/remote-results/phase3_vecstraight_clean_msgsource_learned_15seeds_remote_20260410/train/cond1_seed1414.pt,cond1,1414,9001,greedy,none,none,none,none,agent_1,agent_2,0,mixed,3.5,6673,0.2583545631649933,0.7416454368350067,0.8360162056573329,5.508869894464102,0.8499925071182377,0.6058391706485815,0.9360542862177365,0.33021511556915484,0.39228482303475753,7.425338051075451,7.033053228040694,0.6584744492731904,0.9500974074629103,0.2916229581897198,0.20140866177131725,0.10010490034467256,150000
<SOURCE_VECSTRAIGHT_REPO>/remote-results/phase3_vecstraight_clean_msgsource_learned_15seeds_remote_20260410/train/cond1_seed1414.pt,cond1,1414,9001,greedy,none,none,none,none,agent_1,agent_3,0,mixed,3.5,6673,0.2583545631649933,0.7416454368350067,0.9715059378609703,16.132614843856622,0.9727259103851341,0.9625071133883063,0.968501555685025,0.005994442296718084,23.018811243264263,13.754904966397781,-9.263906276866484,0.9623857335531245,0.9700284729506968,0.007642739397572307,0.018732204405814475,0.004196013786902443,150000
<SOURCE_VECSTRAIGHT_REPO>/remote-results/phase3_vecstraight_clean_msgsource_learned_15seeds_remote_20260410/train/cond1_seed1414.pt,cond1,1414,9001,greedy,none,none,none,none,agent_2,agent_0,0,mixed,3.5,6673,0.2406713622059044,0.7593286377940957,0.9501081727532357,24.520983425009632,0.9497976921924172,0.9496310048920964,0.9544223142082113,0.0047913093161149325,28.326341290720823,23.724208787023333,-4.602132503697491,0.9496478345571707,0.9542934212498126,0.00464558669264199,0.005844447774614117,0.005694590139367601,150000
<SOURCE_VECSTRAIGHT_REPO>/remote-results/phase3_vecstraight_clean_msgsource_learned_15seeds_remote_20260410/train/cond1_seed1414.pt,cond1,1414,9001,greedy,none,none,none,none,agent_2,agent_1,0,mixed,3.5,6673,0.2406713622059044,0.7593286377940957,0.8595712404859864,7.764977643622213,0.8664768469953544,0.9909061646472049,0.8345613199379938,-0.15634484470921106,13.885620056506523,5.938321841195411,-7.947298215311113,0.9928068335081672,0.8435486288026375,-0.14925820470552975,0.12662970178330585,0.02292821819271692,150000
<SOURCE_VECSTRAIGHT_REPO>/remote-results/phase3_vecstraight_clean_msgsource_learned_15seeds_remote_20260410/train/cond1_seed1414.pt,cond1,1414,9001,greedy,none,none,none,none,agent_2,agent_2,1,mixed,3.5,6673,0.2406713622059044,0.7593286377940957,0.8360162056573329,5.508869894464102,0.8499925071182377,0.4711755331091618,0.9027721202690508,0.4315965871598891,-0.8163114200775616,7.540292413034093,8.356603833111654,0.47999400569459016,0.9042409710774764,0.42424696538288625,0.3714970777761127,0.05424846395923872,150000
<SOURCE_VECSTRAIGHT_REPO>/remote-results/phase3_vecstraight_clean_msgsource_learned_15seeds_remote_20260410/train/cond1_seed1414.pt,cond1,1414,9001,greedy,none,none,none,none,agent_2,agent_3,0,mixed,3.5,6673,0.2406713622059044,0.7593286377940957,0.9715059378609703,16.132614843856622,0.9727259103851341,0.994323754043988,0.9429865546256796,-0.051337199418308416,20.619063508655962,14.34933772256184,-6.2697257860941225,0.9949048404016184,0.9438033867825566,-0.05110145361906189,0.02217893001648434,0.028922523602577552,150000
<SOURCE_VECSTRAIGHT_REPO>/remote-results/phase3_vecstraight_clean_msgsource_learned_15seeds_remote_20260410/train/cond1_seed1414.pt,cond1,1414,9001,greedy,none,none,none,none,agent_3,agent_0,0,mixed,3.5,6673,0.9491982616514312,0.05080173834856886,0.9501081727532357,24.520983425009632,0.9497976921924172,0.9687300747797313,0.7436536933662334,-0.22507638141349795,25.393638914222393,3.6602962768101968,-21.733342637412196,0.9682301813277386,0.7504870373145511,-0.21774314401318748,0.018432489135321445,0.19931065487786603,150000
<SOURCE_VECSTRAIGHT_REPO>/remote-results/phase3_vecstraight_clean_msgsource_learned_15seeds_remote_20260410/train/cond1_seed1414.pt,cond1,1414,9001,greedy,none,none,none,none,agent_3,agent_1,0,mixed,3.5,6673,0.9491982616514312,0.05080173834856886,0.8595712404859864,7.764977643622213,0.8664768469953544,0.8575641446351874,0.8219819882313649,-0.03558215640382204,7.456324558484577,6.8927594165421135,-0.5635651419424643,0.8646785553723962,0.8249662820320696,-0.03971227334032669,0.0035965832459163793,0.06848493930765773,150000
<SOURCE_VECSTRAIGHT_REPO>/remote-results/phase3_vecstraight_clean_msgsource_learned_15seeds_remote_20260410/train/cond1_seed1414.pt,cond1,1414,9001,greedy,none,none,none,none,agent_3,agent_2,0,mixed,3.5,6673,0.9491982616514312,0.05080173834856886,0.8360162056573329,5.508869894464102,0.8499925071182377,0.8458450526468428,0.34985666129943854,-0.49598839134740424,5.6750703104723526,-1.0231115610126469,-6.698181871484999,0.8598831110445078,0.3319346620710325,-0.5279484489734751,0.009890603926270043,0.5690094410310206,150000
<SOURCE_VECSTRAIGHT_REPO>/remote-results/phase3_vecstraight_clean_msgsource_learned_15seeds_remote_20260410/train/cond1_seed1414.pt,cond1,1414,9001,greedy,none,none,none,none,agent_3,agent_3,1,mixed,3.5,6673,0.9491982616514312,0.05080173834856886,0.9715059378609703,16.132614843856622,0.9727259103851341,0.9856525993945364,0.3724362571475202,-0.6132163422470165,16.828642787290946,-1.5380100928940337,-18.36665288018498,0.9863629551925671,0.3622059043908287,-0.6241570508017383,0.01393676007792597,0.6105200059943054,150000
<SOURCE_VECSTRAIGHT_REPO>/remote-results/phase3_vecstraight_clean_msgsource_learned_15seeds_remote_20260410/train/cond1_seed1414.pt,cond1,1414,9001,greedy,none,none,none,none,agent_0,agent_0,1,cooperative,5.0,5917,0.18776406962988001,0.81223593037012,0.9974846025266068,38.0361757029351,0.997464931553152,0.9974846025266068,0.9991434920966079,0.0016588895700011019,29.522854861960592,39.77224704912834,10.24939218716775,0.997464931553152,0.999154977184384,0.0016900456312320432,0.0,0.0016900456312320432,150000
<SOURCE_VECSTRAIGHT_REPO>/remote-results/phase3_vecstraight_clean_msgsource_learned_15seeds_remote_20260410/train/cond1_seed1414.pt,cond1,1414,9001,greedy,none,none,none,none,agent_0,agent_1,0,cooperative,5.0,5917,0.18776406962988001,0.81223593037012,0.9891272408949758,12.818626156988751,1.0,0.929242795195071,0.9999983321276593,0.07075553693258825,3.9918997778226863,14.885877535756988,10.893977757934302,1.0,1.0,0.0,0.0,0.0,150000
<SOURCE_VECSTRAIGHT_REPO>/remote-results/phase3_vecstraight_clean_msgsource_learned_15seeds_remote_20260410/train/cond1_seed1414.pt,cond1,1414,9001,greedy,none,none,none,none,agent_0,agent_2,0,cooperative,5.0,5917,0.18776406962988001,0.81223593037012,0.9832942801304821,7.5656411164925474,0.9864796349501437,0.9736233112679076,0.982841195806341,0.00921788453843341,7.916541213856893,7.302207996046621,-0.614333217810271,0.9780294067939834,0.9852966030082813,0.007267196214297786,0.008450228156160216,0.004901132330572926,150000
<SOURCE_VECSTRAIGHT_REPO>/remote-results/phase3_vecstraight_clean_msgsource_learned_15seeds_remote_20260410/train/cond1_seed1414.pt,cond1,1414,9001,greedy,none,none,none,none,agent_0,agent_3,0,cooperative,5.0,5917,0.18776406962988001,0.81223593037012,0.999999998126337,30.210434389815493,1.0,0.9999999982875123,0.9999996170474605,-3.812400517440314e-07,22.23490516007581,31.34890189315089,9.113996733075082,1.0,1.0,0.0,0.0,0.0,150000
<SOURCE_VECSTRAIGHT_REPO>/remote-results/phase3_vecstraight_clean_msgsource_learned_15seeds_remote_20260410/train/cond1_seed1414.pt,cond1,1414,9001,greedy,none,none,none,none,agent_1,agent_0,0,cooperative,5.0,5917,0.02450566165286463,0.9754943383471354,0.9974846025266068,38.0361757029351,0.997464931553152,0.9999470296634579,0.9974846025266068,-0.002462427136851159,47.312693113559035,37.80148865592798,-9.511204457631058,1.0,0.997464931553152,-0.0025350684468480648,0.0025350684468480648,0.0,150000
<SOURCE_VECSTRAIGHT_REPO>/remote-results/phase3_vecstraight_clean_msgsource_learned_15seeds_remote_20260410/train/cond1_seed1414.pt,cond1,1414,9001,greedy,none,none,none,none,agent_1,agent_1,1,cooperative,5.0,5917,0.02450566165286463,0.9754943383471354,0.9891272408949758,12.818626156988751,1.0,0.9999812445226344,0.9878565785508916,-0.012124665971742766,17.114851067391363,12.724199090492329,-4.3906519768990355,1.0,1.0,0.0,0.0,0.0,150000
<SOURCE_VECSTRAIGHT_REPO>/remote-results/phase3_vecstraight_clean_msgsource_learned_15seeds_remote_20260410/train/cond1_seed1414.pt,cond1,1414,9001,greedy,none,none,none,none,agent_1,agent_2,0,cooperative,5.0,5917,0.02450566165286463,0.9754943383471354,0.9832942801304821,7.5656411164925474,0.9864796349501437,0.517881719108445,0.9967337633219155,0.4788520442134705,0.09493629719249215,7.770005195617716,7.6750688984252236,0.5267872232550279,0.9993239817475071,0.4725367584924793,0.45969241169511577,0.012844346797363529,150000
<SOURCE_VECSTRAIGHT_REPO>/remote-results/phase3_vecstraight_clean_msgsource_learned_15seeds_remote_20260410/train/cond1_seed1414.pt,cond1,1414,9001,greedy,none,none,none,none,agent_1,agent_3,0,cooperative,5.0,5917,0.02450566165286463,0.9754943383471354,0.999999998126337,30.210434389815493,1.0,0.9996405112169442,0.9999999981061901,0.00035948688924584575,31.682111125057244,30.137706566566106,-1.5444045584911388,0.9996619908737536,1.0,0.0003380091262464086,0.0003380091262464086,0.0,150000
<SOURCE_VECSTRAIGHT_REPO>/remote-results/phase3_vecstraight_clean_msgsource_learned_15seeds_remote_20260410/train/cond1_seed1414.pt,cond1,1414,9001,greedy,none,none,none,none,agent_2,agent_0,0,cooperative,5.0,5917,0.970255196890316,0.02974480310968396,0.9974846025266068,38.0361757029351,0.997464931553152,0.9976584608439332,0.9988757146760703,0.0012172538321371799,38.2617363917056,30.28791289792807,-7.973823493777527,0.9976339361162752,0.9994929863106304,0.0018590501943552475,0.0001690045631232043,0.0023660638837248605,150000
<SOURCE_VECSTRAIGHT_REPO>/remote-results/phase3_vecstraight_clean_msgsource_learned_15seeds_remote_20260410/train/cond1_seed1414.pt,cond1,1414,9001,greedy,none,none,none,none,agent_2,agent_1,0,cooperative,5.0,5917,0.970255196890316,0.02974480310968396,0.9891272408949758,12.818626156988751,1.0,0.9886086577496376,0.9995067637625913,0.010898106012953603,12.798385290372648,13.463359426067994,0.6649741356953467,1.0,0.9998309954368768,-0.0001690045631232043,0.0,0.0001690045631232043,150000
<SOURCE_VECSTRAIGHT_REPO>/remote-results/phase3_vecstraight_clean_msgsource_learned_15seeds_remote_20260410/train/cond1_seed1414.pt,cond1,1414,9001,greedy,none,none,none,none,agent_2,agent_2,1,cooperative,5.0,5917,0.970255196890316,0.02974480310968396,0.9832942801304821,7.5656411164925474,0.9864796349501437,0.9803851596294612,0.9994528157668318,0.019067656137370596,7.316404565924504,15.419786828246615,8.103382262322112,0.9849585938820348,0.9996619908737536,0.014703396991718777,0.001521041068108839,0.013182355923609938,150000
<SOURCE_VECSTRAIGHT_REPO>/remote-results/phase3_vecstraight_clean_msgsource_learned_15seeds_remote_20260410/train/cond1_seed1414.pt,cond1,1414,9001,greedy,none,none,none,none,agent_2,agent_3,0,cooperative,5.0,5917,0.970255196890316,0.02974480310968396,0.999999998126337,30.210434389815493,1.0,0.9999999999597061,0.9988087842464194,-0.0011912157132867693,30.447095579244365,22.622533008398307,-7.824562570846059,1.0,0.9988169680581376,-0.0011830319418624302,0.0,0.0011830319418624302,150000
<SOURCE_VECSTRAIGHT_REPO>/remote-results/phase3_vecstraight_clean_msgsource_learned_15seeds_remote_20260410/train/cond1_seed1414.pt,cond1,1414,9001,greedy,none,none,none,none,agent_3,agent_0,0,cooperative,5.0,5917,0.992563799222579,0.00743620077742099,0.9974846025266068,38.0361757029351,0.997464931553152,0.9998164609923281,0.9844626879810169,-0.015353773011311304,38.15599284382392,17.83239958349295,-20.32359326033097,0.9998309954368768,0.9847895893189116,-0.015041406117965185,0.0023660638837248605,0.012675342234240324,150000
<SOURCE_VECSTRAIGHT_REPO>/remote-results/phase3_vecstraight_clean_msgsource_learned_15seeds_remote_20260410/train/cond1_seed1414.pt,cond1,1414,9001,greedy,none,none,none,none,agent_3,agent_1,0,cooperative,5.0,5917,0.992563799222579,0.00743620077742099,0.9891272408949758,12.818626156988751,1.0,0.9890907612607671,0.9994741518372153,0.010383390576448194,12.757512118438823,13.941947960946253,1.18443584250743,1.0,1.0,0.0,0.0,0.0,150000
<SOURCE_VECSTRAIGHT_REPO>/remote-results/phase3_vecstraight_clean_msgsource_learned_15seeds_remote_20260410/train/cond1_seed1414.pt,cond1,1414,9001,greedy,none,none,none,none,agent_3,agent_2,0,cooperative,5.0,5917,0.992563799222579,0.00743620077742099,0.9832942801304821,7.5656411164925474,0.9864796349501437,0.9839760252016457,0.2340533490968931,-0.7499226761047527,7.603988954822256,-2.171428530310303,-9.775417485132559,0.9871556532026364,0.20348149400033802,-0.7836741592022984,0.0006760182524928173,0.7829981409498057,150000
<SOURCE_VECSTRAIGHT_REPO>/remote-results/phase3_vecstraight_clean_msgsource_learned_15seeds_remote_20260410/train/cond1_seed1414.pt,cond1,1414,9001,greedy,none,none,none,none,agent_3,agent_3,1,cooperative,5.0,5917,0.992563799222579,0.00743620077742099,0.999999998126337,30.210434389815493,1.0,0.9999999983882469,0.9984723146427901,-0.0015276837454567629,30.242802044054695,29.82044447879141,-0.42235756526328594,1.0,0.9988169680581376,-0.0011830319418624302,0.0,0.0011830319418624302,150000
<SOURCE_VECSTRAIGHT_REPO>/remote-results/phase3_vecstraight_clean_msgsource_learned_15seeds_remote_20260410/train/cond1_seed1515.pt,cond1,1515,9001,greedy,none,none,none,none,agent_0,agent_0,1,competitive,0.5,5288,0.00037821482602118004,0.9996217851739788,4.56881150917161e-18,-67.16030904492885,0.0,3.530060266557406e-10,4.568811507726133e-18,-3.5300602208692934e-10,-65.93648890846616,-67.16282845120567,-1.2263395427395103,0.0,0.0,0.0,0.0,0.0,150000
<SOURCE_VECSTRAIGHT_REPO>/remote-results/phase3_vecstraight_clean_msgsource_learned_15seeds_remote_20260410/train/cond1_seed1515.pt,cond1,1515,9001,greedy,none,none,none,none,agent_0,agent_1,0,competitive,0.5,5288,0.00037821482602118004,0.9996217851739788,0.0011780625472516642,-56.15802612218797,0.0011346444780635401,0.002145993178985996,0.0011780625472516642,-0.000967930631734331,-51.8916915866466,-56.160560008876715,-4.268868422230111,0.00170196671709531,0.0011346444780635401,-0.0005673222390317701,0.00132375189107413,0.0,150000
<SOURCE_VECSTRAIGHT_REPO>/remote-results/phase3_vecstraight_clean_msgsource_learned_15seeds_remote_20260410/train/cond1_seed1515.pt,cond1,1515,9001,greedy,none,none,none,none,agent_0,agent_2,0,competitive,0.5,5288,0.00037821482602118004,0.9996217851739788,1.973794262012557e-10,-56.501121263460746,0.0,1.1227152196177295e-08,1.9737942619358442e-10,-1.1029772769983785e-08,-59.016938049205315,-56.50204154042,2.5148965087853115,0.0,0.0,0.0,0.0,0.0,150000
<SOURCE_VECSTRAIGHT_REPO>/remote-results/phase3_vecstraight_clean_msgsource_learned_15seeds_remote_20260410/train/cond1_seed1515.pt,cond1,1515,9001,greedy,none,none,none,none,agent_0,agent_3,0,competitive,0.5,5288,0.00037821482602118004,0.9996217851739788,2.3002708492519384e-10,-56.7973537840028,0.0,2.4777197063254173e-05,2.3002708492514057e-10,-2.477696703616926e-05,-44.07469159630712,-56.80222630230273,-12.72753470599561,0.0,0.0,0.0,0.0,0.0,150000
<SOURCE_VECSTRAIGHT_REPO>/remote-results/phase3_vecstraight_clean_msgsource_learned_15seeds_remote_20260410/train/cond1_seed1515.pt,cond1,1515,9001,greedy,none,none,none,none,agent_1,agent_0,0,competitive,0.5,5288,0.9986762481089259,0.00132375189107413,4.56881150917161e-18,-67.16030904492885,0.0,4.568811506401727e-18,6.216141424901297e-17,5.759260274261199e-17,-67.15995662836372,-67.21618222396782,-0.05622559560409292,0.0,0.0,0.0,0.0,0.0,150000
<SOURCE_VECSTRAIGHT_REPO>/remote-results/phase3_vecstraight_clean_msgsource_learned_15seeds_remote_20260410/train/cond1_seed1515.pt,cond1,1515,9001,greedy,none,none,none,none,agent_1,agent_1,1,competitive,0.5,5288,0.9986762481089259,0.00132375189107413,0.0011780625472516642,-56.15802612218797,0.0011346444780635401,0.001178062547253256,2.581745194615992e-05,-0.0011522450953070959,-56.13713703329327,-72.04732225192838,-15.910185218635107,0.0011346444780635401,0.0,-0.0011346444780635401,0.0,0.0011346444780635401,150000
<SOURCE_VECSTRAIGHT_REPO>/remote-results/phase3_vecstraight_clean_msgsource_learned_15seeds_remote_20260410/train/cond1_seed1515.pt,cond1,1515,9001,greedy,none,none,none,none,agent_1,agent_2,0,competitive,0.5,5288,0.9986762481089259,0.00132375189107413,1.973794262012557e-10,-56.501121263460746,0.0,1.9737942619423867e-10,0.00019360628366035972,0.0001936060862809334,-56.511821265660686,-51.253182295501325,5.2586389701593665,0.0,0.00018910741301059002,0.00018910741301059002,0.0,0.00018910741301059002,150000
<SOURCE_VECSTRAIGHT_REPO>/remote-results/phase3_vecstraight_clean_msgsource_learned_15seeds_remote_20260410/train/cond1_seed1515.pt,cond1,1515,9001,greedy,none,none,none,none,agent_1,agent_3,0,competitive,0.5,5288,0.9986762481089259,0.00132375189107413,2.3002708492519384e-10,-56.7973537840028,0.0,2.3002708492420407e-10,4.8118663837178494e-11,-1.8190842108702727e-10,-56.79407089073972,-58.4097922028644,-1.6157213121246823,0.0,0.0,0.0,0.0,0.0,150000
<SOURCE_VECSTRAIGHT_REPO>/remote-results/phase3_vecstraight_clean_msgsource_learned_15seeds_remote_20260410/train/cond1_seed1515.pt,cond1,1515,9001,greedy,none,none,none,none,agent_2,agent_0,0,competitive,0.5,5288,0.0,1.0,4.56881150917161e-18,-67.16030904492885,0.0,1.25736889061897e-13,4.56881150917161e-18,-1.257323202503886e-13,-67.11969393248276,-67.16030904492885,-0.04061511244607945,0.0,0.0,0.0,0.0,0.0,150000
<SOURCE_VECSTRAIGHT_REPO>/remote-results/phase3_vecstraight_clean_msgsource_learned_15seeds_remote_20260410/train/cond1_seed1515.pt,cond1,1515,9001,greedy,none,none,none,none,agent_2,agent_1,0,competitive,0.5,5288,0.0,1.0,0.0011780625472516642,-56.15802612218797,0.0011346444780635401,1.9628892299048094e-08,0.0011780625472516642,0.0011780429183593647,-76.40739012413775,-56.15802612218797,20.24936400194978,0.0,0.0011346444780635401,0.0011346444780635401,0.0011346444780635401,0.0,150000
<SOURCE_VECSTRAIGHT_REPO>/remote-results/phase3_vecstraight_clean_msgsource_learned_15seeds_remote_20260410/train/cond1_seed1515.pt,cond1,1515,9001,greedy,none,none,none,none,agent_2,agent_2,1,competitive,0.5,5288,0.0,1.0,1.973794262012557e-10,-56.501121263460746,0.0,3.9356816521379694e-14,1.973794262012557e-10,1.9734006938473473e-10,-61.124309122832926,-56.501121263460746,4.623187859372184,0.0,0.0,0.0,0.0,0.0,150000
<SOURCE_VECSTRAIGHT_REPO>/remote-results/phase3_vecstraight_clean_msgsource_learned_15seeds_remote_20260410/train/cond1_seed1515.pt,cond1,1515,9001,greedy,none,none,none,none,agent_2,agent_3,0,competitive,0.5,5288,0.0,1.0,2.3002708492519384e-10,-56.7973537840028,0.0,5.412575834946158e-11,2.3002708492519384e-10,1.7590132657573488e-10,-48.75449931819933,-56.7973537840028,-8.042854465803472,0.0,0.0,0.0,0.0,0.0,150000
<SOURCE_VECSTRAIGHT_REPO>/remote-results/phase3_vecstraight_clean_msgsource_learned_15seeds_remote_20260410/train/cond1_seed1515.pt,cond1,1515,9001,greedy,none,none,none,none,agent_3,agent_0,0,competitive,0.5,5288,0.8398260211800302,0.16017397881996975,4.56881150917161e-18,-67.16030904492885,0.0,6.912679205191304e-20,2.417947646123056e-17,2.4110349669178913e-17,-67.49976035073377,-65.6200675527916,1.8796927979421687,0.0,0.0,0.0,0.0,0.0,150000
<SOURCE_VECSTRAIGHT_REPO>/remote-results/phase3_vecstraight_clean_msgsource_learned_15seeds_remote_20260410/train/cond1_seed1515.pt,cond1,1515,9001,greedy,none,none,none,none,agent_3,agent_1,0,competitive,0.5,5288,0.8398260211800302,0.16017397881996975,0.0011780625472516642,-56.15802612218797,0.0011346444780635401,0.0002171359692589556,0.006774070321071134,0.006556934351812177,-57.21885986222622,-50.747508153178465,6.471351709047758,0.00018910741301059002,0.00661875945537065,0.006429652042360061,0.0009455370650529501,0.00548411497730711,150000
<SOURCE_VECSTRAIGHT_REPO>/remote-results/phase3_vecstraight_clean_msgsource_learned_15seeds_remote_20260410/train/cond1_seed1515.pt,cond1,1515,9001,greedy,none,none,none,none,agent_3,agent_2,0,competitive,0.5,5288,0.8398260211800302,0.16017397881996975,1.973794262012557e-10,-56.501121263460746,0.0,1.973047750292395e-10,5.209587578584984e-09,5.012282803555743e-09,-56.49693835701416,-56.41643468442735,0.0805036725868075,0.0,0.0,0.0,0.0,0.0,150000
<SOURCE_VECSTRAIGHT_REPO>/remote-results/phase3_vecstraight_clean_msgsource_learned_15seeds_remote_20260410/train/cond1_seed1515.pt,cond1,1515,9001,greedy,none,none,none,none,agent_3,agent_3,1,competitive,0.5,5288,0.8398260211800302,0.16017397881996975,2.3002708492519384e-10,-56.7973537840028,0.0,8.762013459259922e-12,1.5021884552512153e-08,1.5013122539052905e-08,-56.41072943062717,-52.30364686710571,4.107082563521462,0.0,0.0,0.0,0.0,0.0,150000
<SOURCE_VECSTRAIGHT_REPO>/remote-results/phase3_vecstraight_clean_msgsource_learned_15seeds_remote_20260410/train/cond1_seed1515.pt,cond1,1515,9001,greedy,none,none,none,none,agent_0,agent_0,1,mixed,1.5,5824,0.002918956043956044,0.9970810439560439,6.5821936943601e-05,-53.698775718050015,0.0,0.00020175628368901543,1.5177683471095641e-05,-0.0001865786002179199,-52.22452609961505,-53.71532798881878,-1.4908018892037345,0.0,0.0,0.0,0.0,0.0,150000
<SOURCE_VECSTRAIGHT_REPO>/remote-results/phase3_vecstraight_clean_msgsource_learned_15seeds_remote_20260410/train/cond1_seed1515.pt,cond1,1515,9001,greedy,none,none,none,none,agent_0,agent_1,0,mixed,1.5,5824,0.002918956043956044,0.9970810439560439,0.02295062636248898,-28.86639118617897,0.02283653846153846,0.053373530208956695,0.022557299631097233,-0.030816230577859312,-23.175727181737873,-28.884571167168332,-5.708843985430456,0.05339972527472527,0.022321428571428572,-0.031078296703296704,0.03296703296703297,0.0005151098901098901,150000
<SOURCE_VECSTRAIGHT_REPO>/remote-results/phase3_vecstraight_clean_msgsource_learned_15seeds_remote_20260410/train/cond1_seed1515.pt,cond1,1515,9001,greedy,none,none,none,none,agent_0,agent_2,0,mixed,1.5,5824,0.002918956043956044,0.9970810439560439,0.0013782052536260986,-37.60594305869417,0.0015453296703296703,0.0033480201416175356,0.0013717927497149001,-0.001976227391902657,-37.867215004084365,-37.63085114921617,0.23636385486819422,0.0030906593406593405,0.0015453296703296703,-0.0015453296703296703,0.0015453296703296703,0.0,150000
<SOURCE_VECSTRAIGHT_REPO>/remote-results/phase3_vecstraight_clean_msgsource_learned_15seeds_remote_20260410/train/cond1_seed1515.pt,cond1,1515,9001,greedy,none,none,none,none,agent_0,agent_3,0,mixed,1.5,5824,0.002918956043956044,0.9970810439560439,0.0007139938543296377,-43.13986966682721,0.0006868131868131869,0.006094135711265623,0.0001472763380418424,-0.005946859373223781,-35.66900161658363,-43.16552577229155,-7.496524155707927,0.006524725274725275,0.0,-0.006524725274725275,0.005837912087912088,0.0006868131868131869,150000
<SOURCE_VECSTRAIGHT_REPO>/remote-results/phase3_vecstraight_clean_msgsource_learned_15seeds_remote_20260410/train/cond1_seed1515.pt,cond1,1515,9001,greedy,none,none,none,none,agent_1,agent_0,0,mixed,1.5,5824,0.9816277472527473,0.018372252747252748,6.5821936943601e-05,-53.698775718050015,0.0,7.0671681422051934e-06,0.00056783967380619,0.0005607725056639854,-53.75128444709948,-51.410362979724674,2.3409214673748058,0.0,0.0005151098901098901,0.0005151098901098901,0.0,0.0005151098901098901,150000
<SOURCE_VECSTRAIGHT_REPO>/remote-results/phase3_vecstraight_clean_msgsource_learned_15seeds_remote_20260410/train/cond1_seed1515.pt,cond1,1515,9001,greedy,none,none,none,none,agent_1,agent_1,1,mixed,1.5,5824,0.9816277472527473,0.018372252747252748,0.02295062636248898,-28.86639118617897,0.02283653846153846,0.02626799141199027,0.005888878027076144,-0.02037911338491418,-28.56173720953418,-44.624872243613936,-16.063135034079757,0.0260989010989011,0.005666208791208791,-0.020432692307692308,0.0032623626373626375,0.017170329670329672,150000
<SOURCE_VECSTRAIGHT_REPO>/remote-results/phase3_vecstraight_clean_msgsource_learned_15seeds_remote_20260410/train/cond1_seed1515.pt,cond1,1515,9001,greedy,none,none,none,none,agent_1,agent_2,0,mixed,1.5,5824,0.9816277472527473,0.018372252747252748,0.0013782052536260986,-37.60594305869417,0.0015453296703296703,0.0002282907793415804,0.0094630116093187,0.009234720829977106,-37.82990077202423,-27.632117112233065,10.19778365979117,0.00017170329670329672,0.008241758241758242,0.008070054945054946,0.0013736263736263737,0.006696428571428571,150000
<SOURCE_VECSTRAIGHT_REPO>/remote-results/phase3_vecstraight_clean_msgsource_learned_15seeds_remote_20260410/train/cond1_seed1515.pt,cond1,1515,9001,greedy,none,none,none,none,agent_1,agent_3,0,mixed,1.5,5824,0.9816277472527473,0.018372252747252748,0.0007139938543296377,-43.13986966682721,0.0006868131868131869,0.0006676436066414855,0.0007963019641099476,0.00012865835746846314,-43.18888299644075,-39.90904788066541,3.2798351157753434,0.0005151098901098901,0.0006868131868131869,0.00017170329670329672,0.00017170329670329672,0.0,150000
<SOURCE_VECSTRAIGHT_REPO>/remote-results/phase3_vecstraight_clean_msgsource_learned_15seeds_remote_20260410/train/cond1_seed1515.pt,cond1,1515,9001,greedy,none,none,none,none,agent_2,agent_0,0,mixed,1.5,5824,0.009787087912087912,0.9902129120879121,6.5821936943601e-05,-53.698775718050015,0.0,0.00026901511633041915,6.582193694360368e-05,-0.00020319317938681565,-54.80439934797667,-53.6820509127945,1.1223484351821653,0.00017170329670329672,0.0,-0.00017170329670329672,0.00017170329670329672,0.0,150000
<SOURCE_VECSTRAIGHT_REPO>/remote-results/phase3_vecstraight_clean_msgsource_learned_15seeds_remote_20260410/train/cond1_seed1515.pt,cond1,1515,9001,greedy,none,none,none,none,agent_2,agent_1,0,mixed,1.5,5824,0.009787087912087912,0.9902129120879121,0.02295062636248898,-28.86639118617897,0.02283653846153846,0.007301554163126137,0.022951054861510545,0.01564950069838445,-41.86468954914464,-28.744693081023858,13.119996468120787,0.006181318681318681,0.02283653846153846,0.01665521978021978,0.01665521978021978,0.0,150000
<SOURCE_VECSTRAIGHT_REPO>/remote-results/phase3_vecstraight_clean_msgsource_learned_15seeds_remote_20260410/train/cond1_seed1515.pt,cond1,1515,9001,greedy,none,none,none,none,agent_2,agent_2,1,mixed,1.5,5824,0.009787087912087912,0.9902129120879121,0.0013782052536260986,-37.60594305869417,0.0015453296703296703,0.0006731828144399955,0.0013782172372007614,0.000705034422760764,-42.665574860718145,-37.500873134507295,5.164701726210846,0.0006868131868131869,0.0015453296703296703,0.0008585164835164835,0.0008585164835164835,0.0,150000
<SOURCE_VECSTRAIGHT_REPO>/remote-results/phase3_vecstraight_clean_msgsource_learned_15seeds_remote_20260410/train/cond1_seed1515.pt,cond1,1515,9001,greedy,none,none,none,none,agent_2,agent_3,0,mixed,1.5,5824,0.009787087912087912,0.9902129120879121,0.0007139938543296377,-43.13986966682721,0.0006868131868131869,0.0019266228206682146,0.0007139938488944481,-0.0012126289717737653,-34.78230281754468,-43.23452122277672,-8.452218405232038,0.001717032967032967,0.0006868131868131869,-0.0010302197802197802,0.0013736263736263737,0.0,150000
<SOURCE_VECSTRAIGHT_REPO>/remote-results/phase3_vecstraight_clean_msgsource_learned_15seeds_remote_20260410/train/cond1_seed1515.pt,cond1,1515,9001,greedy,none,none,none,none,agent_3,agent_0,0,mixed,1.5,5824,0.9769917582417582,0.02300824175824176,6.5821936943601e-05,-53.698775718050015,0.0,2.35772818166421e-07,0.00044380116974064647,0.0004435653969224801,-53.81085056918008,-48.973514609980384,4.837335959199693,0.0,0.00034340659340659343,0.00034340659340659343,0.0,0.00034340659340659343,150000
<SOURCE_VECSTRAIGHT_REPO>/remote-results/phase3_vecstraight_clean_msgsource_learned_15seeds_remote_20260410/train/cond1_seed1515.pt,cond1,1515,9001,greedy,none,none,none,none,agent_3,agent_1,0,mixed,1.5,5824,0.9769917582417582,0.02300824175824176,0.02295062636248898,-28.86639118617897,0.02283653846153846,0.015578430384719257,0.25232798191210143,0.2367495515273818,-29.17406252530214,-13.839084432162293,15.334978093139847,0.015625,0.25171703296703296,0.23609203296703296,0.007211538461538462,0.2288804945054945,150000
<SOURCE_VECSTRAIGHT_REPO>/remote-results/phase3_vecstraight_clean_msgsource_learned_15seeds_remote_20260410/train/cond1_seed1515.pt,cond1,1515,9001,greedy,none,none,none,none,agent_3,agent_2,0,mixed,1.5,5824,0.9769917582417582,0.02300824175824176,0.0013782052536260986,-37.60594305869417,0.0015453296703296703,0.0012979843055683244,0.0015139246307504816,0.00021594032518215765,-37.682052469753486,-36.87299359914499,0.8090588706084988,0.0013736263736263737,0.001717032967032967,0.00034340659340659343,0.00017170329670329672,0.0005151098901098901,150000
<SOURCE_VECSTRAIGHT_REPO>/remote-results/phase3_vecstraight_clean_msgsource_learned_15seeds_remote_20260410/train/cond1_seed1515.pt,cond1,1515,9001,greedy,none,none,none,none,agent_3,agent_3,1,mixed,1.5,5824,0.9769917582417582,0.02300824175824176,0.0007139938543296377,-43.13986966682721,0.0006868131868131869,0.00013021178155720638,0.0011255276009637242,0.000995315819406517,-43.331541863091005,-33.64621652341397,9.685325339677037,0.00017170329670329672,0.0010302197802197802,0.0008585164835164835,0.0005151098901098901,0.00034340659340659343,150000
<SOURCE_VECSTRAIGHT_REPO>/remote-results/phase3_vecstraight_clean_msgsource_learned_15seeds_remote_20260410/train/cond1_seed1515.pt,cond1,1515,9001,greedy,none,none,none,none,agent_0,agent_0,1,mixed,2.5,6298,0.17053032708796442,0.8294696729120355,0.03957022203998811,-27.511158098629654,0.03890123848840902,0.03608910446533127,0.04636771918649031,0.010278614721159023,-27.827228275364014,-27.459940077192197,0.3672881981718158,0.03493172435693871,0.04477611940298507,0.009844395046046363,0.00682756430612893,0.030327087964433154,150000
<SOURCE_VECSTRAIGHT_REPO>/remote-results/phase3_vecstraight_clean_msgsource_learned_15seeds_remote_20260410/train/cond1_seed1515.pt,cond1,1515,9001,greedy,none,none,none,none,agent_0,agent_1,0,mixed,2.5,6298,0.17053032708796442,0.8294696729120355,0.45524447409926966,-4.729585098645098,0.45681168624960306,0.628646126397939,0.42442494882431325,-0.20422117757362585,1.4326375707849108,-5.7800133763388075,-7.212650947123719,0.6319466497300731,0.42616703715465226,-0.20577961257542077,0.18497935852651634,0.031914893617021274,150000
<SOURCE_VECSTRAIGHT_REPO>/remote-results/phase3_vecstraight_clean_msgsource_learned_15seeds_remote_20260410/train/cond1_seed1515.pt,cond1,1515,9001,greedy,none,none,none,none,agent_0,agent_2,0,mixed,2.5,6298,0.17053032708796442,0.8294696729120355,0.11957366566348164,-15.87634326820905,0.11718005716100349,0.17133453100162668,0.09324290333108848,-0.07809162767053739,-13.09961281277218,-17.035056597985285,-3.935443785213107,0.1711654493489997,0.09066370276278184,-0.08050174658621785,0.05398539218799619,0.026516354398221656,150000
<SOURCE_VECSTRAIGHT_REPO>/remote-results/phase3_vecstraight_clean_msgsource_learned_15seeds_remote_20260410/train/cond1_seed1515.pt,cond1,1515,9001,greedy,none,none,none,none,agent_0,agent_3,0,mixed,2.5,6298,0.17053032708796442,0.8294696729120355,0.055062509675331106,-19.818334949668646,0.05366783105747856,0.06419070794127069,0.032467870519221446,-0.03172283742204938,-20.272023962514293,-20.146122972258844,0.12590099025544912,0.06255954271197206,0.029691965703397903,-0.03286757700857415,0.023499523658304225,0.025246109876151158,150000
<SOURCE_VECSTRAIGHT_REPO>/remote-results/phase3_vecstraight_clean_msgsource_learned_15seeds_remote_20260410/train/cond1_seed1515.pt,cond1,1515,9001,greedy,none,none,none,none,agent_1,agent_0,0,mixed,2.5,6298,0.674341060654176,0.32565893934582407,0.03957022203998811,-27.511158098629654,0.03890123848840902,0.012224979914717942,0.07255885494033269,0.060333875025614776,-29.012164017858108,-25.073291377532044,3.9388726403260654,0.010638297872340425,0.07240393775801841,0.06176563988567799,0.028898062877103843,0.03890123848840902,150000
<SOURCE_VECSTRAIGHT_REPO>/remote-results/phase3_vecstraight_clean_msgsource_learned_15seeds_remote_20260410/train/cond1_seed1515.pt,cond1,1515,9001,greedy,none,none,none,none,agent_1,agent_1,1,mixed,2.5,6298,0.674341060654176,0.32565893934582407,0.45524447409926966,-4.729585098645098,0.45681168624960306,0.5724326894855772,0.17830371421011212,-0.39412897527546553,-0.4874826357793092,-16.77282679793252,-16.28534416215321,0.5735154017148301,0.1792632581771991,-0.394252143537631,0.1173388377262623,0.27754842807240393,150000
<SOURCE_VECSTRAIGHT_REPO>/remote-results/phase3_vecstraight_clean_msgsource_learned_15seeds_remote_20260410/train/cond1_seed1515.pt,cond1,1515,9001,greedy,none,none,none,none,agent_1,agent_2,0,mixed,2.5,6298,0.674341060654176,0.32565893934582407,0.11957366566348164,-15.87634326820905,0.11718005716100349,0.0257543179780193,0.29028141349376857,0.26452709551574854,-20.922292380550243,-5.837990127541728,15.084302253008513,0.02461098761511591,0.2873928231184503,0.2627818355033344,0.09256906954588759,0.1702127659574468,150000
<SOURCE_VECSTRAIGHT_REPO>/remote-results/phase3_vecstraight_clean_msgsource_learned_15seeds_remote_20260410/train/cond1_seed1515.pt,cond1,1515,9001,greedy,none,none,none,none,agent_1,agent_3,0,mixed,2.5,6298,0.674341060654176,0.32565893934582407,0.055062509675331106,-19.818334949668646,0.05366783105747856,0.03457783981276004,0.09498563233072067,0.06040779251796052,-22.622466915739874,-13.84671445462525,8.775752461114623,0.03366147983486821,0.09177516671959352,0.05811368688472531,0.023499523658304225,0.03969514131470308,150000
<SOURCE_VECSTRAIGHT_REPO>/remote-results/phase3_vecstraight_clean_msgsource_learned_15seeds_remote_20260410/train/cond1_seed1515.pt,cond1,1515,9001,greedy,none,none,none,none,agent_2,agent_0,0,mixed,2.5,6298,0.21991108288345507,0.7800889171165449,0.03957022203998811,-27.511158098629654,0.03890123848840902,0.033036125263055736,0.04216277234648791,0.009126647083432231,-28.113744053130194,-27.111315593116338,1.002428460013856,0.033185138139091776,0.04112416640203239,0.007939028262940616,0.019688790092092727,0.003810733566211496,150000
<SOURCE_VECSTRAIGHT_REPO>/remote-results/phase3_vecstraight_clean_msgsource_learned_15seeds_remote_20260410/train/cond1_seed1515.pt,cond1,1515,9001,greedy,none,none,none,none,agent_2,agent_1,0,mixed,2.5,6298,0.21991108288345507,0.7800889171165449,0.45524447409926966,-4.729585098645098,0.45681168624960306,0.30562260275105263,0.4904074142184458,0.1847848114673931,-10.300249389364781,-3.085568098692657,7.214681290672123,0.30168307399174343,0.49412511908542395,0.19244204509368054,0.15671641791044777,0.03826611622737377,150000
<SOURCE_VECSTRAIGHT_REPO>/remote-results/phase3_vecstraight_clean_msgsource_learned_15seeds_remote_20260410/train/cond1_seed1515.pt,cond1,1515,9001,greedy,none,none,none,none,agent_2,agent_2,1,mixed,2.5,6298,0.21991108288345507,0.7800889171165449,0.11957366566348164,-15.87634326820905,0.11718005716100349,0.08818160907407008,0.14652091557192076,0.05833930649785006,-19.964813891145237,-13.99274269446953,5.972071196675707,0.08431248015242934,0.14480787551603683,0.06049539536360749,0.03763099396633852,0.032391235312797716,150000
<SOURCE_VECSTRAIGHT_REPO>/remote-results/phase3_vecstraight_clean_msgsource_learned_15seeds_remote_20260410/train/cond1_seed1515.pt,cond1,1515,9001,greedy,none,none,none,none,agent_2,agent_3,0,mixed,2.5,6298,0.21991108288345507,0.7800889171165449,0.055062509675331106,-19.818334949668646,0.05366783105747856,0.1429117480099477,0.03635196979049757,-0.1065597782194506,-14.070340961492338,-21.765152899513513,-7.694811938021175,0.14210860590663701,0.03620196887900921,-0.10590663702762781,0.09352175293744046,0.017465862178469356,150000
<SOURCE_VECSTRAIGHT_REPO>/remote-results/phase3_vecstraight_clean_msgsource_learned_15seeds_remote_20260410/train/cond1_seed1515.pt,cond1,1515,9001,greedy,none,none,none,none,agent_3,agent_0,0,mixed,2.5,6298,0.7567481740234995,0.24325182597650047,0.03957022203998811,-27.511158098629654,0.03890123848840902,0.03268840922599566,0.047762550113083516,0.015074140887088056,-28.90522340263032,-23.553755885071133,5.351467517559189,0.031914893617021274,0.04557002222927914,0.01365512861225786,0.012067322959669736,0.028580501746586218,150000
<SOURCE_VECSTRAIGHT_REPO>/remote-results/phase3_vecstraight_clean_msgsource_learned_15seeds_remote_20260410/train/cond1_seed1515.pt,cond1,1515,9001,greedy,none,none,none,none,agent_3,agent_1,0,mixed,2.5,6298,0.7567481740234995,0.24325182597650047,0.45524447409926966,-4.729585098645098,0.45681168624960306,0.3511198365603691,0.7726860830424,0.4215662464820313,-7.9254415772793765,5.113653174190104,13.03909475146948,0.3521752937440457,0.7751667195935218,0.422991425849476,0.10463639250555731,0.3183550333439187,150000
<SOURCE_VECSTRAIGHT_REPO>/remote-results/phase3_vecstraight_clean_msgsource_learned_15seeds_remote_20260410/train/cond1_seed1515.pt,cond1,1515,9001,greedy,none,none,none,none,agent_3,agent_2,0,mixed,2.5,6298,0.7567481740234995,0.24325182597650047,0.11957366566348164,-15.87634326820905,0.11718005716100349,0.11893840279897086,0.1188870892109499,-5.1313588021183254e-05,-16.318315804678985,-14.427553208669066,1.8907625960099173,0.11622737376945062,0.11781517942203874,0.0015878056525881232,0.008574150523975865,0.032391235312797716,150000
<SOURCE_VECSTRAIGHT_REPO>/remote-results/phase3_vecstraight_clean_msgsource_learned_15seeds_remote_20260410/train/cond1_seed1515.pt,cond1,1515,9001,greedy,none,none,none,none,agent_3,agent_3,1,mixed,2.5,6298,0.7567481740234995,0.24325182597650047,0.055062509675331106,-19.818334949668646,0.05366783105747856,0.022638591034639444,0.09452328202254645,0.0718846909879069,-22.086810622836303,-12.780980448721515,9.305830174114789,0.022864401397268974,0.09352175293744046,0.07065735154017148,0.03080342966020959,0.039853921879961896,150000
<SOURCE_VECSTRAIGHT_REPO>/remote-results/phase3_vecstraight_clean_msgsource_learned_15seeds_remote_20260410/train/cond1_seed1515.pt,cond1,1515,9001,greedy,none,none,none,none,agent_0,agent_0,1,mixed,3.5,6673,0.952345271991608,0.04765472800839203,0.5949973191677591,1.2399856201063904,0.6226584744492731,0.5915778263880238,0.6187319373022115,0.02715411091418736,1.3150267156055087,3.009896195621062,1.6948694800155535,0.6190618912033569,0.6213097557320546,0.002247864528697737,0.007792597032818822,0.1868724711524052,150000
<SOURCE_VECSTRAIGHT_REPO>/remote-results/phase3_vecstraight_clean_msgsource_learned_15seeds_remote_20260410/train/cond1_seed1515.pt,cond1,1515,9001,greedy,none,none,none,none,agent_0,agent_1,0,mixed,3.5,6673,0.952345271991608,0.04765472800839203,0.9727460711101888,8.503034717650245,0.9868125280983067,0.9789528693962681,0.8780674939243941,-0.10088537547187408,8.740086358858427,4.953423160312104,-3.7866631985463233,0.9926569758729207,0.9411059493481193,-0.05155102652480144,0.005844447774614117,0.046006294020680356,150000
<SOURCE_VECSTRAIGHT_REPO>/remote-results/phase3_vecstraight_clean_msgsource_learned_15seeds_remote_20260410/train/cond1_seed1515.pt,cond1,1515,9001,greedy,none,none,none,none,agent_0,agent_2,0,mixed,3.5,6673,0.952345271991608,0.04765472800839203,0.950228897271046,23.347244902882515,0.9503971227334033,0.9541798263075965,0.9224270986996305,-0.031752727607965846,23.700213435284205,13.052740470977843,-10.647472964306361,0.9541435636145662,0.9219241720365653,-0.0322193915780009,0.0037464408811628954,0.028472950696838004,150000
<SOURCE_VECSTRAIGHT_REPO>/remote-results/phase3_vecstraight_clean_msgsource_learned_15seeds_remote_20260410/train/cond1_seed1515.pt,cond1,1515,9001,greedy,none,none,none,none,agent_0,agent_3,0,mixed,3.5,6673,0.952345271991608,0.04765472800839203,0.6133244925262097,0.6479945713016345,0.6040761276787052,0.6129325420968712,0.09854773578746276,-0.5143848063094083,0.5667894404545085,-3.8442413965462032,-4.411030837000712,0.6037764124082122,0.06054248463959239,-0.5432339277686198,0.017083770418102804,0.5621159898096808,150000
<SOURCE_VECSTRAIGHT_REPO>/remote-results/phase3_vecstraight_clean_msgsource_learned_15seeds_remote_20260410/train/cond1_seed1515.pt,cond1,1515,9001,greedy,none,none,none,none,agent_1,agent_0,0,mixed,3.5,6673,0.0635396373445227,0.9364603626554773,0.5949973191677591,1.2399856201063904,0.6226584744492731,0.1338185013514262,0.6015659194850563,0.46774741813362924,-7.361585468712568,1.3962581042056854,8.757843572918254,0.12827813577101754,0.6292522104001199,0.5009740746291024,0.49527948448973474,0.014686048254158549,150000
<SOURCE_VECSTRAIGHT_REPO>/remote-results/phase3_vecstraight_clean_msgsource_learned_15seeds_remote_20260410/train/cond1_seed1515.pt,cond1,1515,9001,greedy,none,none,none,none,agent_1,agent_1,1,mixed,3.5,6673,0.0635396373445227,0.9364603626554773,0.9727460711101888,8.503034717650245,0.9868125280983067,0.9869536602335665,0.9580276137896763,-0.028926046443889998,7.65406024173543,7.785966842947926,0.1319066012124956,0.9926569758729207,0.9724261951146411,-0.020230780758279634,0.01004046156151656,0.014386332983665517,150000
<SOURCE_VECSTRAIGHT_REPO>/remote-results/phase3_vecstraight_clean_msgsource_learned_15seeds_remote_20260410/train/cond1_seed1515.pt,cond1,1515,9001,greedy,none,none,none,none,agent_1,agent_2,0,mixed,3.5,6673,0.0635396373445227,0.9364603626554773,0.950228897271046,23.347244902882515,0.9503971227334033,0.8425824392241296,0.9868790079219183,0.144296568697789,7.521602264774198,24.441637499260434,16.920035234486235,0.8489435036715121,0.9878615315450322,0.13891802787352014,0.10145361906189121,0.03746440881162895,150000
<SOURCE_VECSTRAIGHT_REPO>/remote-results/phase3_vecstraight_clean_msgsource_learned_15seeds_remote_20260410/train/cond1_seed1515.pt,cond1,1515,9001,greedy,none,none,none,none,agent_1,agent_3,0,mixed,3.5,6673,0.0635396373445227,0.9364603626554773,0.6133244925262097,0.6479945713016345,0.6040761276787052,0.5558228836621539,0.6345960046750677,0.07877312101291366,-0.5005623873127252,1.2816980930839934,1.7822604803967186,0.5577701183875319,0.6250561966132174,0.0672860782256856,0.24202008092312302,0.021879214745991308,150000
<SOURCE_VECSTRAIGHT_REPO>/remote-results/phase3_vecstraight_clean_msgsource_learned_15seeds_remote_20260410/train/cond1_seed1515.pt,cond1,1515,9001,greedy,none,none,none,none,agent_2,agent_0,0,mixed,3.5,6673,0.21669414056646186,0.7833058594335381,0.5949973191677591,1.2399856201063904,0.6226584744492731,0.6096649465622088,0.6068293636648238,-0.0028355828973851173,0.4668965110499186,1.5602485177225927,1.093352006672674,0.678105799490484,0.630750786752585,-0.047355012737898994,0.24306908436984864,0.04855387381987112,150000
<SOURCE_VECSTRAIGHT_REPO>/remote-results/phase3_vecstraight_clean_msgsource_learned_15seeds_remote_20260410/train/cond1_seed1515.pt,cond1,1515,9001,greedy,none,none,none,none,agent_2,agent_1,0,mixed,3.5,6673,0.21669414056646186,0.7833058594335381,0.9727460711101888,8.503034717650245,0.9868125280983067,0.8735504102349559,0.9927061399765801,0.119155729741624,3.7273790527034087,9.21283051908512,5.48545146638171,0.9475498276637194,0.9949048404016184,0.047355012737898994,0.03926270043458714,0.008092312303311854,150000
<SOURCE_VECSTRAIGHT_REPO>/remote-results/phase3_vecstraight_clean_msgsource_learned_15seeds_remote_20260410/train/cond1_seed1515.pt,cond1,1515,9001,greedy,none,none,none,none,agent_2,agent_2,1,mixed,3.5,6673,0.21669414056646186,0.7833058594335381,0.950228897271046,23.347244902882515,0.9503971227334033,0.934875345670981,0.9633931423912745,0.02851779672029338,17.187141829021648,24.64871398941136,7.461572160389708,0.9354113592087517,0.9631350217293572,0.027723662520605426,0.015884909336130675,0.01393676007792597,150000
<SOURCE_VECSTRAIGHT_REPO>/remote-results/phase3_vecstraight_clean_msgsource_learned_15seeds_remote_20260410/train/cond1_seed1515.pt,cond1,1515,9001,greedy,none,none,none,none,agent_2,agent_3,0,mixed,3.5,6673,0.21669414056646186,0.7833058594335381,0.6133244925262097,0.6479945713016345,0.6040761276787052,0.8126131402307503,0.6050395503123704,-0.20757358991837987,3.066291560922876,0.14192844194646326,-2.9243631189764128,0.782706428892552,0.6262550576951895,-0.1564513711973625,0.3003147010340177,0.07702682451670913,150000
<SOURCE_VECSTRAIGHT_REPO>/remote-results/phase3_vecstraight_clean_msgsource_learned_15seeds_remote_20260410/train/cond1_seed1515.pt,cond1,1515,9001,greedy,none,none,none,none,agent_3,agent_0,0,mixed,3.5,6673,0.5540236775063689,0.44597632249363106,0.5949973191677591,1.2399856201063904,0.6226584744492731,0.5454261326980809,0.6477066606682635,0.10228052797018335,1.5025931398349242,0.39862154875490485,-1.1039715910800194,0.5369399070882661,0.7055297467405964,0.1685898396523303,0.1555522253858834,0.14431290274239472,150000
<SOURCE_VECSTRAIGHT_REPO>/remote-results/phase3_vecstraight_clean_msgsource_learned_15seeds_remote_20260410/train/cond1_seed1515.pt,cond1,1515,9001,greedy,none,none,none,none,agent_3,agent_1,0,mixed,3.5,6673,0.5540236775063689,0.44597632249363106,0.9727460711101888,8.503034717650245,0.9868125280983067,0.9545843586064516,0.9917510880279756,0.037166729421523666,8.069624415198117,8.472812034478881,0.40318761928076513,0.9748239172785853,0.9973025625655627,0.02247864528697737,0.011988610819721265,0.010490034467256106,150000
<SOURCE_VECSTRAIGHT_REPO>/remote-results/phase3_vecstraight_clean_msgsource_learned_15seeds_remote_20260410/train/cond1_seed1515.pt,cond1,1515,9001,greedy,none,none,none,none,agent_3,agent_2,0,mixed,3.5,6673,0.5540236775063689,0.44597632249363106,0.950228897271046,23.347244902882515,0.9503971227334033,0.9449156359641542,0.9532737966978133,0.008358160733658445,23.61163282269805,22.792297983973903,-0.819334838724147,0.9456016784055148,0.9532444178030871,0.007642739397572307,0.005694590139367601,0.003147010340176832,150000
<SOURCE_VECSTRAIGHT_REPO>/remote-results/phase3_vecstraight_clean_msgsource_learned_15seeds_remote_20260410/train/cond1_seed1515.pt,cond1,1515,9001,greedy,none,none,none,none,agent_3,agent_3,1,mixed,3.5,6673,0.5540236775063689,0.44597632249363106,0.6133244925262097,0.6479945713016345,0.6040761276787052,0.38129074198174184,0.9264789598999582,0.5451882179182167,-1.6128730384749344,3.4755213545900796,5.088394393065014,0.35321444627603776,0.9559418552375244,0.6027274089614866,0.25086168140266746,0.3518657275588191,150000
<SOURCE_VECSTRAIGHT_REPO>/remote-results/phase3_vecstraight_clean_msgsource_learned_15seeds_remote_20260410/train/cond1_seed1515.pt,cond1,1515,9001,greedy,none,none,none,none,agent_0,agent_0,1,cooperative,5.0,5917,0.9998309954368768,0.0001690045631232043,0.8169175024182282,4.423481075764609,0.9400033800912625,0.8169063016407105,0.9809474743628523,0.16404117272214172,4.422669439770008,15.216696168145095,10.794026728375087,0.9400033800912625,0.9820855163089404,0.042082136217677875,0.0,0.042420145343924284,150000
<SOURCE_VECSTRAIGHT_REPO>/remote-results/phase3_vecstraight_clean_msgsource_learned_15seeds_remote_20260410/train/cond1_seed1515.pt,cond1,1515,9001,greedy,none,none,none,none,agent_0,agent_1,0,cooperative,5.0,5917,0.9998309954368768,0.0001690045631232043,0.8340000878692042,4.614060934691569,0.9352712523238127,0.8341527778052074,0.7393874420172047,-0.09476533578800256,4.61525597097061,1.6332843887764636,-2.981971582194146,0.935440256886936,0.8323474733817813,-0.10309278350515463,0.0001690045631232043,0.18844008788237282,150000
<SOURCE_VECSTRAIGHT_REPO>/remote-results/phase3_vecstraight_clean_msgsource_learned_15seeds_remote_20260410/train/cond1_seed1515.pt,cond1,1515,9001,greedy,none,none,none,none,agent_0,agent_2,0,cooperative,5.0,5917,0.9998309954368768,0.0001690045631232043,0.9995472247726322,29.157621274307026,0.9994929863106304,0.99954722648512,0.9968024169464784,-0.0027448095386414695,29.158723744703686,18.549661608728602,-10.609062135975083,0.9994929863106304,0.9983099543687679,-0.0011830319418624302,0.0,0.0011830319418624302,150000
<SOURCE_VECSTRAIGHT_REPO>/remote-results/phase3_vecstraight_clean_msgsource_learned_15seeds_remote_20260410/train/cond1_seed1515.pt,cond1,1515,9001,greedy,none,none,none,none,agent_0,agent_3,0,cooperative,5.0,5917,0.9998309954368768,0.0001690045631232043,0.5778650877142629,1.507949571306689,0.5399695791786379,0.5778650772076473,0.3224897425648058,-0.2553753346428415,1.507942190605663,-2.687726332475673,-4.195668523081336,0.5399695791786379,0.33310799391583573,-0.2068615852628021,0.0,0.20922764914652695,150000
<SOURCE_VECSTRAIGHT_REPO>/remote-results/phase3_vecstraight_clean_msgsource_learned_15seeds_remote_20260410/train/cond1_seed1515.pt,cond1,1515,9001,greedy,none,none,none,none,agent_1,agent_0,0,cooperative,5.0,5917,0.030589825925299984,0.9694101740747,0.8169175024182282,4.423481075764609,0.9400033800912625,0.1738300116288908,0.8382350656158123,0.6644050539869213,-4.542437761553603,4.693851901902346,9.236289663455949,0.16325840797701538,0.9661990873753591,0.8029406793983438,0.7767449721142471,0.026195707284096672,150000
<SOURCE_VECSTRAIGHT_REPO>/remote-results/phase3_vecstraight_clean_msgsource_learned_15seeds_remote_20260410/train/cond1_seed1515.pt,cond1,1515,9001,greedy,none,none,none,none,agent_1,agent_1,1,cooperative,5.0,5917,0.030589825925299984,0.9694101740747,0.8340000878692042,4.614060934691569,0.9352712523238127,0.683782989889862,0.847483916845609,0.16370092695574703,1.5297797095016066,4.721917532899401,3.1921378233977946,0.7133682609430455,0.9541997633936117,0.24083150245056617,0.2901808348825418,0.018928511069798884,150000
<SOURCE_VECSTRAIGHT_REPO>/remote-results/phase3_vecstraight_clean_msgsource_learned_15seeds_remote_20260410/train/cond1_seed1515.pt,cond1,1515,9001,greedy,none,none,none,none,agent_1,agent_2,0,cooperative,5.0,5917,0.030589825925299984,0.9694101740747,0.9995472247726322,29.157621274307026,0.9994929863106304,0.9885890008241683,0.9999978020623546,0.011408801238186106,16.047853435833087,29.60335406923447,13.555500633401385,0.9890147033969917,1.0,0.01098529660300828,0.010478282913638668,0.000507013689369613,150000
<SOURCE_VECSTRAIGHT_REPO>/remote-results/phase3_vecstraight_clean_msgsource_learned_15seeds_remote_20260410/train/cond1_seed1515.pt,cond1,1515,9001,greedy,none,none,none,none,agent_1,agent_3,0,cooperative,5.0,5917,0.030589825925299984,0.9694101740747,0.5778650877142629,1.507949571306689,0.5399695791786379,0.8510032009516858,0.5585234833058699,-0.292479717645816,4.373350523534368,1.3216475849520704,-3.051702938582298,0.8620922764914652,0.5151259083995268,-0.3469663680919385,0.5387865472367754,0.027209734662835897,150000
<SOURCE_VECSTRAIGHT_REPO>/remote-results/phase3_vecstraight_clean_msgsource_learned_15seeds_remote_20260410/train/cond1_seed1515.pt,cond1,1515,9001,greedy,none,none,none,none,agent_2,agent_0,0,cooperative,5.0,5917,0.5629541997633936,0.4370458002366064,0.8169175024182282,4.423481075764609,0.9400033800912625,0.7373134670096078,0.8843200762612529,0.14700660925164502,2.7758889423659046,6.90304532185013,4.127156379484226,0.8926821024167653,0.9543687679567349,0.06168666553996958,0.054081460199425384,0.022139597769139766,150000
<SOURCE_VECSTRAIGHT_REPO>/remote-results/phase3_vecstraight_clean_msgsource_learned_15seeds_remote_20260410/train/cond1_seed1515.pt,cond1,1515,9001,greedy,none,none,none,none,agent_2,agent_1,0,cooperative,5.0,5917,0.5629541997633936,0.4370458002366064,0.8340000878692042,4.614060934691569,0.9352712523238127,0.7263170447446835,0.9870154701081385,0.26069842536345506,1.2809835758305128,8.715643108535785,7.434659532705271,0.9178637823221227,0.98681764407639,0.06895386175426736,0.017407470001690045,0.05154639175257732,150000
<SOURCE_VECSTRAIGHT_REPO>/remote-results/phase3_vecstraight_clean_msgsource_learned_15seeds_remote_20260410/train/cond1_seed1515.pt,cond1,1515,9001,greedy,none,none,none,none,agent_2,agent_2,1,cooperative,5.0,5917,0.5629541997633936,0.4370458002366064,0.9995472247726322,29.157621274307026,0.9994929863106304,0.9994320141166343,0.9999979069774086,0.0005658928607743959,26.214807672969126,32.979622059986966,6.764814387017838,0.9993239817475071,1.0,0.0006760182524928173,0.0001690045631232043,0.000507013689369613,150000
<SOURCE_VECSTRAIGHT_REPO>/remote-results/phase3_vecstraight_clean_msgsource_learned_15seeds_remote_20260410/train/cond1_seed1515.pt,cond1,1515,9001,greedy,none,none,none,none,agent_2,agent_3,0,cooperative,5.0,5917,0.5629541997633936,0.4370458002366064,0.5778650877142629,1.507949571306689,0.5399695791786379,0.6452134062255755,0.5072945200119461,-0.13791888621362947,2.401820063248506,0.22700569791146705,-2.174814365337039,0.5665032955889809,0.5105627851952003,-0.05594051039378063,0.03295588980902484,0.0740239986479635,150000
<SOURCE_VECSTRAIGHT_REPO>/remote-results/phase3_vecstraight_clean_msgsource_learned_15seeds_remote_20260410/train/cond1_seed1515.pt,cond1,1515,9001,greedy,none,none,none,none,agent_3,agent_0,0,cooperative,5.0,5917,0.9307081291194862,0.06929187088051378,0.8169175024182282,4.423481075764609,0.9400033800912625,0.8219008314019607,0.7905588307406538,-0.03134200066130684,4.879277697838156,2.4290851033054253,-2.4501925945327314,0.9438904850430961,0.9078925130978537,-0.03599797194524252,0.007267196214297786,0.05272942369443975,150000
<SOURCE_VECSTRAIGHT_REPO>/remote-results/phase3_vecstraight_clean_msgsource_learned_15seeds_remote_20260410/train/cond1_seed1515.pt,cond1,1515,9001,greedy,none,none,none,none,agent_3,agent_1,0,cooperative,5.0,5917,0.9307081291194862,0.06929187088051378,0.8340000878692042,4.614060934691569,0.9352712523238127,0.8300267576153247,0.9865589460094539,0.15653218839412925,4.479671548231643,7.582275700544977,3.1026041523133334,0.9342572249450736,0.9935778266013182,0.05932060165624472,0.001014027378739226,0.05830657427750549,150000
<SOURCE_VECSTRAIGHT_REPO>/remote-results/phase3_vecstraight_clean_msgsource_learned_15seeds_remote_20260410/train/cond1_seed1515.pt,cond1,1515,9001,greedy,none,none,none,none,agent_3,agent_2,0,cooperative,5.0,5917,0.9307081291194862,0.06929187088051378,0.9995472247726322,29.157621274307026,0.9994929863106304,0.9995411352268774,0.9999991655248996,0.0004580302980223358,29.12938519125908,28.804496766264947,-0.3248884249941328,0.9994929863106304,1.0,0.000507013689369613,0.0,0.000507013689369613,150000
<SOURCE_VECSTRAIGHT_REPO>/remote-results/phase3_vecstraight_clean_msgsource_learned_15seeds_remote_20260410/train/cond1_seed1515.pt,cond1,1515,9001,greedy,none,none,none,none,agent_3,agent_3,1,cooperative,5.0,5917,0.9307081291194862,0.06929187088051378,0.5778650877142629,1.507949571306689,0.5399695791786379,0.542233524690014,0.9695201666245937,0.4272866419345797,1.114563288807728,6.116466998978404,5.0019037101706765,0.4934933243197566,1.0,0.5065066756802433,0.04647625485888119,0.4600304208213622,150000
<SOURCE_VECSTRAIGHT_REPO>/remote-results/phase3_vecstraight_clean_msgsource_learned_15seeds_remote_20260410/train/cond1_seed1616.pt,cond1,1616,9001,greedy,none,none,none,none,agent_0,agent_0,1,competitive,0.5,5288,0.01739788199697428,0.9826021180030258,0.0003839432512912558,-57.0517776485324,0.00037821482602118004,0.0003839432512508154,0.0003430964200392819,-4.0846831211533036e-05,-67.05829152870083,-57.09597609777697,9.962315430923868,0.00037821482602118004,0.00037821482602118004,0.0,0.0,0.0,150000
<SOURCE_VECSTRAIGHT_REPO>/remote-results/phase3_vecstraight_clean_msgsource_learned_15seeds_remote_20260410/train/cond1_seed1616.pt,cond1,1616,9001,greedy,none,none,none,none,agent_0,agent_1,0,competitive,0.5,5288,0.01739788199697428,0.9826021180030258,6.281334711621896e-08,-50.419100991175505,0.0,6.29581321194128e-08,2.1270478724583844e-10,-6.274542733216689e-08,-45.2124804144728,-50.765153748906144,-5.552673334433344,0.0,0.0,0.0,0.0,0.0,150000
<SOURCE_VECSTRAIGHT_REPO>/remote-results/phase3_vecstraight_clean_msgsource_learned_15seeds_remote_20260410/train/cond1_seed1616.pt,cond1,1616,9001,greedy,none,none,none,none,agent_0,agent_2,0,competitive,0.5,5288,0.01739788199697428,0.9826021180030258,1.7880201083268706e-16,-62.906851644415,0.0,4.52240722121614e-16,5.821294486052994e-20,-4.521825091767532e-16,-56.27727891168868,-63.05514256135418,-6.777863649665497,0.0,0.0,0.0,0.0,0.0,150000
<SOURCE_VECSTRAIGHT_REPO>/remote-results/phase3_vecstraight_clean_msgsource_learned_15seeds_remote_20260410/train/cond1_seed1616.pt,cond1,1616,9001,greedy,none,none,none,none,agent_0,agent_3,0,competitive,0.5,5288,0.01739788199697428,0.9826021180030258,3.4253229599956654e-05,-55.89402422669615,0.0,3.557295081123367e-05,2.1179875126818868e-07,-3.5361152059965486e-05,-54.149349263819914,-55.9810477435679,-1.8316984797479887,0.0,0.0,0.0,0.0,0.0,150000
<SOURCE_VECSTRAIGHT_REPO>/remote-results/phase3_vecstraight_clean_msgsource_learned_15seeds_remote_20260410/train/cond1_seed1616.pt,cond1,1616,9001,greedy,none,none,none,none,agent_1,agent_0,0,competitive,0.5,5288,0.8918305597579426,0.10816944024205749,0.0003839432512912558,-57.0517776485324,0.00037821482602118004,3.500030674176769e-06,0.00038395674648061714,0.0003804567158064412,-56.22411562860824,-63.84864201095186,-7.6245263823436265,0.0,0.00037821482602118004,0.00037821482602118004,0.00037821482602118004,0.0,150000
<SOURCE_VECSTRAIGHT_REPO>/remote-results/phase3_vecstraight_clean_msgsource_learned_15seeds_remote_20260410/train/cond1_seed1616.pt,cond1,1616,9001,greedy,none,none,none,none,agent_1,agent_1,1,competitive,0.5,5288,0.8918305597579426,0.10816944024205749,6.281334711621896e-08,-50.419100991175505,0.0,1.2223216898508873e-11,0.00016465603458715205,0.000164656022363935,-51.35554837423085,-43.59600820172572,7.759540172505126,0.0,0.00018910741301059002,0.00018910741301059002,0.0,0.00018910741301059002,150000
<SOURCE_VECSTRAIGHT_REPO>/remote-results/phase3_vecstraight_clean_msgsource_learned_15seeds_remote_20260410/train/cond1_seed1616.pt,cond1,1616,9001,greedy,none,none,none,none,agent_1,agent_2,0,competitive,0.5,5288,0.8918305597579426,0.10816944024205749,1.7880201083268706e-16,-62.906851644415,0.0,9.82945766336642e-18,1.8065866176175426e-16,1.7082920409838945e-16,-62.85582489108895,-64.02248360349624,-1.1666587124072838,0.0,0.0,0.0,0.0,0.0,150000
<SOURCE_VECSTRAIGHT_REPO>/remote-results/phase3_vecstraight_clean_msgsource_learned_15seeds_remote_20260410/train/cond1_seed1616.pt,cond1,1616,9001,greedy,none,none,none,none,agent_1,agent_3,0,competitive,0.5,5288,0.8918305597579426,0.10816944024205749,3.4253229599956654e-05,-55.89402422669615,0.0,1.672925456409755e-06,3.425758943526292e-05,3.258466397885315e-05,-56.091443509900444,-54.23778601651293,1.8536574933875165,0.0,0.0,0.0,0.0,0.0,150000
<SOURCE_VECSTRAIGHT_REPO>/remote-results/phase3_vecstraight_clean_msgsource_learned_15seeds_remote_20260410/train/cond1_seed1616.pt,cond1,1616,9001,greedy,none,none,none,none,agent_2,agent_0,0,competitive,0.5,5288,0.9608547655068078,0.039145234493192134,0.0003839432512912558,-57.0517776485324,0.00037821482602118004,5.910520275206666e-05,0.00038394448060019283,0.0003248392778481267,-57.10577523541523,-65.49140449789735,-8.38562926248212,0.0,0.00037821482602118004,0.00037821482602118004,0.00037821482602118004,0.0,150000
<SOURCE_VECSTRAIGHT_REPO>/remote-results/phase3_vecstraight_clean_msgsource_learned_15seeds_remote_20260410/train/cond1_seed1616.pt,cond1,1616,9001,greedy,none,none,none,none,agent_2,agent_1,0,competitive,0.5,5288,0.9608547655068078,0.039145234493192134,6.281334711621896e-08,-50.419100991175505,0.0,0.0002052620456115582,6.23605089691288e-08,-0.00020519968510258904,-49.77772534533817,-72.87019426721668,-23.092468921878513,0.00018910741301059002,0.0,-0.00018910741301059002,0.00018910741301059002,0.0,150000
<SOURCE_VECSTRAIGHT_REPO>/remote-results/phase3_vecstraight_clean_msgsource_learned_15seeds_remote_20260410/train/cond1_seed1616.pt,cond1,1616,9001,greedy,none,none,none,none,agent_2,agent_2,1,competitive,0.5,5288,0.9608547655068078,0.039145234493192134,1.7880201083268706e-16,-62.906851644415,0.0,3.832406139041258e-16,1.7949181938744224e-16,-2.0374879451669064e-16,-62.942460407107035,-57.75770177567059,5.184758631436439,0.0,0.0,0.0,0.0,0.0,150000
<SOURCE_VECSTRAIGHT_REPO>/remote-results/phase3_vecstraight_clean_msgsource_learned_15seeds_remote_20260410/train/cond1_seed1616.pt,cond1,1616,9001,greedy,none,none,none,none,agent_2,agent_3,0,competitive,0.5,5288,0.9608547655068078,0.039145234493192134,3.4253229599956654e-05,-55.89402422669615,0.0,4.865008209435908e-08,3.4253229779195236e-05,3.4204579697100896e-05,-56.03680799624202,-53.83605042559837,2.2007575706436486,0.0,0.0,0.0,0.0,0.0,150000
<SOURCE_VECSTRAIGHT_REPO>/remote-results/phase3_vecstraight_clean_msgsource_learned_15seeds_remote_20260410/train/cond1_seed1616.pt,cond1,1616,9001,greedy,none,none,none,none,agent_3,agent_0,0,competitive,0.5,5288,0.9916792738275341,0.00832072617246596,0.0003839432512912558,-57.0517776485324,0.00037821482602118004,0.0003839635120073999,3.817921053411573e-09,-0.0003839596940863462,-56.89465593880834,-78.84764588726811,-21.95298994845977,0.00037821482602118004,0.0,-0.00037821482602118004,0.0,0.00037821482602118004,150000
<SOURCE_VECSTRAIGHT_REPO>/remote-results/phase3_vecstraight_clean_msgsource_learned_15seeds_remote_20260410/train/cond1_seed1616.pt,cond1,1616,9001,greedy,none,none,none,none,agent_3,agent_1,0,competitive,0.5,5288,0.9916792738275341,0.00832072617246596,6.281334711621896e-08,-50.419100991175505,0.0,8.006862339685465e-10,1.1750609943899224e-07,1.1670541320502364e-07,-50.47591506713457,-41.95739493085108,8.518520136283493,0.0,0.0,0.0,0.0,0.0,150000
<SOURCE_VECSTRAIGHT_REPO>/remote-results/phase3_vecstraight_clean_msgsource_learned_15seeds_remote_20260410/train/cond1_seed1616.pt,cond1,1616,9001,greedy,none,none,none,none,agent_3,agent_2,0,competitive,0.5,5288,0.9916792738275341,0.00832072617246596,1.7880201083268706e-16,-62.906851644415,0.0,4.823386909970367e-16,1.8934855883175322e-19,-4.82149342438203e-16,-62.828597407478064,-69.93041665471087,-7.101819247232804,0.0,0.0,0.0,0.0,0.0,150000
<SOURCE_VECSTRAIGHT_REPO>/remote-results/phase3_vecstraight_clean_msgsource_learned_15seeds_remote_20260410/train/cond1_seed1616.pt,cond1,1616,9001,greedy,none,none,none,none,agent_3,agent_3,1,competitive,0.5,5288,0.9916792738275341,0.00832072617246596,3.4253229599956654e-05,-55.89402422669615,0.0,0.0002542623312002973,1.1576607560245003e-06,-0.00025310467044427294,-55.845319262205564,-55.75386738001669,0.09145188218887203,0.00018910741301059002,0.0,-0.00018910741301059002,0.00018910741301059002,0.0,150000
<SOURCE_VECSTRAIGHT_REPO>/remote-results/phase3_vecstraight_clean_msgsource_learned_15seeds_remote_20260410/train/cond1_seed1616.pt,cond1,1616,9001,greedy,none,none,none,none,agent_0,agent_0,1,mixed,1.5,5824,0.03502747252747253,0.9649725274725275,0.0018089018131302215,-36.73928994091821,0.001717032967032967,0.0019257654053310052,0.0012528275543828848,-0.0006729378509481253,-42.93606402061798,-36.82713305493714,6.108930965680834,0.001717032967032967,0.001201923076923077,-0.0005151098901098901,0.0,0.0008585164835164835,150000
<SOURCE_VECSTRAIGHT_REPO>/remote-results/phase3_vecstraight_clean_msgsource_learned_15seeds_remote_20260410/train/cond1_seed1616.pt,cond1,1616,9001,greedy,none,none,none,none,agent_0,agent_1,0,mixed,1.5,5824,0.03502747252747253,0.9649725274725275,0.00037121750012989515,-39.601032188576696,0.00034340659340659343,0.00046314359756653576,0.0004364937084869393,-2.6649889079595375e-05,-35.37865380341555,-40.00058878458279,-4.621934981167235,0.00034340659340659343,0.0006868131868131869,0.00034340659340659343,0.0,0.00034340659340659343,150000
<SOURCE_VECSTRAIGHT_REPO>/remote-results/phase3_vecstraight_clean_msgsource_learned_15seeds_remote_20260410/train/cond1_seed1616.pt,cond1,1616,9001,greedy,none,none,none,none,agent_0,agent_2,0,mixed,1.5,5824,0.03502747252747253,0.9649725274725275,3.5385876839670584e-13,-49.550563895112866,0.0,8.196468044090614e-13,1.846749766951832e-16,-8.194621294323677e-13,-42.01513599137684,-49.86797887021368,-7.852842878836852,0.0,0.0,0.0,0.0,0.0,150000
<SOURCE_VECSTRAIGHT_REPO>/remote-results/phase3_vecstraight_clean_msgsource_learned_15seeds_remote_20260410/train/cond1_seed1616.pt,cond1,1616,9001,greedy,none,none,none,none,agent_0,agent_3,0,mixed,1.5,5824,0.03502747252747253,0.9649725274725275,0.0007583125520045762,-44.79311586237912,0.0006868131868131869,0.0009413445065152983,0.000594225413357386,-0.0003471190931579123,-38.83636816076238,-45.00168676518805,-6.16531860442566,0.0008585164835164835,0.0006868131868131869,-0.00017170329670329672,0.00017170329670329672,0.00034340659340659343,150000
<SOURCE_VECSTRAIGHT_REPO>/remote-results/phase3_vecstraight_clean_msgsource_learned_15seeds_remote_20260410/train/cond1_seed1616.pt,cond1,1616,9001,greedy,none,none,none,none,agent_1,agent_0,0,mixed,1.5,5824,0.9757898351648352,0.024210164835164836,0.0018089018131302215,-36.73928994091821,0.001717032967032967,0.0017346025551168084,0.0023193555337523487,0.0005847529786355398,-36.62597074290062,-38.3234197651599,-1.6974490222592766,0.001717032967032967,0.0020604395604395605,0.00034340659340659343,0.001717032967032967,0.0006868131868131869,150000
<SOURCE_VECSTRAIGHT_REPO>/remote-results/phase3_vecstraight_clean_msgsource_learned_15seeds_remote_20260410/train/cond1_seed1616.pt,cond1,1616,9001,greedy,none,none,none,none,agent_1,agent_1,1,mixed,1.5,5824,0.9757898351648352,0.024210164835164836,0.00037121750012989515,-39.601032188576696,0.00034340659340659343,5.892131029949069e-08,0.0003797542463944964,0.00037969532508419664,-39.810955717504676,-31.16230781845605,8.648647899048628,0.0,0.00034340659340659343,0.00034340659340659343,0.00034340659340659343,0.0,150000
<SOURCE_VECSTRAIGHT_REPO>/remote-results/phase3_vecstraight_clean_msgsource_learned_15seeds_remote_20260410/train/cond1_seed1616.pt,cond1,1616,9001,greedy,none,none,none,none,agent_1,agent_2,0,mixed,1.5,5824,0.9757898351648352,0.024210164835164836,3.5385876839670584e-13,-49.550563895112866,0.0,1.5876748977421027e-14,3.855424690379066e-13,3.6966572006049e-13,-49.634627350084074,-48.15481806456388,1.4798092855201972,0.0,0.0,0.0,0.0,0.0,150000
<SOURCE_VECSTRAIGHT_REPO>/remote-results/phase3_vecstraight_clean_msgsource_learned_15seeds_remote_20260410/train/cond1_seed1616.pt,cond1,1616,9001,greedy,none,none,none,none,agent_1,agent_3,0,mixed,1.5,5824,0.9757898351648352,0.024210164835164836,0.0007583125520045762,-44.79311586237912,0.0006868131868131869,0.0005294605483710286,0.0007838090944129694,0.000254348546041941,-44.86395388710758,-40.87768782451135,3.9862660625962296,0.00017170329670329672,0.0006868131868131869,0.0005151098901098901,0.0005151098901098901,0.0,150000
<SOURCE_VECSTRAIGHT_REPO>/remote-results/phase3_vecstraight_clean_msgsource_learned_15seeds_remote_20260410/train/cond1_seed1616.pt,cond1,1616,9001,greedy,none,none,none,none,agent_2,agent_0,0,mixed,1.5,5824,0.9478021978021978,0.0521978021978022,0.0018089018131302215,-36.73928994091821,0.001717032967032967,0.0004835481270168028,0.001800422022429293,0.0013168738954125044,-36.762079223888094,-46.640922056367764,-9.878842832479666,0.0005151098901098901,0.001717032967032967,0.001201923076923077,0.001201923076923077,0.0,150000
<SOURCE_VECSTRAIGHT_REPO>/remote-results/phase3_vecstraight_clean_msgsource_learned_15seeds_remote_20260410/train/cond1_seed1616.pt,cond1,1616,9001,greedy,none,none,none,none,agent_2,agent_1,0,mixed,1.5,5824,0.9478021978021978,0.0521978021978022,0.00037121750012989515,-39.601032188576696,0.00034340659340659343,0.007210081772090769,0.0002651789309302629,-0.006944902841160509,-38.8424407299915,-60.43100392303153,-21.58856319304003,0.007383241758241758,0.00017170329670329672,-0.007211538461538462,0.007039835164835165,0.00017170329670329672,150000
<SOURCE_VECSTRAIGHT_REPO>/remote-results/phase3_vecstraight_clean_msgsource_learned_15seeds_remote_20260410/train/cond1_seed1616.pt,cond1,1616,9001,greedy,none,none,none,none,agent_2,agent_2,1,mixed,1.5,5824,0.9478021978021978,0.0521978021978022,3.5385876839670584e-13,-49.550563895112866,0.0,5.264668009069319e-08,3.558765866953213e-13,-5.2646324214108116e-08,-49.45313741725225,-47.28780269164305,2.1653347256091924,0.0,0.0,0.0,0.0,0.0,150000
<SOURCE_VECSTRAIGHT_REPO>/remote-results/phase3_vecstraight_clean_msgsource_learned_15seeds_remote_20260410/train/cond1_seed1616.pt,cond1,1616,9001,greedy,none,none,none,none,agent_2,agent_3,0,mixed,1.5,5824,0.9478021978021978,0.0521978021978022,0.0007583125520045762,-44.79311586237912,0.0006868131868131869,0.00035689954185984046,0.0007607516262560182,0.0004038520843961779,-45.02036054925814,-41.12173584980665,3.89862469945149,0.00034340659340659343,0.0006868131868131869,0.00034340659340659343,0.00034340659340659343,0.0,150000
<SOURCE_VECSTRAIGHT_REPO>/remote-results/phase3_vecstraight_clean_msgsource_learned_15seeds_remote_20260410/train/cond1_seed1616.pt,cond1,1616,9001,greedy,none,none,none,none,agent_3,agent_0,0,mixed,1.5,5824,0.9842032967032966,0.015796703296703296,0.0018089018131302215,-36.73928994091821,0.001717032967032967,0.004731654935370193,0.0010582176674253294,-0.0036734372679448606,-36.50315121949169,-48.29932689791607,-11.796175678424374,0.004464285714285714,0.0010302197802197802,-0.003434065934065934,0.0037774725274725275,0.0006868131868131869,150000
<SOURCE_VECSTRAIGHT_REPO>/remote-results/phase3_vecstraight_clean_msgsource_learned_15seeds_remote_20260410/train/cond1_seed1616.pt,cond1,1616,9001,greedy,none,none,none,none,agent_3,agent_1,0,mixed,1.5,5824,0.9842032967032966,0.015796703296703296,0.00037121750012989515,-39.601032188576696,0.00034340659340659343,0.00010697963840445706,0.0009205561191777724,0.0008135764807733156,-39.676968889188146,-31.53498267100428,8.141986218183865,0.00017170329670329672,0.0006868131868131869,0.0005151098901098901,0.00017170329670329672,0.00034340659340659343,150000
<SOURCE_VECSTRAIGHT_REPO>/remote-results/phase3_vecstraight_clean_msgsource_learned_15seeds_remote_20260410/train/cond1_seed1616.pt,cond1,1616,9001,greedy,none,none,none,none,agent_3,agent_2,0,mixed,1.5,5824,0.9842032967032966,0.015796703296703296,3.5385876839670584e-13,-49.550563895112866,0.0,1.658869933802264e-11,5.421460068756549e-15,-1.6583277877953845e-11,-49.39216300550398,-52.9128976555971,-3.5207346500931207,0.0,0.0,0.0,0.0,0.0,150000
<SOURCE_VECSTRAIGHT_REPO>/remote-results/phase3_vecstraight_clean_msgsource_learned_15seeds_remote_20260410/train/cond1_seed1616.pt,cond1,1616,9001,greedy,none,none,none,none,agent_3,agent_3,1,mixed,1.5,5824,0.9842032967032966,0.015796703296703296,0.0007583125520045762,-44.79311586237912,0.0006868131868131869,0.00547502900805419,0.0004942508066339483,-0.004980778201420266,-44.674650044478526,-43.95336347205339,0.7212865724251349,0.005494505494505495,0.0005151098901098901,-0.004979395604395604,0.004807692307692308,0.00017170329670329672,150000
<SOURCE_VECSTRAIGHT_REPO>/remote-results/phase3_vecstraight_clean_msgsource_learned_15seeds_remote_20260410/train/cond1_seed1616.pt,cond1,1616,9001,greedy,none,none,none,none,agent_0,agent_0,1,mixed,2.5,6298,0.19371228961575104,0.806287710384249,0.036964527247579135,-19.35927205431287,0.03270879644331534,0.03819754464889351,0.029206385920417993,-0.008991158728475558,-20.259392750683418,-19.65776626948621,0.601626481197209,0.033979040965385836,0.026516354398221656,-0.007462686567164179,0.0012702445220704986,0.013496348046999047,150000
<SOURCE_VECSTRAIGHT_REPO>/remote-results/phase3_vecstraight_clean_msgsource_learned_15seeds_remote_20260410/train/cond1_seed1616.pt,cond1,1616,9001,greedy,none,none,none,none,agent_0,agent_1,0,mixed,2.5,6298,0.19371228961575104,0.806287710384249,0.01824900481539961,-27.021053427114026,0.016671959352175292,0.0264267566203927,0.016763192241167676,-0.009663564379224856,-21.970419232881127,-28.556191989818984,-6.585772756937857,0.02588123213718641,0.01571927596062242,-0.010161956176563989,0.009844395046046363,0.006986344871387742,150000
<SOURCE_VECSTRAIGHT_REPO>/remote-results/phase3_vecstraight_clean_msgsource_learned_15seeds_remote_20260410/train/cond1_seed1616.pt,cond1,1616,9001,greedy,none,none,none,none,agent_0,agent_2,0,mixed,2.5,6298,0.19371228961575104,0.806287710384249,5.732583312256651e-06,-36.04646094585836,0.0,0.00020784129539411106,4.3973874105688973e-07,-0.00020740155665305426,-29.284105544271604,-37.81745937976734,-8.53335383549574,0.00015878056525881233,0.0,-0.00015878056525881233,0.00015878056525881233,0.0,150000
<SOURCE_VECSTRAIGHT_REPO>/remote-results/phase3_vecstraight_clean_msgsource_learned_15seeds_remote_20260410/train/cond1_seed1616.pt,cond1,1616,9001,greedy,none,none,none,none,agent_0,agent_3,0,mixed,2.5,6298,0.19371228961575104,0.806287710384249,0.026583152955865566,-28.57238202610681,0.025563671006668783,0.03061297965794588,0.01826037876374209,-0.012352600894203642,-22.097423130636294,-29.81306919788663,-7.715646067250339,0.028898062877103843,0.018736106700539854,-0.010161956176563989,0.003969514131470308,0.010320736741822802,150000
<SOURCE_VECSTRAIGHT_REPO>/remote-results/phase3_vecstraight_clean_msgsource_learned_15seeds_remote_20260410/train/cond1_seed1616.pt,cond1,1616,9001,greedy,none,none,none,none,agent_1,agent_0,0,mixed,2.5,6298,0.873928231184503,0.12607176881549698,0.036964527247579135,-19.35927205431287,0.03270879644331534,0.023536045776857493,0.08887225618391888,0.06533621040706113,-19.82572973668386,-17.80465040069633,2.02107933598753,0.020959034614163225,0.08685296919657035,0.06589393458240711,0.018100984439504603,0.055096856144807874,150000
<SOURCE_VECSTRAIGHT_REPO>/remote-results/phase3_vecstraight_clean_msgsource_learned_15seeds_remote_20260410/train/cond1_seed1616.pt,cond1,1616,9001,greedy,none,none,none,none,agent_1,agent_1,1,mixed,2.5,6298,0.873928231184503,0.12607176881549698,0.01824900481539961,-27.021053427114026,0.016671959352175292,0.005569993404090127,0.02090711083745957,0.015337117433369407,-27.853898759643855,-18.73865579695063,9.115242962693223,0.005239758653540806,0.019530009526833914,0.014290250873293109,0.011749761829152112,0.0028580501746586218,150000
<SOURCE_VECSTRAIGHT_REPO>/remote-results/phase3_vecstraight_clean_msgsource_learned_15seeds_remote_20260410/train/cond1_seed1616.pt,cond1,1616,9001,greedy,none,none,none,none,agent_1,agent_2,0,mixed,2.5,6298,0.873928231184503,0.12607176881549698,5.732583312256651e-06,-36.04646094585836,0.0,1.8685608493948655e-06,5.484019550863375e-05,5.297163465923908e-05,-36.41865579708677,-32.797464574980864,3.6211912221059075,0.0,0.0,0.0,0.0,0.0,150000
<SOURCE_VECSTRAIGHT_REPO>/remote-results/phase3_vecstraight_clean_msgsource_learned_15seeds_remote_20260410/train/cond1_seed1616.pt,cond1,1616,9001,greedy,none,none,none,none,agent_1,agent_3,0,mixed,2.5,6298,0.873928231184503,0.12607176881549698,0.026583152955865566,-28.57238202610681,0.025563671006668783,0.02673831914952671,0.026942388112346824,0.00020406896282006474,-28.990705010174484,-23.604732203464415,5.385972806710067,0.026198793267704034,0.026198793267704034,0.0,0.0031756113051762463,0.0028580501746586218,150000
<SOURCE_VECSTRAIGHT_REPO>/remote-results/phase3_vecstraight_clean_msgsource_learned_15seeds_remote_20260410/train/cond1_seed1616.pt,cond1,1616,9001,greedy,none,none,none,none,agent_2,agent_0,0,mixed,2.5,6298,0.835026992696094,0.164973007303906,0.036964527247579135,-19.35927205431287,0.03270879644331534,0.02863830301451928,0.03288346644279551,0.004245163428276334,-19.229397361197236,-26.84306751140037,-7.613670150203132,0.025087329310892345,0.03016830739917434,0.0050809780882819944,0.015560495395363607,0.0025404890441409972,150000
<SOURCE_VECSTRAIGHT_REPO>/remote-results/phase3_vecstraight_clean_msgsource_learned_15seeds_remote_20260410/train/cond1_seed1616.pt,cond1,1616,9001,greedy,none,none,none,none,agent_2,agent_1,0,mixed,2.5,6298,0.835026992696094,0.164973007303906,0.01824900481539961,-27.021053427114026,0.016671959352175292,0.0358619722389125,0.006970535244335748,-0.02889143699457673,-24.871233906609913,-43.07214418010684,-18.200910273496927,0.03461416322642109,0.006351222610352493,-0.028262940616068592,0.01794220387424579,0.010320736741822802,150000
<SOURCE_VECSTRAIGHT_REPO>/remote-results/phase3_vecstraight_clean_msgsource_learned_15seeds_remote_20260410/train/cond1_seed1616.pt,cond1,1616,9001,greedy,none,none,none,none,agent_2,agent_2,1,mixed,2.5,6298,0.835026992696094,0.164973007303906,5.732583312256651e-06,-36.04646094585836,0.0,0.0003485036313827212,1.198487102348736e-06,-0.000347305144280377,-35.928068567331195,-33.76983085796166,2.1582377093695353,0.00031756113051762465,0.0,-0.00031756113051762465,0.00031756113051762465,0.0,150000
<SOURCE_VECSTRAIGHT_REPO>/remote-results/phase3_vecstraight_clean_msgsource_learned_15seeds_remote_20260410/train/cond1_seed1616.pt,cond1,1616,9001,greedy,none,none,none,none,agent_2,agent_3,0,mixed,2.5,6298,0.835026992696094,0.164973007303906,0.026583152955865566,-28.57238202610681,0.025563671006668783,0.010905139003717416,0.03559040912649955,0.024685270122781922,-29.534581063173903,-23.26740523562706,6.267175827546843,0.010638297872340425,0.03429660209590346,0.023658304223563034,0.016195617656398858,0.008732931089234678,150000
<SOURCE_VECSTRAIGHT_REPO>/remote-results/phase3_vecstraight_clean_msgsource_learned_15seeds_remote_20260410/train/cond1_seed1616.pt,cond1,1616,9001,greedy,none,none,none,none,agent_3,agent_0,0,mixed,2.5,6298,0.9649094950778024,0.03509050492219752,0.036964527247579135,-19.35927205431287,0.03270879644331534,0.04038279016281238,0.03125112122827252,-0.009131668934539898,-19.23676475823853,-22.99195051285512,-3.7551857546165883,0.03683709114004446,0.030485868529691967,-0.006351222610352493,0.010161956176563989,0.014290250873293109,150000
<SOURCE_VECSTRAIGHT_REPO>/remote-results/phase3_vecstraight_clean_msgsource_learned_15seeds_remote_20260410/train/cond1_seed1616.pt,cond1,1616,9001,greedy,none,none,none,none,agent_3,agent_1,0,mixed,2.5,6298,0.9649094950778024,0.03509050492219752,0.01824900481539961,-27.021053427114026,0.016671959352175292,0.013666682000047064,0.04164220862066345,0.027975526620616243,-27.23279874255569,-20.178920684598218,7.053878057957472,0.011908542394410923,0.04191806922832645,0.03000952683391553,0.00476341695776437,0.029374404572880278,150000
<SOURCE_VECSTRAIGHT_REPO>/remote-results/phase3_vecstraight_clean_msgsource_learned_15seeds_remote_20260410/train/cond1_seed1616.pt,cond1,1616,9001,greedy,none,none,none,none,agent_3,agent_2,0,mixed,2.5,6298,0.9649094950778024,0.03509050492219752,5.732583312256651e-06,-36.04646094585836,0.0,4.549273788523723e-05,4.787480043362496e-06,-4.070525784187516e-05,-35.69344783272203,-37.710961970914994,-2.0175141381929698,0.0,0.0,0.0,0.0,0.0,150000
<SOURCE_VECSTRAIGHT_REPO>/remote-results/phase3_vecstraight_clean_msgsource_learned_15seeds_remote_20260410/train/cond1_seed1616.pt,cond1,1616,9001,greedy,none,none,none,none,agent_3,agent_3,1,mixed,2.5,6298,0.9649094950778024,0.03509050492219752,0.026583152955865566,-28.57238202610681,0.025563671006668783,0.041914996792334215,0.008009018480222924,-0.03390597831211186,-28.32640171915922,-27.910992775157347,0.4154089440018762,0.041282946967291206,0.00682756430612893,-0.03445538266116227,0.01571927596062242,0.018736106700539854,150000
<SOURCE_VECSTRAIGHT_REPO>/remote-results/phase3_vecstraight_clean_msgsource_learned_15seeds_remote_20260410/train/cond1_seed1616.pt,cond1,1616,9001,greedy,none,none,none,none,agent_0,agent_0,1,mixed,3.5,6673,0.7269593885808482,0.2730406114191518,0.7372753968928956,4.945578266591141,0.7383485688595834,0.7429898916952323,0.714446428823949,-0.028543462871283398,5.485321633985567,4.296948827775222,-1.188372806210345,0.7450921624456766,0.7196163644537689,-0.02547579799190769,0.01723362805334932,0.08137269593885808,150000
<SOURCE_VECSTRAIGHT_REPO>/remote-results/phase3_vecstraight_clean_msgsource_learned_15seeds_remote_20260410/train/cond1_seed1616.pt,cond1,1616,9001,greedy,none,none,none,none,agent_0,agent_1,0,mixed,3.5,6673,0.7269593885808482,0.2730406114191518,0.5189455044976783,-1.3447031354428087,0.525850442080024,0.5681529870665332,0.46225687364979107,-0.10589611341674134,0.003411126331278682,-4.146825582252375,-4.150236708583654,0.5789000449572905,0.46276037764124084,-0.11613966731604976,0.0815225535741046,0.18447474898846097,150000
<SOURCE_VECSTRAIGHT_REPO>/remote-results/phase3_vecstraight_clean_msgsource_learned_15seeds_remote_20260410/train/cond1_seed1616.pt,cond1,1616,9001,greedy,none,none,none,none,agent_0,agent_2,0,mixed,3.5,6673,0.7269593885808482,0.2730406114191518,0.05877106161645617,-19.45515379771896,0.058444477746141164,0.08293379754170546,0.004741878522197535,-0.07819191901950781,-16.484133277547855,-27.21156528762045,-10.727432010072596,0.08242169938558369,0.003896298516409411,-0.07852540086917428,0.02397722163944253,0.05454817922973176,150000
<SOURCE_VECSTRAIGHT_REPO>/remote-results/phase3_vecstraight_clean_msgsource_learned_15seeds_remote_20260410/train/cond1_seed1616.pt,cond1,1616,9001,greedy,none,none,none,none,agent_0,agent_3,0,mixed,3.5,6673,0.7269593885808482,0.2730406114191518,0.4666498223739933,-1.08939026647063,0.4654578150756781,0.44187441815860723,0.530710152488543,0.08883573432993588,-1.0253934444267585,-1.298579950178695,-0.27318650575193637,0.4300914131575004,0.5559718267645737,0.12588041360707328,0.06833508167241122,0.22688445976322494,150000
<SOURCE_VECSTRAIGHT_REPO>/remote-results/phase3_vecstraight_clean_msgsource_learned_15seeds_remote_20260410/train/cond1_seed1616.pt,cond1,1616,9001,greedy,none,none,none,none,agent_1,agent_0,0,mixed,3.5,6673,0.4362355762026075,0.5637644237973924,0.7372753968928956,4.945578266591141,0.7383485688595834,0.6018453740404953,0.8156251169503387,0.21377974290984325,0.9484780987292846,7.881529250685626,6.933051151956341,0.5962835306458865,0.8186722613517159,0.22238873070582946,0.15405364903341826,0.0872171437134722,150000
<SOURCE_VECSTRAIGHT_REPO>/remote-results/phase3_vecstraight_clean_msgsource_learned_15seeds_remote_20260410/train/cond1_seed1616.pt,cond1,1616,9001,greedy,none,none,none,none,agent_1,agent_1,1,mixed,3.5,6673,0.4362355762026075,0.5637644237973924,0.5189455044976783,-1.3447031354428087,0.525850442080024,0.41929316742460015,0.5863847269086658,0.16709155948406604,-3.4169205666463736,-0.1815685587215688,3.2353520079248046,0.4210999550427094,0.6010789749737749,0.1799790199310655,0.12902742394725011,0.07792597032818822,150000
<SOURCE_VECSTRAIGHT_REPO>/remote-results/phase3_vecstraight_clean_msgsource_learned_15seeds_remote_20260410/train/cond1_seed1616.pt,cond1,1616,9001,greedy,none,none,none,none,agent_1,agent_2,0,mixed,3.5,6673,0.4362355762026075,0.5637644237973924,0.05877106161645617,-19.45515379771896,0.058444477746141164,0.029521075516938392,0.07838908645444687,0.04886801093750854,-21.9280057143195,-17.886916215682955,4.041089498636543,0.028922523602577552,0.0777761126929417,0.048853589090364156,0.03012138468454968,0.020530496028772667,150000
<SOURCE_VECSTRAIGHT_REPO>/remote-results/phase3_vecstraight_clean_msgsource_learned_15seeds_remote_20260410/train/cond1_seed1616.pt,cond1,1616,9001,greedy,none,none,none,none,agent_1,agent_3,0,mixed,3.5,6673,0.4362355762026075,0.5637644237973924,0.4666498223739933,-1.08939026647063,0.4654578150756781,0.4784785162632802,0.480907092382331,0.002428576119050658,-1.0520341183142239,-0.7401813593939132,0.3118527589203106,0.47055297467405965,0.48029372096508316,0.009740746291023528,0.07702682451670913,0.07178180728308108,150000
<SOURCE_VECSTRAIGHT_REPO>/remote-results/phase3_vecstraight_clean_msgsource_learned_15seeds_remote_20260410/train/cond1_seed1616.pt,cond1,1616,9001,greedy,none,none,none,none,agent_2,agent_0,0,mixed,3.5,6673,0.1829761726359958,0.8170238273640043,0.7372753968928956,4.945578266591141,0.7383485688595834,0.3630137557629265,0.8103504224029067,0.4473366666399809,-3.0353888539329703,6.134252644417687,9.169641498350657,0.3574104600629402,0.8150756781057995,0.45766521804285926,0.39262700434587144,0.08601828263150008,150000
<SOURCE_VECSTRAIGHT_REPO>/remote-results/phase3_vecstraight_clean_msgsource_learned_15seeds_remote_20260410/train/cond1_seed1616.pt,cond1,1616,9001,greedy,none,none,none,none,agent_2,agent_1,0,mixed,3.5,6673,0.1829761726359958,0.8170238273640043,0.5189455044976783,-1.3447031354428087,0.525850442080024,0.7934517074872559,0.4650021784008528,-0.32844952908640285,3.851360975051371,-2.658670290689382,-6.5100312657407535,0.8045856436385433,0.46965382886258056,-0.33493181477596284,0.2817323542634497,0.05619661321744343,150000
<SOURCE_VECSTRAIGHT_REPO>/remote-results/phase3_vecstraight_clean_msgsource_learned_15seeds_remote_20260410/train/cond1_seed1616.pt,cond1,1616,9001,greedy,none,none,none,none,agent_2,agent_2,1,mixed,3.5,6673,0.1829761726359958,0.8170238273640043,0.05877106161645617,-19.45515379771896,0.058444477746141164,0.10769336653959548,0.03003876641116463,-0.0776546001284308,-12.734475762075157,-20.414978409160046,-7.68050264708489,0.10190319196763076,0.02832309306159149,-0.07358009890603927,0.054847894500224786,0.03102053049602877,150000
<SOURCE_VECSTRAIGHT_REPO>/remote-results/phase3_vecstraight_clean_msgsource_learned_15seeds_remote_20260410/train/cond1_seed1616.pt,cond1,1616,9001,greedy,none,none,none,none,agent_2,agent_3,0,mixed,3.5,6673,0.1829761726359958,0.8170238273640043,0.4666498223739933,-1.08939026647063,0.4654578150756781,0.28450179333169195,0.5170412037307657,0.23253941039907378,-3.5184968522067783,-0.22905088328277262,3.2894459689240056,0.27244118087816577,0.5216544282931216,0.2492132474149558,0.21699385583695488,0.05979319646335981,150000
<SOURCE_VECSTRAIGHT_REPO>/remote-results/phase3_vecstraight_clean_msgsource_learned_15seeds_remote_20260410/train/cond1_seed1616.pt,cond1,1616,9001,greedy,none,none,none,none,agent_3,agent_0,0,mixed,3.5,6673,0.3589090364154054,0.6410909635845946,0.7372753968928956,4.945578266591141,0.7383485688595834,0.6710497281885567,0.7602888283092206,0.08923910012066376,3.7567359511728644,5.777634217676401,2.020898266503537,0.6698636295519257,0.7630750786752585,0.09321144912333283,0.16888955492282332,0.07537839052899745,150000
<SOURCE_VECSTRAIGHT_REPO>/remote-results/phase3_vecstraight_clean_msgsource_learned_15seeds_remote_20260410/train/cond1_seed1616.pt,cond1,1616,9001,greedy,none,none,none,none,agent_3,agent_1,0,mixed,3.5,6673,0.3589090364154054,0.6410909635845946,0.5189455044976783,-1.3447031354428087,0.525850442080024,0.35877638836699216,0.5639608700516853,0.20518448168469286,-4.5274301756641755,-0.24086218207480578,4.28656799358937,0.35771017533343324,0.5715570208302113,0.21384684549677807,0.17023827364004196,0.07417952944702533,150000
<SOURCE_VECSTRAIGHT_REPO>/remote-results/phase3_vecstraight_clean_msgsource_learned_15seeds_remote_20260410/train/cond1_seed1616.pt,cond1,1616,9001,greedy,none,none,none,none,agent_3,agent_2,0,mixed,3.5,6673,0.3589090364154054,0.6410909635845946,0.05877106161645617,-19.45515379771896,0.058444477746141164,0.0670255514146699,0.039595280186860704,-0.027430271227809153,-13.73318670904656,-22.320470653823804,-8.587283944777242,0.06338977970927619,0.04001198861081972,-0.023377791098456467,0.050202307807582794,0.02862280833208452,150000
<SOURCE_VECSTRAIGHT_REPO>/remote-results/phase3_vecstraight_clean_msgsource_learned_15seeds_remote_20260410/train/cond1_seed1616.pt,cond1,1616,9001,greedy,none,none,none,none,agent_3,agent_3,1,mixed,3.5,6673,0.3589090364154054,0.6410909635845946,0.4666498223739933,-1.08939026647063,0.4654578150756781,0.7894652180894216,0.2965913654671271,-0.4928738526222951,2.61414244596379,-3.1334072434659235,-5.747549689429714,0.8072830810729806,0.2826315000749288,-0.5246515809980519,0.34272441180878166,0.18282631500074928,150000
<SOURCE_VECSTRAIGHT_REPO>/remote-results/phase3_vecstraight_clean_msgsource_learned_15seeds_remote_20260410/train/cond1_seed1616.pt,cond1,1616,9001,greedy,none,none,none,none,agent_0,agent_0,1,cooperative,5.0,5917,0.2837586614838601,0.7162413385161399,0.8124424946629866,8.046140843818211,0.8549940848402907,0.6854010904632926,0.8170254365802739,0.13162434611698137,7.07603908912322,8.54690776033258,1.4708686712093604,0.6111205002535068,0.8615852628020957,0.2504647625485888,0.2459016393442623,0.006591177961804969,150000
<SOURCE_VECSTRAIGHT_REPO>/remote-results/phase3_vecstraight_clean_msgsource_learned_15seeds_remote_20260410/train/cond1_seed1616.pt,cond1,1616,9001,greedy,none,none,none,none,agent_0,agent_1,0,cooperative,5.0,5917,0.2837586614838601,0.7162413385161399,0.9941373743426992,7.791066531824143,0.9983099543687679,0.9985321796076895,0.9889376923967922,-0.009594487210897252,10.726026185908308,6.939135338968173,-3.7868908469401363,0.9994929863106304,0.9949298631063038,-0.004563123204326517,0.0011830319418624302,0.0033800912624640865,150000
<SOURCE_VECSTRAIGHT_REPO>/remote-results/phase3_vecstraight_clean_msgsource_learned_15seeds_remote_20260410/train/cond1_seed1616.pt,cond1,1616,9001,greedy,none,none,none,none,agent_0,agent_2,0,cooperative,5.0,5917,0.2837586614838601,0.7162413385161399,0.6268502191274508,3.202984196906892,0.6275139428764577,0.897004209908972,0.49946115661676294,-0.3975430532922094,9.650273042533453,0.04125744587785391,-9.609015596655599,0.9018083488254183,0.49907047490282236,-0.4027378739225959,0.2742944059489606,0.1284434679736353,150000
<SOURCE_VECSTRAIGHT_REPO>/remote-results/phase3_vecstraight_clean_msgsource_learned_15seeds_remote_20260410/train/cond1_seed1616.pt,cond1,1616,9001,greedy,none,none,none,none,agent_0,agent_3,0,cooperative,5.0,5917,0.2837586614838601,0.7162413385161399,0.7644311715736032,1.9651035658004055,0.9092445496028393,0.6641183579307656,0.7880833416122054,0.12396498368143977,1.3347703031950027,2.2984235070032586,0.963653203808256,0.7099881696805814,0.9452425215480817,0.23525435186750043,0.2039885076897076,0.03633598107148893,150000
<SOURCE_VECSTRAIGHT_REPO>/remote-results/phase3_vecstraight_clean_msgsource_learned_15seeds_remote_20260410/train/cond1_seed1616.pt,cond1,1616,9001,greedy,none,none,none,none,agent_1,agent_0,0,cooperative,5.0,5917,0.6031772857867163,0.39682271421328374,0.8124424946629866,8.046140843818211,0.8549940848402907,0.69234003952809,0.995969798370945,0.303629758842855,2.503209193675164,16.58077807319271,14.077568879517546,0.7782660131823559,0.9959438904850431,0.21767787730268717,0.07672807165793477,0.1409498056447524,150000
<SOURCE_VECSTRAIGHT_REPO>/remote-results/phase3_vecstraight_clean_msgsource_learned_15seeds_remote_20260410/train/cond1_seed1616.pt,cond1,1616,9001,greedy,none,none,none,none,agent_1,agent_1,1,cooperative,5.0,5917,0.6031772857867163,0.39682271421328374,0.9941373743426992,7.791066531824143,0.9983099543687679,0.9947070340232673,0.984826224666767,-0.009880809356500462,8.783884455696521,6.87095108243467,-1.9129333732618519,0.9976339361162752,0.9993239817475071,0.0016900456312320432,0.001014027378739226,0.001014027378739226,150000
<SOURCE_VECSTRAIGHT_REPO>/remote-results/phase3_vecstraight_clean_msgsource_learned_15seeds_remote_20260410/train/cond1_seed1616.pt,cond1,1616,9001,greedy,none,none,none,none,agent_1,agent_2,0,cooperative,5.0,5917,0.6031772857867163,0.39682271421328374,0.6268502191274508,3.202984196906892,0.6275139428764577,0.6056563732777044,0.5902651771095959,-0.015391196168108414,2.2848057421753794,2.884819700334329,0.6000139581589495,0.6085854318066588,0.5867838431637654,-0.021801588642893357,0.051039378063207706,0.11982423525435187,150000
<SOURCE_VECSTRAIGHT_REPO>/remote-results/phase3_vecstraight_clean_msgsource_learned_15seeds_remote_20260410/train/cond1_seed1616.pt,cond1,1616,9001,greedy,none,none,none,none,agent_1,agent_3,0,cooperative,5.0,5917,0.6031772857867163,0.39682271421328374,0.7644311715736032,1.9651035658004055,0.9092445496028393,0.769308647699271,0.6911682195493852,-0.07814042814988566,1.8680666734703555,1.7150575003879627,-0.1530091730823927,0.9143146864965354,0.7826601318235592,-0.13165455467297618,0.02230860233226297,0.15058306574277505,150000
<SOURCE_VECSTRAIGHT_REPO>/remote-results/phase3_vecstraight_clean_msgsource_learned_15seeds_remote_20260410/train/cond1_seed1616.pt,cond1,1616,9001,greedy,none,none,none,none,agent_2,agent_0,0,cooperative,5.0,5917,0.8487409160047321,0.15125908399526788,0.8124424946629866,8.046140843818211,0.8549940848402907,0.7937828287143802,0.9764714426186846,0.18268861390430435,7.412692343320358,10.733545756594886,3.320853413274527,0.8404596924116952,0.9988169680581376,0.15835727564644245,0.014534392428595572,0.1441608923440933,150000
<SOURCE_VECSTRAIGHT_REPO>/remote-results/phase3_vecstraight_clean_msgsource_learned_15seeds_remote_20260410/train/cond1_seed1616.pt,cond1,1616,9001,greedy,none,none,none,none,agent_2,agent_1,0,cooperative,5.0,5917,0.8487409160047321,0.15125908399526788,0.9941373743426992,7.791066531824143,0.9983099543687679,0.995869681570293,0.9769482932446668,-0.018921388325626235,7.904248447742175,8.709270371871158,0.8050219241289829,0.9993239817475071,0.9827615345614331,-0.016562447186074025,0.001014027378739226,0.015886428933581206,150000
<SOURCE_VECSTRAIGHT_REPO>/remote-results/phase3_vecstraight_clean_msgsource_learned_15seeds_remote_20260410/train/cond1_seed1616.pt,cond1,1616,9001,greedy,none,none,none,none,agent_2,agent_2,1,cooperative,5.0,5917,0.8487409160047321,0.15125908399526788,0.6268502191274508,3.202984196906892,0.6275139428764577,0.6324008829079985,0.6879753614362183,0.05557447852821969,3.0379613093604947,4.22016984677625,1.1822085374157554,0.6334291025857698,0.6919046814263985,0.0584755788406287,0.01098529660300828,0.1134020618556701,150000
<SOURCE_VECSTRAIGHT_REPO>/remote-results/phase3_vecstraight_clean_msgsource_learned_15seeds_remote_20260410/train/cond1_seed1616.pt,cond1,1616,9001,greedy,none,none,none,none,agent_2,agent_3,0,cooperative,5.0,5917,0.8487409160047321,0.15125908399526788,0.7644311715736032,1.9651035658004055,0.9092445496028393,0.7323321249908741,0.9814747016878824,0.24914257669700846,1.2653178871874171,6.225925931485094,4.960608044297676,0.8936961297955045,0.9885076897076222,0.09481155991211762,0.015548419807334799,0.07926314010478283,150000
<SOURCE_VECSTRAIGHT_REPO>/remote-results/phase3_vecstraight_clean_msgsource_learned_15seeds_remote_20260410/train/cond1_seed1616.pt,cond1,1616,9001,greedy,none,none,none,none,agent_3,agent_0,0,cooperative,5.0,5917,0.930539124556363,0.06946087544363698,0.8124424946629866,8.046140843818211,0.8549940848402907,0.814015685862885,0.8127459694975171,-0.001269716365367977,8.030169164114996,7.539718869969675,-0.4904502941453217,0.8575291532871387,0.8228832178468819,-0.03464593544025689,0.010309278350515464,0.13925976001352036,150000
<SOURCE_VECSTRAIGHT_REPO>/remote-results/phase3_vecstraight_clean_msgsource_learned_15seeds_remote_20260410/train/cond1_seed1616.pt,cond1,1616,9001,greedy,none,none,none,none,agent_3,agent_1,0,cooperative,5.0,5917,0.930539124556363,0.06946087544363698,0.9941373743426992,7.791066531824143,0.9983099543687679,0.9940774639936681,0.9837188962846994,-0.010358567708968718,7.876259589005871,6.386553573073498,-1.4897060159323725,0.9978029406793983,0.997464931553152,-0.0003380091262464086,0.0008450228156160216,0.0035490958255872907,150000
<SOURCE_VECSTRAIGHT_REPO>/remote-results/phase3_vecstraight_clean_msgsource_learned_15seeds_remote_20260410/train/cond1_seed1616.pt,cond1,1616,9001,greedy,none,none,none,none,agent_3,agent_2,0,cooperative,5.0,5917,0.930539124556363,0.06946087544363698,0.6268502191274508,3.202984196906892,0.6275139428764577,0.6252997777307688,0.7544249876801182,0.1291252099493491,3.1873570074725035,5.795040871282526,2.607683863810023,0.6259929018083489,0.757647456481325,0.13165455467297618,0.01842149738042927,0.2224100050701369,150000
<SOURCE_VECSTRAIGHT_REPO>/remote-results/phase3_vecstraight_clean_msgsource_learned_15seeds_remote_20260410/train/cond1_seed1616.pt,cond1,1616,9001,greedy,none,none,none,none,agent_3,agent_3,1,cooperative,5.0,5917,0.930539124556363,0.06946087544363698,0.7644311715736032,1.9651035658004055,0.9092445496028393,0.7800295756830482,0.6364673995852836,-0.14356217609776448,2.150393253756734,0.7413447022297021,-1.409048551527032,0.9256379922257901,0.7035659962818996,-0.2220719959438905,0.01639344262295082,0.23339530167314518,150000
<SOURCE_VECSTRAIGHT_REPO>/remote-results/phase3_vecstraight_clean_msgsource_learned_15seeds_remote_20260410/train/cond1_seed202.pt,cond1,202,9001,greedy,none,none,none,none,agent_0,agent_0,1,competitive,0.5,5288,0.7694780635400907,0.23052193645990923,0.00540082615975023,-40.12549467103869,0.00510590015128593,0.00640984398848394,8.951616862094436e-07,-0.006408948826797728,-37.98031062429627,-48.93111296401623,-10.950802339719955,0.006051437216338881,0.0,-0.006051437216338881,0.0009455370650529501,0.00510590015128593,150000
<SOURCE_VECSTRAIGHT_REPO>/remote-results/phase3_vecstraight_clean_msgsource_learned_15seeds_remote_20260410/train/cond1_seed202.pt,cond1,202,9001,greedy,none,none,none,none,agent_0,agent_1,0,competitive,0.5,5288,0.7694780635400907,0.23052193645990923,0.00026416894012802524,-60.758472308178355,0.00018910741301059002,0.0002643002331225933,0.00011848388789282546,-0.00014581634522976822,-60.84817815881995,-60.49228203549147,0.3558961233284758,0.00018910741301059002,0.00018910741301059002,0.0,0.0,0.00037821482602118004,150000
<SOURCE_VECSTRAIGHT_REPO>/remote-results/phase3_vecstraight_clean_msgsource_learned_15seeds_remote_20260410/train/cond1_seed202.pt,cond1,202,9001,greedy,none,none,none,none,agent_0,agent_2,0,competitive,0.5,5288,0.7694780635400907,0.23052193645990923,0.008640989004574197,-42.57827742323392,0.00869894099848714,0.009364270134028437,0.005740469270644878,-0.003623800863383553,-41.145416184842766,-47.262485260400304,-6.11706907555754,0.009644478063540091,0.00548411497730711,-0.00416036308623298,0.00170196671709531,0.00548411497730711,150000
<SOURCE_VECSTRAIGHT_REPO>/remote-results/phase3_vecstraight_clean_msgsource_learned_15seeds_remote_20260410/train/cond1_seed202.pt,cond1,202,9001,greedy,none,none,none,none,agent_0,agent_3,0,competitive,0.5,5288,0.7694780635400907,0.23052193645990923,5.0920620249945825e-08,-42.93978183099975,0.0,6.130607393364779e-08,5.086465497378464e-08,-1.0441418959863413e-08,-42.80827934821326,-43.43364625078106,-0.6253669025677957,0.0,0.0,0.0,0.0,0.0,150000
<SOURCE_VECSTRAIGHT_REPO>/remote-results/phase3_vecstraight_clean_msgsource_learned_15seeds_remote_20260410/train/cond1_seed202.pt,cond1,202,9001,greedy,none,none,none,none,agent_1,agent_0,0,competitive,0.5,5288,0.00510590015128593,0.994894099848714,0.00540082615975023,-40.12549467103869,0.00510590015128593,0.02531918418341882,0.005399663579934038,-0.019919520603484744,-25.166893017738946,-40.20272976485519,-15.035836747116248,0.025907715582450832,0.00510590015128593,-0.0208018154311649,0.0208018154311649,0.0,150000
<SOURCE_VECSTRAIGHT_REPO>/remote-results/phase3_vecstraight_clean_msgsource_learned_15seeds_remote_20260410/train/cond1_seed202.pt,cond1,202,9001,greedy,none,none,none,none,agent_1,agent_1,1,competitive,0.5,5288,0.00510590015128593,0.994894099848714,0.00026416894012802524,-60.758472308178355,0.00018910741301059002,0.00012180734083837159,0.00026416894092772507,0.00014236160008935367,-62.75253686491462,-60.75403353819869,1.9985033267159324,0.0,0.00018910741301059002,0.00018910741301059002,0.00018910741301059002,0.0,150000
<SOURCE_VECSTRAIGHT_REPO>/remote-results/phase3_vecstraight_clean_msgsource_learned_15seeds_remote_20260410/train/cond1_seed202.pt,cond1,202,9001,greedy,none,none,none,none,agent_1,agent_2,0,competitive,0.5,5288,0.00510590015128593,0.994894099848714,0.008640989004574197,-42.57827742323392,0.00869894099848714,0.0008732043251815261,0.008641614108536989,0.007768409783355465,-52.844309552095034,-42.52242088867929,10.32188866341574,0.0007564296520423601,0.00869894099848714,0.00794251134644478,0.00794251134644478,0.0,150000
<SOURCE_VECSTRAIGHT_REPO>/remote-results/phase3_vecstraight_clean_msgsource_learned_15seeds_remote_20260410/train/cond1_seed202.pt,cond1,202,9001,greedy,none,none,none,none,agent_1,agent_3,0,competitive,0.5,5288,0.00510590015128593,0.994894099848714,5.0920620249945825e-08,-42.93978183099975,0.0,6.623897530287174e-06,5.0920503339210186e-08,-6.572977026947963e-06,-37.058515519580034,-42.968289425802304,-5.90977390622227,0.0,0.0,0.0,0.0,0.0,150000
<SOURCE_VECSTRAIGHT_REPO>/remote-results/phase3_vecstraight_clean_msgsource_learned_15seeds_remote_20260410/train/cond1_seed202.pt,cond1,202,9001,greedy,none,none,none,none,agent_2,agent_0,0,competitive,0.5,5288,0.009455370650529501,0.9905446293494705,0.00540082615975023,-40.12549467103869,0.00510590015128593,0.004182037493773273,0.0062057090904845584,0.0020236715967113022,-38.310469242706105,-40.12059795686273,-1.8101287141566287,0.00416036308623298,0.0058623298033282905,0.00170196671709531,0.00132375189107413,0.0007564296520423601,150000
<SOURCE_VECSTRAIGHT_REPO>/remote-results/phase3_vecstraight_clean_msgsource_learned_15seeds_remote_20260410/train/cond1_seed202.pt,cond1,202,9001,greedy,none,none,none,none,agent_2,agent_1,0,competitive,0.5,5288,0.009455370650529501,0.9905446293494705,0.00026416894012802524,-60.758472308178355,0.00018910741301059002,0.0012220605808067717,6.127460379640516e-06,-0.0012159331204271314,-49.787830462637,-60.849525386645105,-11.061694924008107,0.0011346444780635401,0.0,-0.0011346444780635401,0.0009455370650529501,0.00018910741301059002,150000
<SOURCE_VECSTRAIGHT_REPO>/remote-results/phase3_vecstraight_clean_msgsource_learned_15seeds_remote_20260410/train/cond1_seed202.pt,cond1,202,9001,greedy,none,none,none,none,agent_2,agent_2,1,competitive,0.5,5288,0.009455370650529501,0.9905446293494705,0.008640989004574197,-42.57827742323392,0.00869894099848714,0.008557447925463616,0.00827454466093127,-0.00028290326453235065,-39.648178038332446,-42.5842160402421,-2.9360380019096493,0.00832072617246596,0.00850983358547655,0.00018910741301059002,0.0011346444780635401,0.00018910741301059002,150000
<SOURCE_VECSTRAIGHT_REPO>/remote-results/phase3_vecstraight_clean_msgsource_learned_15seeds_remote_20260410/train/cond1_seed202.pt,cond1,202,9001,greedy,none,none,none,none,agent_2,agent_3,0,competitive,0.5,5288,0.009455370650529501,0.9905446293494705,5.0920620249945825e-08,-42.93978183099975,0.0,1.3069423492872607e-10,5.09356706750944e-08,5.08049764401662e-08,-44.73101024440125,-42.93820365979343,1.7928065846078154,0.0,0.0,0.0,0.0,0.0,150000
<SOURCE_VECSTRAIGHT_REPO>/remote-results/phase3_vecstraight_clean_msgsource_learned_15seeds_remote_20260410/train/cond1_seed202.pt,cond1,202,9001,greedy,none,none,none,none,agent_3,agent_0,0,competitive,0.5,5288,0.09171709531013615,0.9082829046898638,0.00540082615975023,-40.12549467103869,0.00510590015128593,0.005324727031885727,0.006612247231325134,0.0012875201994394332,-35.49386339087699,-40.4829917210753,-4.9891283301983185,0.00510590015128593,0.006429652042360061,0.00132375189107413,0.0,0.00132375189107413,150000
<SOURCE_VECSTRAIGHT_REPO>/remote-results/phase3_vecstraight_clean_msgsource_learned_15seeds_remote_20260410/train/cond1_seed202.pt,cond1,202,9001,greedy,none,none,none,none,agent_3,agent_1,0,competitive,0.5,5288,0.09171709531013615,0.9082829046898638,0.00026416894012802524,-60.758472308178355,0.00018910741301059002,0.0002640108545856266,0.0018219142400253945,0.0015579033854397689,-62.70591316073457,-60.46158553136346,2.2443276293711025,0.00018910741301059002,0.00170196671709531,0.0015128593040847202,0.0,0.0015128593040847202,150000
<SOURCE_VECSTRAIGHT_REPO>/remote-results/phase3_vecstraight_clean_msgsource_learned_15seeds_remote_20260410/train/cond1_seed202.pt,cond1,202,9001,greedy,none,none,none,none,agent_3,agent_2,0,competitive,0.5,5288,0.09171709531013615,0.9082829046898638,0.008640989004574197,-42.57827742323392,0.00869894099848714,0.0032190895257892893,0.02099182140362435,0.01777273187783506,-51.43842429174012,-41.58212544367777,9.856298848062348,0.0032148260211800304,0.02118003025718608,0.01796520423600605,0.00548411497730711,0.012481089258698942,150000
<SOURCE_VECSTRAIGHT_REPO>/remote-results/phase3_vecstraight_clean_msgsource_learned_15seeds_remote_20260410/train/cond1_seed202.pt,cond1,202,9001,greedy,none,none,none,none,agent_3,agent_3,1,competitive,0.5,5288,0.09171709531013615,0.9082829046898638,5.0920620249945825e-08,-42.93978183099975,0.0,1.7672643775393646e-06,5.2918546563837374e-08,-1.714345830975543e-06,-44.12264265198931,-42.79971367039587,1.322928981593445,0.0,0.0,0.0,0.0,0.0,150000
<SOURCE_VECSTRAIGHT_REPO>/remote-results/phase3_vecstraight_clean_msgsource_learned_15seeds_remote_20260410/train/cond1_seed202.pt,cond1,202,9001,greedy,none,none,none,none,agent_0,agent_0,1,mixed,1.5,5824,0.9800824175824175,0.019917582417582416,0.025905488040838767,-21.867479657672426,0.024553571428571428,0.03850076411046651,0.0034399373667567024,-0.03506082674370977,-21.539744286733978,-32.982814528708154,-11.443070241974176,0.03777472527472527,0.003434065934065934,-0.034340659340659344,0.013221153846153846,0.021119505494505496,150000
<SOURCE_VECSTRAIGHT_REPO>/remote-results/phase3_vecstraight_clean_msgsource_learned_15seeds_remote_20260410/train/cond1_seed202.pt,cond1,202,9001,greedy,none,none,none,none,agent_0,agent_1,0,mixed,1.5,5824,0.9800824175824175,0.019917582417582416,0.011638884656270259,-41.36033167590254,0.011675824175824176,0.0125334054330694,0.010805115614654392,-0.0017282898184149947,-41.32597520165043,-39.05381645890117,2.2721587427492653,0.012362637362637362,0.01098901098901099,-0.0013736263736263737,0.0010302197802197802,0.004464285714285714,150000
<SOURCE_VECSTRAIGHT_REPO>/remote-results/phase3_vecstraight_clean_msgsource_learned_15seeds_remote_20260410/train/cond1_seed202.pt,cond1,202,9001,greedy,none,none,none,none,agent_0,agent_2,0,mixed,1.5,5824,0.9800824175824175,0.019917582417582416,0.04593127877195951,-26.69974768305054,0.04481456043956044,0.04395352544476986,0.0401642491221094,-0.003789276322660446,-26.732820017386103,-31.405695698121665,-4.67287568073556,0.04326923076923077,0.03897664835164835,-0.004292582417582418,0.0015453296703296703,0.016483516483516484,150000
<SOURCE_VECSTRAIGHT_REPO>/remote-results/phase3_vecstraight_clean_msgsource_learned_15seeds_remote_20260410/train/cond1_seed202.pt,cond1,202,9001,greedy,none,none,none,none,agent_0,agent_3,0,mixed,1.5,5824,0.9800824175824175,0.019917582417582416,0.004179212237483667,-23.967821995277408,0.003949175824175824,0.003961407949554135,0.004462677574735503,0.0005012696251813743,-23.920291744694524,-24.80376323584242,-0.883471491147897,0.003605769230769231,0.004120879120879121,0.0005151098901098901,0.00034340659340659343,0.0005151098901098901,150000
<SOURCE_VECSTRAIGHT_REPO>/remote-results/phase3_vecstraight_clean_msgsource_learned_15seeds_remote_20260410/train/cond1_seed202.pt,cond1,202,9001,greedy,none,none,none,none,agent_1,agent_0,0,mixed,1.5,5824,0.2651098901098901,0.7348901098901099,0.025905488040838767,-21.867479657672426,0.024553571428571428,0.09592766129994362,0.014006693803897451,-0.0819209674960461,-10.246563390150646,-26.10826463369233,-15.861701243541685,0.09237637362637363,0.01407967032967033,-0.0782967032967033,0.06782280219780219,0.010473901098901098,150000
<SOURCE_VECSTRAIGHT_REPO>/remote-results/phase3_vecstraight_clean_msgsource_learned_15seeds_remote_20260410/train/cond1_seed202.pt,cond1,202,9001,greedy,none,none,none,none,agent_1,agent_1,1,mixed,1.5,5824,0.2651098901098901,0.7348901098901099,0.011638884656270259,-41.36033167590254,0.011675824175824176,0.011525404234577099,0.011473341227540637,-5.2063007036469375e-05,-40.49046552938455,-41.643573277082375,-1.153107747697824,0.01098901098901099,0.011332417582417582,0.00034340659340659343,0.0030906593406593405,0.00034340659340659343,150000
<SOURCE_VECSTRAIGHT_REPO>/remote-results/phase3_vecstraight_clean_msgsource_learned_15seeds_remote_20260410/train/cond1_seed202.pt,cond1,202,9001,greedy,none,none,none,none,agent_1,agent_2,0,mixed,1.5,5824,0.2651098901098901,0.7348901098901099,0.04593127877195951,-26.69974768305054,0.04481456043956044,0.012053018607848447,0.05035087708543497,0.03829785847758648,-34.582664649657254,-23.996318952610288,10.586345697046964,0.012190934065934066,0.04945054945054945,0.037259615384615384,0.032623626373626376,0.004635989010989011,150000
<SOURCE_VECSTRAIGHT_REPO>/remote-results/phase3_vecstraight_clean_msgsource_learned_15seeds_remote_20260410/train/cond1_seed202.pt,cond1,202,9001,greedy,none,none,none,none,agent_1,agent_3,0,mixed,1.5,5824,0.2651098901098901,0.7348901098901099,0.004179212237483667,-23.967821995277408,0.003949175824175824,0.010489493779508802,0.003250561643313995,-0.007238932136194786,-19.217082142927122,-25.620496949211663,-6.403414806284543,0.009443681318681318,0.002918956043956044,-0.006524725274725275,0.005494505494505495,0.0010302197802197802,150000
<SOURCE_VECSTRAIGHT_REPO>/remote-results/phase3_vecstraight_clean_msgsource_learned_15seeds_remote_20260410/train/cond1_seed202.pt,cond1,202,9001,greedy,none,none,none,none,agent_2,agent_0,0,mixed,1.5,5824,0.017342032967032968,0.982657967032967,0.025905488040838767,-21.867479657672426,0.024553571428571428,0.01908089202778627,0.025965090253480365,0.006884198225694191,-20.15772685444924,-21.866401537503165,-1.7086746830539266,0.018028846153846152,0.024553571428571428,0.006524725274725275,0.01201923076923077,0.0006868131868131869,150000
<SOURCE_VECSTRAIGHT_REPO>/remote-results/phase3_vecstraight_clean_msgsource_learned_15seeds_remote_20260410/train/cond1_seed202.pt,cond1,202,9001,greedy,none,none,none,none,agent_2,agent_1,0,mixed,1.5,5824,0.017342032967032968,0.982657967032967,0.011638884656270259,-41.36033167590254,0.011675824175824176,0.017796875168339322,0.008582863627715516,-0.009214011540623793,-28.03299346069836,-41.44577873199359,-13.412785271295233,0.018028846153846152,0.009100274725274726,-0.008928571428571428,0.006353021978021978,0.0025755494505494505,150000
<SOURCE_VECSTRAIGHT_REPO>/remote-results/phase3_vecstraight_clean_msgsource_learned_15seeds_remote_20260410/train/cond1_seed202.pt,cond1,202,9001,greedy,none,none,none,none,agent_2,agent_2,1,mixed,1.5,5824,0.017342032967032968,0.982657967032967,0.04593127877195951,-26.69974768305054,0.04481456043956044,0.07865376315074743,0.045598030552670456,-0.033055732598076884,-18.55030888114329,-26.727827295722378,-8.177518414579087,0.07572115384615384,0.044642857142857144,-0.031078296703296704,0.031936813186813184,0.00017170329670329672,150000
<SOURCE_VECSTRAIGHT_REPO>/remote-results/phase3_vecstraight_clean_msgsource_learned_15seeds_remote_20260410/train/cond1_seed202.pt,cond1,202,9001,greedy,none,none,none,none,agent_2,agent_3,0,mixed,1.5,5824,0.017342032967032968,0.982657967032967,0.004179212237483667,-23.967821995277408,0.003949175824175824,0.004007444501946142,0.0041914646653871245,0.00018402016344097293,-26.856221508023655,-23.985568019643345,2.8706534883803125,0.0037774725274725275,0.003949175824175824,0.00017170329670329672,0.0008585164835164835,0.0,150000
<SOURCE_VECSTRAIGHT_REPO>/remote-results/phase3_vecstraight_clean_msgsource_learned_15seeds_remote_20260410/train/cond1_seed202.pt,cond1,202,9001,greedy,none,none,none,none,agent_3,agent_0,0,mixed,1.5,5824,0.036057692307692304,0.9639423076923077,0.025905488040838767,-21.867479657672426,0.024553571428571428,0.015311032529314865,0.027170888630397228,0.011859856101082514,-21.340397466473014,-21.806589472061535,-0.46619200558851953,0.015453296703296704,0.025412087912087912,0.009958791208791208,0.009100274725274726,0.001201923076923077,150000
<SOURCE_VECSTRAIGHT_REPO>/remote-results/phase3_vecstraight_clean_msgsource_learned_15seeds_remote_20260410/train/cond1_seed202.pt,cond1,202,9001,greedy,none,none,none,none,agent_3,agent_1,0,mixed,1.5,5824,0.036057692307692304,0.9639423076923077,0.011638884656270259,-41.36033167590254,0.011675824175824176,0.011116482543795875,0.01868699567017445,0.007570513126378596,-40.14367111049245,-41.141873193331634,-0.9982020828391907,0.011160714285714286,0.018372252747252748,0.007211538461538462,0.0008585164835164835,0.006696428571428571,150000
<SOURCE_VECSTRAIGHT_REPO>/remote-results/phase3_vecstraight_clean_msgsource_learned_15seeds_remote_20260410/train/cond1_seed202.pt,cond1,202,9001,greedy,none,none,none,none,agent_3,agent_2,0,mixed,1.5,5824,0.036057692307692304,0.9639423076923077,0.04593127877195951,-26.69974768305054,0.04481456043956044,0.022884035392373228,0.058405642298868604,0.03552160690649538,-39.790911566486564,-26.246315805957867,13.544595760528694,0.022149725274725276,0.057692307692307696,0.035542582417582416,0.022664835164835164,0.012877747252747252,150000
<SOURCE_VECSTRAIGHT_REPO>/remote-results/phase3_vecstraight_clean_msgsource_learned_15seeds_remote_20260410/train/cond1_seed202.pt,cond1,202,9001,greedy,none,none,none,none,agent_3,agent_3,1,mixed,1.5,5824,0.036057692307692304,0.9639423076923077,0.004179212237483667,-23.967821995277408,0.003949175824175824,0.005601894571349364,0.004109146907366358,-0.0014927476639830222,-25.7163092825398,-23.881034665372592,1.83527461716721,0.005322802197802198,0.0037774725274725275,-0.0015453296703296703,0.0013736263736263737,0.0005151098901098901,150000
<SOURCE_VECSTRAIGHT_REPO>/remote-results/phase3_vecstraight_clean_msgsource_learned_15seeds_remote_20260410/train/cond1_seed202.pt,cond1,202,9001,greedy,none,none,none,none,agent_0,agent_0,1,mixed,2.5,6298,0.7457923150206415,0.25420768497935853,0.5903238914378323,1.7340894392941464,0.5920927278501111,0.7369022819858801,0.2982985233751332,-0.4386037586107464,5.4023184437445515,-5.971302021383558,-11.37362046512811,0.7413464591933947,0.29485550968561447,-0.44649094950778023,0.14925373134328357,0.29977770720863767,150000
<SOURCE_VECSTRAIGHT_REPO>/remote-results/phase3_vecstraight_clean_msgsource_learned_15seeds_remote_20260410/train/cond1_seed202.pt,cond1,202,9001,greedy,none,none,none,none,agent_0,agent_1,0,mixed,2.5,6298,0.7457923150206415,0.25420768497935853,0.4289883913973925,-4.639830682350978,0.4274372816767228,0.4555921881751315,0.3784817598282009,-0.0771104283469312,-3.9647072661252825,-5.666658508963114,-1.7019512428378314,0.45442997777072086,0.37678628135916165,-0.07764369641155923,0.051127342013337566,0.15068275643061288,150000
<SOURCE_VECSTRAIGHT_REPO>/remote-results/phase3_vecstraight_clean_msgsource_learned_15seeds_remote_20260410/train/cond1_seed202.pt,cond1,202,9001,greedy,none,none,none,none,agent_0,agent_2,0,mixed,2.5,6298,0.7457923150206415,0.25420768497935853,0.5161415444189984,0.45713946510019965,0.5154017148301048,0.5106143013482001,0.5052260946304731,-0.005388206717725977,0.3730820741548202,-1.9335834093891124,-2.3066654835439326,0.5103207367418228,0.5060336614798349,-0.004287075261987933,0.024134645919339472,0.05986027310257225,150000
<SOURCE_VECSTRAIGHT_REPO>/remote-results/phase3_vecstraight_clean_msgsource_learned_15seeds_remote_20260410/train/cond1_seed202.pt,cond1,202,9001,greedy,none,none,none,none,agent_0,agent_3,0,mixed,2.5,6298,0.7457923150206415,0.25420768497935853,0.30656179657566013,-4.392336216285262,0.3048586852969197,0.2859493200362863,0.3171132931630625,0.03116397312677655,-4.632871084218084,-4.596134545458389,0.03673653875969447,0.2838996506827564,0.31549698316926006,0.03159733248650365,0.02953318513813909,0.06049539536360749,150000
<SOURCE_VECSTRAIGHT_REPO>/remote-results/phase3_vecstraight_clean_msgsource_learned_15seeds_remote_20260410/train/cond1_seed202.pt,cond1,202,9001,greedy,none,none,none,none,agent_1,agent_0,0,mixed,2.5,6298,0.4536360749444268,0.5463639250555732,0.5903238914378323,1.7340894392941464,0.5920927278501111,0.8468714989080144,0.31858025495397646,-0.5282912439540379,9.028895241995961,-5.966043410650622,-14.994938652646583,0.8524928548745634,0.31756113051762463,-0.5349317243569387,0.2604001270244522,0.2745315973324865,150000
<SOURCE_VECSTRAIGHT_REPO>/remote-results/phase3_vecstraight_clean_msgsource_learned_15seeds_remote_20260410/train/cond1_seed202.pt,cond1,202,9001,greedy,none,none,none,none,agent_1,agent_1,1,mixed,2.5,6298,0.4536360749444268,0.5463639250555732,0.4289883913973925,-4.639830682350978,0.4274372816767228,0.44098854810044696,0.4272262622173234,-0.013762285883123719,-4.667269291624157,-4.76724587545679,-0.09997658383263297,0.4410924102889806,0.4290250873293109,-0.012067322959669736,0.06224198158145443,0.049539536360749446,150000
<SOURCE_VECSTRAIGHT_REPO>/remote-results/phase3_vecstraight_clean_msgsource_learned_15seeds_remote_20260410/train/cond1_seed202.pt,cond1,202,9001,greedy,none,none,none,none,agent_1,agent_2,0,mixed,2.5,6298,0.4536360749444268,0.5463639250555732,0.5161415444189984,0.45713946510019965,0.5154017148301048,0.34707304567140557,0.6663066594520888,0.3192336137806835,-5.532993514685829,5.798291331493654,11.331284846179482,0.34645919339472847,0.6676722769133058,0.3212130835185773,0.1689425214353763,0.15258812321371865,150000
<SOURCE_VECSTRAIGHT_REPO>/remote-results/phase3_vecstraight_clean_msgsource_learned_15seeds_remote_20260410/train/cond1_seed202.pt,cond1,202,9001,greedy,none,none,none,none,agent_1,agent_3,0,mixed,2.5,6298,0.4536360749444268,0.5463639250555732,0.30656179657566013,-4.392336216285262,0.3048586852969197,0.4817172554394117,0.24680697299591847,-0.23491028244349244,-0.28357788027468545,-6.590046423364628,-6.3064685430899425,0.48523340743093046,0.24722134010797078,-0.23801206732295968,0.1841854557002223,0.058590028580501746,150000
<SOURCE_VECSTRAIGHT_REPO>/remote-results/phase3_vecstraight_clean_msgsource_learned_15seeds_remote_20260410/train/cond1_seed202.pt,cond1,202,9001,greedy,none,none,none,none,agent_2,agent_0,0,mixed,2.5,6298,0.28056525881232136,0.7194347411876786,0.5903238914378323,1.7340894392941464,0.5920927278501111,0.5223653009536874,0.5863115210597418,0.0639462201060538,-0.19548885565441576,1.9394531799566086,2.1349420356110245,0.5242934264845983,0.5882819942838996,0.06398856779930137,0.159892029215624,0.012702445220704985,150000
<SOURCE_VECSTRAIGHT_REPO>/remote-results/phase3_vecstraight_clean_msgsource_learned_15seeds_remote_20260410/train/cond1_seed202.pt,cond1,202,9001,greedy,none,none,none,none,agent_2,agent_1,0,mixed,2.5,6298,0.28056525881232136,0.7194347411876786,0.4289883913973925,-4.639830682350978,0.4274372816767228,0.55605819228381,0.3925614973619904,-0.16349669492181962,-0.4856885985869686,-5.468053058228699,-4.98236445964173,0.5587488091457605,0.3896475071451254,-0.1691013020006351,0.14147348364560178,0.046046363925055574,150000
<SOURCE_VECSTRAIGHT_REPO>/remote-results/phase3_vecstraight_clean_msgsource_learned_15seeds_remote_20260410/train/cond1_seed202.pt,cond1,202,9001,greedy,none,none,none,none,agent_2,agent_2,1,mixed,2.5,6298,0.28056525881232136,0.7194347411876786,0.5161415444189984,0.45713946510019965,0.5154017148301048,0.8052851641502631,0.49072503866959094,-0.31456012548067197,10.88170478614825,-1.240996633788524,-12.122701419936774,0.8051762464274372,0.49031438551921247,-0.3148618609082248,0.2977135598602731,0.025087329310892345,150000
<SOURCE_VECSTRAIGHT_REPO>/remote-results/phase3_vecstraight_clean_msgsource_learned_15seeds_remote_20260410/train/cond1_seed202.pt,cond1,202,9001,greedy,none,none,none,none,agent_2,agent_3,0,mixed,2.5,6298,0.28056525881232136,0.7194347411876786,0.30656179657566013,-4.392336216285262,0.3048586852969197,0.27149387807007475,0.3343556653392465,0.06286178726917142,-5.613623926539664,-3.758274453903009,1.8553494726366544,0.27389647507145126,0.33232772308669417,0.05843124801524294,0.07796125754207685,0.04493489996824389,150000
<SOURCE_VECSTRAIGHT_REPO>/remote-results/phase3_vecstraight_clean_msgsource_learned_15seeds_remote_20260410/train/cond1_seed202.pt,cond1,202,9001,greedy,none,none,none,none,agent_3,agent_0,0,mixed,2.5,6298,0.37456335344553826,0.6254366465544617,0.5903238914378323,1.7340894392941464,0.5920927278501111,0.4175585368357458,0.6092584901952434,0.19169995335949797,-2.0853714043586242,3.075511234302858,5.160882638661483,0.4175928866306764,0.6097173705938393,0.1921244839631629,0.17513496348047,0.020800254048904412,150000
<SOURCE_VECSTRAIGHT_REPO>/remote-results/phase3_vecstraight_clean_msgsource_learned_15seeds_remote_20260410/train/cond1_seed202.pt,cond1,202,9001,greedy,none,none,none,none,agent_3,agent_1,0,mixed,2.5,6298,0.37456335344553826,0.6254366465544617,0.4289883913973925,-4.639830682350978,0.4274372816767228,0.40741724591396866,0.4787620434630592,0.07134479754908954,-5.444412144991132,-3.4520412926405677,1.992370852350564,0.4082248332804065,0.47538901238488407,0.06716417910447761,0.04366465544617339,0.06255954271197206,150000
<SOURCE_VECSTRAIGHT_REPO>/remote-results/phase3_vecstraight_clean_msgsource_learned_15seeds_remote_20260410/train/cond1_seed202.pt,cond1,202,9001,greedy,none,none,none,none,agent_3,agent_2,0,mixed,2.5,6298,0.37456335344553826,0.6254366465544617,0.5161415444189984,0.45713946510019965,0.5154017148301048,0.3659601248578163,0.5846478012771053,0.21868767641928827,-10.955840316726201,5.699560940682074,16.655401257408275,0.36487773896475073,0.5838361384566529,0.21895839949190218,0.15052397586535407,0.06843442362654811,150000
<SOURCE_VECSTRAIGHT_REPO>/remote-results/phase3_vecstraight_clean_msgsource_learned_15seeds_remote_20260410/train/cond1_seed202.pt,cond1,202,9001,greedy,none,none,none,none,agent_3,agent_3,1,mixed,2.5,6298,0.37456335344553826,0.6254366465544617,0.30656179657566013,-4.392336216285262,0.3048586852969197,0.3562380063396853,0.3018949722632617,-0.054343034076423345,-3.516908209833617,-4.6233352128985326,-1.1064270030649153,0.3542394410924103,0.3007303906001905,-0.053509050492219754,0.07446808510638298,0.03683709114004446,150000
<SOURCE_VECSTRAIGHT_REPO>/remote-results/phase3_vecstraight_clean_msgsource_learned_15seeds_remote_20260410/train/cond1_seed202.pt,cond1,202,9001,greedy,none,none,none,none,agent_0,agent_0,1,mixed,3.5,6673,0.5929866626704631,0.40701333732953693,0.9510607254521307,20.48644756222618,0.9514461261801289,0.9955178849493932,0.8845557059513387,-0.11096217899805445,26.18039528948961,15.641935526107662,-10.538459763381947,0.9958039862130975,0.8840101903191968,-0.11179379589390079,0.04435786003296868,0.07163194964783456,150000
<SOURCE_VECSTRAIGHT_REPO>/remote-results/phase3_vecstraight_clean_msgsource_learned_15seeds_remote_20260410/train/cond1_seed202.pt,cond1,202,9001,greedy,none,none,none,none,agent_0,agent_1,0,mixed,3.5,6673,0.5929866626704631,0.40701333732953693,0.9218878560695716,6.144635594323909,0.9280683350816724,0.9663211350621794,0.6602328826055758,-0.30608825245660354,7.169631472153587,2.5724158112870223,-4.597215660866565,0.980518507417953,0.6313502172935711,-0.34916829012438183,0.052450172336280534,0.2976172635995804,150000
<SOURCE_VECSTRAIGHT_REPO>/remote-results/phase3_vecstraight_clean_msgsource_learned_15seeds_remote_20260410/train/cond1_seed202.pt,cond1,202,9001,greedy,none,none,none,none,agent_0,agent_2,0,mixed,3.5,6673,0.5929866626704631,0.40701333732953693,0.9603767900150237,28.447219120362842,0.9601378690244268,0.9603773353938815,0.9440837843546164,-0.016293551039264966,30.36289038825889,25.40950326876324,-4.953387119495653,0.9601378690244268,0.9435036715120635,-0.016634197512363256,0.0,0.016634197512363256,150000
<SOURCE_VECSTRAIGHT_REPO>/remote-results/phase3_vecstraight_clean_msgsource_learned_15seeds_remote_20260410/train/cond1_seed202.pt,cond1,202,9001,greedy,none,none,none,none,agent_0,agent_3,0,mixed,3.5,6673,0.5929866626704631,0.40701333732953693,0.8786986775675327,4.371791430531137,0.9222238873070583,0.8494887554044569,0.7953941056460221,-0.05409464975843491,4.105640407072744,3.608841964225531,-0.4967984428472128,0.8991458114790949,0.8167241120935111,-0.08242169938558369,0.047055297467405964,0.19001948149258205,150000
<SOURCE_VECSTRAIGHT_REPO>/remote-results/phase3_vecstraight_clean_msgsource_learned_15seeds_remote_20260410/train/cond1_seed202.pt,cond1,202,9001,greedy,none,none,none,none,agent_1,agent_0,0,mixed,3.5,6673,0.7887007343024127,0.21129926569758728,0.9510607254521307,20.48644756222618,0.9514461261801289,0.9957351396750402,0.8155530313276955,-0.18018210834734444,22.575416930072333,11.774580475680388,-10.800836454391945,0.9959538438483441,0.8228682751386183,-0.17308556870972577,0.044507717668215194,0.12857785104151057,150000
<SOURCE_VECSTRAIGHT_REPO>/remote-results/phase3_vecstraight_clean_msgsource_learned_15seeds_remote_20260410/train/cond1_seed202.pt,cond1,202,9001,greedy,none,none,none,none,agent_1,agent_1,1,mixed,3.5,6673,0.7887007343024127,0.21129926569758728,0.9218878560695716,6.144635594323909,0.9280683350816724,0.9153928918064892,0.9745383497053284,0.05914545789883896,5.33826304557159,8.599463169245675,3.2612001236740857,0.9252210400119886,0.9820170837704181,0.05679604375842949,0.0034467256106698635,0.05994305409860633,150000
<SOURCE_VECSTRAIGHT_REPO>/remote-results/phase3_vecstraight_clean_msgsource_learned_15seeds_remote_20260410/train/cond1_seed202.pt,cond1,202,9001,greedy,none,none,none,none,agent_1,agent_2,0,mixed,3.5,6673,0.7887007343024127,0.21129926569758728,0.9603767900150237,28.447219120362842,0.9601378690244268,0.9595715310644011,0.9780821958523539,0.01851066478795238,27.88578584066274,31.479192119273186,3.593406278610444,0.9593885808481942,0.9778210699835157,0.018432489135321445,0.0007492881762325791,0.017683200959088867,150000
<SOURCE_VECSTRAIGHT_REPO>/remote-results/phase3_vecstraight_clean_msgsource_learned_15seeds_remote_20260410/train/cond1_seed202.pt,cond1,202,9001,greedy,none,none,none,none,agent_1,agent_3,0,mixed,3.5,6673,0.7887007343024127,0.21129926569758728,0.8786986775675327,4.371791430531137,0.9222238873070583,0.9231306563271381,0.7285237998075216,-0.19460685651961623,5.010903774788717,2.0264188464014725,-2.9844849283872437,0.9557919976022778,0.8080323692492133,-0.14775962835306458,0.055147609770717816,0.15375393376292523,150000
<SOURCE_VECSTRAIGHT_REPO>/remote-results/phase3_vecstraight_clean_msgsource_learned_15seeds_remote_20260410/train/cond1_seed202.pt,cond1,202,9001,greedy,none,none,none,none,agent_2,agent_0,0,mixed,3.5,6673,0.5396373445227034,0.46036265547729655,0.9510607254521307,20.48644756222618,0.9514461261801289,0.929887164890487,0.9536282572022002,0.023741092311712956,18.62699807046388,23.783901692839123,5.1569036223752445,0.9306159148808631,0.9544432788850592,0.023827364004196015,0.02112992656975873,0.0032968679754233478,150000
<SOURCE_VECSTRAIGHT_REPO>/remote-results/phase3_vecstraight_clean_msgsource_learned_15seeds_remote_20260410/train/cond1_seed202.pt,cond1,202,9001,greedy,none,none,none,none,agent_2,agent_1,0,mixed,3.5,6673,0.5396373445227034,0.46036265547729655,0.9218878560695716,6.144635594323909,0.9280683350816724,0.7412720151220513,0.9638669911845658,0.22259497606251452,4.610637708442171,5.954267778852417,1.3436300704102457,0.7124231979619362,0.981117937958939,0.26869473999700283,0.2237374494230481,0.05754533193466207,150000
<SOURCE_VECSTRAIGHT_REPO>/remote-results/phase3_vecstraight_clean_msgsource_learned_15seeds_remote_20260410/train/cond1_seed202.pt,cond1,202,9001,greedy,none,none,none,none,agent_2,agent_2,1,mixed,3.5,6673,0.5396373445227034,0.46036265547729655,0.9603767900150237,28.447219120362842,0.9601378690244268,0.9927520074274727,0.956565740969681,-0.03618626645779159,32.59516403640422,23.49569900903533,-9.099465027368892,0.9928068335081672,0.9566911434137569,-0.03611569009441031,0.032668964483740445,0.0034467256106698635,150000
<SOURCE_VECSTRAIGHT_REPO>/remote-results/phase3_vecstraight_clean_msgsource_learned_15seeds_remote_20260410/train/cond1_seed202.pt,cond1,202,9001,greedy,none,none,none,none,agent_2,agent_3,0,mixed,3.5,6673,0.5396373445227034,0.46036265547729655,0.8786986775675327,4.371791430531137,0.9222238873070583,0.8412336279119275,0.8597079270267385,0.018474299114810928,3.619874222709038,4.376587855669399,0.756713632960361,0.9030421099955043,0.8862580548478945,-0.01678405514760977,0.05424846395923872,0.10220290723812378,150000
<SOURCE_VECSTRAIGHT_REPO>/remote-results/phase3_vecstraight_clean_msgsource_learned_15seeds_remote_20260410/train/cond1_seed202.pt,cond1,202,9001,greedy,none,none,none,none,agent_3,agent_0,0,mixed,3.5,6673,0.12423197961936161,0.8757680203806384,0.9510607254521307,20.48644756222618,0.9514461261801289,0.927997952189853,0.9551137242687797,0.027115772078926674,17.978651660585644,20.913445424485577,2.9347937638999353,0.9253708976472351,0.9557919976022778,0.030421099955042708,0.026075228532893752,0.00464558669264199,150000
<SOURCE_VECSTRAIGHT_REPO>/remote-results/phase3_vecstraight_clean_msgsource_learned_15seeds_remote_20260410/train/cond1_seed202.pt,cond1,202,9001,greedy,none,none,none,none,agent_3,agent_1,0,mixed,3.5,6673,0.12423197961936161,0.8757680203806384,0.9218878560695716,6.144635594323909,0.9280683350816724,0.9828260351314188,0.9127435745219215,-0.07008246060949735,9.113898414804154,5.742852751780276,-3.3710456630238776,0.9856136670163345,0.919226734602128,-0.0663869324142065,0.06024276936909936,0.010639892102502622,150000
<SOURCE_VECSTRAIGHT_REPO>/remote-results/phase3_vecstraight_clean_msgsource_learned_15seeds_remote_20260410/train/cond1_seed202.pt,cond1,202,9001,greedy,none,none,none,none,agent_3,agent_2,0,mixed,3.5,6673,0.12423197961936161,0.8757680203806384,0.9603767900150237,28.447219120362842,0.9601378690244268,0.9359956180529024,0.9656985159174398,0.02970289786453655,20.310093956239825,29.694523562524658,9.384429606284835,0.9361606473849843,0.9658324591637943,0.02967181177881013,0.02397722163944253,0.005694590139367601,150000
<SOURCE_VECSTRAIGHT_REPO>/remote-results/phase3_vecstraight_clean_msgsource_learned_15seeds_remote_20260410/train/cond1_seed202.pt,cond1,202,9001,greedy,none,none,none,none,agent_3,agent_3,1,mixed,3.5,6673,0.12423197961936161,0.8757680203806384,0.8786986775675327,4.371791430531137,0.9222238873070583,0.9517067898294421,0.869597781328564,-0.08210900850087816,10.142240597647776,3.817837089871817,-6.324403507775958,0.9629851640941106,0.9159298666267046,-0.047055297467405964,0.049453019631350216,0.016484339877116738,150000
<SOURCE_VECSTRAIGHT_REPO>/remote-results/phase3_vecstraight_clean_msgsource_learned_15seeds_remote_20260410/train/cond1_seed202.pt,cond1,202,9001,greedy,none,none,none,none,agent_0,agent_0,1,cooperative,5.0,5917,0.8054757478451918,0.19452425215480817,0.99881827155119,31.844613088157928,0.9989859726212608,0.9988189684530887,0.9983131763409935,-0.0005057921120952025,33.78759847446402,27.866918307891343,-5.92068016657268,0.9989859726212608,0.9988169680581376,-0.0001690045631232043,0.0,0.0021970593206016562,150000
<SOURCE_VECSTRAIGHT_REPO>/remote-results/phase3_vecstraight_clean_msgsource_learned_15seeds_remote_20260410/train/cond1_seed202.pt,cond1,202,9001,greedy,none,none,none,none,agent_0,agent_1,0,cooperative,5.0,5917,0.8054757478451918,0.19452425215480817,0.5736509878718802,0.9827609983500605,0.5631232043265169,0.5641993097099983,0.33770748062803146,-0.22649182908196686,1.0535322721894578,-1.4541733344767833,-2.507705606666241,0.5305053236437384,0.3522055095487578,-0.17829981409498055,0.09481155991211762,0.3565996281899611,150000
<SOURCE_VECSTRAIGHT_REPO>/remote-results/phase3_vecstraight_clean_msgsource_learned_15seeds_remote_20260410/train/cond1_seed202.pt,cond1,202,9001,greedy,none,none,none,none,agent_0,agent_2,0,cooperative,5.0,5917,0.8054757478451918,0.19452425215480817,0.9964222500428209,37.71781827357042,0.9964509041744127,0.9964222500428209,0.9957266513021763,-0.0006955987406446684,38.299406042609924,35.060557247326344,-3.2388487952835803,0.9964509041744127,0.9957748859219199,-0.0006760182524928173,0.0,0.0006760182524928173,150000
<SOURCE_VECSTRAIGHT_REPO>/remote-results/phase3_vecstraight_clean_msgsource_learned_15seeds_remote_20260410/train/cond1_seed202.pt,cond1,202,9001,greedy,none,none,none,none,agent_0,agent_3,0,cooperative,5.0,5917,0.8054757478451918,0.19452425215480817,0.8212517564872319,4.064690613413715,0.8862599290180835,0.7484119095755667,0.6071224409239441,-0.14128946865162265,3.305205501384312,2.9460722248228755,-0.359133276561436,0.8000676018252493,0.5793476423863444,-0.22071995943890485,0.08720635457157343,0.5320263647118472,150000
<SOURCE_VECSTRAIGHT_REPO>/remote-results/phase3_vecstraight_clean_msgsource_learned_15seeds_remote_20260410/train/cond1_seed202.pt,cond1,202,9001,greedy,none,none,none,none,agent_1,agent_0,0,cooperative,5.0,5917,0.9881696805813757,0.011830319418624302,0.99881827155119,31.844613088157928,0.9989859726212608,0.9988189684530887,0.9798589475768715,-0.018960020876216937,31.953526662824746,21.386662657418142,-10.566864005406604,0.9989859726212608,0.9802264661145851,-0.01875950650667568,0.0,0.01875950650667568,150000
<SOURCE_VECSTRAIGHT_REPO>/remote-results/phase3_vecstraight_clean_msgsource_learned_15seeds_remote_20260410/train/cond1_seed202.pt,cond1,202,9001,greedy,none,none,none,none,agent_1,agent_1,1,cooperative,5.0,5917,0.9881696805813757,0.011830319418624302,0.5736509878718802,0.9827609983500605,0.5631232043265169,0.5733244317826605,0.9195657293410625,0.34624129755840205,0.966370550530604,4.294005493527835,3.327634942997231,0.5631232043265169,0.9663680919384824,0.40324488761196553,0.0,0.40324488761196553,150000
<SOURCE_VECSTRAIGHT_REPO>/remote-results/phase3_vecstraight_clean_msgsource_learned_15seeds_remote_20260410/train/cond1_seed202.pt,cond1,202,9001,greedy,none,none,none,none,agent_1,agent_2,0,cooperative,5.0,5917,0.9881696805813757,0.011830319418624302,0.9964222500428209,37.71781827357042,0.9964509041744127,0.9964222500428209,0.9967738066024961,0.00035155655967530333,37.731319173800294,37.23941323261356,-0.49190594118673375,0.9964509041744127,0.9967889133006591,0.0003380091262464086,0.0,0.0003380091262464086,150000
<SOURCE_VECSTRAIGHT_REPO>/remote-results/phase3_vecstraight_clean_msgsource_learned_15seeds_remote_20260410/train/cond1_seed202.pt,cond1,202,9001,greedy,none,none,none,none,agent_1,agent_3,0,cooperative,5.0,5917,0.9881696805813757,0.011830319418624302,0.8212517564872319,4.064690613413715,0.8862599290180835,0.8219867845053143,0.7566984855727769,-0.06528829893253735,4.072275552777135,3.1816694930955096,-0.8906060596816248,0.8874429609599459,0.8675004225114078,-0.019942538448538112,0.0035490958255872907,0.22190299138076727,150000
<SOURCE_VECSTRAIGHT_REPO>/remote-results/phase3_vecstraight_clean_msgsource_learned_15seeds_remote_20260410/train/cond1_seed202.pt,cond1,202,9001,greedy,none,none,none,none,agent_2,agent_0,0,cooperative,5.0,5917,0.5065066756802433,0.4934933243197566,0.99881827155119,31.844613088157928,0.9989859726212608,0.9985682014426293,0.9999993011035568,0.0014310996609275478,28.54753537498728,36.82338569985061,8.275850324863333,0.9988169680581376,1.0,0.0011830319418624302,0.0001690045631232043,0.001014027378739226,150000
<SOURCE_VECSTRAIGHT_REPO>/remote-results/phase3_vecstraight_clean_msgsource_learned_15seeds_remote_20260410/train/cond1_seed202.pt,cond1,202,9001,greedy,none,none,none,none,agent_2,agent_1,0,cooperative,5.0,5917,0.5065066756802433,0.4934933243197566,0.5736509878718802,0.9827609983500605,0.5631232043265169,0.3471606608063662,0.7435551371273659,0.39639447632099967,-0.8838714458953696,2.7412037696926723,3.625075215588042,0.3016731451749197,0.7346628358965692,0.4329896907216495,0.2614500591515971,0.1715396315700524,150000
<SOURCE_VECSTRAIGHT_REPO>/remote-results/phase3_vecstraight_clean_msgsource_learned_15seeds_remote_20260410/train/cond1_seed202.pt,cond1,202,9001,greedy,none,none,none,none,agent_2,agent_2,1,cooperative,5.0,5917,0.5065066756802433,0.4934933243197566,0.9964222500428209,37.71781827357042,0.9964509041744127,0.9995882952087513,0.9872148505284558,-0.012373444680295395,41.21481378797303,33.35263854134258,-7.862175246630445,0.9996619908737536,0.9869866486395132,-0.012675342234240324,0.0032110866993408822,0.009464255534899442,150000
<SOURCE_VECSTRAIGHT_REPO>/remote-results/phase3_vecstraight_clean_msgsource_learned_15seeds_remote_20260410/train/cond1_seed202.pt,cond1,202,9001,greedy,none,none,none,none,agent_2,agent_3,0,cooperative,5.0,5917,0.5065066756802433,0.4934933243197566,0.8212517564872319,4.064690613413715,0.8862599290180835,0.6950088990066822,0.7721982643131632,0.077189365306481,2.44171405945509,4.350534945295754,1.9088208858406643,0.7574784519182018,0.7600135203650499,0.0025350684468480648,0.2683792462396485,0.13199256379922258,150000
<SOURCE_VECSTRAIGHT_REPO>/remote-results/phase3_vecstraight_clean_msgsource_learned_15seeds_remote_20260410/train/cond1_seed202.pt,cond1,202,9001,greedy,none,none,none,none,agent_3,agent_0,0,cooperative,5.0,5917,0.022139597769139766,0.9778604022308602,0.99881827155119,31.844613088157928,0.9989859726212608,0.9984041639569027,0.9999928850065479,0.0015887210496451983,27.72871082382255,32.11584960948944,4.3871387856668855,0.9986479634950144,1.0,0.0013520365049856345,0.0003380091262464086,0.001014027378739226,150000
<SOURCE_VECSTRAIGHT_REPO>/remote-results/phase3_vecstraight_clean_msgsource_learned_15seeds_remote_20260410/train/cond1_seed202.pt,cond1,202,9001,greedy,none,none,none,none,agent_3,agent_1,0,cooperative,5.0,5917,0.022139597769139766,0.9778604022308602,0.5736509878718802,0.9827609983500605,0.5631232043265169,0.945120673524038,0.5650982417735069,-0.3800224317505311,7.000045559690906,0.817532348983117,-6.182513210707789,0.9570728409667061,0.5529829305391245,-0.4040899104275815,0.3996957917863782,0.010140273787392259,150000
<SOURCE_VECSTRAIGHT_REPO>/remote-results/phase3_vecstraight_clean_msgsource_learned_15seeds_remote_20260410/train/cond1_seed202.pt,cond1,202,9001,greedy,none,none,none,none,agent_3,agent_2,0,cooperative,5.0,5917,0.022139597769139766,0.9778604022308602,0.9964222500428209,37.71781827357042,0.9964509041744127,0.9951210992164867,0.9993350296804303,0.00421393046394372,27.403504686499037,38.086088797490866,10.682584110991826,0.9950988676694271,0.9993239817475071,0.004225114078080108,0.0013520365049856345,0.0028730775730944737,150000
<SOURCE_VECSTRAIGHT_REPO>/remote-results/phase3_vecstraight_clean_msgsource_learned_15seeds_remote_20260410/train/cond1_seed202.pt,cond1,202,9001,greedy,none,none,none,none,agent_3,agent_3,1,cooperative,5.0,5917,0.022139597769139766,0.9778604022308602,0.8212517564872319,4.064690613413715,0.8862599290180835,0.9986410768769048,0.8212516163150785,-0.1773894605618263,11.054422244160124,3.8141634273447456,-7.240258816815378,1.0,0.8862599290180835,-0.1137400709819165,0.1137400709819165,0.0,150000
<SOURCE_VECSTRAIGHT_REPO>/remote-results/phase3_vecstraight_clean_msgsource_learned_15seeds_remote_20260410/train/cond1_seed303.pt,cond1,303,9001,greedy,none,none,none,none,agent_0,agent_0,1,competitive,0.5,5288,0.31335098335854766,0.6866490166414524,0.0024273970197202935,-64.22075698840321,0.0024583963691376704,0.0024273970275284283,0.002798836739851579,0.00037143971232315016,-54.154690746381405,-68.11220671859839,-13.957515972216985,0.0024583963691376704,0.00283661119515885,0.00037821482602118004,0.0,0.0018910741301059002,150000
<SOURCE_VECSTRAIGHT_REPO>/remote-results/phase3_vecstraight_clean_msgsource_learned_15seeds_remote_20260410/train/cond1_seed303.pt,cond1,303,9001,greedy,none,none,none,none,agent_0,agent_1,0,competitive,0.5,5288,0.31335098335854766,0.6866490166414524,1.3440597638970416e-08,-109.26805799126444,0.0,1.3440597638889668e-08,0.0008978296371607891,0.00089781619656315,-109.01212879893639,-108.60467879056125,0.40745000837514467,0.0,0.0007564296520423601,0.0007564296520423601,0.0,0.0007564296520423601,150000
<SOURCE_VECSTRAIGHT_REPO>/remote-results/phase3_vecstraight_clean_msgsource_learned_15seeds_remote_20260410/train/cond1_seed303.pt,cond1,303,9001,greedy,none,none,none,none,agent_0,agent_2,0,competitive,0.5,5288,0.31335098335854766,0.6866490166414524,0.0007810547043285538,-53.62258509592732,0.0005673222390317701,0.0009677299377053462,1.8100546649502082e-07,-0.00096754893223885,-50.7984954255116,-55.26410693191725,-4.465611506405649,0.0007564296520423601,0.0,-0.0007564296520423601,0.00018910741301059002,0.0005673222390317701,150000
<SOURCE_VECSTRAIGHT_REPO>/remote-results/phase3_vecstraight_clean_msgsource_learned_15seeds_remote_20260410/train/cond1_seed303.pt,cond1,303,9001,greedy,none,none,none,none,agent_0,agent_3,0,competitive,0.5,5288,0.31335098335854766,0.6866490166414524,5.2277185841509665e-09,-81.78648938281454,0.0,5.224261118228705e-09,0.00028053552563690726,0.000280530301375789,-88.04700769635083,-78.79502648592513,9.251981210425699,0.0,0.00037821482602118004,0.00037821482602118004,0.0,0.00037821482602118004,150000
<SOURCE_VECSTRAIGHT_REPO>/remote-results/phase3_vecstraight_clean_msgsource_learned_15seeds_remote_20260410/train/cond1_seed303.pt,cond1,303,9001,greedy,none,none,none,none,agent_1,agent_0,0,competitive,0.5,5288,0.04179273827534039,0.9582072617246596,0.0024273970197202935,-64.22075698840321,0.0024583963691376704,0.008167854235109528,0.0024273970097283327,-0.005740457225381193,-53.45053505966279,-64.69107076251787,-11.240535702855071,0.00813161875945537,0.0024583963691376704,-0.0056732223903177,0.0056732223903177,0.0,150000
<SOURCE_VECSTRAIGHT_REPO>/remote-results/phase3_vecstraight_clean_msgsource_learned_15seeds_remote_20260410/train/cond1_seed303.pt,cond1,303,9001,greedy,none,none,none,none,agent_1,agent_1,1,competitive,0.5,5288,0.04179273827534039,0.9582072617246596,1.3440597638970416e-08,-109.26805799126444,0.0,1.4890324136019207e-06,1.3440597638970416e-08,-1.4755918159629502e-06,-102.82713560744241,-109.6989621531765,-6.871826545734088,0.0,0.0,0.0,0.0,0.0,150000
<SOURCE_VECSTRAIGHT_REPO>/remote-results/phase3_vecstraight_clean_msgsource_learned_15seeds_remote_20260410/train/cond1_seed303.pt,cond1,303,9001,greedy,none,none,none,none,agent_1,agent_2,0,competitive,0.5,5288,0.04179273827534039,0.9582072617246596,0.0007810547043285538,-53.62258509592732,0.0005673222390317701,1.8519950676539435e-06,0.0009042276604534572,0.0009023756653858037,-73.56594643253783,-52.751328875410756,20.814617557127068,0.0,0.0007564296520423601,0.0007564296520423601,0.0005673222390317701,0.00018910741301059002,150000
<SOURCE_VECSTRAIGHT_REPO>/remote-results/phase3_vecstraight_clean_msgsource_learned_15seeds_remote_20260410/train/cond1_seed303.pt,cond1,303,9001,greedy,none,none,none,none,agent_1,agent_3,0,competitive,0.5,5288,0.04179273827534039,0.9582072617246596,5.2277185841509665e-09,-81.78648938281454,0.0,0.00015943870225637214,5.227718175214943e-09,-0.00015943347453819693,-72.13290136204905,-82.22381639516661,-10.090915033117545,0.00018910741301059002,0.0,-0.00018910741301059002,0.00018910741301059002,0.0,150000
<SOURCE_VECSTRAIGHT_REPO>/remote-results/phase3_vecstraight_clean_msgsource_learned_15seeds_remote_20260410/train/cond1_seed303.pt,cond1,303,9001,greedy,none,none,none,none,agent_2,agent_0,0,competitive,0.5,5288,1.0,0.0,0.0024273970197202935,-64.22075698840321,0.0024583963691376704,0.0024273970197202935,1.535702539156207e-06,-0.0024258613171811378,-64.22075698840321,-72.12658877884927,-7.905831790446062,0.0024583963691376704,0.0,-0.0024583963691376704,0.0,0.0024583963691376704,150000
<SOURCE_VECSTRAIGHT_REPO>/remote-results/phase3_vecstraight_clean_msgsource_learned_15seeds_remote_20260410/train/cond1_seed303.pt,cond1,303,9001,greedy,none,none,none,none,agent_2,agent_1,0,competitive,0.5,5288,1.0,0.0,1.3440597638970416e-08,-109.26805799126444,0.0,1.3440597638970416e-08,7.372075856973318e-05,7.370731797209419e-05,-109.26805799126444,-102.15098501984791,7.117072971416539,0.0,0.0,0.0,0.0,0.0,150000
<SOURCE_VECSTRAIGHT_REPO>/remote-results/phase3_vecstraight_clean_msgsource_learned_15seeds_remote_20260410/train/cond1_seed303.pt,cond1,303,9001,greedy,none,none,none,none,agent_2,agent_2,1,competitive,0.5,5288,1.0,0.0,0.0007810547043285538,-53.62258509592732,0.0005673222390317701,0.0007810547043285538,0.009714147537238057,0.008933092832909504,-53.62258509592732,-54.758468732525245,-1.1358836365979215,0.0005673222390317701,0.009644478063540091,0.009077155824508321,0.0,0.009077155824508321,150000
<SOURCE_VECSTRAIGHT_REPO>/remote-results/phase3_vecstraight_clean_msgsource_learned_15seeds_remote_20260410/train/cond1_seed303.pt,cond1,303,9001,greedy,none,none,none,none,agent_2,agent_3,0,competitive,0.5,5288,1.0,0.0,5.2277185841509665e-09,-81.78648938281454,0.0,5.2277185841509665e-09,0.0011212368387445053,0.0011212316110259211,-81.78648938281454,-61.99113129316047,19.79535808965406,0.0,0.0009455370650529501,0.0009455370650529501,0.0,0.0009455370650529501,150000
<SOURCE_VECSTRAIGHT_REPO>/remote-results/phase3_vecstraight_clean_msgsource_learned_15seeds_remote_20260410/train/cond1_seed303.pt,cond1,303,9001,greedy,none,none,none,none,agent_3,agent_0,0,competitive,0.5,5288,0.9807110438729199,0.019288956127080183,0.0024273970197202935,-64.22075698840321,0.0024583963691376704,0.001838084686335476,0.004554328612532629,0.0027162439261971543,-64.33656535774425,-55.11932579354691,9.217239564197326,0.0018910741301059002,0.0045385779122541605,0.00264750378214826,0.0005673222390317701,0.00208018154311649,150000
<SOURCE_VECSTRAIGHT_REPO>/remote-results/phase3_vecstraight_clean_msgsource_learned_15seeds_remote_20260410/train/cond1_seed303.pt,cond1,303,9001,greedy,none,none,none,none,agent_3,agent_1,0,competitive,0.5,5288,0.9807110438729199,0.019288956127080183,1.3440597638970416e-08,-109.26805799126444,0.0,2.6330714044589285e-17,2.9077228550956905e-08,2.907722852462619e-08,-109.70628875394813,-85.70433650777848,24.00195224616964,0.0,0.0,0.0,0.0,0.0,150000
<SOURCE_VECSTRAIGHT_REPO>/remote-results/phase3_vecstraight_clean_msgsource_learned_15seeds_remote_20260410/train/cond1_seed303.pt,cond1,303,9001,greedy,none,none,none,none,agent_3,agent_2,0,competitive,0.5,5288,0.9807110438729199,0.019288956127080183,0.0007810547043285538,-53.62258509592732,0.0005673222390317701,0.0003786022140852546,0.0021291035758344186,0.0017505013617491656,-53.74863913837882,-48.61637110321722,5.132268035161603,0.00018910741301059002,0.00170196671709531,0.0015128593040847202,0.00037821482602118004,0.0011346444780635401,150000
<SOURCE_VECSTRAIGHT_REPO>/remote-results/phase3_vecstraight_clean_msgsource_learned_15seeds_remote_20260410/train/cond1_seed303.pt,cond1,303,9001,greedy,none,none,none,none,agent_3,agent_3,1,competitive,0.5,5288,0.9807110438729199,0.019288956127080183,5.2277185841509665e-09,-81.78648938281454,0.0,5.236198034690792e-09,1.0744231972608577e-08,5.508033937917788e-09,-81.7353071755252,-81.15041437452031,0.5848928010048917,0.0,0.0,0.0,0.0,0.0,150000
<SOURCE_VECSTRAIGHT_REPO>/remote-results/phase3_vecstraight_clean_msgsource_learned_15seeds_remote_20260410/train/cond1_seed303.pt,cond1,303,9001,greedy,none,none,none,none,agent_0,agent_0,1,mixed,1.5,5824,0.057348901098901096,0.9426510989010989,0.017964029425988008,-47.08048206523757,0.018200549450549452,0.017897668479803838,0.018206000294276905,0.0003083318144730219,-36.45546401056185,-47.17918983596674,-10.723725825404891,0.018200549450549452,0.018372252747252748,0.00017170329670329672,0.0010302197802197802,0.0032623626373626375,150000
<SOURCE_VECSTRAIGHT_REPO>/remote-results/phase3_vecstraight_clean_msgsource_learned_15seeds_remote_20260410/train/cond1_seed303.pt,cond1,303,9001,greedy,none,none,none,none,agent_0,agent_1,0,mixed,1.5,5824,0.057348901098901096,0.9426510989010989,0.001542036298815928,-74.1437284670934,0.001717032967032967,0.0007819199184402225,0.009924137133055897,0.00914221721461568,-76.55797541763756,-73.16432354684183,3.3936518707957406,0.0008585164835164835,0.009787087912087912,0.008928571428571428,0.0008585164835164835,0.008070054945054946,150000
<SOURCE_VECSTRAIGHT_REPO>/remote-results/phase3_vecstraight_clean_msgsource_learned_15seeds_remote_20260410/train/cond1_seed303.pt,cond1,303,9001,greedy,none,none,none,none,agent_0,agent_2,0,mixed,1.5,5824,0.057348901098901096,0.9426510989010989,0.01875840395347339,-32.943838521065494,0.018543956043956044,0.0334684838941303,0.007116784254971014,-0.026351699639159325,-25.236182842411328,-33.578108414500996,-8.341925572089666,0.03279532967032967,0.006868131868131868,-0.025927197802197804,0.014251373626373626,0.011675824175824176,150000
<SOURCE_VECSTRAIGHT_REPO>/remote-results/phase3_vecstraight_clean_msgsource_learned_15seeds_remote_20260410/train/cond1_seed303.pt,cond1,303,9001,greedy,none,none,none,none,agent_0,agent_3,0,mixed,1.5,5824,0.057348901098901096,0.9426510989010989,0.021079013068981953,-45.21534613485622,0.0207760989010989,0.009551390102400277,0.025301454194816855,0.015750064092416614,-52.70688843524472,-44.82055815322591,7.886330282018816,0.009271978021978022,0.02489697802197802,0.015625,0.01150412087912088,0.005151098901098901,150000
<SOURCE_VECSTRAIGHT_REPO>/remote-results/phase3_vecstraight_clean_msgsource_learned_15seeds_remote_20260410/train/cond1_seed303.pt,cond1,303,9001,greedy,none,none,none,none,agent_1,agent_0,0,mixed,1.5,5824,0.012877747252747252,0.9871222527472527,0.017964029425988008,-47.08048206523757,0.018200549450549452,0.026845792274039264,0.01651261890710192,-0.010333173366937376,-36.52554198354994,-47.19123280414247,-10.665690820592527,0.026785714285714284,0.01665521978021978,-0.010130494505494506,0.008585164835164836,0.0015453296703296703,150000
<SOURCE_VECSTRAIGHT_REPO>/remote-results/phase3_vecstraight_clean_msgsource_learned_15seeds_remote_20260410/train/cond1_seed303.pt,cond1,303,9001,greedy,none,none,none,none,agent_1,agent_1,1,mixed,1.5,5824,0.012877747252747252,0.9871222527472527,0.001542036298815928,-74.1437284670934,0.001717032967032967,0.0022907917955695876,0.0006942331293582848,-0.0015965586662113024,-69.77190174408011,-74.17258874577685,-4.4006870016967365,0.0025755494505494505,0.0006868131868131869,-0.0018887362637362637,0.0008585164835164835,0.0010302197802197802,150000
<SOURCE_VECSTRAIGHT_REPO>/remote-results/phase3_vecstraight_clean_msgsource_learned_15seeds_remote_20260410/train/cond1_seed303.pt,cond1,303,9001,greedy,none,none,none,none,agent_1,agent_2,0,mixed,1.5,5824,0.012877747252747252,0.9871222527472527,0.01875840395347339,-32.943838521065494,0.018543956043956044,0.00589069804107395,0.02198031738107682,0.016089619340002886,-49.419594159999676,-32.79879302629219,16.62080113370749,0.005837912087912088,0.02180631868131868,0.015968406593406592,0.012706043956043956,0.0032623626373626375,150000
<SOURCE_VECSTRAIGHT_REPO>/remote-results/phase3_vecstraight_clean_msgsource_learned_15seeds_remote_20260410/train/cond1_seed303.pt,cond1,303,9001,greedy,none,none,none,none,agent_1,agent_3,0,mixed,1.5,5824,0.012877747252747252,0.9871222527472527,0.021079013068981953,-45.21534613485622,0.0207760989010989,0.011846574044495194,0.022591009151237906,0.010744435106742754,-38.289207731199625,-45.15533175362673,-6.866124022427107,0.011332417582417582,0.022321428571428572,0.01098901098901099,0.009787087912087912,0.0015453296703296703,150000
<SOURCE_VECSTRAIGHT_REPO>/remote-results/phase3_vecstraight_clean_msgsource_learned_15seeds_remote_20260410/train/cond1_seed303.pt,cond1,303,9001,greedy,none,none,none,none,agent_2,agent_0,0,mixed,1.5,5824,1.0,0.0,0.017964029425988008,-47.08048206523757,0.018200549450549452,0.017964029425988008,0.003885577046908088,-0.014078452379079913,-47.08048206523757,-55.209794129311504,-8.12931206407394,0.018200549450549452,0.0037774725274725275,-0.014423076923076924,0.0,0.014423076923076924,150000
<SOURCE_VECSTRAIGHT_REPO>/remote-results/phase3_vecstraight_clean_msgsource_learned_15seeds_remote_20260410/train/cond1_seed303.pt,cond1,303,9001,greedy,none,none,none,none,agent_2,agent_1,0,mixed,1.5,5824,1.0,0.0,0.001542036298815928,-74.1437284670934,0.001717032967032967,0.001542036298815928,0.0016718733667641583,0.00012983706794823024,-74.1437284670934,-71.56840678644852,2.5753216806448647,0.001717032967032967,0.001717032967032967,0.0,0.0,0.0006868131868131869,150000
<SOURCE_VECSTRAIGHT_REPO>/remote-results/phase3_vecstraight_clean_msgsource_learned_15seeds_remote_20260410/train/cond1_seed303.pt,cond1,303,9001,greedy,none,none,none,none,agent_2,agent_2,1,mixed,1.5,5824,1.0,0.0,0.01875840395347339,-32.943838521065494,0.018543956043956044,0.01875840395347339,0.045211381095041546,0.026452977141568003,-32.943838521065494,-26.88454463417836,6.059293886887135,0.018543956043956044,0.04515796703296703,0.026614010989010988,0.0,0.026614010989010988,150000
<SOURCE_VECSTRAIGHT_REPO>/remote-results/phase3_vecstraight_clean_msgsource_learned_15seeds_remote_20260410/train/cond1_seed303.pt,cond1,303,9001,greedy,none,none,none,none,agent_2,agent_3,0,mixed,1.5,5824,1.0,0.0,0.021079013068981953,-45.21534613485622,0.0207760989010989,0.021079013068981953,0.09654699519968336,0.07546798213070172,-45.21534613485622,-24.53667399443297,20.67867214042325,0.0207760989010989,0.09598214285714286,0.07520604395604395,0.0,0.07520604395604395,150000
<SOURCE_VECSTRAIGHT_REPO>/remote-results/phase3_vecstraight_clean_msgsource_learned_15seeds_remote_20260410/train/cond1_seed303.pt,cond1,303,9001,greedy,none,none,none,none,agent_3,agent_0,0,mixed,1.5,5824,0.8921703296703297,0.10782967032967034,0.017964029425988008,-47.08048206523757,0.018200549450549452,0.016634570671862466,0.022188557362238123,0.005553986690375701,-48.349427962772914,-34.51857960827464,13.830848354498272,0.01665521978021978,0.022321428571428572,0.005666208791208791,0.0015453296703296703,0.004120879120879121,150000
<SOURCE_VECSTRAIGHT_REPO>/remote-results/phase3_vecstraight_clean_msgsource_learned_15seeds_remote_20260410/train/cond1_seed303.pt,cond1,303,9001,greedy,none,none,none,none,agent_3,agent_1,0,mixed,1.5,5824,0.8921703296703297,0.10782967032967034,0.001542036298815928,-74.1437284670934,0.001717032967032967,0.0004012059840063157,0.006575755215735969,0.006174549231729653,-76.97409278666089,-49.95048361824273,27.02360916841816,0.0005151098901098901,0.006696428571428571,0.006181318681318681,0.001201923076923077,0.004979395604395604,150000
<SOURCE_VECSTRAIGHT_REPO>/remote-results/phase3_vecstraight_clean_msgsource_learned_15seeds_remote_20260410/train/cond1_seed303.pt,cond1,303,9001,greedy,none,none,none,none,agent_3,agent_2,0,mixed,1.5,5824,0.8921703296703297,0.10782967032967034,0.01875840395347339,-32.943838521065494,0.018543956043956044,0.01634687902882011,0.023707972042340035,0.007361093013519935,-33.28651053643181,-30.543780948866956,2.7427295875648587,0.016140109890109892,0.023351648351648352,0.007211538461538462,0.002403846153846154,0.004807692307692308,150000
<SOURCE_VECSTRAIGHT_REPO>/remote-results/phase3_vecstraight_clean_msgsource_learned_15seeds_remote_20260410/train/cond1_seed303.pt,cond1,303,9001,greedy,none,none,none,none,agent_3,agent_3,1,mixed,1.5,5824,0.8921703296703297,0.10782967032967034,0.021079013068981953,-45.21534613485622,0.0207760989010989,0.02371857751989432,0.004810325193043753,-0.01890825232685055,-43.88234894637244,-56.505934788083025,-12.623585841710588,0.023523351648351648,0.004979395604395604,-0.018543956043956044,0.0027472527472527475,0.016140109890109892,150000
<SOURCE_VECSTRAIGHT_REPO>/remote-results/phase3_vecstraight_clean_msgsource_learned_15seeds_remote_20260410/train/cond1_seed303.pt,cond1,303,9001,greedy,none,none,none,none,agent_0,agent_0,1,mixed,2.5,6298,0.3631311527469038,0.6368688472530962,0.44647885924236164,-4.959664060051913,0.4445855827246745,0.4188346250642942,0.44571627809998227,0.026881653035688364,-3.4624162026627476,-5.034751255310085,-1.5723350526473379,0.4163226421086059,0.44506192442045095,0.02873928231184503,0.08034296602095903,0.041441727532550016,150000
<SOURCE_VECSTRAIGHT_REPO>/remote-results/phase3_vecstraight_clean_msgsource_learned_15seeds_remote_20260410/train/cond1_seed303.pt,cond1,303,9001,greedy,none,none,none,none,agent_0,agent_1,0,mixed,2.5,6298,0.3631311527469038,0.6368688472530962,0.189779660356246,-21.085563417034333,0.18926643378850427,0.04256740232953246,0.32390347315990536,0.2813360708303726,-29.484859534911635,-14.857832585183136,14.6270269497285,0.04318831375039695,0.3232772308669419,0.28008891711654493,0.14607812003810733,0.1340107970784376,150000
<SOURCE_VECSTRAIGHT_REPO>/remote-results/phase3_vecstraight_clean_msgsource_learned_15seeds_remote_20260410/train/cond1_seed303.pt,cond1,303,9001,greedy,none,none,none,none,agent_0,agent_2,0,mixed,2.5,6298,0.3631311527469038,0.6368688472530962,0.5020651886745628,-1.7432077242390964,0.5044458558272468,0.6850158336664787,0.4257317581611281,-0.25928407550534976,2.866446061192921,-3.487866819217191,-6.354312880410111,0.6875198475706573,0.4266433788504287,-0.2608764687202286,0.1830739917434106,0.07780247697681804,150000
<SOURCE_VECSTRAIGHT_REPO>/remote-results/phase3_vecstraight_clean_msgsource_learned_15seeds_remote_20260410/train/cond1_seed303.pt,cond1,303,9001,greedy,none,none,none,none,agent_0,agent_3,0,mixed,2.5,6298,0.3631311527469038,0.6368688472530962,0.439024985413738,-3.7302295132423344,0.4390282629406161,0.39507368658171294,0.43402501576880015,0.0389513291870877,-5.132824616167764,-4.0100858666431,1.1227387495246641,0.39234677675452523,0.43378850428707527,0.041441727532550016,0.08732931089234677,0.056684661797396,150000
<SOURCE_VECSTRAIGHT_REPO>/remote-results/phase3_vecstraight_clean_msgsource_learned_15seeds_remote_20260410/train/cond1_seed303.pt,cond1,303,9001,greedy,none,none,none,none,agent_1,agent_0,0,mixed,2.5,6298,0.3308986979993649,0.6691013020006351,0.44647885924236164,-4.959664060051913,0.4445855827246745,0.5746922646719861,0.3863535536099461,-0.18833871106203962,0.7291701496328843,-7.308609541473634,-8.037779691106518,0.5749444268021594,0.3847253096221023,-0.19021911718005716,0.1303588440774849,0.05986027310257225,150000
<SOURCE_VECSTRAIGHT_REPO>/remote-results/phase3_vecstraight_clean_msgsource_learned_15seeds_remote_20260410/train/cond1_seed303.pt,cond1,303,9001,greedy,none,none,none,none,agent_1,agent_1,1,mixed,2.5,6298,0.3308986979993649,0.6691013020006351,0.189779660356246,-21.085563417034333,0.18926643378850427,0.2424353511337543,0.14217738113799525,-0.10025796999575914,-19.894394968585168,-22.67071994034903,-2.7763249717638603,0.24309304541124166,0.1419498253413782,-0.10114322006986345,0.05382661162273738,0.048269291838678945,150000
<SOURCE_VECSTRAIGHT_REPO>/remote-results/phase3_vecstraight_clean_msgsource_learned_15seeds_remote_20260410/train/cond1_seed303.pt,cond1,303,9001,greedy,none,none,none,none,agent_1,agent_2,0,mixed,2.5,6298,0.3308986979993649,0.6691013020006351,0.5020651886745628,-1.7432077242390964,0.5044458558272468,0.3726494346396724,0.5731803686708324,0.20053093403115946,-7.5852563572652985,0.057025766615906984,7.6422821238812055,0.37408701174976183,0.5749444268021594,0.2008574150523976,0.13226421086059068,0.07684979358526517,150000
<SOURCE_VECSTRAIGHT_REPO>/remote-results/phase3_vecstraight_clean_msgsource_learned_15seeds_remote_20260410/train/cond1_seed303.pt,cond1,303,9001,greedy,none,none,none,none,agent_1,agent_3,0,mixed,2.5,6298,0.3308986979993649,0.6691013020006351,0.439024985413738,-3.7302295132423344,0.4390282629406161,0.3398714850462202,0.5296788213715704,0.1898073363253502,-6.071279025365409,-0.9382252940235535,5.133053731341856,0.3377262623054938,0.5314385519212449,0.19371228961575104,0.12480152429342649,0.10257224515719277,150000
<SOURCE_VECSTRAIGHT_REPO>/remote-results/phase3_vecstraight_clean_msgsource_learned_15seeds_remote_20260410/train/cond1_seed303.pt,cond1,303,9001,greedy,none,none,none,none,agent_2,agent_0,0,mixed,2.5,6298,1.0,0.0,0.44647885924236164,-4.959664060051913,0.4445855827246745,0.44647885924236164,0.11159959811020079,-0.33487926113216127,-4.959664060051913,-21.049378840359818,-16.089714780307908,0.4445855827246745,0.11162273737694506,-0.33296284534772946,0.0,0.33296284534772946,150000
<SOURCE_VECSTRAIGHT_REPO>/remote-results/phase3_vecstraight_clean_msgsource_learned_15seeds_remote_20260410/train/cond1_seed303.pt,cond1,303,9001,greedy,none,none,none,none,agent_2,agent_1,0,mixed,2.5,6298,1.0,0.0,0.189779660356246,-21.085563417034333,0.18926643378850427,0.189779660356246,0.14068495551449411,-0.04909470484175178,-21.085563417034333,-21.26357669055476,-0.1780132735204265,0.18926643378850427,0.1417910447761194,-0.047475389012384885,0.0,0.09828516989520483,150000
<SOURCE_VECSTRAIGHT_REPO>/remote-results/phase3_vecstraight_clean_msgsource_learned_15seeds_remote_20260410/train/cond1_seed303.pt,cond1,303,9001,greedy,none,none,none,none,agent_2,agent_2,1,mixed,2.5,6298,1.0,0.0,0.5020651886745628,-1.7432077242390964,0.5044458558272468,0.5020651886745628,0.7103574179552578,0.20829222928069385,-1.7432077242390964,4.260763409616418,6.003971133855514,0.5044458558272468,0.7113369323594791,0.20689107653223246,0.0,0.20689107653223246,150000
<SOURCE_VECSTRAIGHT_REPO>/remote-results/phase3_vecstraight_clean_msgsource_learned_15seeds_remote_20260410/train/cond1_seed303.pt,cond1,303,9001,greedy,none,none,none,none,agent_2,agent_3,0,mixed,2.5,6298,1.0,0.0,0.439024985413738,-3.7302295132423344,0.4390282629406161,0.439024985413738,0.8631959444801097,0.42417095906637237,-3.7302295132423344,16.26990270343952,20.000132216681855,0.4390282629406161,0.8658304223563036,0.4268021594156875,0.0,0.4268021594156875,150000
<SOURCE_VECSTRAIGHT_REPO>/remote-results/phase3_vecstraight_clean_msgsource_learned_15seeds_remote_20260410/train/cond1_seed303.pt,cond1,303,9001,greedy,none,none,none,none,agent_3,agent_0,0,mixed,2.5,6298,0.5579549063194665,0.4420450936805335,0.44647885924236164,-4.959664060051913,0.4445855827246745,0.37263227842222935,0.501577973053285,0.1289456946310558,-8.149731027371129,-0.593383946383556,7.556347080987573,0.37011749761829155,0.5026992696093998,0.1325817719911083,0.07446808510638298,0.06033661479834868,150000
<SOURCE_VECSTRAIGHT_REPO>/remote-results/phase3_vecstraight_clean_msgsource_learned_15seeds_remote_20260410/train/cond1_seed303.pt,cond1,303,9001,greedy,none,none,none,none,agent_3,agent_1,0,mixed,2.5,6298,0.5579549063194665,0.4420450936805335,0.189779660356246,-21.085563417034333,0.18926643378850427,0.06061849183971872,0.2789483015495957,0.21832980970987628,-30.97301000996208,-9.180274931052047,21.792735078910034,0.06049539536360749,0.27865989202921565,0.21816449666560814,0.1287710384248968,0.08939345824071133,150000
<SOURCE_VECSTRAIGHT_REPO>/remote-results/phase3_vecstraight_clean_msgsource_learned_15seeds_remote_20260410/train/cond1_seed303.pt,cond1,303,9001,greedy,none,none,none,none,agent_3,agent_2,0,mixed,2.5,6298,0.5579549063194665,0.4420450936805335,0.5020651886745628,-1.7432077242390964,0.5044458558272468,0.43193815566817195,0.5843331723236103,0.15239501665543767,-3.904611349891352,0.5532023633196453,4.457813713210998,0.43521752937440455,0.587170530327088,0.15195300095268338,0.06922832645284217,0.08272467449984122,150000
<SOURCE_VECSTRAIGHT_REPO>/remote-results/phase3_vecstraight_clean_msgsource_learned_15seeds_remote_20260410/train/cond1_seed303.pt,cond1,303,9001,greedy,none,none,none,none,agent_3,agent_3,1,mixed,2.5,6298,0.5579549063194665,0.4420450936805335,0.439024985413738,-3.7302295132423344,0.4390282629406161,0.5505506111341174,0.3244405641197982,-0.22611004701431925,0.5098788553252035,-9.103125427838648,-9.613004283163852,0.5501746586217847,0.3245474753890124,-0.2256271832327723,0.11305176246427437,0.13766275007939027,150000
<SOURCE_VECSTRAIGHT_REPO>/remote-results/phase3_vecstraight_clean_msgsource_learned_15seeds_remote_20260410/train/cond1_seed303.pt,cond1,303,9001,greedy,none,none,none,none,agent_0,agent_0,1,mixed,3.5,6673,0.1961636445376892,0.8038363554623108,0.9793328426845856,18.38407580736479,0.9791697887007343,0.9846596636985535,0.9794976826681583,-0.00516198103039505,22.81674571982231,17.906986478528,-4.909759241294311,0.9848643788401019,0.9794695039712273,-0.0053948748688745695,0.008092312303311854,0.0005994305409860632,150000
<SOURCE_VECSTRAIGHT_REPO>/remote-results/phase3_vecstraight_clean_msgsource_learned_15seeds_remote_20260410/train/cond1_seed303.pt,cond1,303,9001,greedy,none,none,none,none,agent_0,agent_1,0,mixed,3.5,6673,0.1961636445376892,0.8038363554623108,0.7416050149324905,7.035294950175872,0.7290573954742994,0.406540362905076,0.8548945610671554,0.4483541981620795,-2.179357236826525,9.351671761168937,11.531028997995463,0.3981717368499925,0.8585343923272891,0.46036265547729655,0.3326839502472651,0.12977671212348268,150000
<SOURCE_VECSTRAIGHT_REPO>/remote-results/phase3_vecstraight_clean_msgsource_learned_15seeds_remote_20260410/train/cond1_seed303.pt,cond1,303,9001,greedy,none,none,none,none,agent_0,agent_2,0,mixed,3.5,6673,0.1961636445376892,0.8038363554623108,0.9873275544414291,13.653154353692258,0.9878615315450322,0.9959392659587822,0.9864002473595089,-0.009539018599273254,11.133647308280564,14.144928187009064,3.0112808787285004,0.9965532743893302,0.9868125280983067,-0.009740746291023528,0.008691742844297917,0.0010490034467256107,150000
<SOURCE_VECSTRAIGHT_REPO>/remote-results/phase3_vecstraight_clean_msgsource_learned_15seeds_remote_20260410/train/cond1_seed303.pt,cond1,303,9001,greedy,none,none,none,none,agent_0,agent_3,0,mixed,3.5,6673,0.1961636445376892,0.8038363554623108,0.9451108289687836,16.567389001625173,0.9463509665817473,0.935000279025476,0.9394547704568276,0.004454491431351243,16.88445284667891,15.762374169074437,-1.1220786776044738,0.9358609321144913,0.9403566611718867,0.004495729057395474,0.032369249213247415,0.007792597032818822,150000
<SOURCE_VECSTRAIGHT_REPO>/remote-results/phase3_vecstraight_clean_msgsource_learned_15seeds_remote_20260410/train/cond1_seed303.pt,cond1,303,9001,greedy,none,none,none,none,agent_1,agent_0,0,mixed,3.5,6673,0.7425445826464858,0.2574554173535142,0.9793328426845856,18.38407580736479,0.9791697887007343,0.9874707961155242,0.9774563076406856,-0.010014488474838275,19.268002286854845,15.41076324934833,-3.8572390375065155,0.9875618162745392,0.9772216394425296,-0.010340176832009591,0.008392027573804885,0.0019481492582047056,150000
<SOURCE_VECSTRAIGHT_REPO>/remote-results/phase3_vecstraight_clean_msgsource_learned_15seeds_remote_20260410/train/cond1_seed303.pt,cond1,303,9001,greedy,none,none,none,none,agent_1,agent_1,1,mixed,3.5,6673,0.7425445826464858,0.2574554173535142,0.7416050149324905,7.035294950175872,0.7290573954742994,0.8260893488848239,0.5530821997853667,-0.27300714909945767,8.43998185983331,0.3313540312519196,-8.10862782858139,0.819571407163195,0.5418852090514011,-0.2776861981117938,0.10609920575453319,0.22343773415255508,150000
<SOURCE_VECSTRAIGHT_REPO>/remote-results/phase3_vecstraight_clean_msgsource_learned_15seeds_remote_20260410/train/cond1_seed303.pt,cond1,303,9001,greedy,none,none,none,none,agent_1,agent_2,0,mixed,3.5,6673,0.7425445826464858,0.2574554173535142,0.9873275544414291,13.653154353692258,0.9878615315450322,0.9697939139260384,0.9914148215854499,0.021620907659411135,13.060005541719473,13.349643508797193,0.2896379670777207,0.9700284729506968,0.9917578300614416,0.021729357110744793,0.01813277386482841,0.004196013786902443,150000
<SOURCE_VECSTRAIGHT_REPO>/remote-results/phase3_vecstraight_clean_msgsource_learned_15seeds_remote_20260410/train/cond1_seed303.pt,cond1,303,9001,greedy,none,none,none,none,agent_1,agent_3,0,mixed,3.5,6673,0.7425445826464858,0.2574554173535142,0.9451108289687836,16.567389001625173,0.9463509665817473,0.9266295126324939,0.9953457156855534,0.06871620305305934,14.675037578157506,22.60060092163027,7.925563343472764,0.9277686198111794,0.9959538438483441,0.06818522403716469,0.01858234677056796,0.049602877266596734,150000
<SOURCE_VECSTRAIGHT_REPO>/remote-results/phase3_vecstraight_clean_msgsource_learned_15seeds_remote_20260410/train/cond1_seed303.pt,cond1,303,9001,greedy,none,none,none,none,agent_2,agent_0,0,mixed,3.5,6673,0.9998501423647534,0.0001498576352465158,0.9793328426845856,18.38407580736479,0.9791697887007343,0.9793425813671787,0.8987354612323513,-0.08060712013482726,18.386476532359467,4.807974443958382,-13.578502088401086,0.9791697887007343,0.9126329986512813,-0.06653679004945302,0.0,0.06653679004945302,150000
<SOURCE_VECSTRAIGHT_REPO>/remote-results/phase3_vecstraight_clean_msgsource_learned_15seeds_remote_20260410/train/cond1_seed303.pt,cond1,303,9001,greedy,none,none,none,none,agent_2,agent_1,0,mixed,3.5,6673,0.9998501423647534,0.0001498576352465158,0.7416050149324905,7.035294950175872,0.7290573954742994,0.7414601338306566,0.8512990467818646,0.10983891295120761,7.033757783813079,4.26630021960758,-2.7674575642054986,0.7289075378390529,0.8801138918027873,0.15120635396373444,0.0001498576352465158,0.19391578000899146,150000
<SOURCE_VECSTRAIGHT_REPO>/remote-results/phase3_vecstraight_clean_msgsource_learned_15seeds_remote_20260410/train/cond1_seed303.pt,cond1,303,9001,greedy,none,none,none,none,agent_2,agent_2,1,mixed,3.5,6673,0.9998501423647534,0.0001498576352465158,0.9873275544414291,13.653154353692258,0.9878615315450322,0.987327546866914,0.9963054221523179,0.008977875285403907,13.65256934945826,11.771867140933312,-1.8807022085249487,0.9878615315450322,0.9968529896598232,0.008991458114790948,0.0,0.008991458114790948,150000
<SOURCE_VECSTRAIGHT_REPO>/remote-results/phase3_vecstraight_clean_msgsource_learned_15seeds_remote_20260410/train/cond1_seed303.pt,cond1,303,9001,greedy,none,none,none,none,agent_2,agent_3,0,mixed,3.5,6673,0.9998501423647534,0.0001498576352465158,0.9451108289687836,16.567389001625173,0.9463509665817473,0.9451108289687836,0.9998017950946482,0.05469096612586426,16.566390943509024,25.079410774872503,8.513019831363481,0.9463509665817473,0.9998501423647534,0.05349917578300614,0.0,0.05349917578300614,150000
<SOURCE_VECSTRAIGHT_REPO>/remote-results/phase3_vecstraight_clean_msgsource_learned_15seeds_remote_20260410/train/cond1_seed303.pt,cond1,303,9001,greedy,none,none,none,none,agent_3,agent_0,0,mixed,3.5,6673,0.41390678855087665,0.5860932114491233,0.9793328426845856,18.38407580736479,0.9791697887007343,0.977694797464874,0.9919375135858715,0.014242716120997609,15.128669235975368,21.21011939440266,6.081450158427291,0.9778210699835157,0.9920575453319347,0.014236475348419002,0.0013487187172186424,0.01288775663120036,150000
<SOURCE_VECSTRAIGHT_REPO>/remote-results/phase3_vecstraight_clean_msgsource_learned_15seeds_remote_20260410/train/cond1_seed303.pt,cond1,303,9001,greedy,none,none,none,none,agent_3,agent_1,0,mixed,3.5,6673,0.41390678855087665,0.5860932114491233,0.7416050149324905,7.035294950175872,0.7290573954742994,0.6254245605317642,0.8464348577747831,0.22101029724301857,1.6739277815420857,10.763669112018116,9.08974133047603,0.620260752285329,0.8445976322493631,0.22433687996403417,0.11209351116439382,0.11613966731604976,150000
<SOURCE_VECSTRAIGHT_REPO>/remote-results/phase3_vecstraight_clean_msgsource_learned_15seeds_remote_20260410/train/cond1_seed303.pt,cond1,303,9001,greedy,none,none,none,none,agent_3,agent_2,0,mixed,3.5,6673,0.41390678855087665,0.5860932114491233,0.9873275544414291,13.653154353692258,0.9878615315450322,0.9743164958470926,0.9923100021475875,0.017993506300495142,11.113873904395922,14.94723689475062,3.8333629903546984,0.9754233478195714,0.9925071182376742,0.017083770418102804,0.012438183725460811,0.00464558669264199,150000
<SOURCE_VECSTRAIGHT_REPO>/remote-results/phase3_vecstraight_clean_msgsource_learned_15seeds_remote_20260410/train/cond1_seed303.pt,cond1,303,9001,greedy,none,none,none,none,agent_3,agent_3,1,mixed,3.5,6673,0.41390678855087665,0.5860932114491233,0.9451108289687836,16.567389001625173,0.9463509665817473,0.9837048121151458,0.8931019123458748,-0.09060289976927013,19.60509695054199,13.735763314290752,-5.86933363625124,0.9850142364753485,0.8942005095159599,-0.09081372695938858,0.03866326989360108,0.052150457065787505,150000
<SOURCE_VECSTRAIGHT_REPO>/remote-results/phase3_vecstraight_clean_msgsource_learned_15seeds_remote_20260410/train/cond1_seed303.pt,cond1,303,9001,greedy,none,none,none,none,agent_0,agent_0,1,cooperative,5.0,5917,0.8058137569714382,0.19418624302856177,0.9976531327002472,23.37869897576196,0.9993239817475071,0.9975349452470593,0.9960728268563566,-0.0014621183907026693,24.223468195045744,19.808459733199665,-4.415008461846075,0.999154977184384,0.9969579178637823,-0.0021970593206016562,0.0001690045631232043,0.003718100388710495,150000
<SOURCE_VECSTRAIGHT_REPO>/remote-results/phase3_vecstraight_clean_msgsource_learned_15seeds_remote_20260410/train/cond1_seed303.pt,cond1,303,9001,greedy,none,none,none,none,agent_0,agent_1,0,cooperative,5.0,5917,0.8058137569714382,0.19418624302856177,0.6942719826973436,1.4592046783228108,0.8926821024167653,0.6587917168172351,0.8862265513212336,0.22743483450399854,1.185168624475777,3.6652770507070227,2.4801084262312454,0.8762886597938144,0.9732972790265337,0.09700861923271928,0.029913807672807165,0.09312151428088558,150000
<SOURCE_VECSTRAIGHT_REPO>/remote-results/phase3_vecstraight_clean_msgsource_learned_15seeds_remote_20260410/train/cond1_seed303.pt,cond1,303,9001,greedy,none,none,none,none,agent_0,agent_2,0,cooperative,5.0,5917,0.8058137569714382,0.19418624302856177,0.9998945407575704,12.619708549015341,1.0,0.9998838854174528,0.9999106486685396,2.676325108687862e-05,12.163175341525713,13.727843657163666,1.5646683156379517,1.0,1.0,0.0,0.0,0.0,150000
<SOURCE_VECSTRAIGHT_REPO>/remote-results/phase3_vecstraight_clean_msgsource_learned_15seeds_remote_20260410/train/cond1_seed303.pt,cond1,303,9001,greedy,none,none,none,none,agent_0,agent_3,0,cooperative,5.0,5917,0.8058137569714382,0.19418624302856177,0.9999999344016484,28.10174250042638,1.0,0.9999999348851742,0.9999998692263818,-6.56587924025682e-08,30.116035763790666,20.244896077456982,-9.871139686333684,1.0,1.0,0.0,0.0,0.0,150000
<SOURCE_VECSTRAIGHT_REPO>/remote-results/phase3_vecstraight_clean_msgsource_learned_15seeds_remote_20260410/train/cond1_seed303.pt,cond1,303,9001,greedy,none,none,none,none,agent_1,agent_0,0,cooperative,5.0,5917,0.8386006422173399,0.16139935778266012,0.9976531327002472,23.37869897576196,0.9993239817475071,0.9996755440553057,0.9948347794313537,-0.0048407646239519075,23.9130372188221,19.517306137402528,-4.395731081419576,1.0,0.9984789589318912,-0.001521041068108839,0.0006760182524928173,0.0008450228156160216,150000
<SOURCE_VECSTRAIGHT_REPO>/remote-results/phase3_vecstraight_clean_msgsource_learned_15seeds_remote_20260410/train/cond1_seed303.pt,cond1,303,9001,greedy,none,none,none,none,agent_1,agent_1,1,cooperative,5.0,5917,0.8386006422173399,0.16139935778266012,0.6942719826973436,1.4592046783228108,0.8926821024167653,0.7175466443682844,0.4868774640790531,-0.2306691802892313,1.5438052733161671,0.28347530886367184,-1.2603299644524955,0.9479465945580531,0.3988507689707622,-0.5490958255872909,0.08771336826094304,0.5205340544194693,150000
<SOURCE_VECSTRAIGHT_REPO>/remote-results/phase3_vecstraight_clean_msgsource_learned_15seeds_remote_20260410/train/cond1_seed303.pt,cond1,303,9001,greedy,none,none,none,none,agent_1,agent_2,0,cooperative,5.0,5917,0.8386006422173399,0.16139935778266012,0.9998945407575704,12.619708549015341,1.0,0.9995494989944669,0.9998763525770064,0.0003268535825394699,12.7190114575422,10.603960502544568,-2.11505095499763,0.9996619908737536,1.0,0.0003380091262464086,0.0003380091262464086,0.0,150000
<SOURCE_VECSTRAIGHT_REPO>/remote-results/phase3_vecstraight_clean_msgsource_learned_15seeds_remote_20260410/train/cond1_seed303.pt,cond1,303,9001,greedy,none,none,none,none,agent_1,agent_3,0,cooperative,5.0,5917,0.8386006422173399,0.16139935778266012,0.9999999344016484,28.10174250042638,1.0,0.9999999343412076,1.0,6.56587924025682e-08,27.496210764081813,32.0416360242314,4.545425260149589,1.0,1.0,0.0,0.0,0.0,150000
<SOURCE_VECSTRAIGHT_REPO>/remote-results/phase3_vecstraight_clean_msgsource_learned_15seeds_remote_20260410/train/cond1_seed303.pt,cond1,303,9001,greedy,none,none,none,none,agent_2,agent_0,0,cooperative,5.0,5917,0.9618049687341558,0.03819503126584418,0.9976531327002472,23.37869897576196,0.9993239817475071,0.9999905364002069,0.9841395396668564,-0.01585099673335044,23.953259500958378,8.879356535858946,-15.07390296509943,1.0,0.9888456988338685,-0.011154301166131485,0.0006760182524928173,0.010478282913638668,150000
<SOURCE_VECSTRAIGHT_REPO>/remote-results/phase3_vecstraight_clean_msgsource_learned_15seeds_remote_20260410/train/cond1_seed303.pt,cond1,303,9001,greedy,none,none,none,none,agent_2,agent_1,0,cooperative,5.0,5917,0.9618049687341558,0.03819503126584418,0.6942719826973436,1.4592046783228108,0.8926821024167653,0.68149504324304,0.9874206964244984,0.3059256531814583,1.2608266917358122,5.028120913646532,3.76729422191072,0.8893020111543012,0.9981409498056447,0.10883893865134359,0.0033800912624640865,0.1054588473888795,150000
<SOURCE_VECSTRAIGHT_REPO>/remote-results/phase3_vecstraight_clean_msgsource_learned_15seeds_remote_20260410/train/cond1_seed303.pt,cond1,303,9001,greedy,none,none,none,none,agent_2,agent_2,1,cooperative,5.0,5917,0.9618049687341558,0.03819503126584418,0.9998945407575704,12.619708549015341,1.0,0.9998652138822038,0.9999555717232623,9.035784105845998e-05,12.51927221758212,13.527543566850305,1.0082713492681836,1.0,1.0,0.0,0.0,0.0,150000
<SOURCE_VECSTRAIGHT_REPO>/remote-results/phase3_vecstraight_clean_msgsource_learned_15seeds_remote_20260410/train/cond1_seed303.pt,cond1,303,9001,greedy,none,none,none,none,agent_2,agent_3,0,cooperative,5.0,5917,0.9618049687341558,0.03819503126584418,0.9999999344016484,28.10174250042638,1.0,0.9999999344016484,1.0,6.559835166086594e-08,27.799376878420887,36.136592864023186,8.337215985602295,1.0,1.0,0.0,0.0,0.0,150000
<SOURCE_VECSTRAIGHT_REPO>/remote-results/phase3_vecstraight_clean_msgsource_learned_15seeds_remote_20260410/train/cond1_seed303.pt,cond1,303,9001,greedy,none,none,none,none,agent_3,agent_0,0,cooperative,5.0,5917,0.08179820855163089,0.9182017914483691,0.9976531327002472,23.37869897576196,0.9993239817475071,0.9998775237372584,0.9973588201148256,-0.0025187036224327843,25.352263505689113,23.134104735052563,-2.2181587706365478,1.0,0.9993239817475071,-0.0006760182524928173,0.0006760182524928173,0.0,150000
<SOURCE_VECSTRAIGHT_REPO>/remote-results/phase3_vecstraight_clean_msgsource_learned_15seeds_remote_20260410/train/cond1_seed303.pt,cond1,303,9001,greedy,none,none,none,none,agent_3,agent_1,0,cooperative,5.0,5917,0.08179820855163089,0.9182017914483691,0.6942719826973436,1.4592046783228108,0.8926821024167653,0.7552204914011182,0.7060427044637757,-0.049177786937342545,2.5342866857223703,1.4885003079060708,-1.0457863778162995,0.810545884738888,0.9104275815447017,0.09988169680581375,0.11255703904005408,0.019435524759168498,150000
<SOURCE_VECSTRAIGHT_REPO>/remote-results/phase3_vecstraight_clean_msgsource_learned_15seeds_remote_20260410/train/cond1_seed303.pt,cond1,303,9001,greedy,none,none,none,none,agent_3,agent_2,0,cooperative,5.0,5917,0.08179820855163089,0.9182017914483691,0.9998945407575704,12.619708549015341,1.0,0.9980714461560465,0.9999921165629579,0.0019206704069114687,7.113331816175086,12.897051433987446,5.78371961781236,1.0,1.0,0.0,0.0,0.0,150000
<SOURCE_VECSTRAIGHT_REPO>/remote-results/phase3_vecstraight_clean_msgsource_learned_15seeds_remote_20260410/train/cond1_seed303.pt,cond1,303,9001,greedy,none,none,none,none,agent_3,agent_3,1,cooperative,5.0,5917,0.08179820855163089,0.9182017914483691,0.9999999344016484,28.10174250042638,1.0,0.9999999980256025,0.9999999146576727,-8.336792972133392e-08,25.006815474198962,28.20328389484173,3.1964684206427645,1.0,1.0,0.0,0.0,0.0,150000
<SOURCE_VECSTRAIGHT_REPO>/remote-results/phase3_vecstraight_clean_msgsource_learned_15seeds_remote_20260410/train/cond1_seed404.pt,cond1,404,9001,greedy,none,none,none,none,agent_0,agent_0,1,competitive,0.5,5288,1.0,0.0,0.006166804214211919,-74.43093366757509,0.006240544629349471,0.006166804214211919,0.00018757248384080181,-0.005979231730371117,-74.43093366757509,-86.99056037214449,-12.559626704569393,0.006240544629349471,0.00018910741301059002,-0.006051437216338881,0.0,0.006051437216338881,150000
<SOURCE_VECSTRAIGHT_REPO>/remote-results/phase3_vecstraight_clean_msgsource_learned_15seeds_remote_20260410/train/cond1_seed404.pt,cond1,404,9001,greedy,none,none,none,none,agent_0,agent_1,0,competitive,0.5,5288,1.0,0.0,0.00014084099536002285,-72.12373369302088,0.00018910741301059002,0.00014084099536002285,0.004544690051535551,0.004403849056175527,-72.12373369302088,-57.19124632970107,14.932487363319805,0.00018910741301059002,0.00434947049924357,0.00416036308623298,0.0,0.00416036308623298,150000
<SOURCE_VECSTRAIGHT_REPO>/remote-results/phase3_vecstraight_clean_msgsource_learned_15seeds_remote_20260410/train/cond1_seed404.pt,cond1,404,9001,greedy,none,none,none,none,agent_0,agent_2,0,competitive,0.5,5288,1.0,0.0,5.683927647845687e-09,-42.41311179383259,0.0,5.683927647845687e-09,4.972651356919529e-10,-5.1866625121538155e-09,-42.41311179383259,-41.51226784097265,0.9008439528599449,0.0,0.0,0.0,0.0,0.0,150000
<SOURCE_VECSTRAIGHT_REPO>/remote-results/phase3_vecstraight_clean_msgsource_learned_15seeds_remote_20260410/train/cond1_seed404.pt,cond1,404,9001,greedy,none,none,none,none,agent_0,agent_3,0,competitive,0.5,5288,1.0,0.0,0.00027348911639642166,-35.19317561380689,0.00018910741301059002,0.00027348911639642166,0.014066643855932377,0.013793154739535947,-35.19317561380689,-17.904468312711593,17.288707301095297,0.00018910741301059002,0.012859304084720122,0.012670196671709532,0.0,0.012670196671709532,150000
<SOURCE_VECSTRAIGHT_REPO>/remote-results/phase3_vecstraight_clean_msgsource_learned_15seeds_remote_20260410/train/cond1_seed404.pt,cond1,404,9001,greedy,none,none,none,none,agent_1,agent_0,0,competitive,0.5,5288,0.0,1.0,0.006166804214211919,-74.43093366757509,0.006240544629349471,9.568844957275879e-05,0.006166804214211919,0.00607111576463916,-94.5088082307248,-74.43093366757509,20.077874563149713,0.0,0.006240544629349471,0.006240544629349471,0.006240544629349471,0.0,150000
<SOURCE_VECSTRAIGHT_REPO>/remote-results/phase3_vecstraight_clean_msgsource_learned_15seeds_remote_20260410/train/cond1_seed404.pt,cond1,404,9001,greedy,none,none,none,none,agent_1,agent_1,1,competitive,0.5,5288,0.0,1.0,0.00014084099536002285,-72.12373369302088,0.00018910741301059002,0.0016028373181789543,0.00014084099536002285,-0.0014619963228189312,-72.00840532015474,-72.12373369302088,-0.11532837286614073,0.00170196671709531,0.00018910741301059002,-0.0015128593040847202,0.0015128593040847202,0.0,150000
<SOURCE_VECSTRAIGHT_REPO>/remote-results/phase3_vecstraight_clean_msgsource_learned_15seeds_remote_20260410/train/cond1_seed404.pt,cond1,404,9001,greedy,none,none,none,none,agent_1,agent_2,0,competitive,0.5,5288,0.0,1.0,5.683927647845687e-09,-42.41311179383259,0.0,1.5847064672625032e-08,5.683927647845687e-09,-1.0163137024779513e-08,-52.21121148929654,-42.41311179383259,9.798099695463945,0.0,0.0,0.0,0.0,0.0,150000
<SOURCE_VECSTRAIGHT_REPO>/remote-results/phase3_vecstraight_clean_msgsource_learned_15seeds_remote_20260410/train/cond1_seed404.pt,cond1,404,9001,greedy,none,none,none,none,agent_1,agent_3,0,competitive,0.5,5288,0.0,1.0,0.00027348911639642166,-35.19317561380689,0.00018910741301059002,0.0003758587807555309,0.00027348911639642166,-0.00010236966435910904,-27.581804334762282,-35.19317561380689,-7.61137127904461,0.0,0.00018910741301059002,0.00018910741301059002,0.00018910741301059002,0.0,150000
<SOURCE_VECSTRAIGHT_REPO>/remote-results/phase3_vecstraight_clean_msgsource_learned_15seeds_remote_20260410/train/cond1_seed404.pt,cond1,404,9001,greedy,none,none,none,none,agent_2,agent_0,0,competitive,0.5,5288,0.0,1.0,0.006166804214211919,-74.43093366757509,0.006240544629349471,0.0011480406592316995,0.006166804214211919,0.005018763554980223,-67.11539193959668,-74.43093366757509,-7.315541727978415,0.00132375189107413,0.006240544629349471,0.004916792738275341,0.004916792738275341,0.0,150000
<SOURCE_VECSTRAIGHT_REPO>/remote-results/phase3_vecstraight_clean_msgsource_learned_15seeds_remote_20260410/train/cond1_seed404.pt,cond1,404,9001,greedy,none,none,none,none,agent_2,agent_1,0,competitive,0.5,5288,0.0,1.0,0.00014084099536002285,-72.12373369302088,0.00018910741301059002,5.332923666666651e-06,0.00014084099536002285,0.0001355080716933564,-57.34870726357069,-72.12373369302088,-14.775026429450188,0.0,0.00018910741301059002,0.00018910741301059002,0.00018910741301059002,0.0,150000
<SOURCE_VECSTRAIGHT_REPO>/remote-results/phase3_vecstraight_clean_msgsource_learned_15seeds_remote_20260410/train/cond1_seed404.pt,cond1,404,9001,greedy,none,none,none,none,agent_2,agent_2,1,competitive,0.5,5288,0.0,1.0,5.683927647845687e-09,-42.41311179383259,0.0,0.0006105250481125957,5.683927647845687e-09,-0.0006105193641849459,-25.551940722534724,-42.41311179383259,-16.861171071297868,0.00037821482602118004,0.0,-0.00037821482602118004,0.00037821482602118004,0.0,150000
<SOURCE_VECSTRAIGHT_REPO>/remote-results/phase3_vecstraight_clean_msgsource_learned_15seeds_remote_20260410/train/cond1_seed404.pt,cond1,404,9001,greedy,none,none,none,none,agent_2,agent_3,0,competitive,0.5,5288,0.0,1.0,0.00027348911639642166,-35.19317561380689,0.00018910741301059002,0.00019892826425245153,0.00027348911639642166,7.456085214397041e-05,-46.52602541917842,-35.19317561380689,11.332849805371529,0.0,0.00018910741301059002,0.00018910741301059002,0.00018910741301059002,0.0,150000
<SOURCE_VECSTRAIGHT_REPO>/remote-results/phase3_vecstraight_clean_msgsource_learned_15seeds_remote_20260410/train/cond1_seed404.pt,cond1,404,9001,greedy,none,none,none,none,agent_3,agent_0,0,competitive,0.5,5288,0.0,1.0,0.006166804214211919,-74.43093366757509,0.006240544629349471,0.0004164668583773295,0.006166804214211919,0.005750337355834589,-97.30948586978367,-74.43093366757509,22.878552202208592,0.00018910741301059002,0.006240544629349471,0.006051437216338881,0.006051437216338881,0.0,150000
<SOURCE_VECSTRAIGHT_REPO>/remote-results/phase3_vecstraight_clean_msgsource_learned_15seeds_remote_20260410/train/cond1_seed404.pt,cond1,404,9001,greedy,none,none,none,none,agent_3,agent_1,0,competitive,0.5,5288,0.0,1.0,0.00014084099536002285,-72.12373369302088,0.00018910741301059002,0.0018717497279364496,0.00014084099536002285,-0.0017309087325764266,-57.00796655174373,-72.12373369302088,-15.115767141277148,0.0018910741301059002,0.00018910741301059002,-0.00170196671709531,0.00170196671709531,0.0,150000
<SOURCE_VECSTRAIGHT_REPO>/remote-results/phase3_vecstraight_clean_msgsource_learned_15seeds_remote_20260410/train/cond1_seed404.pt,cond1,404,9001,greedy,none,none,none,none,agent_3,agent_2,0,competitive,0.5,5288,0.0,1.0,5.683927647845687e-09,-42.41311179383259,0.0,1.6187276979057643e-08,5.683927647845687e-09,-1.0503349331211939e-08,-39.851252299213556,-42.41311179383259,-2.561859494619038,0.0,0.0,0.0,0.0,0.0,150000
<SOURCE_VECSTRAIGHT_REPO>/remote-results/phase3_vecstraight_clean_msgsource_learned_15seeds_remote_20260410/train/cond1_seed404.pt,cond1,404,9001,greedy,none,none,none,none,agent_3,agent_3,1,competitive,0.5,5288,0.0,1.0,0.00027348911639642166,-35.19317561380689,0.00018910741301059002,0.0014399768226224707,0.00027348911639642166,-0.0011664877062260628,-46.894212935975105,-35.19317561380689,11.701037322168215,0.00132375189107413,0.00018910741301059002,-0.0011346444780635401,0.0011346444780635401,0.0,150000
<SOURCE_VECSTRAIGHT_REPO>/remote-results/phase3_vecstraight_clean_msgsource_learned_15seeds_remote_20260410/train/cond1_seed404.pt,cond1,404,9001,greedy,none,none,none,none,agent_0,agent_0,1,mixed,1.5,5824,1.0,0.0,0.08951924504806233,-32.46019249602098,0.08911401098901099,0.08951924504806233,0.01912639259158552,-0.07039285245647671,-32.46019249602098,-49.399620033350296,-16.939427537329312,0.08911401098901099,0.019230769230769232,-0.06988324175824176,0.0,0.06988324175824176,150000
<SOURCE_VECSTRAIGHT_REPO>/remote-results/phase3_vecstraight_clean_msgsource_learned_15seeds_remote_20260410/train/cond1_seed404.pt,cond1,404,9001,greedy,none,none,none,none,agent_0,agent_1,0,mixed,1.5,5824,1.0,0.0,0.015377956082122345,-41.96926664521119,0.015625,0.015377956082122345,0.038308728654081754,0.022930772571959482,-41.96926664521119,-29.697069048262353,12.272197596948839,0.015625,0.038461538461538464,0.02283653846153846,0.0,0.02283653846153846,150000
<SOURCE_VECSTRAIGHT_REPO>/remote-results/phase3_vecstraight_clean_msgsource_learned_15seeds_remote_20260410/train/cond1_seed404.pt,cond1,404,9001,greedy,none,none,none,none,agent_0,agent_2,0,mixed,1.5,5824,1.0,0.0,0.001080844208956142,-29.926741086105192,0.0010302197802197802,0.001080844208956142,0.0006562394208414149,-0.00042460478811472607,-29.926741086105192,-30.39109638973477,-0.46435530362957783,0.0010302197802197802,0.0006868131868131869,-0.00034340659340659343,0.0,0.00034340659340659343,150000
<SOURCE_VECSTRAIGHT_REPO>/remote-results/phase3_vecstraight_clean_msgsource_learned_15seeds_remote_20260410/train/cond1_seed404.pt,cond1,404,9001,greedy,none,none,none,none,agent_0,agent_3,0,mixed,1.5,5824,1.0,0.0,0.00947401073788518,-19.94879446208738,0.007211538461538462,0.00947401073788518,0.17266320953242958,0.16318919879454388,-19.94879446208738,-5.826280140213075,14.122514321874306,0.007211538461538462,0.15556318681318682,0.14835164835164835,0.0,0.14835164835164835,150000
<SOURCE_VECSTRAIGHT_REPO>/remote-results/phase3_vecstraight_clean_msgsource_learned_15seeds_remote_20260410/train/cond1_seed404.pt,cond1,404,9001,greedy,none,none,none,none,agent_1,agent_0,0,mixed,1.5,5824,0.004807692307692308,0.9951923076923077,0.08951924504806233,-32.46019249602098,0.08911401098901099,0.002642166856153485,0.09237221663131008,0.08973004977515653,-60.807246959233495,-32.37164463683103,28.43560232240246,0.0013736263736263737,0.09220467032967034,0.09083104395604395,0.08774038461538461,0.0030906593406593405,150000
<SOURCE_VECSTRAIGHT_REPO>/remote-results/phase3_vecstraight_clean_msgsource_learned_15seeds_remote_20260410/train/cond1_seed404.pt,cond1,404,9001,greedy,none,none,none,none,agent_1,agent_1,1,mixed,1.5,5824,0.004807692307692308,0.9951923076923077,0.015377956082122345,-41.96926664521119,0.015625,0.021247212819163048,0.014988743636011107,-0.006258469183151928,-40.65037970185526,-41.98665487404995,-1.336275172194691,0.020947802197802196,0.015281593406593406,-0.005666208791208791,0.005322802197802198,0.00034340659340659343,150000
<SOURCE_VECSTRAIGHT_REPO>/remote-results/phase3_vecstraight_clean_msgsource_learned_15seeds_remote_20260410/train/cond1_seed404.pt,cond1,404,9001,greedy,none,none,none,none,agent_1,agent_2,0,mixed,1.5,5824,0.004807692307692308,0.9951923076923077,0.001080844208956142,-29.926741086105192,0.0010302197802197802,0.0008297890392310844,0.001084705632322119,0.0002549165930910364,-33.41972067624658,-29.92511323814352,3.4946074381030603,0.0006868131868131869,0.0010302197802197802,0.00034340659340659343,0.00034340659340659343,0.0,150000
<SOURCE_VECSTRAIGHT_REPO>/remote-results/phase3_vecstraight_clean_msgsource_learned_15seeds_remote_20260410/train/cond1_seed404.pt,cond1,404,9001,greedy,none,none,none,none,agent_1,agent_3,0,mixed,1.5,5824,0.004807692307692308,0.9951923076923077,0.00947401073788518,-19.94879446208738,0.007211538461538462,0.002079023159357374,0.00989767867902232,0.007818655519664961,-17.411898076983302,-19.939217497214706,-2.5273194202314038,0.0010302197802197802,0.007383241758241758,0.006353021978021978,0.006181318681318681,0.00017170329670329672,150000
<SOURCE_VECSTRAIGHT_REPO>/remote-results/phase3_vecstraight_clean_msgsource_learned_15seeds_remote_20260410/train/cond1_seed404.pt,cond1,404,9001,greedy,none,none,none,none,agent_2,agent_0,0,mixed,1.5,5824,0.0005151098901098901,0.9994848901098901,0.08951924504806233,-32.46019249602098,0.08911401098901099,0.03543000845477631,0.08968095109157617,0.05425094263679987,-32.880591942959434,-32.45831526738366,0.42227667557577103,0.033997252747252744,0.08928571428571429,0.055288461538461536,0.060267857142857144,0.00017170329670329672,150000
<SOURCE_VECSTRAIGHT_REPO>/remote-results/phase3_vecstraight_clean_msgsource_learned_15seeds_remote_20260410/train/cond1_seed404.pt,cond1,404,9001,greedy,none,none,none,none,agent_2,agent_1,0,mixed,1.5,5824,0.0005151098901098901,0.9994848901098901,0.015377956082122345,-41.96926664521119,0.015625,0.009403285438768748,0.015377932415990805,0.005974646977222122,-36.82296823819198,-41.9711921294578,-5.148223891265813,0.008928571428571428,0.015625,0.006696428571428571,0.007039835164835165,0.0,150000
<SOURCE_VECSTRAIGHT_REPO>/remote-results/phase3_vecstraight_clean_msgsource_learned_15seeds_remote_20260410/train/cond1_seed404.pt,cond1,404,9001,greedy,none,none,none,none,agent_2,agent_2,1,mixed,1.5,5824,0.0005151098901098901,0.9994848901098901,0.001080844208956142,-29.926741086105192,0.0010302197802197802,0.07777510570386424,0.0005659068022314657,-0.07720919890163311,-10.603111548932617,-29.936128466743156,-19.33301691781054,0.07177197802197802,0.0005151098901098901,-0.07125686813186813,0.07074175824175824,0.0005151098901098901,150000
<SOURCE_VECSTRAIGHT_REPO>/remote-results/phase3_vecstraight_clean_msgsource_learned_15seeds_remote_20260410/train/cond1_seed404.pt,cond1,404,9001,greedy,none,none,none,none,agent_2,agent_3,0,mixed,1.5,5824,0.0005151098901098901,0.9994848901098901,0.00947401073788518,-19.94879446208738,0.007211538461538462,0.0037697410643100955,0.009474407050313832,0.0057046659860037425,-25.36244564462622,-19.946214144428996,5.416231500197222,0.002403846153846154,0.007211538461538462,0.004807692307692308,0.007554945054945055,0.0,150000
<SOURCE_VECSTRAIGHT_REPO>/remote-results/phase3_vecstraight_clean_msgsource_learned_15seeds_remote_20260410/train/cond1_seed404.pt,cond1,404,9001,greedy,none,none,none,none,agent_3,agent_0,0,mixed,1.5,5824,0.005494505494505495,0.9945054945054945,0.08951924504806233,-32.46019249602098,0.08911401098901099,0.014838660697678642,0.09246527301287003,0.07762661231519137,-58.77848107054584,-32.353198671275955,26.425282399269886,0.014423076923076924,0.09186126373626374,0.07743818681318682,0.07469093406593406,0.0027472527472527475,150000
<SOURCE_VECSTRAIGHT_REPO>/remote-results/phase3_vecstraight_clean_msgsource_learned_15seeds_remote_20260410/train/cond1_seed404.pt,cond1,404,9001,greedy,none,none,none,none,agent_3,agent_1,0,mixed,1.5,5824,0.005494505494505495,0.9945054945054945,0.015377956082122345,-41.96926664521119,0.015625,0.026708589904838292,0.014792159488568164,-0.011916430416270076,-28.43845306615253,-42.02330803659304,-13.584854970440514,0.025927197802197804,0.01510989010989011,-0.010817307692307692,0.010302197802197802,0.0005151098901098901,150000
<SOURCE_VECSTRAIGHT_REPO>/remote-results/phase3_vecstraight_clean_msgsource_learned_15seeds_remote_20260410/train/cond1_seed404.pt,cond1,404,9001,greedy,none,none,none,none,agent_3,agent_2,0,mixed,1.5,5824,0.005494505494505495,0.9945054945054945,0.001080844208956142,-29.926741086105192,0.0010302197802197802,0.002565809828438771,0.0009558338596478951,-0.001609975968790873,-27.578990392233397,-29.937225546375696,-2.3582351541422963,0.002403846153846154,0.0008585164835164835,-0.0015453296703296703,0.0013736263736263737,0.00017170329670329672,150000
<SOURCE_VECSTRAIGHT_REPO>/remote-results/phase3_vecstraight_clean_msgsource_learned_15seeds_remote_20260410/train/cond1_seed404.pt,cond1,404,9001,greedy,none,none,none,none,agent_3,agent_3,1,mixed,1.5,5824,0.005494505494505495,0.9945054945054945,0.00947401073788518,-19.94879446208738,0.007211538461538462,0.013666607226648834,0.008310739226236152,-0.005355868000412725,-26.469960090520043,-19.95797985522358,6.511980235296465,0.012190934065934066,0.006181318681318681,-0.006009615384615385,0.007383241758241758,0.0013736263736263737,150000
<SOURCE_VECSTRAIGHT_REPO>/remote-results/phase3_vecstraight_clean_msgsource_learned_15seeds_remote_20260410/train/cond1_seed404.pt,cond1,404,9001,greedy,none,none,none,none,agent_0,agent_0,1,mixed,2.5,6298,0.9938075579549063,0.006192442045093681,0.6203074770628092,2.4431762408054642,0.6281359161638616,0.6206210086488821,0.3733948384987792,-0.24722617015010176,2.4720056264310193,-7.112971313504775,-9.584976939935794,0.628612257859638,0.3777389647507145,-0.2508732931089235,0.000476341695776437,0.25039695141314705,150000
<SOURCE_VECSTRAIGHT_REPO>/remote-results/phase3_vecstraight_clean_msgsource_learned_15seeds_remote_20260410/train/cond1_seed404.pt,cond1,404,9001,greedy,none,none,none,none,agent_0,agent_1,0,mixed,2.5,6298,0.9938075579549063,0.006192442045093681,0.6515245185457568,3.1893629425856833,0.6571927596062243,0.6493888311076103,0.8167074244375416,0.1673185933299308,3.1179020333362026,11.22069123333155,8.102789199995348,0.6551286122578597,0.819784058431248,0.16465544617338837,0.00206414734836456,0.16576691013020006,150000
<SOURCE_VECSTRAIGHT_REPO>/remote-results/phase3_vecstraight_clean_msgsource_learned_15seeds_remote_20260410/train/cond1_seed404.pt,cond1,404,9001,greedy,none,none,none,none,agent_0,agent_2,0,mixed,2.5,6298,0.9938075579549063,0.006192442045093681,0.3462472899534222,-4.789556310446764,0.345188948872658,0.34622147798977243,0.29324171843719743,-0.05297975955257528,-4.788078046755475,-6.760398708797326,-1.9723206620418523,0.345188948872658,0.2891394093362972,-0.05604953953636075,0.0,0.057319784058431245,150000
<SOURCE_VECSTRAIGHT_REPO>/remote-results/phase3_vecstraight_clean_msgsource_learned_15seeds_remote_20260410/train/cond1_seed404.pt,cond1,404,9001,greedy,none,none,none,none,agent_0,agent_3,0,mixed,2.5,6298,0.9938075579549063,0.006192442045093681,0.21945429050110987,-3.193067127483237,0.19371228961575104,0.21580610236582534,0.7357892389292684,0.5199831365634425,-3.2360042961495914,3.0315651087715594,6.267569404921151,0.18974277548428073,0.7400762146713242,0.5503334391870435,0.003969514131470308,0.5552556367100667,150000
<SOURCE_VECSTRAIGHT_REPO>/remote-results/phase3_vecstraight_clean_msgsource_learned_15seeds_remote_20260410/train/cond1_seed404.pt,cond1,404,9001,greedy,none,none,none,none,agent_1,agent_0,0,mixed,2.5,6298,0.3361384566529057,0.6638615433470944,0.6203074770628092,2.4431762408054642,0.6281359161638616,0.1913963368457615,0.8240850291339322,0.6326886922881714,-10.159189848551659,7.511441322286646,17.670631170838305,0.1984757065735154,0.8288345506510003,0.6303588440774849,0.42997777072086374,0.20133375674817403,150000
<SOURCE_VECSTRAIGHT_REPO>/remote-results/phase3_vecstraight_clean_msgsource_learned_15seeds_remote_20260410/train/cond1_seed404.pt,cond1,404,9001,greedy,none,none,none,none,agent_1,agent_1,1,mixed,2.5,6298,0.3361384566529057,0.6638615433470944,0.6515245185457568,3.1893629425856833,0.6571927596062243,0.6977212589146684,0.6460735013155215,-0.051647757599147436,5.261955780655893,2.866894494904227,-2.3950612857516664,0.7091140044458558,0.6481422673864718,-0.06097173705938393,0.057954906319466495,0.010638297872340425,150000
<SOURCE_VECSTRAIGHT_REPO>/remote-results/phase3_vecstraight_clean_msgsource_learned_15seeds_remote_20260410/train/cond1_seed404.pt,cond1,404,9001,greedy,none,none,none,none,agent_1,agent_2,0,mixed,2.5,6298,0.3361384566529057,0.6638615433470944,0.3462472899534222,-4.789556310446764,0.345188948872658,0.33756045495525083,0.36038813617284954,0.022827681217598803,-4.784594643017571,-4.571207172906032,0.21338747011153952,0.33407430930454113,0.3617021276595745,0.027627818355033345,0.012384884090187362,0.01651317878691648,150000
<SOURCE_VECSTRAIGHT_REPO>/remote-results/phase3_vecstraight_clean_msgsource_learned_15seeds_remote_20260410/train/cond1_seed404.pt,cond1,404,9001,greedy,none,none,none,none,agent_1,agent_3,0,mixed,2.5,6298,0.3361384566529057,0.6638615433470944,0.21945429050110987,-3.193067127483237,0.19371228961575104,0.11952728303464484,0.2869396737218266,0.16741239068718178,-4.339476285189409,-2.5251794991173058,1.8142967860721035,0.07796125754207685,0.2799301365512861,0.20196887900920926,0.12178469355350904,0.0916163861543347,150000
<SOURCE_VECSTRAIGHT_REPO>/remote-results/phase3_vecstraight_clean_msgsource_learned_15seeds_remote_20260410/train/cond1_seed404.pt,cond1,404,9001,greedy,none,none,none,none,agent_2,agent_0,0,mixed,2.5,6298,0.21848205779612576,0.7815179422038743,0.6203074770628092,2.4431762408054642,0.6281359161638616,0.6552442419472346,0.6106178500495207,-0.044626391897713724,-0.3714130585495632,3.392073519180108,3.763486577729671,0.6938710701810098,0.6044776119402985,-0.08939345824071133,0.23023181962527786,0.07161003493172435,150000
<SOURCE_VECSTRAIGHT_REPO>/remote-results/phase3_vecstraight_clean_msgsource_learned_15seeds_remote_20260410/train/cond1_seed404.pt,cond1,404,9001,greedy,none,none,none,none,agent_2,agent_1,0,mixed,2.5,6298,0.21848205779612576,0.7815179422038743,0.6515245185457568,3.1893629425856833,0.6571927596062243,0.6083626169787488,0.6670011085887184,0.05863849160996988,-1.552116470015704,4.605242808216638,6.157359278232342,0.629406160685932,0.6665608129564942,0.03715465227056208,0.04398221657669101,0.012543664655446173,150000
<SOURCE_VECSTRAIGHT_REPO>/remote-results/phase3_vecstraight_clean_msgsource_learned_15seeds_remote_20260410/train/cond1_seed404.pt,cond1,404,9001,greedy,none,none,none,none,agent_2,agent_2,1,mixed,2.5,6298,0.21848205779612576,0.7815179422038743,0.3462472899534222,-4.789556310446764,0.345188948872658,0.7817261638399935,0.1858045655670664,-0.5959215982729272,4.756358538768184,-7.834214946851915,-12.5905734856201,0.7905684344236266,0.1806922832645284,-0.6098761511590981,0.44537948555096857,0.16449666560812956,150000
<SOURCE_VECSTRAIGHT_REPO>/remote-results/phase3_vecstraight_clean_msgsource_learned_15seeds_remote_20260410/train/cond1_seed404.pt,cond1,404,9001,greedy,none,none,none,none,agent_2,agent_3,0,mixed,2.5,6298,0.21848205779612576,0.7815179422038743,0.21945429050110987,-3.193067127483237,0.19371228961575104,0.13216401461021135,0.24457030286108117,0.11240628825086983,-4.518658946564308,-2.9303680159785648,1.5882909305857436,0.09368053350269927,0.22769133058113686,0.1340107970784376,0.18736106700539853,0.046681486186090825,150000
<SOURCE_VECSTRAIGHT_REPO>/remote-results/phase3_vecstraight_clean_msgsource_learned_15seeds_remote_20260410/train/cond1_seed404.pt,cond1,404,9001,greedy,none,none,none,none,agent_3,agent_0,0,mixed,2.5,6298,0.3042235630358844,0.6957764369641156,0.6203074770628092,2.4431762408054642,0.6281359161638616,0.40060338412443197,0.6868336840118434,0.28623029988741144,-6.791613265265119,5.140424363599028,11.932037628864146,0.4031438551921245,0.6922832645284217,0.2891394093362972,0.22499206097173705,0.0644649094950778,150000
<SOURCE_VECSTRAIGHT_REPO>/remote-results/phase3_vecstraight_clean_msgsource_learned_15seeds_remote_20260410/train/cond1_seed404.pt,cond1,404,9001,greedy,none,none,none,none,agent_3,agent_1,0,mixed,2.5,6298,0.3042235630358844,0.6957764369641156,0.6515245185457568,3.1893629425856833,0.6571927596062243,0.7617762059834505,0.6153047345831818,-0.14647147140026745,7.315114680174874,2.0497231542941083,-5.265391525880766,0.7626230549380756,0.6240076214671324,-0.13861543347094316,0.10543029533185139,0.033185138139091776,150000
<SOURCE_VECSTRAIGHT_REPO>/remote-results/phase3_vecstraight_clean_msgsource_learned_15seeds_remote_20260410/train/cond1_seed404.pt,cond1,404,9001,greedy,none,none,none,none,agent_3,agent_2,0,mixed,2.5,6298,0.3042235630358844,0.6957764369641156,0.3462472899534222,-4.789556310446764,0.345188948872658,0.3809738523389969,0.28745659936453455,-0.0935172529744615,-3.820196382840992,-5.571330578644604,-1.7511341958036117,0.3829787234042553,0.28421721181327403,-0.09876151159098126,0.040012702445220705,0.06160685932041918,150000
<SOURCE_VECSTRAIGHT_REPO>/remote-results/phase3_vecstraight_clean_msgsource_learned_15seeds_remote_20260410/train/cond1_seed404.pt,cond1,404,9001,greedy,none,none,none,none,agent_3,agent_3,1,mixed,2.5,6298,0.3042235630358844,0.6957764369641156,0.21945429050110987,-3.193067127483237,0.19371228961575104,0.16465218761382583,0.27998444098844993,0.11533225337462415,-4.391091296720804,-2.8333085705152046,1.5577827262055992,0.13226421086059068,0.29040965385836776,0.15814544299777708,0.11638615433470943,0.11194029850746269,150000
<SOURCE_VECSTRAIGHT_REPO>/remote-results/phase3_vecstraight_clean_msgsource_learned_15seeds_remote_20260410/train/cond1_seed404.pt,cond1,404,9001,greedy,none,none,none,none,agent_0,agent_0,1,mixed,3.5,6673,0.9961037014835906,0.003896298516409411,0.6538809928181137,0.8659182132009479,0.7175183575603177,0.6549140682711059,0.36961219633063314,-0.2853018719404731,0.8738321198568375,-2.725048345515177,-3.5988804653720146,0.7193166491832759,0.37209650831709873,-0.34722014086617714,0.0017982916229581896,0.34542184924321895,150000
<SOURCE_VECSTRAIGHT_REPO>/remote-results/phase3_vecstraight_clean_msgsource_learned_15seeds_remote_20260410/train/cond1_seed404.pt,cond1,404,9001,greedy,none,none,none,none,agent_0,agent_1,0,mixed,3.5,6673,0.9961037014835906,0.003896298516409411,0.9640993996506689,12.044243862800256,0.9911583995204556,0.9640469641970826,0.9942893448348773,0.030242380637794584,12.03378914447358,17.56868816402145,5.5348990195478684,0.9911583995204556,0.9959538438483441,0.004795444327888506,0.0,0.005095159598381537,150000
<SOURCE_VECSTRAIGHT_REPO>/remote-results/phase3_vecstraight_clean_msgsource_learned_15seeds_remote_20260410/train/cond1_seed404.pt,cond1,404,9001,greedy,none,none,none,none,agent_0,agent_2,0,mixed,3.5,6673,0.9961037014835906,0.003896298516409411,0.966057230287124,10.013099367969954,0.9691293271392177,0.9660559936562538,0.946179879004025,-0.019876114652228983,10.014451405039331,8.953813959321177,-1.0606374457181527,0.9691293271392177,0.9544432788850592,-0.014686048254158549,0.0,0.015285478795144613,150000
<SOURCE_VECSTRAIGHT_REPO>/remote-results/phase3_vecstraight_clean_msgsource_learned_15seeds_remote_20260410/train/cond1_seed404.pt,cond1,404,9001,greedy,none,none,none,none,agent_0,agent_3,0,mixed,3.5,6673,0.9961037014835906,0.003896298516409411,0.39907500612884256,-0.7236397937721761,0.3355312453169489,0.3970419018481838,0.7251720591717961,0.3281301573236123,-0.7411145785504976,3.8847457685685223,4.62586034711902,0.33328338078825115,0.7220140866177132,0.388730705829462,0.0025475797991907686,0.39457515360407613,150000
<SOURCE_VECSTRAIGHT_REPO>/remote-results/phase3_vecstraight_clean_msgsource_learned_15seeds_remote_20260410/train/cond1_seed404.pt,cond1,404,9001,greedy,none,none,none,none,agent_1,agent_0,0,mixed,3.5,6673,0.9560917128727708,0.043908287127229134,0.6538809928181137,0.8659182132009479,0.7175183575603177,0.6372429552407535,0.9822396495317317,0.3449966942909781,0.41759689689401597,12.456194702600069,12.038597805706052,0.7037314551176382,0.9865128128278136,0.2827813577101753,0.013786902442679454,0.2689944552674959,150000
<SOURCE_VECSTRAIGHT_REPO>/remote-results/phase3_vecstraight_clean_msgsource_learned_15seeds_remote_20260410/train/cond1_seed404.pt,cond1,404,9001,greedy,none,none,none,none,agent_1,agent_1,1,mixed,3.5,6673,0.9560917128727708,0.043908287127229134,0.9640993996506689,12.044243862800256,0.9911583995204556,0.9645236170019904,0.9894545755012304,0.024930958499240097,11.949369795538935,13.019943087926855,1.0705732923879199,0.9925071182376742,0.9914581147909486,-0.0010490034467256107,0.0013487187172186424,0.0011988610819721264,150000
<SOURCE_VECSTRAIGHT_REPO>/remote-results/phase3_vecstraight_clean_msgsource_learned_15seeds_remote_20260410/train/cond1_seed404.pt,cond1,404,9001,greedy,none,none,none,none,agent_1,agent_2,0,mixed,3.5,6673,0.9560917128727708,0.043908287127229134,0.966057230287124,10.013099367969954,0.9691293271392177,0.9659356755726168,0.9712405443497028,0.005304868777085894,9.992855086393412,12.301099211491156,2.3082441250977443,0.9691293271392177,0.9737749138318598,0.00464558669264199,0.0002997152704930316,0.005544732504121085,150000
<SOURCE_VECSTRAIGHT_REPO>/remote-results/phase3_vecstraight_clean_msgsource_learned_15seeds_remote_20260410/train/cond1_seed404.pt,cond1,404,9001,greedy,none,none,none,none,agent_1,agent_3,0,mixed,3.5,6673,0.9560917128727708,0.043908287127229134,0.39907500612884256,-0.7236397937721761,0.3355312453169489,0.3935366352259092,0.46144485418388476,0.06790821895797561,-0.771804432994991,-0.2877126159094789,0.48409181708551213,0.3280383635546231,0.4796942904240971,0.151655926869474,0.007492881762325791,0.16694140566461863,150000
<SOURCE_VECSTRAIGHT_REPO>/remote-results/phase3_vecstraight_clean_msgsource_learned_15seeds_remote_20260410/train/cond1_seed404.pt,cond1,404,9001,greedy,none,none,none,none,agent_2,agent_0,0,mixed,3.5,6673,0.3328338078825116,0.6671661921174884,0.6538809928181137,0.8659182132009479,0.7175183575603177,0.7985690820098476,0.6068784050086761,-0.19169067700117165,1.795191697957195,0.8219874777925902,-0.9732042201646046,0.9403566611718867,0.6374943803386782,-0.30286228083320843,0.22433687996403417,0.08841600479544433,150000
<SOURCE_VECSTRAIGHT_REPO>/remote-results/phase3_vecstraight_clean_msgsource_learned_15seeds_remote_20260410/train/cond1_seed404.pt,cond1,404,9001,greedy,none,none,none,none,agent_2,agent_1,0,mixed,3.5,6673,0.3328338078825116,0.6671661921174884,0.9640993996506689,12.044243862800256,0.9911583995204556,0.8289701449330686,0.9925353654253126,0.16356522049224392,2.141400678018821,16.537749836630823,14.396349158612002,0.9634347369998502,0.9928068335081672,0.029372096508317097,0.02832309306159149,0.002247864528697737,150000
<SOURCE_VECSTRAIGHT_REPO>/remote-results/phase3_vecstraight_clean_msgsource_learned_15seeds_remote_20260410/train/cond1_seed404.pt,cond1,404,9001,greedy,none,none,none,none,agent_2,agent_2,1,mixed,3.5,6673,0.3328338078825116,0.6671661921174884,0.966057230287124,10.013099367969954,0.9691293271392177,0.9930962914331443,0.9352866384273777,-0.05780965300576653,11.93736573708981,8.495442215348227,-3.441923521741584,0.9941555522253859,0.9390079424546681,-0.055147609770717816,0.02502622508616814,0.03012138468454968,150000
<SOURCE_VECSTRAIGHT_REPO>/remote-results/phase3_vecstraight_clean_msgsource_learned_15seeds_remote_20260410/train/cond1_seed404.pt,cond1,404,9001,greedy,none,none,none,none,agent_2,agent_3,0,mixed,3.5,6673,0.3328338078825116,0.6671661921174884,0.39907500612884256,-0.7236397937721761,0.3355312453169489,0.4095160880798987,0.40278393954551983,-0.006732148534378779,-0.629816775449557,-0.6548477883270507,-0.025031012877493663,0.32863779409560917,0.3448224187022329,0.016184624606623708,0.049752734901843246,0.04855387381987112,150000
<SOURCE_VECSTRAIGHT_REPO>/remote-results/phase3_vecstraight_clean_msgsource_learned_15seeds_remote_20260410/train/cond1_seed404.pt,cond1,404,9001,greedy,none,none,none,none,agent_3,agent_0,0,mixed,3.5,6673,0.933463209950547,0.06653679004945302,0.6538809928181137,0.8659182132009479,0.7175183575603177,0.6383222331963015,0.7128619912038061,0.07453975800750443,0.29893795301822035,1.4518068829219453,1.152868929903725,0.6987861531545032,0.8747190169339127,0.17593286377940956,0.020830211299265697,0.1715869923572606,150000
<SOURCE_VECSTRAIGHT_REPO>/remote-results/phase3_vecstraight_clean_msgsource_learned_15seeds_remote_20260410/train/cond1_seed404.pt,cond1,404,9001,greedy,none,none,none,none,agent_3,agent_1,0,mixed,3.5,6673,0.933463209950547,0.06653679004945302,0.9640993996506689,12.044243862800256,0.9911583995204556,0.9701865441867182,0.9708305890502351,0.0006440448635169617,12.145684730907474,13.784942914659645,1.6392581837521703,0.9974524202008093,0.9899595384384834,-0.007492881762325791,0.006294020680353664,0.0026974374344372848,150000
<SOURCE_VECSTRAIGHT_REPO>/remote-results/phase3_vecstraight_clean_msgsource_learned_15seeds_remote_20260410/train/cond1_seed404.pt,cond1,404,9001,greedy,none,none,none,none,agent_3,agent_2,0,mixed,3.5,6673,0.933463209950547,0.06653679004945302,0.966057230287124,10.013099367969954,0.9691293271392177,0.9679956099225199,0.8761316094999053,-0.09186400042261424,10.132963108780608,6.031913700694,-4.101049408086608,0.9707777611269294,0.8921025026225086,-0.0786752585044208,0.0016484339877116739,0.07702682451670913,150000
<SOURCE_VECSTRAIGHT_REPO>/remote-results/phase3_vecstraight_clean_msgsource_learned_15seeds_remote_20260410/train/cond1_seed404.pt,cond1,404,9001,greedy,none,none,none,none,agent_3,agent_3,1,mixed,3.5,6673,0.933463209950547,0.06653679004945302,0.39907500612884256,-0.7236397937721761,0.3355312453169489,0.3886706289927194,0.7578080885900353,0.36913745959731575,-0.9439203562353141,1.677622251348813,2.6215426075841273,0.32384234976772064,0.8550876667166192,0.5312453169488985,0.01288775663120036,0.5210549977521355,150000
<SOURCE_VECSTRAIGHT_REPO>/remote-results/phase3_vecstraight_clean_msgsource_learned_15seeds_remote_20260410/train/cond1_seed404.pt,cond1,404,9001,greedy,none,none,none,none,agent_0,agent_0,1,cooperative,5.0,5917,0.9996619908737536,0.0003380091262464086,0.7487024566223122,1.3963520785597545,0.9890147033969917,0.7486812608399268,0.7781568770514236,0.02947561621149689,1.3961440573018489,1.7243560463585461,0.3282119890566974,0.9890147033969917,0.9045124218353896,-0.08450228156160217,0.0,0.08450228156160217,150000
<SOURCE_VECSTRAIGHT_REPO>/remote-results/phase3_vecstraight_clean_msgsource_learned_15seeds_remote_20260410/train/cond1_seed404.pt,cond1,404,9001,greedy,none,none,none,none,agent_0,agent_1,0,cooperative,5.0,5917,0.9996619908737536,0.0003380091262464086,0.5645198862063475,0.8172960820755323,0.5502788575291533,0.5645321208731193,0.919520127911732,0.3549880070386126,0.8177247054123166,3.516571063195126,2.6988463577828092,0.5502788575291533,0.9984789589318912,0.44820010140273786,0.0,0.44887611965523067,150000
<SOURCE_VECSTRAIGHT_REPO>/remote-results/phase3_vecstraight_clean_msgsource_learned_15seeds_remote_20260410/train/cond1_seed404.pt,cond1,404,9001,greedy,none,none,none,none,agent_0,agent_2,0,cooperative,5.0,5917,0.9996619908737536,0.0003380091262464086,0.9999981224687997,14.067576356004254,1.0,0.9999981224687997,0.9999982441259393,1.2165713958972328e-07,14.066587326271582,16.640800764175086,2.5742134379035058,1.0,1.0,0.0,0.0,0.0,150000
<SOURCE_VECSTRAIGHT_REPO>/remote-results/phase3_vecstraight_clean_msgsource_learned_15seeds_remote_20260410/train/cond1_seed404.pt,cond1,404,9001,greedy,none,none,none,none,agent_0,agent_3,0,cooperative,5.0,5917,0.9996619908737536,0.0003380091262464086,0.5241457968908168,0.06727860868228978,0.6092614500591516,0.5239965493541093,0.7503428731232665,0.22634632376915712,0.06649221365307158,1.6140145544785593,1.5475223408254877,0.6089234409329052,0.8644583403751901,0.25553489944228497,0.0003380091262464086,0.3704580023660639,150000
<SOURCE_VECSTRAIGHT_REPO>/remote-results/phase3_vecstraight_clean_msgsource_learned_15seeds_remote_20260410/train/cond1_seed404.pt,cond1,404,9001,greedy,none,none,none,none,agent_1,agent_0,0,cooperative,5.0,5917,0.9942538448538111,0.005746155146188947,0.7487024566223122,1.3963520785597545,0.9890147033969917,0.7472405536971873,0.9999269389695205,0.2526863852723331,1.3224092520394397,13.47461580267141,12.152206550631972,0.9890147033969917,1.0,0.01098529660300828,0.0,0.01098529660300828,150000
<SOURCE_VECSTRAIGHT_REPO>/remote-results/phase3_vecstraight_clean_msgsource_learned_15seeds_remote_20260410/train/cond1_seed404.pt,cond1,404,9001,greedy,none,none,none,none,agent_1,agent_1,1,cooperative,5.0,5917,0.9942538448538111,0.005746155146188947,0.5645198862063475,0.8172960820755323,0.5502788575291533,0.5626178866874654,0.83551342545862,0.2728955387711545,0.805093051055728,2.6421090545123627,1.8370160034566347,0.5474057799560588,0.9582558729085685,0.41085009295250974,0.0028730775730944737,0.4086530336319081,150000
<SOURCE_VECSTRAIGHT_REPO>/remote-results/phase3_vecstraight_clean_msgsource_learned_15seeds_remote_20260410/train/cond1_seed404.pt,cond1,404,9001,greedy,none,none,none,none,agent_1,agent_2,0,cooperative,5.0,5917,0.9942538448538111,0.005746155146188947,0.9999981224687997,14.067576356004254,1.0,0.999998109312865,0.9999998683399176,1.7590270526751243e-06,14.04186219590448,18.26132831731438,4.219466121409901,1.0,1.0,0.0,0.0,0.0,150000
<SOURCE_VECSTRAIGHT_REPO>/remote-results/phase3_vecstraight_clean_msgsource_learned_15seeds_remote_20260410/train/cond1_seed404.pt,cond1,404,9001,greedy,none,none,none,none,agent_1,agent_3,0,cooperative,5.0,5917,0.9942538448538111,0.005746155146188947,0.5241457968908168,0.06727860868228978,0.6092614500591516,0.5237388348761941,0.6767175358098245,0.15297870093363042,0.06545763188909795,0.7837726093573064,0.7183149774682085,0.6080784181172891,0.9055264492141288,0.2974480310968396,0.0011830319418624302,0.33040392090586446,150000
<SOURCE_VECSTRAIGHT_REPO>/remote-results/phase3_vecstraight_clean_msgsource_learned_15seeds_remote_20260410/train/cond1_seed404.pt,cond1,404,9001,greedy,none,none,none,none,agent_2,agent_0,0,cooperative,5.0,5917,0.9601149231029238,0.039885076897076224,0.7487024566223122,1.3963520785597545,0.9890147033969917,0.7366382729352082,0.9893984320081421,0.2527601590729339,1.148610768690189,7.457289841517778,6.308679072827589,0.9890147033969917,0.9945918539800574,0.005577150583065743,0.0,0.007605205340544195,150000
<SOURCE_VECSTRAIGHT_REPO>/remote-results/phase3_vecstraight_clean_msgsource_learned_15seeds_remote_20260410/train/cond1_seed404.pt,cond1,404,9001,greedy,none,none,none,none,agent_2,agent_1,0,cooperative,5.0,5917,0.9601149231029238,0.039885076897076224,0.5645198862063475,0.8172960820755323,0.5502788575291533,0.5392399454249791,0.999972039992007,0.46073209456702796,0.3559804081070639,11.444782654860747,11.088802246753682,0.5179989859726213,1.0,0.4820010140273787,0.032279871556532024,0.4497211424708467,150000
<SOURCE_VECSTRAIGHT_REPO>/remote-results/phase3_vecstraight_clean_msgsource_learned_15seeds_remote_20260410/train/cond1_seed404.pt,cond1,404,9001,greedy,none,none,none,none,agent_2,agent_2,1,cooperative,5.0,5917,0.9601149231029238,0.039885076897076224,0.9999981224687997,14.067576356004254,1.0,0.9999984600907829,0.9982604350147365,-0.0017380250760464123,14.111166805598065,12.169534641216186,-1.9416321643818788,1.0,0.9984789589318912,-0.001521041068108839,0.0,0.001521041068108839,150000
<SOURCE_VECSTRAIGHT_REPO>/remote-results/phase3_vecstraight_clean_msgsource_learned_15seeds_remote_20260410/train/cond1_seed404.pt,cond1,404,9001,greedy,none,none,none,none,agent_2,agent_3,0,cooperative,5.0,5917,0.9601149231029238,0.039885076897076224,0.5241457968908168,0.06727860868228978,0.6092614500591516,0.5219816486923726,0.5983617256326421,0.07638007694026948,0.054425522098272096,0.539094071669697,0.4846685495714249,0.6072333953016732,0.6413723170525604,0.03413892175088727,0.0043941186412033125,0.20246746662159879,150000
<SOURCE_VECSTRAIGHT_REPO>/remote-results/phase3_vecstraight_clean_msgsource_learned_15seeds_remote_20260410/train/cond1_seed404.pt,cond1,404,9001,greedy,none,none,none,none,agent_3,agent_0,0,cooperative,5.0,5917,0.9971269224269055,0.0028730775730944737,0.7487024566223122,1.3963520785597545,0.9890147033969917,0.7478621972725047,0.68691534273237,-0.060946854540134654,1.38978962178657,0.9761295154758738,-0.41366010631069616,0.9881696805813757,0.9976339361162752,0.009464255534899442,0.0008450228156160216,0.013013351360486734,150000
<SOURCE_VECSTRAIGHT_REPO>/remote-results/phase3_vecstraight_clean_msgsource_learned_15seeds_remote_20260410/train/cond1_seed404.pt,cond1,404,9001,greedy,none,none,none,none,agent_3,agent_1,0,cooperative,5.0,5917,0.9971269224269055,0.0028730775730944737,0.5645198862063475,0.8172960820755323,0.5502788575291533,0.564731488487538,0.7185466441579096,0.15381515567037168,0.826424164250833,1.566265096661608,0.7398409324107751,0.5502788575291533,0.9160047321277675,0.36572587459861416,0.0,0.36572587459861416,150000
<SOURCE_VECSTRAIGHT_REPO>/remote-results/phase3_vecstraight_clean_msgsource_learned_15seeds_remote_20260410/train/cond1_seed404.pt,cond1,404,9001,greedy,none,none,none,none,agent_3,agent_2,0,cooperative,5.0,5917,0.9971269224269055,0.0028730775730944737,0.9999981224687997,14.067576356004254,1.0,0.9999981224687997,0.999860321576881,-0.00013780089191877098,14.076885597637744,11.743938511401511,-2.332947086236234,1.0,1.0,0.0,0.0,0.0,150000
<SOURCE_VECSTRAIGHT_REPO>/remote-results/phase3_vecstraight_clean_msgsource_learned_15seeds_remote_20260410/train/cond1_seed404.pt,cond1,404,9001,greedy,none,none,none,none,agent_3,agent_3,1,cooperative,5.0,5917,0.9971269224269055,0.0028730775730944737,0.5241457968908168,0.06727860868228978,0.6092614500591516,0.5236575391964216,0.7811186039460345,0.25746106474961294,0.05726897162985757,1.3359814607978209,1.2787124891679633,0.6092614500591516,0.984282575629542,0.3750211255703904,0.0,0.3750211255703904,150000
<SOURCE_VECSTRAIGHT_REPO>/remote-results/phase3_vecstraight_clean_msgsource_learned_15seeds_remote_20260410/train/cond1_seed505.pt,cond1,505,9001,greedy,none,none,none,none,agent_0,agent_0,1,competitive,0.5,5288,0.09493192133131619,0.9050680786686838,0.0003076617486425821,-56.875752678797575,0.00037821482602118004,0.0016466555276639814,1.3374330585875741e-05,-0.0016332811970781059,-58.42418944105258,-56.42887379659647,1.9953156444561102,0.00170196671709531,0.0,-0.00170196671709531,0.00132375189107413,0.00037821482602118004,150000
<SOURCE_VECSTRAIGHT_REPO>/remote-results/phase3_vecstraight_clean_msgsource_learned_15seeds_remote_20260410/train/cond1_seed505.pt,cond1,505,9001,greedy,none,none,none,none,agent_0,agent_1,0,competitive,0.5,5288,0.09493192133131619,0.9050680786686838,6.021091334695498e-12,-48.29518798656435,0.0,1.3773719858286545e-08,1.3549814315207483e-12,-1.3772364876854968e-08,-43.80121999392892,-48.769309071297,-4.968089077368085,0.0,0.0,0.0,0.0,0.0,150000
<SOURCE_VECSTRAIGHT_REPO>/remote-results/phase3_vecstraight_clean_msgsource_learned_15seeds_remote_20260410/train/cond1_seed505.pt,cond1,505,9001,greedy,none,none,none,none,agent_0,agent_2,0,competitive,0.5,5288,0.09493192133131619,0.9050680786686838,0.000235048974892119,-64.74426782769171,0.00018910741301059002,3.657626603841197e-11,0.00023536438003763903,0.00023536434346137298,-96.80146674110742,-61.36694026270631,35.43452647840111,0.0,0.00018910741301059002,0.00018910741301059002,0.00018910741301059002,0.0,150000
<SOURCE_VECSTRAIGHT_REPO>/remote-results/phase3_vecstraight_clean_msgsource_learned_15seeds_remote_20260410/train/cond1_seed505.pt,cond1,505,9001,greedy,none,none,none,none,agent_0,agent_3,0,competitive,0.5,5288,0.09493192133131619,0.9050680786686838,9.333222656841634e-12,-71.14358806934732,0.0,4.879122736026657e-06,1.8380830317778144e-12,-4.879120897943625e-06,-50.436729413117654,-73.31467932832403,-22.87794991520638,0.0,0.0,0.0,0.0,0.0,150000
<SOURCE_VECSTRAIGHT_REPO>/remote-results/phase3_vecstraight_clean_msgsource_learned_15seeds_remote_20260410/train/cond1_seed505.pt,cond1,505,9001,greedy,none,none,none,none,agent_1,agent_0,0,competitive,0.5,5288,1.0,0.0,0.0003076617486425821,-56.875752678797575,0.00037821482602118004,0.0003076617486425821,0.0007224963740662155,0.0004148346254236331,-56.875752678797575,-51.829111270302185,5.046641408495391,0.00037821482602118004,0.0007564296520423601,0.00037821482602118004,0.0,0.00037821482602118004,150000
<SOURCE_VECSTRAIGHT_REPO>/remote-results/phase3_vecstraight_clean_msgsource_learned_15seeds_remote_20260410/train/cond1_seed505.pt,cond1,505,9001,greedy,none,none,none,none,agent_1,agent_1,1,competitive,0.5,5288,1.0,0.0,6.021091334695498e-12,-48.29518798656435,0.0,6.021091334695498e-12,7.341210348654394e-08,7.340608239520987e-08,-48.29518798656435,-57.04591962681596,-8.75073164025161,0.0,0.0,0.0,0.0,0.0,150000
<SOURCE_VECSTRAIGHT_REPO>/remote-results/phase3_vecstraight_clean_msgsource_learned_15seeds_remote_20260410/train/cond1_seed505.pt,cond1,505,9001,greedy,none,none,none,none,agent_1,agent_2,0,competitive,0.5,5288,1.0,0.0,0.000235048974892119,-64.74426782769171,0.00018910741301059002,0.000235048974892119,0.004557370477265765,0.004322321502373648,-64.74426782769171,-68.36164864113219,-3.6173808134404686,0.00018910741301059002,0.0045385779122541605,0.00434947049924357,0.0,0.00434947049924357,150000
<SOURCE_VECSTRAIGHT_REPO>/remote-results/phase3_vecstraight_clean_msgsource_learned_15seeds_remote_20260410/train/cond1_seed505.pt,cond1,505,9001,greedy,none,none,none,none,agent_1,agent_3,0,competitive,0.5,5288,1.0,0.0,9.333222656841634e-12,-71.14358806934732,0.0,9.333222656841634e-12,1.2427396968136458e-10,1.1494074702452298e-10,-71.14358806934732,-72.85090445534364,-1.7073163859963236,0.0,0.0,0.0,0.0,0.0,150000
<SOURCE_VECSTRAIGHT_REPO>/remote-results/phase3_vecstraight_clean_msgsource_learned_15seeds_remote_20260410/train/cond1_seed505.pt,cond1,505,9001,greedy,none,none,none,none,agent_2,agent_0,0,competitive,0.5,5288,0.9988653555219364,0.0011346444780635401,0.0003076617486425821,-56.875752678797575,0.00037821482602118004,0.00030766314752787356,2.9583095912318255e-08,-0.00030763356443196127,-56.86078265358929,-70.37292272186134,-13.512140068272059,0.00037821482602118004,0.0,-0.00037821482602118004,0.0,0.00037821482602118004,150000
<SOURCE_VECSTRAIGHT_REPO>/remote-results/phase3_vecstraight_clean_msgsource_learned_15seeds_remote_20260410/train/cond1_seed505.pt,cond1,505,9001,greedy,none,none,none,none,agent_2,agent_1,0,competitive,0.5,5288,0.9988653555219364,0.0011346444780635401,6.021091334695498e-12,-48.29518798656435,0.0,6.016723848515838e-12,1.1140530343327981e-06,1.1140470176089521e-06,-48.30728004054475,-39.99282972066017,8.314450319884584,0.0,0.0,0.0,0.0,0.0,150000
<SOURCE_VECSTRAIGHT_REPO>/remote-results/phase3_vecstraight_clean_msgsource_learned_15seeds_remote_20260410/train/cond1_seed505.pt,cond1,505,9001,greedy,none,none,none,none,agent_2,agent_2,1,competitive,0.5,5288,0.9988653555219364,0.0011346444780635401,0.000235048974892119,-64.74426782769171,0.00018910741301059002,5.3903723710071975e-05,0.000599351924703656,0.0005454482009935843,-64.75152903015243,-50.16030115982498,14.591227870327442,0.0,0.00037821482602118004,0.00037821482602118004,0.00018910741301059002,0.00018910741301059002,150000
<SOURCE_VECSTRAIGHT_REPO>/remote-results/phase3_vecstraight_clean_msgsource_learned_15seeds_remote_20260410/train/cond1_seed505.pt,cond1,505,9001,greedy,none,none,none,none,agent_2,agent_3,0,competitive,0.5,5288,0.9988653555219364,0.0011346444780635401,9.333222656841634e-12,-71.14358806934732,0.0,7.507855340642483e-12,0.00018195214987505785,0.00018195214236720254,-71.16663969266433,-53.46157520100948,17.70506449165485,0.0,0.00018910741301059002,0.00018910741301059002,0.0,0.00018910741301059002,150000
<SOURCE_VECSTRAIGHT_REPO>/remote-results/phase3_vecstraight_clean_msgsource_learned_15seeds_remote_20260410/train/cond1_seed505.pt,cond1,505,9001,greedy,none,none,none,none,agent_3,agent_0,0,competitive,0.5,5288,0.03252647503782148,0.9674735249621785,0.0003076617486425821,-56.875752678797575,0.00037821482602118004,0.00030766182906269006,1.5531570923490557e-07,-0.0003075065133534552,-47.27860801807871,-57.1642612584961,-9.885653240417389,0.00037821482602118004,0.0,-0.00037821482602118004,0.0,0.00037821482602118004,150000
<SOURCE_VECSTRAIGHT_REPO>/remote-results/phase3_vecstraight_clean_msgsource_learned_15seeds_remote_20260410/train/cond1_seed505.pt,cond1,505,9001,greedy,none,none,none,none,agent_3,agent_1,0,competitive,0.5,5288,0.03252647503782148,0.9674735249621785,6.021091334695498e-12,-48.29518798656435,0.0,5.067610459799384e-13,2.6032143788049476e-11,2.552538274206955e-11,-53.093402656231994,-48.25110894757211,4.842293708659877,0.0,0.0,0.0,0.0,0.0,150000
<SOURCE_VECSTRAIGHT_REPO>/remote-results/phase3_vecstraight_clean_msgsource_learned_15seeds_remote_20260410/train/cond1_seed505.pt,cond1,505,9001,greedy,none,none,none,none,agent_3,agent_2,0,competitive,0.5,5288,0.03252647503782148,0.9674735249621785,0.000235048974892119,-64.74426782769171,0.00018910741301059002,0.0002350516485836095,5.004143291399035e-07,-0.00023455123425446972,-50.211041215756474,-65.20654495166397,-14.9955037359075,0.00018910741301059002,0.0,-0.00018910741301059002,0.0,0.00018910741301059002,150000
<SOURCE_VECSTRAIGHT_REPO>/remote-results/phase3_vecstraight_clean_msgsource_learned_15seeds_remote_20260410/train/cond1_seed505.pt,cond1,505,9001,greedy,none,none,none,none,agent_3,agent_3,1,competitive,0.5,5288,0.03252647503782148,0.9674735249621785,9.333222656841634e-12,-71.14358806934732,0.0,1.7514152224943184e-09,7.104050996423465e-12,-1.7443111714978946e-09,-58.18844703971528,-71.38720599136987,-13.198758951654593,0.0,0.0,0.0,0.0,0.0,150000
<SOURCE_VECSTRAIGHT_REPO>/remote-results/phase3_vecstraight_clean_msgsource_learned_15seeds_remote_20260410/train/cond1_seed505.pt,cond1,505,9001,greedy,none,none,none,none,agent_0,agent_0,1,mixed,1.5,5824,0.6821771978021978,0.3178228021978022,0.008048080494192476,-38.7292078799609,0.007726648351648352,0.0171207845361412,0.006488202225319077,-0.010632582310822217,-39.48384188348939,-35.9744195396357,3.5094223438536973,0.016998626373626372,0.006181318681318681,-0.010817307692307692,0.011675824175824176,0.0015453296703296703,150000
<SOURCE_VECSTRAIGHT_REPO>/remote-results/phase3_vecstraight_clean_msgsource_learned_15seeds_remote_20260410/train/cond1_seed505.pt,cond1,505,9001,greedy,none,none,none,none,agent_0,agent_1,0,mixed,1.5,5824,0.6821771978021978,0.3178228021978022,0.017792876749666585,-26.54661986182679,0.017513736263736264,0.025276115789832604,0.002060758335325149,-0.023215357454507504,-24.349875334240906,-31.747856144025757,-7.397980809784853,0.02489697802197802,0.0018887362637362637,-0.02300824175824176,0.007383241758241758,0.015625,150000
<SOURCE_VECSTRAIGHT_REPO>/remote-results/phase3_vecstraight_clean_msgsource_learned_15seeds_remote_20260410/train/cond1_seed505.pt,cond1,505,9001,greedy,none,none,none,none,agent_0,agent_2,0,mixed,1.5,5824,0.6821771978021978,0.3178228021978022,0.006370000579247787,-70.25464342362605,0.006353021978021978,3.24541469631091e-06,0.007695203940833312,0.007691958526137,-81.11881105347976,-46.493176056706645,34.62563499677312,0.0,0.007726648351648352,0.007726648351648352,0.006353021978021978,0.0013736263736263737,150000
<SOURCE_VECSTRAIGHT_REPO>/remote-results/phase3_vecstraight_clean_msgsource_learned_15seeds_remote_20260410/train/cond1_seed505.pt,cond1,505,9001,greedy,none,none,none,none,agent_0,agent_3,0,mixed,1.5,5824,0.6821771978021978,0.3178228021978022,0.0034964081027447384,-36.67187195262043,0.003605769230769231,0.007207543345346409,0.001425626852969774,-0.005781916492376614,-29.339258782596296,-53.20791509242954,-23.868656309833238,0.006696428571428571,0.0013736263736263737,-0.005322802197802198,0.0030906593406593405,0.002232142857142857,150000
<SOURCE_VECSTRAIGHT_REPO>/remote-results/phase3_vecstraight_clean_msgsource_learned_15seeds_remote_20260410/train/cond1_seed505.pt,cond1,505,9001,greedy,none,none,none,none,agent_1,agent_0,0,mixed,1.5,5824,0.9945054945054945,0.005494505494505495,0.008048080494192476,-38.7292078799609,0.007726648351648352,0.007678886402468349,0.02128534205566716,0.013606455653198799,-38.76547371428767,-30.59817635217313,8.167297362114539,0.007383241758241758,0.020947802197802196,0.01356456043956044,0.00034340659340659343,0.013221153846153846,150000
<SOURCE_VECSTRAIGHT_REPO>/remote-results/phase3_vecstraight_clean_msgsource_learned_15seeds_remote_20260410/train/cond1_seed505.pt,cond1,505,9001,greedy,none,none,none,none,agent_1,agent_1,1,mixed,1.5,5824,0.9945054945054945,0.005494505494505495,0.017792876749666585,-26.54661986182679,0.017513736263736264,0.017654143745893972,0.010931021476540967,-0.006723122269353014,-26.545396373392297,-34.64554266439198,-8.100146290999684,0.017342032967032968,0.010645604395604396,-0.006696428571428571,0.00017170329670329672,0.018200549450549452,150000
<SOURCE_VECSTRAIGHT_REPO>/remote-results/phase3_vecstraight_clean_msgsource_learned_15seeds_remote_20260410/train/cond1_seed505.pt,cond1,505,9001,greedy,none,none,none,none,agent_1,agent_2,0,mixed,1.5,5824,0.9945054945054945,0.005494505494505495,0.006370000579247787,-70.25464342362605,0.006353021978021978,0.005929971727163946,0.018861235397507954,0.01293126367034401,-70.26800936200543,-71.77138559976694,-1.5033762377615159,0.005837912087912088,0.019059065934065936,0.013221153846153846,0.0005151098901098901,0.012706043956043956,150000
<SOURCE_VECSTRAIGHT_REPO>/remote-results/phase3_vecstraight_clean_msgsource_learned_15seeds_remote_20260410/train/cond1_seed505.pt,cond1,505,9001,greedy,none,none,none,none,agent_1,agent_3,0,mixed,1.5,5824,0.9945054945054945,0.005494505494505495,0.0034964081027447384,-36.67187195262043,0.003605769230769231,0.0034832771946686544,0.00456824052715626,0.0010849633324876127,-36.67162839629288,-41.99861346675431,-5.326985070461427,0.003605769230769231,0.004292582417582418,0.0006868131868131869,0.0,0.0010302197802197802,150000
<SOURCE_VECSTRAIGHT_REPO>/remote-results/phase3_vecstraight_clean_msgsource_learned_15seeds_remote_20260410/train/cond1_seed505.pt,cond1,505,9001,greedy,none,none,none,none,agent_2,agent_0,0,mixed,1.5,5824,0.9615384615384616,0.038461538461538464,0.008048080494192476,-38.7292078799609,0.007726648351648352,0.008806665469541319,0.0007816729413736394,-0.00802499252816769,-38.15998343606019,-52.84574425654424,-14.685760820484054,0.008585164835164836,0.0006868131868131869,-0.007898351648351648,0.0008585164835164835,0.007039835164835165,150000
<SOURCE_VECSTRAIGHT_REPO>/remote-results/phase3_vecstraight_clean_msgsource_learned_15seeds_remote_20260410/train/cond1_seed505.pt,cond1,505,9001,greedy,none,none,none,none,agent_2,agent_1,0,mixed,1.5,5824,0.9615384615384616,0.038461538461538464,0.017792876749666585,-26.54661986182679,0.017513736263736264,0.015113822650322576,0.0995205302308565,0.08440670758053354,-26.927783255721188,-17.00681884558667,9.92096441013452,0.014938186813186814,0.09787087912087912,0.0829326923076923,0.0025755494505494505,0.08035714285714286,150000
<SOURCE_VECSTRAIGHT_REPO>/remote-results/phase3_vecstraight_clean_msgsource_learned_15seeds_remote_20260410/train/cond1_seed505.pt,cond1,505,9001,greedy,none,none,none,none,agent_2,agent_2,1,mixed,1.5,5824,0.9615384615384616,0.038461538461538464,0.006370000579247787,-70.25464342362605,0.006353021978021978,0.0061748843607380925,0.008512122298231894,0.002337237937493836,-70.74539382209244,-55.748192085047855,14.997201737044584,0.006353021978021978,0.008585164835164836,0.002232142857142857,0.0,0.002918956043956044,150000
<SOURCE_VECSTRAIGHT_REPO>/remote-results/phase3_vecstraight_clean_msgsource_learned_15seeds_remote_20260410/train/cond1_seed505.pt,cond1,505,9001,greedy,none,none,none,none,agent_2,agent_3,0,mixed,1.5,5824,0.9615384615384616,0.038461538461538464,0.0034964081027447384,-36.67187195262043,0.003605769230769231,0.0020544122392030535,0.010988659837715098,0.008934247598511965,-37.02697549554632,-29.71531289188795,7.311662603658368,0.0020604395604395605,0.010473901098901098,0.008413461538461538,0.0015453296703296703,0.007554945054945055,150000
<SOURCE_VECSTRAIGHT_REPO>/remote-results/phase3_vecstraight_clean_msgsource_learned_15seeds_remote_20260410/train/cond1_seed505.pt,cond1,505,9001,greedy,none,none,none,none,agent_3,agent_0,0,mixed,1.5,5824,0.07881181318681318,0.9211881868131868,0.008048080494192476,-38.7292078799609,0.007726648351648352,0.007017704690002999,0.004257228589402589,-0.0027604761006004043,-29.231014338751827,-39.40791000780435,-10.17689566905252,0.006524725274725275,0.0037774725274725275,-0.0027472527472527475,0.0015453296703296703,0.003949175824175824,150000
<SOURCE_VECSTRAIGHT_REPO>/remote-results/phase3_vecstraight_clean_msgsource_learned_15seeds_remote_20260410/train/cond1_seed505.pt,cond1,505,9001,greedy,none,none,none,none,agent_3,agent_1,0,mixed,1.5,5824,0.07881181318681318,0.9211881868131868,0.017792876749666585,-26.54661986182679,0.017513736263736264,0.004998407260259926,0.018209564668056802,0.013211157407796858,-29.953973718519723,-26.21059015397351,3.743383564546213,0.004120879120879121,0.017857142857142856,0.013736263736263736,0.013392857142857142,0.00034340659340659343,150000
<SOURCE_VECSTRAIGHT_REPO>/remote-results/phase3_vecstraight_clean_msgsource_learned_15seeds_remote_20260410/train/cond1_seed505.pt,cond1,505,9001,greedy,none,none,none,none,agent_3,agent_2,0,mixed,1.5,5824,0.07881181318681318,0.9211881868131868,0.006370000579247787,-70.25464342362605,0.006353021978021978,0.006540085855691991,0.000534284620832235,-0.006005801234859754,-53.420701079398064,-71.57565201548758,-18.154950936089506,0.006524725274725275,0.0005151098901098901,-0.006009615384615385,0.00017170329670329672,0.005837912087912088,150000
<SOURCE_VECSTRAIGHT_REPO>/remote-results/phase3_vecstraight_clean_msgsource_learned_15seeds_remote_20260410/train/cond1_seed505.pt,cond1,505,9001,greedy,none,none,none,none,agent_3,agent_3,1,mixed,1.5,5824,0.07881181318681318,0.9211881868131868,0.0034964081027447384,-36.67187195262043,0.003605769230769231,0.008868642145265063,0.0016398136479480801,-0.00722882849731697,-28.57307113521057,-37.28907941515138,-8.716008279940809,0.008413461538461538,0.0015453296703296703,-0.006868131868131868,0.004807692307692308,0.0020604395604395605,150000
<SOURCE_VECSTRAIGHT_REPO>/remote-results/phase3_vecstraight_clean_msgsource_learned_15seeds_remote_20260410/train/cond1_seed505.pt,cond1,505,9001,greedy,none,none,none,none,agent_0,agent_0,1,mixed,2.5,6298,0.5331851381390917,0.4668148618609082,0.17569323536580006,-14.621581240165854,0.1737059383931407,0.2223303235249748,0.16744029623847836,-0.05489002728649634,-13.117638605008262,-15.174622904153221,-2.05698429914496,0.22213401079707842,0.16687837408701175,-0.05525563671006669,0.09193394728485234,0.024293426484598285,150000
<SOURCE_VECSTRAIGHT_REPO>/remote-results/phase3_vecstraight_clean_msgsource_learned_15seeds_remote_20260410/train/cond1_seed505.pt,cond1,505,9001,greedy,none,none,none,none,agent_0,agent_1,0,mixed,2.5,6298,0.5331851381390917,0.4668148618609082,0.41364891288815103,-3.687308572864449,0.412829469672912,0.4826451670554039,0.32299343584911117,-0.15965173120629333,-0.845510158539954,-7.163642567669675,-6.3181324091297215,0.4834868212130835,0.322324547475389,-0.1611622737376945,0.07796125754207685,0.0927278501111464,150000
<SOURCE_VECSTRAIGHT_REPO>/remote-results/phase3_vecstraight_clean_msgsource_learned_15seeds_remote_20260410/train/cond1_seed505.pt,cond1,505,9001,greedy,none,none,none,none,agent_0,agent_2,0,mixed,2.5,6298,0.5331851381390917,0.4668148618609082,0.054293493522054675,-34.54608247460127,0.05255636710066688,0.0008736307956895827,0.07023652194791591,0.06936289115222627,-48.02224579306775,-19.29711026660968,28.725135526458075,0.0006351222610352493,0.06795808193077167,0.06732295966973642,0.051921244839631626,0.015401714830104794,150000
<SOURCE_VECSTRAIGHT_REPO>/remote-results/phase3_vecstraight_clean_msgsource_learned_15seeds_remote_20260410/train/cond1_seed505.pt,cond1,505,9001,greedy,none,none,none,none,agent_0,agent_3,0,mixed,2.5,6298,0.5331851381390917,0.4668148618609082,0.26056257822264783,-9.6617061042766,0.2565893934582407,0.3669560040306797,0.17434757698521658,-0.19260842704546277,-3.6575130671534835,-16.53904657470575,-12.88153350755227,0.36424261670371544,0.17291203556684662,-0.19133058113686885,0.10892346776754525,0.08717053032708796,150000
<SOURCE_VECSTRAIGHT_REPO>/remote-results/phase3_vecstraight_clean_msgsource_learned_15seeds_remote_20260410/train/cond1_seed505.pt,cond1,505,9001,greedy,none,none,none,none,agent_1,agent_0,0,mixed,2.5,6298,0.7259447443632899,0.27405525563671007,0.17569323536580006,-14.621581240165854,0.1737059383931407,0.12771786998276774,0.29277933484348556,0.16506146486071704,-17.212171547659032,-6.958246537866044,10.253925009792988,0.12543664655446174,0.2908859955541442,0.16544934899968244,0.048269291838678945,0.11718005716100349,150000
<SOURCE_VECSTRAIGHT_REPO>/remote-results/phase3_vecstraight_clean_msgsource_learned_15seeds_remote_20260410/train/cond1_seed505.pt,cond1,505,9001,greedy,none,none,none,none,agent_1,agent_1,1,mixed,2.5,6298,0.7259447443632899,0.27405525563671007,0.41364891288815103,-3.687308572864449,0.412829469672912,0.3519795579759741,0.43833930434323987,0.08635974636726734,-5.294765464055345,-3.1373578540084095,2.1574076100469353,0.34995236583042233,0.4383931406795808,0.08844077484915847,0.07716735471578279,0.13575738329628453,150000
<SOURCE_VECSTRAIGHT_REPO>/remote-results/phase3_vecstraight_clean_msgsource_learned_15seeds_remote_20260410/train/cond1_seed505.pt,cond1,505,9001,greedy,none,none,none,none,agent_1,agent_2,0,mixed,2.5,6298,0.7259447443632899,0.27405525563671007,0.054293493522054675,-34.54608247460127,0.05255636710066688,0.052918609012671605,0.06947242651664062,0.016553817503968945,-35.14502894674437,-33.19596659891821,1.949062347826162,0.05128612257859638,0.06732295966973642,0.016036837091140045,0.010797078437599238,0.024293426484598285,150000
<SOURCE_VECSTRAIGHT_REPO>/remote-results/phase3_vecstraight_clean_msgsource_learned_15seeds_remote_20260410/train/cond1_seed505.pt,cond1,505,9001,greedy,none,none,none,none,agent_1,agent_3,0,mixed,2.5,6298,0.7259447443632899,0.27405525563671007,0.26056257822264783,-9.6617061042766,0.2565893934582407,0.23475538227001633,0.28542936404901653,0.05067398177900083,-10.228867757394106,-10.568386587071643,-0.3395188296775379,0.23166084471260717,0.2824706255954271,0.05080978088281994,0.031914893617021274,0.06113051762464274,150000
<SOURCE_VECSTRAIGHT_REPO>/remote-results/phase3_vecstraight_clean_msgsource_learned_15seeds_remote_20260410/train/cond1_seed505.pt,cond1,505,9001,greedy,none,none,none,none,agent_2,agent_0,0,mixed,2.5,6298,0.5271514766592569,0.47284852334074307,0.17569323536580006,-14.621581240165854,0.1737059383931407,0.29402801801199374,0.0481392266036642,-0.24588879140832953,-7.392170780634986,-22.40148331577218,-15.009312535137193,0.29183867894569704,0.047475389012384885,-0.24436328993331216,0.11813274055255636,0.12623054938075579,150000
<SOURCE_VECSTRAIGHT_REPO>/remote-results/phase3_vecstraight_clean_msgsource_learned_15seeds_remote_20260410/train/cond1_seed505.pt,cond1,505,9001,greedy,none,none,none,none,agent_2,agent_1,0,mixed,2.5,6298,0.5271514766592569,0.47284852334074307,0.41364891288815103,-3.687308572864449,0.412829469672912,0.21390676683202664,0.6530457261359519,0.439138959303926,-11.011754727725114,4.9895769180277485,16.001331645752863,0.21355986027310256,0.6541759288663067,0.4406160685932042,0.19926960939980945,0.24134645919339473,150000
<SOURCE_VECSTRAIGHT_REPO>/remote-results/phase3_vecstraight_clean_msgsource_learned_15seeds_remote_20260410/train/cond1_seed505.pt,cond1,505,9001,greedy,none,none,none,none,agent_2,agent_2,1,mixed,2.5,6298,0.5271514766592569,0.47284852334074307,0.054293493522054675,-34.54608247460127,0.05255636710066688,0.07155488262408846,0.05041824111499903,-0.021136641509089407,-38.084483564101106,-29.640289488575334,8.444194075525772,0.06986344871387742,0.048904414099714195,-0.020959034614163225,0.029374404572880278,0.005874880914576056,150000
<SOURCE_VECSTRAIGHT_REPO>/remote-results/phase3_vecstraight_clean_msgsource_learned_15seeds_remote_20260410/train/cond1_seed505.pt,cond1,505,9001,greedy,none,none,none,none,agent_2,agent_3,0,mixed,2.5,6298,0.5271514766592569,0.47284852334074307,0.26056257822264783,-9.6617061042766,0.2565893934582407,0.1681143727733445,0.37663018260261377,0.20851580982926834,-14.618729848421166,-3.8121196236591532,10.806610224762013,0.16592569069545887,0.37297554779295017,0.20704985709749127,0.09288663067640521,0.11892664337885042,150000
<SOURCE_VECSTRAIGHT_REPO>/remote-results/phase3_vecstraight_clean_msgsource_learned_15seeds_remote_20260410/train/cond1_seed505.pt,cond1,505,9001,greedy,none,none,none,none,agent_3,agent_0,0,mixed,2.5,6298,0.39091775166719595,0.6090822483328041,0.17569323536580006,-14.621581240165854,0.1737059383931407,0.14948905671913817,0.19629435108547322,0.04680529436633507,-12.12424217250876,-15.289286795034696,-3.165044622525937,0.1481422673864719,0.19514131470308035,0.04699904731660845,0.055096856144807874,0.05128612257859638,150000
<SOURCE_VECSTRAIGHT_REPO>/remote-results/phase3_vecstraight_clean_msgsource_learned_15seeds_remote_20260410/train/cond1_seed505.pt,cond1,505,9001,greedy,none,none,none,none,agent_3,agent_1,0,mixed,2.5,6298,0.39091775166719595,0.6090822483328041,0.41364891288815103,-3.687308572864449,0.412829469672912,0.26120032100195256,0.4913352567711626,0.2301349357692097,-8.822245015946407,0.03794140070345561,8.860186416649864,0.2577008574150524,0.49174341060654175,0.23404255319148937,0.15512861225785965,0.07891394093362972,150000
<SOURCE_VECSTRAIGHT_REPO>/remote-results/phase3_vecstraight_clean_msgsource_learned_15seeds_remote_20260410/train/cond1_seed505.pt,cond1,505,9001,greedy,none,none,none,none,agent_3,agent_2,0,mixed,2.5,6298,0.39091775166719595,0.6090822483328041,0.054293493522054675,-34.54608247460127,0.05255636710066688,0.08808149498796608,0.01877014239483418,-0.06931135259313184,-24.45788101979705,-40.45074322361176,-15.992862203814711,0.08494760241346459,0.01841854557002223,-0.06652905684344236,0.032391235312797716,0.03413782153064465,150000
<SOURCE_VECSTRAIGHT_REPO>/remote-results/phase3_vecstraight_clean_msgsource_learned_15seeds_remote_20260410/train/cond1_seed505.pt,cond1,505,9001,greedy,none,none,none,none,agent_3,agent_3,1,mixed,2.5,6298,0.39091775166719595,0.6090822483328041,0.26056257822264783,-9.6617061042766,0.2565893934582407,0.38216790965505576,0.16576925760845546,-0.21639865204660028,-4.563591565888005,-14.010899534172157,-9.447307968284154,0.3805970149253731,0.16259129882502382,-0.21800571610034933,0.12400762146713243,0.0939980946332169,150000
<SOURCE_VECSTRAIGHT_REPO>/remote-results/phase3_vecstraight_clean_msgsource_learned_15seeds_remote_20260410/train/cond1_seed505.pt,cond1,505,9001,greedy,none,none,none,none,agent_0,agent_0,1,mixed,3.5,6673,0.03356811029521954,0.9664318897047804,0.9309180360602776,20.88375616384449,0.9325640641390679,0.9613939031779477,0.9299888261480327,-0.03140507702991517,27.557025813375763,20.844433389486856,-6.712592423888905,0.961936160647385,0.9315150606923422,-0.030421099955042708,0.03386782556571257,0.0013487187172186424,150000
<SOURCE_VECSTRAIGHT_REPO>/remote-results/phase3_vecstraight_clean_msgsource_learned_15seeds_remote_20260410/train/cond1_seed505.pt,cond1,505,9001,greedy,none,none,none,none,agent_0,agent_1,0,mixed,3.5,6673,0.03356811029521954,0.9664318897047804,0.8774799757349663,13.169707205799162,0.88086317997902,0.8733263826446759,0.8753717351271012,0.0020453524824256167,16.833276822044272,12.994338796951773,-3.8389380250925,0.8748688745691593,0.8789150307208152,0.004046156151655927,0.08991458114790948,0.0019481492582047056,150000
<SOURCE_VECSTRAIGHT_REPO>/remote-results/phase3_vecstraight_clean_msgsource_learned_15seeds_remote_20260410/train/cond1_seed505.pt,cond1,505,9001,greedy,none,none,none,none,agent_0,agent_2,0,mixed,3.5,6673,0.03356811029521954,0.9664318897047804,0.8937067146445801,13.374799358870215,0.895699085868425,0.29386330612775624,0.9082310894029655,0.6143677832752102,-10.255323103110008,14.215551804648996,24.470874907759004,0.2932713921774314,0.910235276487337,0.6169638843099056,0.6024276936909936,0.014536190618912034,150000
<SOURCE_VECSTRAIGHT_REPO>/remote-results/phase3_vecstraight_clean_msgsource_learned_15seeds_remote_20260410/train/cond1_seed505.pt,cond1,505,9001,greedy,none,none,none,none,agent_0,agent_3,0,mixed,3.5,6673,0.03356811029521954,0.9664318897047804,0.8665982881399136,13.604845833568698,0.86752585044208,0.9869353827726243,0.8607467122313919,-0.12618867054123228,26.926420022208603,13.28279221122762,-13.643627810980982,0.9872621010040462,0.861681402667466,-0.12558069833658025,0.11973625056196613,0.005844447774614117,150000
<SOURCE_VECSTRAIGHT_REPO>/remote-results/phase3_vecstraight_clean_msgsource_learned_15seeds_remote_20260410/train/cond1_seed505.pt,cond1,505,9001,greedy,none,none,none,none,agent_1,agent_0,0,mixed,3.5,6673,0.6437884010190319,0.3562115989809681,0.9309180360602776,20.88375616384449,0.9325640641390679,0.9118156400366739,0.9665701227833404,0.054754482746666576,17.07733055177468,28.117914624736617,11.040584072961936,0.914581147909486,0.9667316049752734,0.052150457065787505,0.017982916229581897,0.03416754083620561,150000
<SOURCE_VECSTRAIGHT_REPO>/remote-results/phase3_vecstraight_clean_msgsource_learned_15seeds_remote_20260410/train/cond1_seed505.pt,cond1,505,9001,greedy,none,none,none,none,agent_1,agent_1,1,mixed,3.5,6673,0.6437884010190319,0.3562115989809681,0.8774799757349663,13.169707205799162,0.88086317997902,0.8886267961248578,0.8153271338107497,-0.07329966231410819,13.10746686686895,13.560886809645645,0.45341994277669556,0.8927019331634947,0.8174734002697437,-0.07522853289375094,0.01573505170088416,0.07417952944702533,150000
<SOURCE_VECSTRAIGHT_REPO>/remote-results/phase3_vecstraight_clean_msgsource_learned_15seeds_remote_20260410/train/cond1_seed505.pt,cond1,505,9001,greedy,none,none,none,none,agent_1,agent_2,0,mixed,3.5,6673,0.6437884010190319,0.3562115989809681,0.8937067146445801,13.374799358870215,0.895699085868425,0.8740669580975409,0.9388299075011993,0.06476294940365857,8.645512369930717,22.0751706825665,13.429658312635784,0.8766671661921175,0.9391578000899146,0.06249063389779709,0.02292821819271692,0.044058144762475646,150000
<SOURCE_VECSTRAIGHT_REPO>/remote-results/phase3_vecstraight_clean_msgsource_learned_15seeds_remote_20260410/train/cond1_seed505.pt,cond1,505,9001,greedy,none,none,none,none,agent_1,agent_3,0,mixed,3.5,6673,0.6437884010190319,0.3562115989809681,0.8665982881399136,13.604845833568698,0.86752585044208,0.8337545470731883,0.9112375455532867,0.07748299848009844,12.766454476192672,14.782185516038385,2.015731039845714,0.8354563164993256,0.9129327139217743,0.07747639742244868,0.032668964483740445,0.04750487037314551,150000
<SOURCE_VECSTRAIGHT_REPO>/remote-results/phase3_vecstraight_clean_msgsource_learned_15seeds_remote_20260410/train/cond1_seed505.pt,cond1,505,9001,greedy,none,none,none,none,agent_2,agent_0,0,mixed,3.5,6673,0.7352015585194066,0.26479844148059345,0.9309180360602776,20.88375616384449,0.9325640641390679,0.9740052161759496,0.8372534529171433,-0.13675176325880728,24.987184972767885,9.291763143854824,-15.69542182891306,0.9734751985613667,0.8448973475198561,-0.12857785104151057,0.040911134422298816,0.08766671661921174,150000
<SOURCE_VECSTRAIGHT_REPO>/remote-results/phase3_vecstraight_clean_msgsource_learned_15seeds_remote_20260410/train/cond1_seed505.pt,cond1,505,9001,greedy,none,none,none,none,agent_2,agent_1,0,mixed,3.5,6673,0.7352015585194066,0.26479844148059345,0.8774799757349663,13.169707205799162,0.88086317997902,0.8417188302725361,0.980125111129023,0.13840628085648685,9.692754158900629,24.21172914220246,14.518974983301831,0.8445976322493631,0.9814176532294321,0.13682002098006893,0.03626554772965682,0.10055447325041211,150000
<SOURCE_VECSTRAIGHT_REPO>/remote-results/phase3_vecstraight_clean_msgsource_learned_15seeds_remote_20260410/train/cond1_seed505.pt,cond1,505,9001,greedy,none,none,none,none,agent_2,agent_2,1,mixed,3.5,6673,0.7352015585194066,0.26479844148059345,0.8937067146445801,13.374799358870215,0.895699085868425,0.906468407556283,0.8945390722599864,-0.011929335296297448,14.422786736089073,10.38066265519575,-4.0421240808933225,0.9087367001348718,0.896298516409411,-0.012438183725460811,0.018432489135321445,0.019781207852540086,150000
<SOURCE_VECSTRAIGHT_REPO>/remote-results/phase3_vecstraight_clean_msgsource_learned_15seeds_remote_20260410/train/cond1_seed505.pt,cond1,505,9001,greedy,none,none,none,none,agent_2,agent_3,0,mixed,3.5,6673,0.7352015585194066,0.26479844148059345,0.8665982881399136,13.604845833568698,0.86752585044208,0.8264318065283502,0.9844820015171659,0.1580501949888155,8.99125269274094,25.32835558513993,16.337102892398992,0.8288625805484789,0.9844148059343624,0.1555522253858834,0.03866326989360108,0.11688895549228233,150000
<SOURCE_VECSTRAIGHT_REPO>/remote-results/phase3_vecstraight_clean_msgsource_learned_15seeds_remote_20260410/train/cond1_seed505.pt,cond1,505,9001,greedy,none,none,none,none,agent_3,agent_0,0,mixed,3.5,6673,0.5283980218792147,0.47160197812078525,0.9309180360602776,20.88375616384449,0.9325640641390679,0.92818116602744,0.9410757326546442,0.012894566627204215,18.861793231815838,24.0393248560474,5.1775316242315625,0.9318147759628354,0.9420050951595984,0.010190319196763074,0.024726509815675108,0.024726509815675108,150000
<SOURCE_VECSTRAIGHT_REPO>/remote-results/phase3_vecstraight_clean_msgsource_learned_15seeds_remote_20260410/train/cond1_seed505.pt,cond1,505,9001,greedy,none,none,none,none,agent_3,agent_1,0,mixed,3.5,6673,0.5283980218792147,0.47160197812078525,0.8774799757349663,13.169707205799162,0.88086317997902,0.8012606761535618,0.9597078344949641,0.15844715834140236,8.496459863844365,18.32423897466523,9.827779110820865,0.8054847894500224,0.9608871572006594,0.1554023677506369,0.07537839052899745,0.08002397722163944,150000
<SOURCE_VECSTRAIGHT_REPO>/remote-results/phase3_vecstraight_clean_msgsource_learned_15seeds_remote_20260410/train/cond1_seed505.pt,cond1,505,9001,greedy,none,none,none,none,agent_3,agent_2,0,mixed,3.5,6673,0.5283980218792147,0.47160197812078525,0.8937067146445801,13.374799358870215,0.895699085868425,0.9402922422316483,0.852847900942972,-0.08744434128867633,15.323430420285701,11.94217193846838,-3.381258481817322,0.9406563764423798,0.8549378090813727,-0.08571856736100704,0.04495729057395474,0.0407612767870523,150000
<SOURCE_VECSTRAIGHT_REPO>/remote-results/phase3_vecstraight_clean_msgsource_learned_15seeds_remote_20260410/train/cond1_seed505.pt,cond1,505,9001,greedy,none,none,none,none,agent_3,agent_3,1,mixed,3.5,6673,0.5283980218792147,0.47160197812078525,0.8665982881399136,13.604845833568698,0.86752585044208,0.9195255943237716,0.7118976992482143,-0.20762789507555657,16.19145729864053,8.451881935777834,-7.739575362862693,0.9202757380488535,0.7131724861381687,-0.20710325191068485,0.052749887606773564,0.15435336430391128,150000
<SOURCE_VECSTRAIGHT_REPO>/remote-results/phase3_vecstraight_clean_msgsource_learned_15seeds_remote_20260410/train/cond1_seed505.pt,cond1,505,9001,greedy,none,none,none,none,agent_0,agent_0,1,cooperative,5.0,5917,0.3907385499408484,0.6092614500591516,0.9996141102978755,44.8928580500295,0.9996619908737536,0.9996486997385486,0.9998086646025459,0.00015996486399733477,45.58975421171525,45.10668771936218,-0.48306649235307475,0.9996619908737536,0.9998309954368768,0.0001690045631232043,0.0,0.0001690045631232043,150000
<SOURCE_VECSTRAIGHT_REPO>/remote-results/phase3_vecstraight_clean_msgsource_learned_15seeds_remote_20260410/train/cond1_seed505.pt,cond1,505,9001,greedy,none,none,none,none,agent_0,agent_1,0,cooperative,5.0,5917,0.3907385499408484,0.6092614500591516,0.9999466921825032,39.53781389996714,1.0,0.9998604000566658,0.9997978332275089,-6.256682915685144e-05,44.4084915417321,37.130382679051515,-7.278108862680581,0.9998309954368768,0.9998309954368768,0.0,0.0001690045631232043,0.0001690045631232043,150000
<SOURCE_VECSTRAIGHT_REPO>/remote-results/phase3_vecstraight_clean_msgsource_learned_15seeds_remote_20260410/train/cond1_seed505.pt,cond1,505,9001,greedy,none,none,none,none,agent_0,agent_2,0,cooperative,5.0,5917,0.3907385499408484,0.6092614500591516,0.9352505968319732,22.747498810749633,0.9366232888287984,0.922826166638569,0.997328024683849,0.07450185804528021,15.428016381069718,27.76893104556164,12.340914664491923,0.9259760013520365,0.9978029406793983,0.07182693932736184,0.010647287476761873,0.06117965185059997,150000
<SOURCE_VECSTRAIGHT_REPO>/remote-results/phase3_vecstraight_clean_msgsource_learned_15seeds_remote_20260410/train/cond1_seed505.pt,cond1,505,9001,greedy,none,none,none,none,agent_0,agent_3,0,cooperative,5.0,5917,0.3907385499408484,0.6092614500591516,0.9999995549043047,33.34918635460056,1.0,0.9999999925657888,0.9996123923163012,-0.0003876002494875988,39.56521907037268,29.750006196855775,-9.815212873516906,1.0,0.9996619908737536,-0.0003380091262464086,0.0,0.0003380091262464086,150000
<SOURCE_VECSTRAIGHT_REPO>/remote-results/phase3_vecstraight_clean_msgsource_learned_15seeds_remote_20260410/train/cond1_seed505.pt,cond1,505,9001,greedy,none,none,none,none,agent_1,agent_0,0,cooperative,5.0,5917,0.30539124556363023,0.6946087544363698,0.9996141102978755,44.8928580500295,0.9996619908737536,0.9991351487640758,0.9999907381111088,0.0008555893470329637,34.52749621706958,49.769827398916185,15.2423311818466,0.999154977184384,1.0,0.0008450228156160216,0.000507013689369613,0.0003380091262464086,150000
<SOURCE_VECSTRAIGHT_REPO>/remote-results/phase3_vecstraight_clean_msgsource_learned_15seeds_remote_20260410/train/cond1_seed505.pt,cond1,505,9001,greedy,none,none,none,none,agent_1,agent_1,1,cooperative,5.0,5917,0.30539124556363023,0.6946087544363698,0.9999466921825032,39.53781389996714,1.0,0.9999727368838324,0.9998990321594536,-7.370472437871636e-05,37.65658171140243,41.093848657966646,3.437266946564217,1.0,1.0,0.0,0.0,0.0,150000
<SOURCE_VECSTRAIGHT_REPO>/remote-results/phase3_vecstraight_clean_msgsource_learned_15seeds_remote_20260410/train/cond1_seed505.pt,cond1,505,9001,greedy,none,none,none,none,agent_1,agent_2,0,cooperative,5.0,5917,0.30539124556363023,0.6946087544363698,0.9352505968319732,22.747498810749633,0.9366232888287984,0.9172807003568328,0.9813324592719084,0.06405175891507543,12.462896498021834,27.35513391746789,14.892237419446055,0.9217508872739564,0.9815785026195707,0.05982761534561433,0.01487240155484198,0.04495521379077235,150000
<SOURCE_VECSTRAIGHT_REPO>/remote-results/phase3_vecstraight_clean_msgsource_learned_15seeds_remote_20260410/train/cond1_seed505.pt,cond1,505,9001,greedy,none,none,none,none,agent_1,agent_3,0,cooperative,5.0,5917,0.30539124556363023,0.6946087544363698,0.9999995549043047,33.34918635460056,1.0,0.999999529075961,0.9999999548205456,4.2574458455080435e-07,38.17736516249468,31.52501391187922,-6.652351250615458,1.0,1.0,0.0,0.0,0.0,150000
<SOURCE_VECSTRAIGHT_REPO>/remote-results/phase3_vecstraight_clean_msgsource_learned_15seeds_remote_20260410/train/cond1_seed505.pt,cond1,505,9001,greedy,none,none,none,none,agent_2,agent_0,0,cooperative,5.0,5917,0.7647456481324996,0.23525435186750043,0.9996141102978755,44.8928580500295,0.9996619908737536,0.9999514731660533,0.9690522375306375,-0.03089923563541572,48.69641832777913,31.61355419627452,-17.082864131504607,1.0,0.9689031603853304,-0.031096839614669598,0.0003380091262464086,0.030758830488423188,150000
<SOURCE_VECSTRAIGHT_REPO>/remote-results/phase3_vecstraight_clean_msgsource_learned_15seeds_remote_20260410/train/cond1_seed505.pt,cond1,505,9001,greedy,none,none,none,none,agent_2,agent_1,0,cooperative,5.0,5917,0.7647456481324996,0.23525435186750043,0.9999466921825032,39.53781389996714,1.0,0.9999466857556376,0.9999999979248678,5.331216923022403e-05,36.79389527671257,50.49946003965939,13.705564762946821,1.0,1.0,0.0,0.0,0.0,150000
<SOURCE_VECSTRAIGHT_REPO>/remote-results/phase3_vecstraight_clean_msgsource_learned_15seeds_remote_20260410/train/cond1_seed505.pt,cond1,505,9001,greedy,none,none,none,none,agent_2,agent_2,1,cooperative,5.0,5917,0.7647456481324996,0.23525435186750043,0.9352505968319732,22.747498810749633,0.9366232888287984,0.8782161150617641,0.9533194558081052,0.07510334074634128,22.346794915220435,18.596149043261107,-3.7506458719593256,0.8788237282406625,0.9540307588304884,0.07520703058982592,0.05948960621936792,0.025857698157850263,150000
<SOURCE_VECSTRAIGHT_REPO>/remote-results/phase3_vecstraight_clean_msgsource_learned_15seeds_remote_20260410/train/cond1_seed505.pt,cond1,505,9001,greedy,none,none,none,none,agent_2,agent_3,0,cooperative,5.0,5917,0.7647456481324996,0.23525435186750043,0.9999995549043047,33.34918635460056,1.0,0.999999209666788,0.9999999998791185,7.902123304724552e-07,32.34401401080089,36.7601531475042,4.4161391367033085,1.0,1.0,0.0,0.0,0.0,150000
<SOURCE_VECSTRAIGHT_REPO>/remote-results/phase3_vecstraight_clean_msgsource_learned_15seeds_remote_20260410/train/cond1_seed505.pt,cond1,505,9001,greedy,none,none,none,none,agent_3,agent_0,0,cooperative,5.0,5917,0.3124894372148048,0.6875105627851952,0.9996141102978755,44.8928580500295,0.9996619908737536,0.9981080437007008,0.9999999881334677,0.001891944432766871,36.44020371050655,50.22247323930233,13.782269528795783,0.9981409498056447,1.0,0.0018590501943552475,0.001521041068108839,0.0003380091262464086,150000
<SOURCE_VECSTRAIGHT_REPO>/remote-results/phase3_vecstraight_clean_msgsource_learned_15seeds_remote_20260410/train/cond1_seed505.pt,cond1,505,9001,greedy,none,none,none,none,agent_3,agent_1,0,cooperative,5.0,5917,0.3124894372148048,0.6875105627851952,0.9999466921825032,39.53781389996714,1.0,0.9995640449544476,0.9999999960914987,0.00043595113705113993,32.28543606754572,42.67496698088434,10.389530913338621,0.9996619908737536,1.0,0.0003380091262464086,0.0003380091262464086,0.0,150000
<SOURCE_VECSTRAIGHT_REPO>/remote-results/phase3_vecstraight_clean_msgsource_learned_15seeds_remote_20260410/train/cond1_seed505.pt,cond1,505,9001,greedy,none,none,none,none,agent_3,agent_2,0,cooperative,5.0,5917,0.3124894372148048,0.6875105627851952,0.9352505968319732,22.747498810749633,0.9366232888287984,0.9623617322685416,0.930128381542183,-0.032233350726358245,20.93516625096785,23.85749321231845,2.922326961350598,0.9634950143653879,0.931384147371979,-0.03211086699340882,0.026871725536589487,0.005239141456819334,150000
<SOURCE_VECSTRAIGHT_REPO>/remote-results/phase3_vecstraight_clean_msgsource_learned_15seeds_remote_20260410/train/cond1_seed505.pt,cond1,505,9001,greedy,none,none,none,none,agent_3,agent_3,1,cooperative,5.0,5917,0.3124894372148048,0.6875105627851952,0.9999995549043047,33.34918635460056,1.0,0.9999999995164741,0.9998761394025104,-0.00012386011396365852,28.58489971457451,34.1160756560804,5.531175941505887,1.0,1.0,0.0,0.0,0.0,150000
<SOURCE_VECSTRAIGHT_REPO>/remote-results/phase3_vecstraight_clean_msgsource_learned_15seeds_remote_20260410/train/cond1_seed606.pt,cond1,606,9001,greedy,none,none,none,none,agent_0,agent_0,1,competitive,0.5,5288,0.00132375189107413,0.9986762481089259,1.4103769917368692e-05,-35.97634926226424,0.0,0.002453558447740261,1.4103768133413621e-05,-0.002439454679606883,-35.90996497282801,-35.984151556794835,-0.07418658396682833,0.0024583963691376704,0.0,-0.0024583963691376704,0.0024583963691376704,0.0,150000
<SOURCE_VECSTRAIGHT_REPO>/remote-results/phase3_vecstraight_clean_msgsource_learned_15seeds_remote_20260410/train/cond1_seed606.pt,cond1,606,9001,greedy,none,none,none,none,agent_0,agent_1,0,competitive,0.5,5288,0.00132375189107413,0.9986762481089259,4.546036027591487e-11,-114.93561266518216,0.0,5.293579754936095e-25,4.546036027591487e-11,4.546036027591435e-11,-101.08192603707133,-114.96047730633423,-13.878551269262895,0.0,0.0,0.0,0.0,0.0,150000
<SOURCE_VECSTRAIGHT_REPO>/remote-results/phase3_vecstraight_clean_msgsource_learned_15seeds_remote_20260410/train/cond1_seed606.pt,cond1,606,9001,greedy,none,none,none,none,agent_0,agent_2,0,competitive,0.5,5288,0.00132375189107413,0.9986762481089259,1.3328028769604085e-17,-59.93611174668559,0.0,4.328431784071428e-16,1.3328041662338026e-17,-4.195151367448176e-16,-63.42345174574455,-59.933796928798195,3.4896548169463557,0.0,0.0,0.0,0.0,0.0,150000
<SOURCE_VECSTRAIGHT_REPO>/remote-results/phase3_vecstraight_clean_msgsource_learned_15seeds_remote_20260410/train/cond1_seed606.pt,cond1,606,9001,greedy,none,none,none,none,agent_0,agent_3,0,competitive,0.5,5288,0.00132375189107413,0.9986762481089259,1.9603071379210377e-08,-55.38385896909976,0.0,2.943834557834759e-05,1.9603071377868207e-08,-2.941874250696972e-05,-49.56819374658697,-55.391137322030524,-5.822943575443551,0.0,0.0,0.0,0.0,0.0,150000
<SOURCE_VECSTRAIGHT_REPO>/remote-results/phase3_vecstraight_clean_msgsource_learned_15seeds_remote_20260410/train/cond1_seed606.pt,cond1,606,9001,greedy,none,none,none,none,agent_1,agent_0,0,competitive,0.5,5288,0.9905446293494705,0.009455370650529501,1.4103769917368692e-05,-35.97634926226424,0.0,1.3836820298644196e-05,0.00010987351210553624,9.603669180689279e-05,-36.00635427651355,-34.05626292062329,1.950091355890261,0.0,0.00018910741301059002,0.00018910741301059002,0.0,0.00018910741301059002,150000
<SOURCE_VECSTRAIGHT_REPO>/remote-results/phase3_vecstraight_clean_msgsource_learned_15seeds_remote_20260410/train/cond1_seed606.pt,cond1,606,9001,greedy,none,none,none,none,agent_1,agent_1,1,competitive,0.5,5288,0.9905446293494705,0.009455370650529501,4.546036027591487e-11,-114.93561266518216,0.0,4.546036027591567e-11,1.5789236147222697e-11,-2.9671124128692975e-11,-115.03133080442085,-100.00028918622662,15.031041618194234,0.0,0.0,0.0,0.0,0.0,150000
<SOURCE_VECSTRAIGHT_REPO>/remote-results/phase3_vecstraight_clean_msgsource_learned_15seeds_remote_20260410/train/cond1_seed606.pt,cond1,606,9001,greedy,none,none,none,none,agent_1,agent_2,0,competitive,0.5,5288,0.9905446293494705,0.009455370650529501,1.3328028769604085e-17,-59.93611174668559,0.0,1.3335955529973459e-17,2.901423421833385e-12,2.9014100858778567e-12,-59.95781800245553,-53.59612642762881,6.3616915748267235,0.0,0.0,0.0,0.0,0.0,150000
<SOURCE_VECSTRAIGHT_REPO>/remote-results/phase3_vecstraight_clean_msgsource_learned_15seeds_remote_20260410/train/cond1_seed606.pt,cond1,606,9001,greedy,none,none,none,none,agent_1,agent_3,0,competitive,0.5,5288,0.9905446293494705,0.009455370650529501,1.9603071379210377e-08,-55.38385896909976,0.0,2.6209306370179042e-17,3.4042108497706815e-08,3.4042108471497564e-08,-55.52321495230728,-47.64535402800781,7.8778609242994735,0.0,0.0,0.0,0.0,0.0,150000
<SOURCE_VECSTRAIGHT_REPO>/remote-results/phase3_vecstraight_clean_msgsource_learned_15seeds_remote_20260410/train/cond1_seed606.pt,cond1,606,9001,greedy,none,none,none,none,agent_2,agent_0,0,competitive,0.5,5288,0.7031013615733737,0.29689863842662634,1.4103769917368692e-05,-35.97634926226424,0.0,5.344902592334189e-07,1.3880006438263289e-05,1.3345516179029875e-05,-36.23367976078288,-35.41641565539653,0.8172641053863444,0.0,0.0,0.0,0.0,0.0,150000
<SOURCE_VECSTRAIGHT_REPO>/remote-results/phase3_vecstraight_clean_msgsource_learned_15seeds_remote_20260410/train/cond1_seed606.pt,cond1,606,9001,greedy,none,none,none,none,agent_2,agent_1,0,competitive,0.5,5288,0.7031013615733737,0.29689863842662634,4.546036027591487e-11,-114.93561266518216,0.0,3.271107324705371e-26,7.406912769087618e-11,7.406912769087615e-11,-121.88260209073458,-98.83629743522667,23.046304655507907,0.0,0.0,0.0,0.0,0.0,150000
<SOURCE_VECSTRAIGHT_REPO>/remote-results/phase3_vecstraight_clean_msgsource_learned_15seeds_remote_20260410/train/cond1_seed606.pt,cond1,606,9001,greedy,none,none,none,none,agent_2,agent_2,1,competitive,0.5,5288,0.7031013615733737,0.29689863842662634,1.3328028769604085e-17,-59.93611174668559,0.0,2.2651268345876236e-17,2.333450117889771e-10,2.3334498913770944e-10,-61.18798497477025,-56.24352480315585,4.9444601716144,0.0,0.0,0.0,0.0,0.0,150000
<SOURCE_VECSTRAIGHT_REPO>/remote-results/phase3_vecstraight_clean_msgsource_learned_15seeds_remote_20260410/train/cond1_seed606.pt,cond1,606,9001,greedy,none,none,none,none,agent_2,agent_3,0,competitive,0.5,5288,0.7031013615733737,0.29689863842662634,1.9603071379210377e-08,-55.38385896909976,0.0,1.960304479218767e-08,1.2910244595423773e-08,-6.6928001967638866e-09,-53.638848118450206,-59.5870942896325,-5.948246171182295,0.0,0.0,0.0,0.0,0.0,150000
<SOURCE_VECSTRAIGHT_REPO>/remote-results/phase3_vecstraight_clean_msgsource_learned_15seeds_remote_20260410/train/cond1_seed606.pt,cond1,606,9001,greedy,none,none,none,none,agent_3,agent_0,0,competitive,0.5,5288,0.2980332829046899,0.7019667170953101,1.4103769917368692e-05,-35.97634926226424,0.0,0.0015669896540365074,1.4739376068630148e-06,-0.0015655157164296417,-34.114408185460384,-36.78728935731161,-2.672881171851223,0.00132375189107413,0.0,-0.00132375189107413,0.00132375189107413,0.0,150000
<SOURCE_VECSTRAIGHT_REPO>/remote-results/phase3_vecstraight_clean_msgsource_learned_15seeds_remote_20260410/train/cond1_seed606.pt,cond1,606,9001,greedy,none,none,none,none,agent_3,agent_1,0,competitive,0.5,5288,0.2980332829046899,0.7019667170953101,4.546036027591487e-11,-114.93561266518216,0.0,1.2575806971991284e-20,4.546036027591487e-11,4.546036026333907e-11,-130.43610274521197,-108.3240572677618,22.112045477450163,0.0,0.0,0.0,0.0,0.0,150000
<SOURCE_VECSTRAIGHT_REPO>/remote-results/phase3_vecstraight_clean_msgsource_learned_15seeds_remote_20260410/train/cond1_seed606.pt,cond1,606,9001,greedy,none,none,none,none,agent_3,agent_2,0,competitive,0.5,5288,0.2980332829046899,0.7019667170953101,1.3328028769604085e-17,-59.93611174668559,0.0,1.6408278602031367e-12,1.4089145642051122e-18,-1.6408264512885735e-12,-52.378746262476774,-63.171509780970354,-10.792763518493583,0.0,0.0,0.0,0.0,0.0,150000
<SOURCE_VECSTRAIGHT_REPO>/remote-results/phase3_vecstraight_clean_msgsource_learned_15seeds_remote_20260410/train/cond1_seed606.pt,cond1,606,9001,greedy,none,none,none,none,agent_3,agent_3,1,competitive,0.5,5288,0.2980332829046899,0.7019667170953101,1.9603071379210377e-08,-55.38385896909976,0.0,0.00016395905673172517,1.9603071459427147e-08,-0.00016393945366026576,-51.63142942240442,-56.33420658814925,-4.702777165744831,0.00018910741301059002,0.0,-0.00018910741301059002,0.00018910741301059002,0.0,150000
<SOURCE_VECSTRAIGHT_REPO>/remote-results/phase3_vecstraight_clean_msgsource_learned_15seeds_remote_20260410/train/cond1_seed606.pt,cond1,606,9001,greedy,none,none,none,none,agent_0,agent_0,1,mixed,1.5,5824,0.01510989010989011,0.9848901098901099,0.0016319987056000944,-27.14827736686649,0.001201923076923077,0.010604052197128682,0.0016270330301291843,-0.008977019166999528,-25.024326325061597,-27.239738862987117,-2.2154125379255185,0.010817307692307692,0.001201923076923077,-0.009615384615384616,0.009615384615384616,0.0,150000
<SOURCE_VECSTRAIGHT_REPO>/remote-results/phase3_vecstraight_clean_msgsource_learned_15seeds_remote_20260410/train/cond1_seed606.pt,cond1,606,9001,greedy,none,none,none,none,agent_0,agent_1,0,mixed,1.5,5824,0.01510989010989011,0.9848901098901099,0.00038973668408032576,-103.64739572275225,0.00034340659340659343,4.429887164569793e-12,0.00038973668408032576,0.00038973667965043853,-83.13642294197292,-103.79577604486802,-20.659353102895093,0.0,0.00034340659340659343,0.00034340659340659343,0.00034340659340659343,0.0,150000
<SOURCE_VECSTRAIGHT_REPO>/remote-results/phase3_vecstraight_clean_msgsource_learned_15seeds_remote_20260410/train/cond1_seed606.pt,cond1,606,9001,greedy,none,none,none,none,agent_0,agent_2,0,mixed,1.5,5824,0.01510989010989011,0.9848901098901099,4.638868720364909e-08,-39.57349960243964,0.0,7.555415401739119e-10,4.6387796353673154e-08,4.563225481349997e-08,-39.698019826968945,-39.52774314353099,0.17027668343795524,0.0,0.0,0.0,0.0,0.0,150000
<SOURCE_VECSTRAIGHT_REPO>/remote-results/phase3_vecstraight_clean_msgsource_learned_15seeds_remote_20260410/train/cond1_seed606.pt,cond1,606,9001,greedy,none,none,none,none,agent_0,agent_3,0,mixed,1.5,5824,0.01510989010989011,0.9848901098901099,0.0003757390699182408,-41.06556811142754,0.0005151098901098901,0.004498830121372147,0.0003757317771847959,-0.004123098344187353,-32.87428611148517,-41.17351971517552,-8.299233603690352,0.004635989010989011,0.0005151098901098901,-0.004120879120879121,0.004120879120879121,0.0,150000
<SOURCE_VECSTRAIGHT_REPO>/remote-results/phase3_vecstraight_clean_msgsource_learned_15seeds_remote_20260410/train/cond1_seed606.pt,cond1,606,9001,greedy,none,none,none,none,agent_1,agent_0,0,mixed,1.5,5824,0.9821428571428571,0.017857142857142856,0.0016319987056000944,-27.14827736686649,0.001201923076923077,0.0011800960198099422,0.00549859982887267,0.004318503809062748,-27.19977503458734,-22.42663750351294,4.773137531074399,0.0008585164835164835,0.005322802197802198,0.004464285714285714,0.00034340659340659343,0.004120879120879121,150000
<SOURCE_VECSTRAIGHT_REPO>/remote-results/phase3_vecstraight_clean_msgsource_learned_15seeds_remote_20260410/train/cond1_seed606.pt,cond1,606,9001,greedy,none,none,none,none,agent_1,agent_1,1,mixed,1.5,5824,0.9821428571428571,0.017857142857142856,0.00038973668408032576,-103.64739572275225,0.00034340659340659343,0.0003897366840592416,0.00012636018213509263,-0.0002633765019241492,-103.78718829312577,-86.48298958557463,17.304198707551134,0.00034340659340659343,0.0,-0.00034340659340659343,0.0,0.00034340659340659343,150000
<SOURCE_VECSTRAIGHT_REPO>/remote-results/phase3_vecstraight_clean_msgsource_learned_15seeds_remote_20260410/train/cond1_seed606.pt,cond1,606,9001,greedy,none,none,none,none,agent_1,agent_2,0,mixed,1.5,5824,0.9821428571428571,0.017857142857142856,4.638868720364909e-08,-39.57349960243964,0.0,4.638660817380602e-08,3.3765729666706273e-06,3.330186358496815e-06,-39.6281874790624,-33.831137185895834,5.797050293166559,0.0,0.0,0.0,0.0,0.0,150000
<SOURCE_VECSTRAIGHT_REPO>/remote-results/phase3_vecstraight_clean_msgsource_learned_15seeds_remote_20260410/train/cond1_seed606.pt,cond1,606,9001,greedy,none,none,none,none,agent_1,agent_3,0,mixed,1.5,5824,0.9821428571428571,0.017857142857142856,0.0003757390699182408,-41.06556811142754,0.0005151098901098901,7.254053001194431e-09,0.00039712406133626886,0.0003971168072832678,-41.30304390208407,-33.721972640644715,7.58107126143935,0.0,0.0005151098901098901,0.0005151098901098901,0.0005151098901098901,0.0,150000
<SOURCE_VECSTRAIGHT_REPO>/remote-results/phase3_vecstraight_clean_msgsource_learned_15seeds_remote_20260410/train/cond1_seed606.pt,cond1,606,9001,greedy,none,none,none,none,agent_2,agent_0,0,mixed,1.5,5824,0.9603365384615384,0.039663461538461536,0.0016319987056000944,-27.14827736686649,0.001201923076923077,0.0017064377181657462,0.0016481000051920905,-5.833771297365662e-05,-27.243291658579608,-26.255418186633754,0.9878734719458517,0.001201923076923077,0.0013736263736263737,0.00017170329670329672,0.0006868131868131869,0.0005151098901098901,150000
<SOURCE_VECSTRAIGHT_REPO>/remote-results/phase3_vecstraight_clean_msgsource_learned_15seeds_remote_20260410/train/cond1_seed606.pt,cond1,606,9001,greedy,none,none,none,none,agent_2,agent_1,0,mixed,1.5,5824,0.9603365384615384,0.039663461538461536,0.00038973668408032576,-103.64739572275225,0.00034340659340659343,2.11975115103036e-14,0.0012075916228399281,0.0012075916228187309,-104.49774960272914,-84.19352577513104,20.304223827598104,0.0,0.0013736263736263737,0.0013736263736263737,0.00034340659340659343,0.0010302197802197802,150000
<SOURCE_VECSTRAIGHT_REPO>/remote-results/phase3_vecstraight_clean_msgsource_learned_15seeds_remote_20260410/train/cond1_seed606.pt,cond1,606,9001,greedy,none,none,none,none,agent_2,agent_2,1,mixed,1.5,5824,0.9603365384615384,0.039663461538461536,4.638868720364909e-08,-39.57349960243964,0.0,3.092969940224346e-08,2.5609586454433587e-05,2.5578656755031474e-05,-39.5523279951169,-40.65606804296456,-1.103740047847668,0.0,0.0,0.0,0.0,0.0,150000
<SOURCE_VECSTRAIGHT_REPO>/remote-results/phase3_vecstraight_clean_msgsource_learned_15seeds_remote_20260410/train/cond1_seed606.pt,cond1,606,9001,greedy,none,none,none,none,agent_2,agent_3,0,mixed,1.5,5824,0.9603365384615384,0.039663461538461536,0.0003757390699182408,-41.06556811142754,0.0005151098901098901,0.0003757817747326548,0.00010524334058641322,-0.00027053843414624236,-40.91311164265806,-46.38050237313363,-5.467390730475577,0.0005151098901098901,0.0,-0.0005151098901098901,0.0,0.0005151098901098901,150000
<SOURCE_VECSTRAIGHT_REPO>/remote-results/phase3_vecstraight_clean_msgsource_learned_15seeds_remote_20260410/train/cond1_seed606.pt,cond1,606,9001,greedy,none,none,none,none,agent_3,agent_0,0,mixed,1.5,5824,0.8849587912087912,0.11504120879120878,0.0016319987056000944,-27.14827736686649,0.001201923076923077,0.008488360045571752,0.001198998900771499,-0.007289361144800216,-26.819383880092794,-28.25674930000473,-1.437365419911937,0.008413461538461538,0.0008585164835164835,-0.007554945054945055,0.007211538461538462,0.00034340659340659343,150000
<SOURCE_VECSTRAIGHT_REPO>/remote-results/phase3_vecstraight_clean_msgsource_learned_15seeds_remote_20260410/train/cond1_seed606.pt,cond1,606,9001,greedy,none,none,none,none,agent_3,agent_1,0,mixed,1.5,5824,0.8849587912087912,0.11504120879120878,0.00038973668408032576,-103.64739572275225,0.00034340659340659343,1.5401873253587107e-10,0.00048529649993612394,0.0004852963459173914,-106.13270923708167,-84.27952626928851,21.853182967793156,0.0,0.0005151098901098901,0.0005151098901098901,0.00034340659340659343,0.00017170329670329672,150000
<SOURCE_VECSTRAIGHT_REPO>/remote-results/phase3_vecstraight_clean_msgsource_learned_15seeds_remote_20260410/train/cond1_seed606.pt,cond1,606,9001,greedy,none,none,none,none,agent_3,agent_2,0,mixed,1.5,5824,0.8849587912087912,0.11504120879120878,4.638868720364909e-08,-39.57349960243964,0.0,2.155371373882824e-08,0.00013193644757581057,0.00013191489386207305,-38.21762301977519,-50.60964899690269,-12.3920259771275,0.0,0.00017170329670329672,0.00017170329670329672,0.0,0.00017170329670329672,150000
<SOURCE_VECSTRAIGHT_REPO>/remote-results/phase3_vecstraight_clean_msgsource_learned_15seeds_remote_20260410/train/cond1_seed606.pt,cond1,606,9001,greedy,none,none,none,none,agent_3,agent_3,1,mixed,1.5,5824,0.8849587912087912,0.11504120879120878,0.0003757390699182408,-41.06556811142754,0.0005151098901098901,0.001731695116941277,0.00037728374394005,-0.0013544113730012432,-40.49874382427188,-42.18259705030001,-1.6838532260281371,0.001717032967032967,0.0005151098901098901,-0.001201923076923077,0.001201923076923077,0.0,150000
<SOURCE_VECSTRAIGHT_REPO>/remote-results/phase3_vecstraight_clean_msgsource_learned_15seeds_remote_20260410/train/cond1_seed606.pt,cond1,606,9001,greedy,none,none,none,none,agent_0,agent_0,1,mixed,2.5,6298,0.04620514449031438,0.9537948555096856,0.05225245397008981,-15.834760155529967,0.048904414099714195,0.08301099555428385,0.0432121260759949,-0.039798869478288854,-14.80439361106047,-16.14248188299938,-1.3380882719389102,0.08208955223880597,0.040171483010479514,-0.04191806922832645,0.04398221657669101,0.009050492219752302,150000
<SOURCE_VECSTRAIGHT_REPO>/remote-results/phase3_vecstraight_clean_msgsource_learned_15seeds_remote_20260410/train/cond1_seed606.pt,cond1,606,9001,greedy,none,none,none,none,agent_0,agent_1,0,mixed,2.5,6298,0.04620514449031438,0.9537948555096856,0.006205235999451993,-70.41630903468904,0.006033661479834868,0.0006335835930991919,0.006206990357675972,0.005573406764576787,-54.259161992427394,-70.61705881893332,-16.357896826505925,0.000476341695776437,0.006033661479834868,0.005557319784058431,0.005557319784058431,0.0,150000
<SOURCE_VECSTRAIGHT_REPO>/remote-results/phase3_vecstraight_clean_msgsource_learned_15seeds_remote_20260410/train/cond1_seed606.pt,cond1,606,9001,greedy,none,none,none,none,agent_0,agent_2,0,mixed,2.5,6298,0.04620514449031438,0.9537948555096856,0.018851776957272068,-22.22500669453784,0.01794220387424579,0.0035867995577945574,0.020090669972323345,0.016503870414528825,-23.595304798742976,-22.09238182854945,1.502922970193526,0.003016830739917434,0.019212448396316292,0.016195617656398858,0.014925373134328358,0.0012702445220704986,150000
<SOURCE_VECSTRAIGHT_REPO>/remote-results/phase3_vecstraight_clean_msgsource_learned_15seeds_remote_20260410/train/cond1_seed606.pt,cond1,606,9001,greedy,none,none,none,none,agent_0,agent_3,0,mixed,2.5,6298,0.04620514449031438,0.9537948555096856,0.022537686614820324,-26.923787909699797,0.022229279136233723,0.23158723370108183,0.012273374719576374,-0.2193138589815062,-10.429195624655222,-27.56392277502264,-17.134727150367418,0.23039060019053667,0.011908542394410923,-0.21848205779612576,0.20816132105430296,0.010320736741822802,150000
<SOURCE_VECSTRAIGHT_REPO>/remote-results/phase3_vecstraight_clean_msgsource_learned_15seeds_remote_20260410/train/cond1_seed606.pt,cond1,606,9001,greedy,none,none,none,none,agent_1,agent_0,0,mixed,2.5,6298,0.898539218799619,0.10146078120038107,0.05225245397008981,-15.834760155529967,0.048904414099714195,0.038824200102044175,0.15468156447811016,0.11585736437606568,-16.381872661196454,-9.259894061259862,7.121978599936593,0.03572562718323277,0.1521117815179422,0.11638615433470943,0.015401714830104794,0.10733566211495713,150000
<SOURCE_VECSTRAIGHT_REPO>/remote-results/phase3_vecstraight_clean_msgsource_learned_15seeds_remote_20260410/train/cond1_seed606.pt,cond1,606,9001,greedy,none,none,none,none,agent_1,agent_1,1,mixed,2.5,6298,0.898539218799619,0.10146078120038107,0.006205235999451993,-70.41630903468904,0.006033661479834868,0.005895118003961371,0.005395813849088788,-0.0004993041548725768,-71.42442973183333,-56.703656405953424,14.720773325879902,0.005874880914576056,0.005398539218799619,-0.000476341695776437,0.0014290250873293109,0.0012702445220704986,150000
<SOURCE_VECSTRAIGHT_REPO>/remote-results/phase3_vecstraight_clean_msgsource_learned_15seeds_remote_20260410/train/cond1_seed606.pt,cond1,606,9001,greedy,none,none,none,none,agent_1,agent_2,0,mixed,2.5,6298,0.898539218799619,0.10146078120038107,0.018851776957272068,-22.22500669453784,0.01794220387424579,0.01846134496214219,0.02129594828266308,0.0028346033205208124,-22.629246770078066,-17.61367411914327,5.015572650934797,0.017465862178469356,0.019530009526833914,0.00206414734836456,0.0011114639568116863,0.007939028262940616,150000
<SOURCE_VECSTRAIGHT_REPO>/remote-results/phase3_vecstraight_clean_msgsource_learned_15seeds_remote_20260410/train/cond1_seed606.pt,cond1,606,9001,greedy,none,none,none,none,agent_1,agent_3,0,mixed,2.5,6298,0.898539218799619,0.10146078120038107,0.022537686614820324,-26.923787909699797,0.022229279136233723,0.01574595881025828,0.019613342755771996,0.0038673839455136473,-27.781380246985183,-22.824620947588404,4.9567592993967775,0.015242934264845983,0.019212448396316292,0.003969514131470308,0.007939028262940616,0.012861225785963798,150000
<SOURCE_VECSTRAIGHT_REPO>/remote-results/phase3_vecstraight_clean_msgsource_learned_15seeds_remote_20260410/train/cond1_seed606.pt,cond1,606,9001,greedy,none,none,none,none,agent_2,agent_0,0,mixed,2.5,6298,0.8774214036201969,0.12257859637980312,0.05225245397008981,-15.834760155529967,0.048904414099714195,0.0531513714823379,0.05961744381343794,0.0064660723311000335,-15.96376146159406,-13.88428256620241,2.07947889539165,0.05065100031756113,0.057796125754207686,0.007145125436646554,0.011273420133375674,0.022864401397268974,150000
<SOURCE_VECSTRAIGHT_REPO>/remote-results/phase3_vecstraight_clean_msgsource_learned_15seeds_remote_20260410/train/cond1_seed606.pt,cond1,606,9001,greedy,none,none,none,none,agent_2,agent_1,0,mixed,2.5,6298,0.8774214036201969,0.12257859637980312,0.006205235999451993,-70.41630903468904,0.006033661479834868,0.0012743416604596152,0.009999627122229715,0.008725285461770114,-71.86494076984502,-55.306576653903306,16.55836411594171,0.0012702445220704986,0.010003175611305176,0.008732931089234678,0.00476341695776437,0.004287075261987933,150000
<SOURCE_VECSTRAIGHT_REPO>/remote-results/phase3_vecstraight_clean_msgsource_learned_15seeds_remote_20260410/train/cond1_seed606.pt,cond1,606,9001,greedy,none,none,none,none,agent_2,agent_2,1,mixed,2.5,6298,0.8774214036201969,0.12257859637980312,0.018851776957272068,-22.22500669453784,0.01794220387424579,0.02064570365206293,0.017851675918877607,-0.0027940277331853806,-22.23384084288849,-23.454941286947065,-1.2211004440585744,0.019688790092092727,0.01714830104795173,-0.0025404890441409972,0.008732931089234678,0.004604636392505557,150000
<SOURCE_VECSTRAIGHT_REPO>/remote-results/phase3_vecstraight_clean_msgsource_learned_15seeds_remote_20260410/train/cond1_seed606.pt,cond1,606,9001,greedy,none,none,none,none,agent_2,agent_3,0,mixed,2.5,6298,0.8774214036201969,0.12257859637980312,0.022537686614820324,-26.923787909699797,0.022229279136233723,0.025816697502859063,0.021990053141614934,-0.003826644361244241,-26.550015464652226,-29.402601299942884,-2.8525858352906592,0.02540489044140997,0.021594156875198476,-0.003810733566211496,0.003493172435693871,0.006668783740870117,150000
<SOURCE_VECSTRAIGHT_REPO>/remote-results/phase3_vecstraight_clean_msgsource_learned_15seeds_remote_20260410/train/cond1_seed606.pt,cond1,606,9001,greedy,none,none,none,none,agent_3,agent_0,0,mixed,2.5,6298,0.9333121625912988,0.06668783740870117,0.05225245397008981,-15.834760155529967,0.048904414099714195,0.0621170788262475,0.0631275622398691,0.0010104834136214183,-15.381166792490362,-15.25365517535695,0.12751161713341222,0.059225150841537,0.06128929818990156,0.00206414734836456,0.01095585900285805,0.03524928548745634,150000
<SOURCE_VECSTRAIGHT_REPO>/remote-results/phase3_vecstraight_clean_msgsource_learned_15seeds_remote_20260410/train/cond1_seed606.pt,cond1,606,9001,greedy,none,none,none,none,agent_3,agent_1,0,mixed,2.5,6298,0.9333121625912988,0.06668783740870117,0.006205235999451993,-70.41630903468904,0.006033661479834868,0.002334712476880128,0.006811662057638662,0.0044769495807585324,-71.11947134130055,-52.11469000882669,19.00478133247386,0.002381708478882185,0.006668783740870117,0.004287075261987933,0.003969514131470308,0.000952683391552874,150000
<SOURCE_VECSTRAIGHT_REPO>/remote-results/phase3_vecstraight_clean_msgsource_learned_15seeds_remote_20260410/train/cond1_seed606.pt,cond1,606,9001,greedy,none,none,none,none,agent_3,agent_2,0,mixed,2.5,6298,0.9333121625912988,0.06668783740870117,0.018851776957272068,-22.22500669453784,0.01794220387424579,0.015898646075940288,0.065771565427447,0.049872919351507373,-21.9880543517173,-31.32105000136215,-9.332995649644849,0.014925373134328358,0.06779930136551286,0.0528739282311845,0.005557319784058431,0.0644649094950778,150000
<SOURCE_VECSTRAIGHT_REPO>/remote-results/phase3_vecstraight_clean_msgsource_learned_15seeds_remote_20260410/train/cond1_seed606.pt,cond1,606,9001,greedy,none,none,none,none,agent_3,agent_3,1,mixed,2.5,6298,0.9333121625912988,0.06668783740870117,0.022537686614820324,-26.923787909699797,0.022229279136233723,0.025112585042411803,0.030229182772849635,0.005116597730437815,-26.704840903380685,-25.537435204438953,1.1674056989417336,0.02461098761511591,0.03000952683391553,0.005398539218799619,0.0036519530009526836,0.008415369958717053,150000
<SOURCE_VECSTRAIGHT_REPO>/remote-results/phase3_vecstraight_clean_msgsource_learned_15seeds_remote_20260410/train/cond1_seed606.pt,cond1,606,9001,greedy,none,none,none,none,agent_0,agent_0,1,mixed,3.5,6673,0.22253858834107598,0.777461411658924,0.8978372373578061,13.788438185832856,0.9013936760077926,0.9358409970402369,0.8765905226772697,-0.05925047436296709,17.20054906228395,12.025179967201579,-5.175369095082371,0.938708227184175,0.8813127528847595,-0.05739547429941556,0.061591488086318,0.02008092312303312,150000
<SOURCE_VECSTRAIGHT_REPO>/remote-results/phase3_vecstraight_clean_msgsource_learned_15seeds_remote_20260410/train/cond1_seed606.pt,cond1,606,9001,greedy,none,none,none,none,agent_0,agent_1,0,mixed,3.5,6673,0.22253858834107598,0.777461411658924,0.2567722037489664,-11.915581728379337,0.25610669863629554,0.12663340298641848,0.2719813659860253,0.14534796299960737,-15.594225004045176,-12.015524225083674,3.5787007789615033,0.12453169488985463,0.27094260452570057,0.14641090963584594,0.13996703132024577,0.02142964184025176,150000
<SOURCE_VECSTRAIGHT_REPO>/remote-results/phase3_vecstraight_clean_msgsource_learned_15seeds_remote_20260410/train/cond1_seed606.pt,cond1,606,9001,greedy,none,none,none,none,agent_0,agent_2,0,mixed,3.5,6673,0.22253858834107598,0.777461411658924,0.5362340203669796,1.070441789672624,0.5348419001948149,0.44419018367928115,0.5365363566417275,0.09234617296244656,-1.9481491092779495,1.377042788216529,3.3251918974944785,0.44417803087067287,0.5343923272890754,0.09021429641840252,0.16918927019331634,0.029821669414056645,150000
<SOURCE_VECSTRAIGHT_REPO>/remote-results/phase3_vecstraight_clean_msgsource_learned_15seeds_remote_20260410/train/cond1_seed606.pt,cond1,606,9001,greedy,none,none,none,none,agent_0,agent_3,0,mixed,3.5,6673,0.22253858834107598,0.777461411658924,0.5605782058081051,3.509588074150667,0.5613667016334483,0.9074091849272202,0.43905171505406465,-0.46835746987315513,19.69468671027066,-1.3323576939308301,-21.027044404201487,0.9061891203356811,0.44028173235426343,-0.4659073879814177,0.3448224187022329,0.12108496927918477,150000
<SOURCE_VECSTRAIGHT_REPO>/remote-results/phase3_vecstraight_clean_msgsource_learned_15seeds_remote_20260410/train/cond1_seed606.pt,cond1,606,9001,greedy,none,none,none,none,agent_1,agent_0,0,mixed,3.5,6673,0.2749887606773565,0.7250112393226434,0.8978372373578061,13.788438185832856,0.9013936760077926,0.7969120363901161,0.9269266872094971,0.13001465081938127,7.3880691162635586,15.118799041593233,7.730729925329675,0.8036864978270643,0.9295669114341376,0.12588041360707328,0.10759778210699836,0.03356811029521954,150000
<SOURCE_VECSTRAIGHT_REPO>/remote-results/phase3_vecstraight_clean_msgsource_learned_15seeds_remote_20260410/train/cond1_seed606.pt,cond1,606,9001,greedy,none,none,none,none,agent_1,agent_1,1,mixed,3.5,6673,0.2749887606773565,0.7250112393226434,0.2567722037489664,-11.915581728379337,0.25610669863629554,0.25466018513517474,0.28883814545851894,0.03417796032334433,-16.743939439427383,-9.932296385235217,6.8116430541921655,0.2549078375543234,0.2881762325790499,0.03326839502472651,0.07552824816424397,0.035366401918177734,150000
<SOURCE_VECSTRAIGHT_REPO>/remote-results/phase3_vecstraight_clean_msgsource_learned_15seeds_remote_20260410/train/cond1_seed606.pt,cond1,606,9001,greedy,none,none,none,none,agent_1,agent_2,0,mixed,3.5,6673,0.2749887606773565,0.7250112393226434,0.5362340203669796,1.070441789672624,0.5348419001948149,0.5050043828036433,0.524665569576595,0.01966118677295098,0.4133682286493267,0.3693798734014721,-0.04398835524785457,0.5050202307807583,0.5228532893750937,0.017833058594335382,0.15869923572606023,0.03416754083620561,150000
<SOURCE_VECSTRAIGHT_REPO>/remote-results/phase3_vecstraight_clean_msgsource_learned_15seeds_remote_20260410/train/cond1_seed606.pt,cond1,606,9001,greedy,none,none,none,none,agent_1,agent_3,0,mixed,3.5,6673,0.2749887606773565,0.7250112393226434,0.5605782058081051,3.509588074150667,0.5613667016334483,0.38946385045770365,0.6294519158562767,0.23998806539857404,-2.2841234010298552,4.994735075278375,7.278858476308231,0.3885808481942155,0.6319496478345572,0.24336879964034167,0.21594485239022929,0.10055447325041211,150000
<SOURCE_VECSTRAIGHT_REPO>/remote-results/phase3_vecstraight_clean_msgsource_learned_15seeds_remote_20260410/train/cond1_seed606.pt,cond1,606,9001,greedy,none,none,none,none,agent_2,agent_0,0,mixed,3.5,6673,0.521804285928368,0.47819571407163197,0.8978372373578061,13.788438185832856,0.9013936760077926,0.9096339354245269,0.8709878973280137,-0.03864603809651364,15.216746201579332,11.171229432221566,-4.045516769357766,0.9127828562865278,0.8760677356511314,-0.03671512063539637,0.026374943803386782,0.05050202307807583,150000
<SOURCE_VECSTRAIGHT_REPO>/remote-results/phase3_vecstraight_clean_msgsource_learned_15seeds_remote_20260410/train/cond1_seed606.pt,cond1,606,9001,greedy,none,none,none,none,agent_2,agent_1,0,mixed,3.5,6673,0.521804285928368,0.47819571407163197,0.2567722037489664,-11.915581728379337,0.25610669863629554,0.16041323385002362,0.3069840142327452,0.1465707803827223,-15.903698660606354,-9.670200526401697,6.233498134204656,0.1583995204555672,0.3061591488086318,0.14775962835306458,0.1165892402217893,0.0749288176232579,150000
<SOURCE_VECSTRAIGHT_REPO>/remote-results/phase3_vecstraight_clean_msgsource_learned_15seeds_remote_20260410/train/cond1_seed606.pt,cond1,606,9001,greedy,none,none,none,none,agent_2,agent_2,1,mixed,3.5,6673,0.521804285928368,0.47819571407163197,0.5362340203669796,1.070441789672624,0.5348419001948149,0.5468838800311703,0.4634542901709409,-0.08342958986022879,1.0602367433989954,-0.23800984764476954,-1.298246591043765,0.5490783755432339,0.459913082571557,-0.08916529297167691,0.1790798741195864,0.1318747190169339,150000
<SOURCE_VECSTRAIGHT_REPO>/remote-results/phase3_vecstraight_clean_msgsource_learned_15seeds_remote_20260410/train/cond1_seed606.pt,cond1,606,9001,greedy,none,none,none,none,agent_2,agent_3,0,mixed,3.5,6673,0.521804285928368,0.47819571407163197,0.5605782058081051,3.509588074150667,0.5613667016334483,0.5721937899223243,0.548691381347213,-0.02350240857511188,3.6676493450222156,3.250513165665543,-0.4171361793566729,0.5748538888056346,0.5481792297317548,-0.026674659073879815,0.048853589090364156,0.05065188071332234,150000
<SOURCE_VECSTRAIGHT_REPO>/remote-results/phase3_vecstraight_clean_msgsource_learned_15seeds_remote_20260410/train/cond1_seed606.pt,cond1,606,9001,greedy,none,none,none,none,agent_3,agent_0,0,mixed,3.5,6673,0.5249512962685449,0.47504870373145514,0.8978372373578061,13.788438185832856,0.9013936760077926,0.92166005739338,0.8755003933903655,-0.04615966400301474,16.172130962875354,10.423418238939918,-5.7487127239354345,0.9229731754832908,0.8826614716019782,-0.040311703881312756,0.023677506368949497,0.05439832159448524,150000
<SOURCE_VECSTRAIGHT_REPO>/remote-results/phase3_vecstraight_clean_msgsource_learned_15seeds_remote_20260410/train/cond1_seed606.pt,cond1,606,9001,greedy,none,none,none,none,agent_3,agent_1,0,mixed,3.5,6673,0.5249512962685449,0.47504870373145514,0.2567722037489664,-11.915581728379337,0.25610669863629554,0.23048119193396896,0.2850364017443748,0.05455520981040554,-14.028013718466735,-9.439103383648508,4.588910334818227,0.22868275138618313,0.28383036115690097,0.055147609770717816,0.04330885658624307,0.03641540536490334,150000
<SOURCE_VECSTRAIGHT_REPO>/remote-results/phase3_vecstraight_clean_msgsource_learned_15seeds_remote_20260410/train/cond1_seed606.pt,cond1,606,9001,greedy,none,none,none,none,agent_3,agent_2,0,mixed,3.5,6673,0.5249512962685449,0.47504870373145514,0.5362340203669796,1.070441789672624,0.5348419001948149,0.43464719251666545,0.5530917977080858,0.11844460519141994,-2.168448085379719,1.3253517298316215,3.4937998152113408,0.43368799640341676,0.5531245316948898,0.1194365352914731,0.1431140416604226,0.17593286377940956,150000
<SOURCE_VECSTRAIGHT_REPO>/remote-results/phase3_vecstraight_clean_msgsource_learned_15seeds_remote_20260410/train/cond1_seed606.pt,cond1,606,9001,greedy,none,none,none,none,agent_3,agent_3,1,mixed,3.5,6673,0.5249512962685449,0.47504870373145514,0.5605782058081051,3.509588074150667,0.5613667016334483,0.6446267666953818,0.5359312666373662,-0.10869550005801479,5.681381695549759,3.6707219307401737,-2.0106597648095854,0.6458864079124832,0.5343923272890754,-0.11149408062340777,0.08571856736100704,0.048853589090364156,150000
<SOURCE_VECSTRAIGHT_REPO>/remote-results/phase3_vecstraight_clean_msgsource_learned_15seeds_remote_20260410/train/cond1_seed606.pt,cond1,606,9001,greedy,none,none,none,none,agent_0,agent_0,1,cooperative,5.0,5917,0.622781815109008,0.37721818489099207,0.9999997237455166,40.72580008855719,1.0,0.9999996490508333,0.9999998916398236,2.4258899027901926e-07,40.26617342784676,34.40435258846983,-5.861820839376935,1.0,1.0,0.0,0.0,0.0,150000
<SOURCE_VECSTRAIGHT_REPO>/remote-results/phase3_vecstraight_clean_msgsource_learned_15seeds_remote_20260410/train/cond1_seed606.pt,cond1,606,9001,greedy,none,none,none,none,agent_0,agent_1,0,cooperative,5.0,5917,0.622781815109008,0.37721818489099207,0.9403325529273674,13.363313957854906,0.946256548926821,0.9054830242738074,0.9750117854298771,0.06952876115606965,10.86149538890502,20.531286888933874,9.669791500028856,0.9161737366908906,0.9763393611627514,0.06016562447186074,0.03447693087713368,0.030758830488423188,150000
<SOURCE_VECSTRAIGHT_REPO>/remote-results/phase3_vecstraight_clean_msgsource_learned_15seeds_remote_20260410/train/cond1_seed606.pt,cond1,606,9001,greedy,none,none,none,none,agent_0,agent_2,0,cooperative,5.0,5917,0.622781815109008,0.37721818489099207,0.9949850339318197,27.144315336188573,0.9954368767956735,0.9969401640607283,0.9791336149340478,-0.01780654912668043,24.35876613907744,27.366465746077086,3.0076996069996467,0.9971269224269055,0.9798884569883387,-0.01723846543856684,0.002704073009971269,0.015548419807334799,150000
<SOURCE_VECSTRAIGHT_REPO>/remote-results/phase3_vecstraight_clean_msgsource_learned_15seeds_remote_20260410/train/cond1_seed606.pt,cond1,606,9001,greedy,none,none,none,none,agent_0,agent_3,0,cooperative,5.0,5917,0.622781815109008,0.37721818489099207,0.9972995196460465,36.372678875711614,0.997464931553152,0.9999617695788263,0.9970932791436401,-0.002868490435186243,45.190529076376535,29.485977338660664,-15.704551737715873,1.0,0.9972959269900288,-0.002704073009971269,0.0025350684468480648,0.0001690045631232043,150000
<SOURCE_VECSTRAIGHT_REPO>/remote-results/phase3_vecstraight_clean_msgsource_learned_15seeds_remote_20260410/train/cond1_seed606.pt,cond1,606,9001,greedy,none,none,none,none,agent_1,agent_0,0,cooperative,5.0,5917,0.3593037011999324,0.6406962988000676,0.9999997237455166,40.72580008855719,1.0,0.999555648780965,0.9998822919778855,0.0003266431969203759,32.95845777276845,42.84003928029217,9.88158150752372,0.9994929863106304,0.9998309954368768,0.0003380091262464086,0.000507013689369613,0.0001690045631232043,150000
<SOURCE_VECSTRAIGHT_REPO>/remote-results/phase3_vecstraight_clean_msgsource_learned_15seeds_remote_20260410/train/cond1_seed606.pt,cond1,606,9001,greedy,none,none,none,none,agent_1,agent_1,1,cooperative,5.0,5917,0.3593037011999324,0.6406962988000676,0.9403325529273674,13.363313957854906,0.946256548926821,0.9372653647286298,0.9521799719408911,0.014914607212261113,14.829053150024974,12.002331828676166,-2.826721321348808,0.9386513435862768,0.958593882034815,0.019942538448538112,0.06979888456988338,0.012337333107993917,150000
<SOURCE_VECSTRAIGHT_REPO>/remote-results/phase3_vecstraight_clean_msgsource_learned_15seeds_remote_20260410/train/cond1_seed606.pt,cond1,606,9001,greedy,none,none,none,none,agent_1,agent_2,0,cooperative,5.0,5917,0.3593037011999324,0.6406962988000676,0.9949850339318197,27.144315336188573,0.9954368767956735,0.993059438729259,0.993307719499154,0.0002482807698948982,28.222681424077628,24.941209865768293,-3.2814715583093346,0.9930708129119487,0.9937468311644414,0.0006760182524928173,0.007774209903667399,0.0016900456312320432,150000
<SOURCE_VECSTRAIGHT_REPO>/remote-results/phase3_vecstraight_clean_msgsource_learned_15seeds_remote_20260410/train/cond1_seed606.pt,cond1,606,9001,greedy,none,none,none,none,agent_1,agent_3,0,cooperative,5.0,5917,0.3593037011999324,0.6406962988000676,0.9972995196460465,36.372678875711614,0.997464931553152,0.9919076478631704,0.9976736706888206,0.005766022825650282,32.402131598393055,38.89907443703722,6.496942838644164,0.992563799222579,0.9978029406793983,0.005239141456819334,0.00895724184552983,0.0003380091262464086,150000
<SOURCE_VECSTRAIGHT_REPO>/remote-results/phase3_vecstraight_clean_msgsource_learned_15seeds_remote_20260410/train/cond1_seed606.pt,cond1,606,9001,greedy,none,none,none,none,agent_2,agent_0,0,cooperative,5.0,5917,0.5583910765590671,0.4416089234409329,0.9999997237455166,40.72580008855719,1.0,0.999884315080612,0.9995851154759141,-0.0002991996046979826,36.423967717949836,37.52901277929741,1.105045061347572,0.9998309954368768,0.9994929863106304,-0.0003380091262464086,0.0001690045631232043,0.000507013689369613,150000
<SOURCE_VECSTRAIGHT_REPO>/remote-results/phase3_vecstraight_clean_msgsource_learned_15seeds_remote_20260410/train/cond1_seed606.pt,cond1,606,9001,greedy,none,none,none,none,agent_2,agent_1,0,cooperative,5.0,5917,0.5583910765590671,0.4416089234409329,0.9403325529273674,13.363313957854906,0.946256548926821,0.8977092694721787,0.9878076306080293,0.09009836113585074,7.950408172845155,20.189223213838083,12.238815040992929,0.9080615176609769,0.9881696805813757,0.08010816292039885,0.03853304039209059,0.051377387189454116,150000
<SOURCE_VECSTRAIGHT_REPO>/remote-results/phase3_vecstraight_clean_msgsource_learned_15seeds_remote_20260410/train/cond1_seed606.pt,cond1,606,9001,greedy,none,none,none,none,agent_2,agent_2,1,cooperative,5.0,5917,0.5583910765590671,0.4416089234409329,0.9949850339318197,27.144315336188573,0.9954368767956735,0.9990491635891177,0.9929309158539583,-0.00611824773515944,25.634405856844097,28.384517534653117,2.750111677809021,0.9989859726212608,0.9940848402906879,-0.004901132330572926,0.0038871049518336997,0.0013520365049856345,150000
<SOURCE_VECSTRAIGHT_REPO>/remote-results/phase3_vecstraight_clean_msgsource_learned_15seeds_remote_20260410/train/cond1_seed606.pt,cond1,606,9001,greedy,none,none,none,none,agent_2,agent_3,0,cooperative,5.0,5917,0.5583910765590671,0.4416089234409329,0.9972995196460465,36.372678875711614,0.997464931553152,0.9973373564871836,0.9981727953565237,0.0008354388693401613,40.4903757309962,33.93933528880322,-6.5510404421929795,0.997464931553152,0.9983099543687679,0.0008450228156160216,0.0,0.0008450228156160216,150000
<SOURCE_VECSTRAIGHT_REPO>/remote-results/phase3_vecstraight_clean_msgsource_learned_15seeds_remote_20260410/train/cond1_seed606.pt,cond1,606,9001,greedy,none,none,none,none,agent_3,agent_0,0,cooperative,5.0,5917,0.7951664694946764,0.20483353050532363,0.9999997237455166,40.72580008855719,1.0,0.9999997247730092,0.9993822017762648,-0.000617522996744383,40.20790948443907,31.655689544687405,-8.552219939751662,1.0,0.9993239817475071,-0.0006760182524928173,0.0,0.0006760182524928173,150000
<SOURCE_VECSTRAIGHT_REPO>/remote-results/phase3_vecstraight_clean_msgsource_learned_15seeds_remote_20260410/train/cond1_seed606.pt,cond1,606,9001,greedy,none,none,none,none,agent_3,agent_1,0,cooperative,5.0,5917,0.7951664694946764,0.20483353050532363,0.9403325529273674,13.363313957854906,0.946256548926821,0.9247015826315559,0.9844130968773261,0.05971151424577032,11.165576041308896,20.656186740717636,9.49061069940874,0.9325671793138415,0.9856346121345276,0.053067432820686156,0.01368936961297955,0.042082136217677875,150000
<SOURCE_VECSTRAIGHT_REPO>/remote-results/phase3_vecstraight_clean_msgsource_learned_15seeds_remote_20260410/train/cond1_seed606.pt,cond1,606,9001,greedy,none,none,none,none,agent_3,agent_2,0,cooperative,5.0,5917,0.7951664694946764,0.20483353050532363,0.9949850339318197,27.144315336188573,0.9954368767956735,0.9944664675012593,0.9949596618268585,0.0004931943255994105,26.39548223533803,26.428136326925404,0.03265409158737611,0.9949298631063038,0.9950988676694271,0.0001690045631232043,0.000507013689369613,0.007774209903667399,150000
<SOURCE_VECSTRAIGHT_REPO>/remote-results/phase3_vecstraight_clean_msgsource_learned_15seeds_remote_20260410/train/cond1_seed606.pt,cond1,606,9001,greedy,none,none,none,none,agent_3,agent_3,1,cooperative,5.0,5917,0.7951664694946764,0.20483353050532363,0.9972995196460465,36.372678875711614,0.997464931553152,0.997648646196991,0.9971027255953663,-0.0005459206016247508,36.891651640807495,37.77989009373773,0.8882384529302345,0.9978029406793983,0.9972959269900288,-0.000507013689369613,0.0003380091262464086,0.000507013689369613,150000
<SOURCE_VECSTRAIGHT_REPO>/remote-results/phase3_vecstraight_clean_msgsource_learned_15seeds_remote_20260410/train/cond1_seed707.pt,cond1,707,9001,greedy,none,none,none,none,agent_0,agent_0,1,competitive,0.5,5288,0.0,1.0,1.5418311257854032e-06,-56.983765813298014,0.0,5.924298236769194e-09,1.5418311257854032e-06,1.5359068275486324e-06,-69.3181086152837,-56.983765813298014,12.33434280198569,0.0,0.0,0.0,0.0,0.0,150000
<SOURCE_VECSTRAIGHT_REPO>/remote-results/phase3_vecstraight_clean_msgsource_learned_15seeds_remote_20260410/train/cond1_seed707.pt,cond1,707,9001,greedy,none,none,none,none,agent_0,agent_1,0,competitive,0.5,5288,0.0,1.0,1.0649234150499165e-07,-55.70684536682856,0.0,0.0017326384647978453,1.0649234150499165e-07,-0.0017325319724563416,-44.53369093081053,-55.70684536682856,-11.17315443601803,0.0015128593040847202,0.0,-0.0015128593040847202,0.0015128593040847202,0.0,150000
<SOURCE_VECSTRAIGHT_REPO>/remote-results/phase3_vecstraight_clean_msgsource_learned_15seeds_remote_20260410/train/cond1_seed707.pt,cond1,707,9001,greedy,none,none,none,none,agent_0,agent_2,0,competitive,0.5,5288,0.0,1.0,4.3121530690444544e-10,-66.70054778028364,0.0,1.1677653313364207e-07,4.3121530690444544e-10,-1.1634531782673763e-07,-62.8519611302735,-66.70054778028364,-3.8485866500101364,0.0,0.0,0.0,0.0,0.0,150000
<SOURCE_VECSTRAIGHT_REPO>/remote-results/phase3_vecstraight_clean_msgsource_learned_15seeds_remote_20260410/train/cond1_seed707.pt,cond1,707,9001,greedy,none,none,none,none,agent_0,agent_3,0,competitive,0.5,5288,0.0,1.0,7.655651310502748e-07,-49.45082854773742,0.0,0.00041876749598559755,7.655651310502748e-07,-0.0004180019308545472,-39.960376415565136,-49.45082854773742,-9.490452132172285,0.00037821482602118004,0.0,-0.00037821482602118004,0.00037821482602118004,0.0,150000
<SOURCE_VECSTRAIGHT_REPO>/remote-results/phase3_vecstraight_clean_msgsource_learned_15seeds_remote_20260410/train/cond1_seed707.pt,cond1,707,9001,greedy,none,none,none,none,agent_1,agent_0,0,competitive,0.5,5288,0.9566944024205749,0.04330559757942511,1.5418311257854032e-06,-56.983765813298014,0.0,1.5409814152976677e-06,0.0004458312366608868,0.0004442902552455895,-57.26642445428649,-55.876620020925905,1.389804433360583,0.0,0.00037821482602118004,0.00037821482602118004,0.0,0.00037821482602118004,150000
<SOURCE_VECSTRAIGHT_REPO>/remote-results/phase3_vecstraight_clean_msgsource_learned_15seeds_remote_20260410/train/cond1_seed707.pt,cond1,707,9001,greedy,none,none,none,none,agent_1,agent_1,1,competitive,0.5,5288,0.9566944024205749,0.04330559757942511,1.0649234150499165e-07,-55.70684536682856,0.0,1.5583788724260697e-07,1.0649234152973557e-07,-4.9345545712871387e-08,-55.48867538620953,-64.87490319412163,-9.38622780791209,0.0,0.0,0.0,0.0,0.0,150000
<SOURCE_VECSTRAIGHT_REPO>/remote-results/phase3_vecstraight_clean_msgsource_learned_15seeds_remote_20260410/train/cond1_seed707.pt,cond1,707,9001,greedy,none,none,none,none,agent_1,agent_2,0,competitive,0.5,5288,0.9566944024205749,0.04330559757942511,4.3121530690444544e-10,-66.70054778028364,0.0,4.005519342132421e-06,9.426331129550882e-17,-4.005519342038157e-06,-65.72173896107299,-85.29453564086948,-19.5727966797965,0.0,0.0,0.0,0.0,0.0,150000
<SOURCE_VECSTRAIGHT_REPO>/remote-results/phase3_vecstraight_clean_msgsource_learned_15seeds_remote_20260410/train/cond1_seed707.pt,cond1,707,9001,greedy,none,none,none,none,agent_1,agent_3,0,competitive,0.5,5288,0.9566944024205749,0.04330559757942511,7.655651310502748e-07,-49.45082854773742,0.0,0.0036848643173989755,7.482189821489322e-07,-0.0036841160984168253,-48.77990341415339,-63.22073751372397,-14.44083409957058,0.00264750378214826,0.0,-0.00264750378214826,0.00264750378214826,0.0,150000
<SOURCE_VECSTRAIGHT_REPO>/remote-results/phase3_vecstraight_clean_msgsource_learned_15seeds_remote_20260410/train/cond1_seed707.pt,cond1,707,9001,greedy,none,none,none,none,agent_2,agent_0,0,competitive,0.5,5288,0.6049546142208775,0.3950453857791225,1.5418311257854032e-06,-56.983765813298014,0.0,1.5556113964114135e-06,7.646722304843994e-11,-1.5555349291883652e-06,-50.20749118378592,-67.10590599777117,-16.898414813985262,0.0,0.0,0.0,0.0,0.0,150000
<SOURCE_VECSTRAIGHT_REPO>/remote-results/phase3_vecstraight_clean_msgsource_learned_15seeds_remote_20260410/train/cond1_seed707.pt,cond1,707,9001,greedy,none,none,none,none,agent_2,agent_1,0,competitive,0.5,5288,0.6049546142208775,0.3950453857791225,1.0649234150499165e-07,-55.70684536682856,0.0,1.0546879347565018e-07,7.1854079416276435e-06,7.079939148151995e-06,-55.28527374906006,-56.3553128366932,-1.0700390876331416,0.0,0.0,0.0,0.0,0.0,150000
<SOURCE_VECSTRAIGHT_REPO>/remote-results/phase3_vecstraight_clean_msgsource_learned_15seeds_remote_20260410/train/cond1_seed707.pt,cond1,707,9001,greedy,none,none,none,none,agent_2,agent_2,1,competitive,0.5,5288,0.6049546142208775,0.3950453857791225,4.3121530690444544e-10,-66.70054778028364,0.0,0.00019095199647104668,4.3121521134719784e-10,-0.0001909515652558353,-57.70061100277706,-77.06005345999563,-19.359442457218574,0.00018910741301059002,0.0,-0.00018910741301059002,0.00018910741301059002,0.0,150000
<SOURCE_VECSTRAIGHT_REPO>/remote-results/phase3_vecstraight_clean_msgsource_learned_15seeds_remote_20260410/train/cond1_seed707.pt,cond1,707,9001,greedy,none,none,none,none,agent_2,agent_3,0,competitive,0.5,5288,0.6049546142208775,0.3950453857791225,7.655651310502748e-07,-49.45082854773742,0.0,1.1189296382591404e-07,3.8455715474131544e-05,3.8343822510305696e-05,-48.43658729310115,-51.07190183134195,-2.6353145382407934,0.0,0.0,0.0,0.0,0.0,150000
<SOURCE_VECSTRAIGHT_REPO>/remote-results/phase3_vecstraight_clean_msgsource_learned_15seeds_remote_20260410/train/cond1_seed707.pt,cond1,707,9001,greedy,none,none,none,none,agent_3,agent_0,0,competitive,0.5,5288,0.9967851739788199,0.0032148260211800304,1.5418311257854032e-06,-56.983765813298014,0.0,1.5417968390265444e-06,5.0656136077647185e-09,-1.5367312254187815e-06,-57.01843097170254,-64.19881534017341,-7.1803843684708655,0.0,0.0,0.0,0.0,0.0,150000
<SOURCE_VECSTRAIGHT_REPO>/remote-results/phase3_vecstraight_clean_msgsource_learned_15seeds_remote_20260410/train/cond1_seed707.pt,cond1,707,9001,greedy,none,none,none,none,agent_3,agent_1,0,competitive,0.5,5288,0.9967851739788199,0.0032148260211800304,1.0649234150499165e-07,-55.70684536682856,0.0,1.7702367763087464e-07,9.838664608826289e-08,-7.863703154261214e-08,-55.68516455836448,-57.768449900911364,-2.0832853425468874,0.0,0.0,0.0,0.0,0.0,150000
<SOURCE_VECSTRAIGHT_REPO>/remote-results/phase3_vecstraight_clean_msgsource_learned_15seeds_remote_20260410/train/cond1_seed707.pt,cond1,707,9001,greedy,none,none,none,none,agent_3,agent_2,0,competitive,0.5,5288,0.9967851739788199,0.0032148260211800304,4.3121530690444544e-10,-66.70054778028364,0.0,4.3121530678428784e-10,0.0001394705925378933,0.0001394701613225866,-66.71564800403843,-53.90283719751189,12.812810806526539,0.0,0.00018910741301059002,0.00018910741301059002,0.0,0.00018910741301059002,150000
<SOURCE_VECSTRAIGHT_REPO>/remote-results/phase3_vecstraight_clean_msgsource_learned_15seeds_remote_20260410/train/cond1_seed707.pt,cond1,707,9001,greedy,none,none,none,none,agent_3,agent_3,1,competitive,0.5,5288,0.9967851739788199,0.0032148260211800304,7.655651310502748e-07,-49.45082854773742,0.0,5.385719819203118e-07,7.573746291239439e-07,2.1880264720363278e-07,-49.45007982015971,-42.40763902321525,7.042440796944449,0.0,0.0,0.0,0.0,0.0,150000
<SOURCE_VECSTRAIGHT_REPO>/remote-results/phase3_vecstraight_clean_msgsource_learned_15seeds_remote_20260410/train/cond1_seed707.pt,cond1,707,9001,greedy,none,none,none,none,agent_0,agent_0,1,mixed,1.5,5824,0.009787087912087912,0.9902129120879121,0.008483284631125814,-41.27264873759954,0.008241758241758242,0.0010033482785611646,0.010252830601963487,0.009249482323402324,-55.2278842125702,-41.202633819008085,14.025250393562121,0.0010302197802197802,0.009787087912087912,0.008756868131868132,0.008241758241758242,0.0015453296703296703,150000
<SOURCE_VECSTRAIGHT_REPO>/remote-results/phase3_vecstraight_clean_msgsource_learned_15seeds_remote_20260410/train/cond1_seed707.pt,cond1,707,9001,greedy,none,none,none,none,agent_0,agent_1,0,mixed,1.5,5824,0.009787087912087912,0.9902129120879121,0.004245772028149536,-38.39585990786737,0.004120879120879121,0.03949203053456004,0.0031546840796115925,-0.03633734645494845,-20.730765822906417,-38.55327233575428,-17.822506512847863,0.03794642857142857,0.002918956043956044,-0.03502747252747253,0.03382554945054945,0.001201923076923077,150000
<SOURCE_VECSTRAIGHT_REPO>/remote-results/phase3_vecstraight_clean_msgsource_learned_15seeds_remote_20260410/train/cond1_seed707.pt,cond1,707,9001,greedy,none,none,none,none,agent_0,agent_2,0,mixed,1.5,5824,0.009787087912087912,0.9902129120879121,0.0017216051014985842,-54.8493030145355,0.0015453296703296703,0.003334042457781434,0.0017905452851799952,-0.0015434971726014418,-46.36094027131305,-54.91606038377958,-8.555120112466534,0.0032623626373626375,0.0015453296703296703,-0.001717032967032967,0.0020604395604395605,0.0,150000
<SOURCE_VECSTRAIGHT_REPO>/remote-results/phase3_vecstraight_clean_msgsource_learned_15seeds_remote_20260410/train/cond1_seed707.pt,cond1,707,9001,greedy,none,none,none,none,agent_0,agent_3,0,mixed,1.5,5824,0.009787087912087912,0.9902129120879121,0.003457565784866785,-42.43863641093024,0.002918956043956044,0.011607221406003784,0.0030616943222711926,-0.008545527083732608,-28.59388215797902,-42.52691981166724,-13.933037653688219,0.010645604395604396,0.0027472527472527475,-0.007898351648351648,0.008070054945054946,0.00017170329670329672,150000
<SOURCE_VECSTRAIGHT_REPO>/remote-results/phase3_vecstraight_clean_msgsource_learned_15seeds_remote_20260410/train/cond1_seed707.pt,cond1,707,9001,greedy,none,none,none,none,agent_1,agent_0,0,mixed,1.5,5824,0.7285370879120879,0.27146291208791207,0.008483284631125814,-41.27264873759954,0.008241758241758242,0.003870820114911936,0.019833168653998593,0.0159623485390867,-43.36774023465945,-35.90980297622558,7.457937258433878,0.0037774725274725275,0.01871565934065934,0.014938186813186814,0.004464285714285714,0.010473901098901098,150000
<SOURCE_VECSTRAIGHT_REPO>/remote-results/phase3_vecstraight_clean_msgsource_learned_15seeds_remote_20260410/train/cond1_seed707.pt,cond1,707,9001,greedy,none,none,none,none,agent_1,agent_1,1,mixed,1.5,5824,0.7285370879120879,0.27146291208791207,0.004245772028149536,-38.39585990786737,0.004120879120879121,0.005200079437304819,0.003690875821237658,-0.0015092036160671658,-38.15745968936052,-39.380854398053096,-1.2233947086925772,0.004979395604395604,0.003434065934065934,-0.0015453296703296703,0.0018887362637362637,0.0010302197802197802,150000
<SOURCE_VECSTRAIGHT_REPO>/remote-results/phase3_vecstraight_clean_msgsource_learned_15seeds_remote_20260410/train/cond1_seed707.pt,cond1,707,9001,greedy,none,none,none,none,agent_1,agent_2,0,mixed,1.5,5824,0.7285370879120879,0.27146291208791207,0.0017216051014985842,-54.8493030145355,0.0015453296703296703,0.007780900804807675,0.0003885200121382896,-0.00739238079266939,-50.51658587878734,-66.04866461116043,-15.53207873237309,0.007554945054945055,0.00034340659340659343,-0.007211538461538462,0.006009615384615385,0.001201923076923077,150000
<SOURCE_VECSTRAIGHT_REPO>/remote-results/phase3_vecstraight_clean_msgsource_learned_15seeds_remote_20260410/train/cond1_seed707.pt,cond1,707,9001,greedy,none,none,none,none,agent_1,agent_3,0,mixed,1.5,5824,0.7285370879120879,0.27146291208791207,0.003457565784866785,-42.43863641093024,0.002918956043956044,0.0166753555679014,0.0018379271874642107,-0.01483742838043718,-37.23746761797344,-56.35717101781987,-19.119703399846433,0.016483516483516484,0.001717032967032967,-0.014766483516483516,0.01356456043956044,0.001201923076923077,150000
<SOURCE_VECSTRAIGHT_REPO>/remote-results/phase3_vecstraight_clean_msgsource_learned_15seeds_remote_20260410/train/cond1_seed707.pt,cond1,707,9001,greedy,none,none,none,none,agent_2,agent_0,0,mixed,1.5,5824,0.06833791208791208,0.9316620879120879,0.008483284631125814,-41.27264873759954,0.008241758241758242,0.04009621306999877,0.006845172753389868,-0.033251040316608846,-26.128531710838306,-42.09364621779001,-15.965114506951707,0.038804945054945056,0.006696428571428571,-0.03210851648351648,0.030563186813186812,0.002232142857142857,150000
<SOURCE_VECSTRAIGHT_REPO>/remote-results/phase3_vecstraight_clean_msgsource_learned_15seeds_remote_20260410/train/cond1_seed707.pt,cond1,707,9001,greedy,none,none,none,none,agent_2,agent_1,0,mixed,1.5,5824,0.06833791208791208,0.9316620879120879,0.004245772028149536,-38.39585990786737,0.004120879120879121,0.0037371287760482037,0.008198798140923376,0.004461669364875169,-39.56746494526985,-38.200995319359166,1.3664696259106828,0.0037774725274725275,0.007898351648351648,0.004120879120879121,0.00034340659340659343,0.0037774725274725275,150000
<SOURCE_VECSTRAIGHT_REPO>/remote-results/phase3_vecstraight_clean_msgsource_learned_15seeds_remote_20260410/train/cond1_seed707.pt,cond1,707,9001,greedy,none,none,none,none,agent_2,agent_2,1,mixed,1.5,5824,0.06833791208791208,0.9316620879120879,0.0017216051014985842,-54.8493030145355,0.0015453296703296703,0.023525740471827938,0.0014342899402923295,-0.022091450531535536,-34.71129836961832,-55.765083272491104,-21.053784902872785,0.022664835164835164,0.001201923076923077,-0.021462912087912088,0.021119505494505496,0.00034340659340659343,150000
<SOURCE_VECSTRAIGHT_REPO>/remote-results/phase3_vecstraight_clean_msgsource_learned_15seeds_remote_20260410/train/cond1_seed707.pt,cond1,707,9001,greedy,none,none,none,none,agent_2,agent_3,0,mixed,1.5,5824,0.06833791208791208,0.9316620879120879,0.003457565784866785,-42.43863641093024,0.002918956043956044,0.002477949087720616,0.004766484006183695,0.0022885349184631008,-41.09735410089431,-42.59997798909771,-1.5026238882034035,0.0018887362637362637,0.004807692307692308,0.002918956043956044,0.0010302197802197802,0.002232142857142857,150000
<SOURCE_VECSTRAIGHT_REPO>/remote-results/phase3_vecstraight_clean_msgsource_learned_15seeds_remote_20260410/train/cond1_seed707.pt,cond1,707,9001,greedy,none,none,none,none,agent_3,agent_0,0,mixed,1.5,5824,0.9745879120879121,0.025412087912087912,0.008483284631125814,-41.27264873759954,0.008241758241758242,0.00840850735429022,0.0032150251279265516,-0.005193482226363703,-41.22671546746854,-49.195155206768376,-7.968439739299836,0.008241758241758242,0.0027472527472527475,-0.005494505494505495,0.00034340659340659343,0.006524725274725275,150000
<SOURCE_VECSTRAIGHT_REPO>/remote-results/phase3_vecstraight_clean_msgsource_learned_15seeds_remote_20260410/train/cond1_seed707.pt,cond1,707,9001,greedy,none,none,none,none,agent_3,agent_1,0,mixed,1.5,5824,0.9745879120879121,0.025412087912087912,0.004245772028149536,-38.39585990786737,0.004120879120879121,0.004000168392063503,0.005483497806186187,0.0014833294141226776,-38.37327042007102,-36.83435143617872,1.5389189838923023,0.0037774725274725275,0.004979395604395604,0.001201923076923077,0.001717032967032967,0.0025755494505494505,150000
<SOURCE_VECSTRAIGHT_REPO>/remote-results/phase3_vecstraight_clean_msgsource_learned_15seeds_remote_20260410/train/cond1_seed707.pt,cond1,707,9001,greedy,none,none,none,none,agent_3,agent_2,0,mixed,1.5,5824,0.9745879120879121,0.025412087912087912,0.0017216051014985842,-54.8493030145355,0.0015453296703296703,0.001645974210015119,0.01175657348689811,0.010110599276882987,-55.128239338623956,-38.99835328788466,16.129886050739294,0.0015453296703296703,0.01150412087912088,0.009958791208791208,0.0,0.009958791208791208,150000
<SOURCE_VECSTRAIGHT_REPO>/remote-results/phase3_vecstraight_clean_msgsource_learned_15seeds_remote_20260410/train/cond1_seed707.pt,cond1,707,9001,greedy,none,none,none,none,agent_3,agent_3,1,mixed,1.5,5824,0.9745879120879121,0.025412087912087912,0.003457565784866785,-42.43863641093024,0.002918956043956044,0.003516640728071368,0.004353647548090633,0.0008370068200192546,-42.56843722820446,-31.225469018823908,11.34296820938055,0.0032623626373626375,0.003949175824175824,0.0006868131868131869,0.0027472527472527475,0.0010302197802197802,150000
<SOURCE_VECSTRAIGHT_REPO>/remote-results/phase3_vecstraight_clean_msgsource_learned_15seeds_remote_20260410/train/cond1_seed707.pt,cond1,707,9001,greedy,none,none,none,none,agent_0,agent_0,1,mixed,2.5,6298,0.28421721181327403,0.7157827881867259,0.23271479744853482,-13.315635371218601,0.23150206414734836,0.07338941641956634,0.29561327333776927,0.22222385691820337,-23.471370037016925,-11.136584834982077,12.334785202034848,0.07256271832327724,0.2964433153382026,0.22388059701492538,0.15893934582407113,0.06525881232137186,150000
<SOURCE_VECSTRAIGHT_REPO>/remote-results/phase3_vecstraight_clean_msgsource_learned_15seeds_remote_20260410/train/cond1_seed707.pt,cond1,707,9001,greedy,none,none,none,none,agent_0,agent_1,0,mixed,2.5,6298,0.28421721181327403,0.7157827881867259,0.2708781655848473,-8.106993301392132,0.26897427754842806,0.5678669005645663,0.1880992604396413,-0.3797676401249229,3.419659636406037,-11.794118637298924,-15.21377827370496,0.5665290568434423,0.18736106700539853,-0.37916798983804384,0.3067640520800254,0.08478882184820578,150000
<SOURCE_VECSTRAIGHT_REPO>/remote-results/phase3_vecstraight_clean_msgsource_learned_15seeds_remote_20260410/train/cond1_seed707.pt,cond1,707,9001,greedy,none,none,none,none,agent_0,agent_2,0,mixed,2.5,6298,0.28421721181327403,0.7157827881867259,0.23679174494835273,-15.396730307516842,0.23642426167037153,0.28680724654408724,0.2135651324157114,-0.07324211412837571,-10.645535506466603,-17.443508145614402,-6.797972639147802,0.285963798031121,0.2126071768815497,-0.0733566211495713,0.06224198158145443,0.030485868529691967,150000
<SOURCE_VECSTRAIGHT_REPO>/remote-results/phase3_vecstraight_clean_msgsource_learned_15seeds_remote_20260410/train/cond1_seed707.pt,cond1,707,9001,greedy,none,none,none,none,agent_0,agent_3,0,mixed,2.5,6298,0.28421721181327403,0.7157827881867259,0.14887588838962362,-18.067044916068536,0.14623690060336614,0.25859589333899374,0.11945431748725287,-0.13914157585174036,-10.929923515730186,-20.380115367801046,-9.450191852070862,0.25849476024134643,0.11765639885677993,-0.14083836138456654,0.1173388377262623,0.031756113051762465,150000
<SOURCE_VECSTRAIGHT_REPO>/remote-results/phase3_vecstraight_clean_msgsource_learned_15seeds_remote_20260410/train/cond1_seed707.pt,cond1,707,9001,greedy,none,none,none,none,agent_1,agent_0,0,mixed,2.5,6298,0.4536360749444268,0.5463639250555732,0.23271479744853482,-13.315635371218601,0.23150206414734836,0.0902240311465275,0.34001631097468155,0.24979227982815455,-20.812955397112894,-6.634254922596433,14.17870047451646,0.08939345824071133,0.3380438234360114,0.2486503651953001,0.14242616703715466,0.10654175928866307,150000
<SOURCE_VECSTRAIGHT_REPO>/remote-results/phase3_vecstraight_clean_msgsource_learned_15seeds_remote_20260410/train/cond1_seed707.pt,cond1,707,9001,greedy,none,none,none,none,agent_1,agent_1,1,mixed,2.5,6298,0.4536360749444268,0.5463639250555732,0.2708781655848473,-8.106993301392132,0.26897427754842806,0.35413591947043715,0.24096911865394097,-0.11316680081649624,-5.6958874778715005,-10.290204779619677,-4.594317301748177,0.35344553826611624,0.24023499523658304,-0.11321054302953318,0.10288980628771038,0.034772943791679896,150000
<SOURCE_VECSTRAIGHT_REPO>/remote-results/phase3_vecstraight_clean_msgsource_learned_15seeds_remote_20260410/train/cond1_seed707.pt,cond1,707,9001,greedy,none,none,none,none,agent_1,agent_2,0,mixed,2.5,6298,0.4536360749444268,0.5463639250555732,0.23679174494835273,-15.396730307516842,0.23642426167037153,0.4194467970805668,0.11218891952687567,-0.3072578775536906,-6.773176704746044,-23.078497724524183,-16.30532101977814,0.41965703397904097,0.11035249285487456,-0.3093045411241664,0.1832327723086694,0.12607176881549698,150000
<SOURCE_VECSTRAIGHT_REPO>/remote-results/phase3_vecstraight_clean_msgsource_learned_15seeds_remote_20260410/train/cond1_seed707.pt,cond1,707,9001,greedy,none,none,none,none,agent_1,agent_3,0,mixed,2.5,6298,0.4536360749444268,0.5463639250555732,0.14887588838962362,-18.067044916068536,0.14623690060336614,0.2661086701262072,0.08762590086419522,-0.17848276926201198,-9.272018879017931,-26.05199785728839,-16.77997897827046,0.26119402985074625,0.08701174976182915,-0.17418228008891712,0.11495712924738012,0.059225150841537,150000
<SOURCE_VECSTRAIGHT_REPO>/remote-results/phase3_vecstraight_clean_msgsource_learned_15seeds_remote_20260410/train/cond1_seed707.pt,cond1,707,9001,greedy,none,none,none,none,agent_2,agent_0,0,mixed,2.5,6298,0.18482057796125753,0.8151794220387425,0.23271479744853482,-13.315635371218601,0.23150206414734836,0.37103951473180213,0.21332091118107338,-0.15771860355072764,-4.597043783989226,-14.307524546590466,-9.71048076260124,0.3686884725309622,0.21292473801206732,-0.1557637345188949,0.14734836456017783,0.03000952683391553,150000
<SOURCE_VECSTRAIGHT_REPO>/remote-results/phase3_vecstraight_clean_msgsource_learned_15seeds_remote_20260410/train/cond1_seed707.pt,cond1,707,9001,greedy,none,none,none,none,agent_2,agent_1,0,mixed,2.5,6298,0.18482057796125753,0.8151794220387425,0.2708781655848473,-8.106993301392132,0.26897427754842806,0.16452597584265166,0.30822793062707526,0.14370195478442263,-14.010039821385428,-6.503382621350156,7.5066572000352725,0.162432518259765,0.3075579549063195,0.14512543664655447,0.10939980946332169,0.04048904414099714,150000
<SOURCE_VECSTRAIGHT_REPO>/remote-results/phase3_vecstraight_clean_msgsource_learned_15seeds_remote_20260410/train/cond1_seed707.pt,cond1,707,9001,greedy,none,none,none,none,agent_2,agent_2,1,mixed,2.5,6298,0.18482057796125753,0.8151794220387425,0.23679174494835273,-15.396730307516842,0.23642426167037153,0.3972141579227411,0.22732257090733293,-0.16989158701540855,-6.097093772485015,-16.29444295424399,-10.197349181758975,0.396792632581772,0.22626230549380755,-0.17053032708796442,0.16068593204191806,0.01905366783105748,150000
<SOURCE_VECSTRAIGHT_REPO>/remote-results/phase3_vecstraight_clean_msgsource_learned_15seeds_remote_20260410/train/cond1_seed707.pt,cond1,707,9001,greedy,none,none,none,none,agent_2,agent_3,0,mixed,2.5,6298,0.18482057796125753,0.8151794220387425,0.14887588838962362,-18.067044916068536,0.14623690060336614,0.1633475087483012,0.13727988053665444,-0.026067628211646893,-17.48587639972913,-18.8014654551339,-1.315589055404772,0.16195617656398856,0.13496348046999046,-0.026992696093998094,0.032550015878056525,0.01794220387424579,150000
<SOURCE_VECSTRAIGHT_REPO>/remote-results/phase3_vecstraight_clean_msgsource_learned_15seeds_remote_20260410/train/cond1_seed707.pt,cond1,707,9001,greedy,none,none,none,none,agent_3,agent_0,0,mixed,2.5,6298,0.5995554144172753,0.40044458558272467,0.23271479744853482,-13.315635371218601,0.23150206414734836,0.25396419980535767,0.1947166500408371,-0.05924754976452052,-11.367655881016585,-16.229030686953816,-4.861374805937233,0.2526198793267704,0.1932359479199746,-0.059383931406795806,0.053509050492219754,0.08145442997777072,150000
<SOURCE_VECSTRAIGHT_REPO>/remote-results/phase3_vecstraight_clean_msgsource_learned_15seeds_remote_20260410/train/cond1_seed707.pt,cond1,707,9001,greedy,none,none,none,none,agent_3,agent_1,0,mixed,2.5,6298,0.5995554144172753,0.40044458558272467,0.2708781655848473,-8.106993301392132,0.26897427754842806,0.26457762255849115,0.27753794354821204,0.012960320989721174,-8.331415039228991,-7.764571446999931,0.5668435922290606,0.263099396633852,0.2742140362019689,0.011114639568116862,0.04874563353445538,0.06938710701810098,150000
<SOURCE_VECSTRAIGHT_REPO>/remote-results/phase3_vecstraight_clean_msgsource_learned_15seeds_remote_20260410/train/cond1_seed707.pt,cond1,707,9001,greedy,none,none,none,none,agent_3,agent_2,0,mixed,2.5,6298,0.5995554144172753,0.40044458558272467,0.23679174494835273,-15.396730307516842,0.23642426167037153,0.1578098476876598,0.3472703860563101,0.18946053836864968,-20.241440895328488,-8.237354555851923,12.004086339476563,0.1586217846935535,0.34614163226421085,0.18751984757065734,0.07843759923785329,0.11035249285487456,150000
<SOURCE_VECSTRAIGHT_REPO>/remote-results/phase3_vecstraight_clean_msgsource_learned_15seeds_remote_20260410/train/cond1_seed707.pt,cond1,707,9001,greedy,none,none,none,none,agent_3,agent_3,1,mixed,2.5,6298,0.5995554144172753,0.40044458558272467,0.14887588838962362,-18.067044916068536,0.14623690060336614,0.09178367702478205,0.17065307261164664,0.07886939558686447,-22.160566614705935,-12.255925190121305,9.90464142458463,0.0916163861543347,0.16814861860908226,0.07653223245474754,0.057161003493172435,0.024452207049857098,150000
<SOURCE_VECSTRAIGHT_REPO>/remote-results/phase3_vecstraight_clean_msgsource_learned_15seeds_remote_20260410/train/cond1_seed707.pt,cond1,707,9001,greedy,none,none,none,none,agent_0,agent_0,1,mixed,3.5,6673,0.9652330286228084,0.03476697137719167,0.5715659120494939,1.2540099735486352,0.5610669863629552,0.565617690198715,0.6883390196597288,0.1227213294610143,0.9465000010690785,6.443461318725181,5.496961317656102,0.5553723962235876,0.6875468305110145,0.13217443428742695,0.005694590139367601,0.1318747190169339,150000
<SOURCE_VECSTRAIGHT_REPO>/remote-results/phase3_vecstraight_clean_msgsource_learned_15seeds_remote_20260410/train/cond1_seed707.pt,cond1,707,9001,greedy,none,none,none,none,agent_0,agent_1,0,mixed,3.5,6673,0.9652330286228084,0.03476697137719167,0.9883038483216395,26.44211266943134,0.9887606773565113,0.9926415409883549,0.970523886463016,-0.022117654525338946,26.889961651878238,13.606644889466251,-13.283316762411985,0.9931065487786602,0.9754233478195714,-0.017683200959088867,0.004345871422148958,0.01933163494680054,150000
<SOURCE_VECSTRAIGHT_REPO>/remote-results/phase3_vecstraight_clean_msgsource_learned_15seeds_remote_20260410/train/cond1_seed707.pt,cond1,707,9001,greedy,none,none,none,none,agent_0,agent_2,0,mixed,3.5,6673,0.9652330286228084,0.03476697137719167,0.9931843975167456,15.92535800484905,0.9932564064139068,0.9936802393738638,0.9890511875014752,-0.004629051872388581,16.050286743606243,10.138088986458458,-5.912197757147785,0.9935561216843998,0.9901093960737299,-0.0034467256106698635,0.0008991458114790948,0.006144163045107148,150000
<SOURCE_VECSTRAIGHT_REPO>/remote-results/phase3_vecstraight_clean_msgsource_learned_15seeds_remote_20260410/train/cond1_seed707.pt,cond1,707,9001,greedy,none,none,none,none,agent_0,agent_3,0,mixed,3.5,6673,0.9652330286228084,0.03476697137719167,0.9725399846737803,9.618274096760741,0.9779709276187621,0.9801723188571512,0.9686869015988314,-0.011485417258319548,9.793000312620029,11.836475388959629,2.0434750763395995,0.9859133822868276,0.9692791847744643,-0.016634197512363256,0.008242169938558369,0.013786902442679454,150000
<SOURCE_VECSTRAIGHT_REPO>/remote-results/phase3_vecstraight_clean_msgsource_learned_15seeds_remote_20260410/train/cond1_seed707.pt,cond1,707,9001,greedy,none,none,none,none,agent_1,agent_0,0,mixed,3.5,6673,0.9172785853439233,0.08272141465607673,0.5715659120494939,1.2540099735486352,0.5610669863629552,0.5168708912179037,0.8995208365832814,0.38264994536537744,0.350736453450371,5.885791275082509,5.535054821632138,0.5054698036864979,0.9135321444627604,0.4080623407762626,0.055597182676457364,0.35336430391128426,150000
<SOURCE_VECSTRAIGHT_REPO>/remote-results/phase3_vecstraight_clean_msgsource_learned_15seeds_remote_20260410/train/cond1_seed707.pt,cond1,707,9001,greedy,none,none,none,none,agent_1,agent_1,1,mixed,3.5,6673,0.9172785853439233,0.08272141465607673,0.9883038483216395,26.44211266943134,0.9887606773565113,0.9948407627807853,0.9835504673394274,-0.011290295441357857,27.355792297115393,18.69880352455441,-8.656988772560984,0.9949048404016184,0.9844148059343624,-0.010490034467256106,0.006743593586093211,0.00464558669264199,150000
<SOURCE_VECSTRAIGHT_REPO>/remote-results/phase3_vecstraight_clean_msgsource_learned_15seeds_remote_20260410/train/cond1_seed707.pt,cond1,707,9001,greedy,none,none,none,none,agent_1,agent_2,0,mixed,3.5,6673,0.9172785853439233,0.08272141465607673,0.9931843975167456,15.92535800484905,0.9932564064139068,0.9952872820282377,0.9602380592999133,-0.03504922272832411,16.125911660844125,12.197632588824643,-3.928279072019483,0.9952045556721115,0.9623857335531245,-0.032818822118986964,0.0019481492582047056,0.030870672860782256,150000
<SOURCE_VECSTRAIGHT_REPO>/remote-results/phase3_vecstraight_clean_msgsource_learned_15seeds_remote_20260410/train/cond1_seed707.pt,cond1,707,9001,greedy,none,none,none,none,agent_1,agent_3,0,mixed,3.5,6673,0.9172785853439233,0.08272141465607673,0.9725399846737803,9.618274096760741,0.9779709276187621,0.9802282982085093,0.9353155870217634,-0.04491271118674635,9.522476457453518,11.425226164618014,1.9027497071644972,0.985763524651581,0.9372096508317099,-0.04855387381987112,0.007792597032818822,0.04255956841001049,150000
<SOURCE_VECSTRAIGHT_REPO>/remote-results/phase3_vecstraight_clean_msgsource_learned_15seeds_remote_20260410/train/cond1_seed707.pt,cond1,707,9001,greedy,none,none,none,none,agent_2,agent_0,0,mixed,3.5,6673,0.43308856586243066,0.5669114341375693,0.5715659120494939,1.2540099735486352,0.5610669863629552,0.5738765185001381,0.5835244757038928,0.009647957203755223,1.4230003499402362,1.5001773182221765,0.07717696828194041,0.5679604375842949,0.5697587292072531,0.0017982916229581896,0.04525700584444777,0.04495729057395474,150000
<SOURCE_VECSTRAIGHT_REPO>/remote-results/phase3_vecstraight_clean_msgsource_learned_15seeds_remote_20260410/train/cond1_seed707.pt,cond1,707,9001,greedy,none,none,none,none,agent_2,agent_1,0,mixed,3.5,6673,0.43308856586243066,0.5669114341375693,0.9883038483216395,26.44211266943134,0.9887606773565113,0.9689039365932325,0.9942384316674807,0.025334495074248432,19.50085430095779,31.691489540180058,12.190635239222267,0.9703281882211898,0.9943054098606324,0.02397722163944253,0.018732204405814475,0.005544732504121085,150000
<SOURCE_VECSTRAIGHT_REPO>/remote-results/phase3_vecstraight_clean_msgsource_learned_15seeds_remote_20260410/train/cond1_seed707.pt,cond1,707,9001,greedy,none,none,none,none,agent_2,agent_2,1,mixed,3.5,6673,0.43308856586243066,0.5669114341375693,0.9931843975167456,15.92535800484905,0.9932564064139068,0.9960545517081565,0.9926448944502096,-0.003409657257946921,17.342403772485394,14.906008565692053,-2.436395206793341,0.9961037014835906,0.9934062640491533,-0.0026974374344372848,0.0028472950696838005,0.0007492881762325791,150000
<SOURCE_VECSTRAIGHT_REPO>/remote-results/phase3_vecstraight_clean_msgsource_learned_15seeds_remote_20260410/train/cond1_seed707.pt,cond1,707,9001,greedy,none,none,none,none,agent_2,agent_3,0,mixed,3.5,6673,0.43308856586243066,0.5669114341375693,0.9725399846737803,9.618274096760741,0.9779709276187621,0.9777837543259139,0.9662123743941611,-0.01157137993175257,12.980609785455574,6.7302449978123216,-6.250364787643252,0.9778210699835157,0.9769219241720366,-0.0008991458114790948,0.009141315750037465,0.0016484339877116739,150000
<SOURCE_VECSTRAIGHT_REPO>/remote-results/phase3_vecstraight_clean_msgsource_learned_15seeds_remote_20260410/train/cond1_seed707.pt,cond1,707,9001,greedy,none,none,none,none,agent_3,agent_0,0,mixed,3.5,6673,0.6198111793795894,0.3801888206204106,0.5715659120494939,1.2540099735486352,0.5610669863629552,0.6863490036001932,0.3825109356548939,-0.30383806794529916,3.2047631883909724,-1.8058075690093505,-5.010570757400323,0.6918927019331635,0.41001049003446727,-0.2818822118986962,0.15959838153753933,0.21040011988610818,150000
<SOURCE_VECSTRAIGHT_REPO>/remote-results/phase3_vecstraight_clean_msgsource_learned_15seeds_remote_20260410/train/cond1_seed707.pt,cond1,707,9001,greedy,none,none,none,none,agent_3,agent_1,0,mixed,3.5,6673,0.6198111793795894,0.3801888206204106,0.9883038483216395,26.44211266943134,0.9887606773565113,0.99198485310817,0.9880814413149058,-0.0039034117932643035,26.020737019021812,27.254505016770512,1.2337679977487022,0.9919076876966881,0.9886108197212647,-0.0032968679754233478,0.007343024127079274,0.0019481492582047056,150000
<SOURCE_VECSTRAIGHT_REPO>/remote-results/phase3_vecstraight_clean_msgsource_learned_15seeds_remote_20260410/train/cond1_seed707.pt,cond1,707,9001,greedy,none,none,none,none,agent_3,agent_2,0,mixed,3.5,6673,0.6198111793795894,0.3801888206204106,0.9931843975167456,15.92535800484905,0.9932564064139068,0.9859126597493286,0.9958823695402619,0.009969709790933203,15.834167095963858,14.786899368261516,-1.0472677277023426,0.9865128128278136,0.9959538438483441,0.009441031020530496,0.006743593586093211,0.0029971527049303163,150000
<SOURCE_VECSTRAIGHT_REPO>/remote-results/phase3_vecstraight_clean_msgsource_learned_15seeds_remote_20260410/train/cond1_seed707.pt,cond1,707,9001,greedy,none,none,none,none,agent_3,agent_3,1,mixed,3.5,6673,0.6198111793795894,0.3801888206204106,0.9725399846737803,9.618274096760741,0.9779709276187621,0.9490575718805544,0.9813071707760889,0.03224959889553465,8.3831190512971,10.64432579921172,2.2612067479146183,0.9554922823317848,0.9815675108646785,0.026075228532893752,0.02247864528697737,0.0035965832459163793,150000
<SOURCE_VECSTRAIGHT_REPO>/remote-results/phase3_vecstraight_clean_msgsource_learned_15seeds_remote_20260410/train/cond1_seed707.pt,cond1,707,9001,greedy,none,none,none,none,agent_0,agent_0,1,cooperative,5.0,5917,0.9998309954368768,0.0001690045631232043,0.979904658381618,17.041758400431977,0.9802264661145851,0.97973651382367,0.9990326877339015,0.019296173910231522,17.0371610896071,24.466796997372356,7.429635907765254,0.9800574615514619,0.9996619908737536,0.019604529322291703,0.0001690045631232043,0.019435524759168498,150000
<SOURCE_VECSTRAIGHT_REPO>/remote-results/phase3_vecstraight_clean_msgsource_learned_15seeds_remote_20260410/train/cond1_seed707.pt,cond1,707,9001,greedy,none,none,none,none,agent_0,agent_1,0,cooperative,5.0,5917,0.9998309954368768,0.0001690045631232043,1.0,40.954730415376474,1.0,1.0,0.9999995755448179,-4.244551820611559e-07,40.956725870815504,30.414680115089073,-10.542045755726432,1.0,1.0,0.0,0.0,0.0,150000
<SOURCE_VECSTRAIGHT_REPO>/remote-results/phase3_vecstraight_clean_msgsource_learned_15seeds_remote_20260410/train/cond1_seed707.pt,cond1,707,9001,greedy,none,none,none,none,agent_0,agent_2,0,cooperative,5.0,5917,0.9998309954368768,0.0001690045631232043,0.99999996794626,19.133694626822834,1.0,0.99999996794626,0.9999792010211573,-2.076692510259621e-05,19.13415330661518,12.107667428165428,-7.02648587844975,1.0,1.0,0.0,0.0,0.0,150000
<SOURCE_VECSTRAIGHT_REPO>/remote-results/phase3_vecstraight_clean_msgsource_learned_15seeds_remote_20260410/train/cond1_seed707.pt,cond1,707,9001,greedy,none,none,none,none,agent_0,agent_3,0,cooperative,5.0,5917,0.9998309954368768,0.0001690045631232043,0.7449157074894501,3.770603519648903,0.7380429271590333,0.7449165064858351,0.9596617315238405,0.21474522503800544,3.77184398721879,5.912645070641875,2.140801083423085,0.7380429271590333,0.9896907216494846,0.2516477944904512,0.0,0.26990028730775734,150000
<SOURCE_VECSTRAIGHT_REPO>/remote-results/phase3_vecstraight_clean_msgsource_learned_15seeds_remote_20260410/train/cond1_seed707.pt,cond1,707,9001,greedy,none,none,none,none,agent_1,agent_0,0,cooperative,5.0,5917,1.0,0.0,0.979904658381618,17.041758400431977,0.9802264661145851,0.979904658381618,0.9998773701069664,0.019972711725348414,17.041758400431977,17.897359746079076,0.8556013456471007,0.9802264661145851,1.0,0.019773533885414907,0.0,0.019773533885414907,150000
<SOURCE_VECSTRAIGHT_REPO>/remote-results/phase3_vecstraight_clean_msgsource_learned_15seeds_remote_20260410/train/cond1_seed707.pt,cond1,707,9001,greedy,none,none,none,none,agent_1,agent_1,1,cooperative,5.0,5917,1.0,0.0,1.0,40.954730415376474,1.0,1.0,0.9999999822505689,-1.7749431146567227e-08,40.954730415376474,27.476310094949742,-13.47842032042673,1.0,1.0,0.0,0.0,0.0,150000
<SOURCE_VECSTRAIGHT_REPO>/remote-results/phase3_vecstraight_clean_msgsource_learned_15seeds_remote_20260410/train/cond1_seed707.pt,cond1,707,9001,greedy,none,none,none,none,agent_1,agent_2,0,cooperative,5.0,5917,1.0,0.0,0.99999996794626,19.133694626822834,1.0,0.99999996794626,0.9995046906750564,-0.000495277271203562,19.133694626822834,16.271779860881246,-2.861914765941587,1.0,0.9994929863106304,-0.000507013689369613,0.0,0.000507013689369613,150000
<SOURCE_VECSTRAIGHT_REPO>/remote-results/phase3_vecstraight_clean_msgsource_learned_15seeds_remote_20260410/train/cond1_seed707.pt,cond1,707,9001,greedy,none,none,none,none,agent_1,agent_3,0,cooperative,5.0,5917,1.0,0.0,0.7449157074894501,3.770603519648903,0.7380429271590333,0.7449157074894501,0.9912402149707855,0.24632450748133544,3.770603519648903,10.461599693913627,6.690996174264724,0.7380429271590333,0.9922257900963326,0.2541828629372993,0.0,0.2697312827446341,150000
<SOURCE_VECSTRAIGHT_REPO>/remote-results/phase3_vecstraight_clean_msgsource_learned_15seeds_remote_20260410/train/cond1_seed707.pt,cond1,707,9001,greedy,none,none,none,none,agent_2,agent_0,0,cooperative,5.0,5917,0.1286124725367585,0.8713875274632416,0.979904658381618,17.041758400431977,0.9802264661145851,0.9964626166067334,0.9798965100630254,-0.01656610654370797,15.541715615919278,17.34468938441006,1.8029737684907836,0.9984789589318912,0.9802264661145851,-0.01825249281730607,0.01825249281730607,0.0,150000
<SOURCE_VECSTRAIGHT_REPO>/remote-results/phase3_vecstraight_clean_msgsource_learned_15seeds_remote_20260410/train/cond1_seed707.pt,cond1,707,9001,greedy,none,none,none,none,agent_2,agent_1,0,cooperative,5.0,5917,0.1286124725367585,0.8713875274632416,1.0,40.954730415376474,1.0,0.9999999959504703,1.0,4.049529694052228e-09,30.07219179091229,42.52605692083537,12.453865129923082,1.0,1.0,0.0,0.0,0.0,150000
<SOURCE_VECSTRAIGHT_REPO>/remote-results/phase3_vecstraight_clean_msgsource_learned_15seeds_remote_20260410/train/cond1_seed707.pt,cond1,707,9001,greedy,none,none,none,none,agent_2,agent_2,1,cooperative,5.0,5917,0.1286124725367585,0.8713875274632416,0.99999996794626,19.133694626822834,1.0,0.9999999895840456,0.9999999641586401,-2.5425405342755778e-08,21.914324320267237,18.776547869859122,-3.1377764504081154,1.0,1.0,0.0,0.0,0.0,150000
<SOURCE_VECSTRAIGHT_REPO>/remote-results/phase3_vecstraight_clean_msgsource_learned_15seeds_remote_20260410/train/cond1_seed707.pt,cond1,707,9001,greedy,none,none,none,none,agent_2,agent_3,0,cooperative,5.0,5917,0.1286124725367585,0.8713875274632416,0.7449157074894501,3.770603519648903,0.7380429271590333,0.9988746291804962,0.6834698240540277,-0.3154048051264685,8.632935756633305,2.829312446503416,-5.803623310129889,1.0,0.6699340882203819,-0.330065911779618,0.2619570728409667,0.06810883893865134,150000
<SOURCE_VECSTRAIGHT_REPO>/remote-results/phase3_vecstraight_clean_msgsource_learned_15seeds_remote_20260410/train/cond1_seed707.pt,cond1,707,9001,greedy,none,none,none,none,agent_3,agent_0,0,cooperative,5.0,5917,0.9531857360148724,0.0468142639851276,0.979904658381618,17.041758400431977,0.9802264661145851,0.9991192405903956,0.6637688288400609,-0.33535041175033464,17.91759493882811,1.1518067740293014,-16.765788164798806,0.9993239817475071,0.7285786716241338,-0.27074531012337333,0.01909751563292209,0.2516477944904512,150000
<SOURCE_VECSTRAIGHT_REPO>/remote-results/phase3_vecstraight_clean_msgsource_learned_15seeds_remote_20260410/train/cond1_seed707.pt,cond1,707,9001,greedy,none,none,none,none,agent_3,agent_1,0,cooperative,5.0,5917,0.9531857360148724,0.0468142639851276,1.0,40.954730415376474,1.0,1.0,1.0,0.0,40.69806281839731,45.04823072677491,4.350167908377597,1.0,1.0,0.0,0.0,0.0,150000
<SOURCE_VECSTRAIGHT_REPO>/remote-results/phase3_vecstraight_clean_msgsource_learned_15seeds_remote_20260410/train/cond1_seed707.pt,cond1,707,9001,greedy,none,none,none,none,agent_3,agent_2,0,cooperative,5.0,5917,0.9531857360148724,0.0468142639851276,0.99999996794626,19.133694626822834,1.0,0.9999999679865538,0.9999985256689876,-1.4423175661552187e-06,19.09087545041279,18.169558735580406,-0.9213167148323826,1.0,1.0,0.0,0.0,0.0,150000
<SOURCE_VECSTRAIGHT_REPO>/remote-results/phase3_vecstraight_clean_msgsource_learned_15seeds_remote_20260410/train/cond1_seed707.pt,cond1,707,9001,greedy,none,none,none,none,agent_3,agent_3,1,cooperative,5.0,5917,0.9531857360148724,0.0468142639851276,0.7449157074894501,3.770603519648903,0.7380429271590333,0.7439737491172235,0.9807657549686281,0.23679200585140459,3.651347039216109,7.117304790688866,3.4659577514727573,0.7380429271590333,0.9994929863106304,0.2614500591515971,0.0,0.2614500591515971,150000
<SOURCE_VECSTRAIGHT_REPO>/remote-results/phase3_vecstraight_clean_msgsource_learned_15seeds_remote_20260410/train/cond1_seed808.pt,cond1,808,9001,greedy,none,none,none,none,agent_0,agent_0,1,competitive,0.5,5288,0.02798789712556732,0.9720121028744326,1.0738930242459586e-06,-71.19893907355468,0.0,1.073893035994311e-06,2.7513077883328225e-14,-1.0738930084812325e-06,-60.154677339202514,-71.7538343464192,-11.599157007216686,0.0,0.0,0.0,0.0,0.0,150000
<SOURCE_VECSTRAIGHT_REPO>/remote-results/phase3_vecstraight_clean_msgsource_learned_15seeds_remote_20260410/train/cond1_seed808.pt,cond1,808,9001,greedy,none,none,none,none,agent_0,agent_1,0,competitive,0.5,5288,0.02798789712556732,0.9720121028744326,0.0003756636502990643,-56.08188886611346,0.00037821482602118004,0.00035098146744761305,7.77305578883575e-05,-0.000273250909559256,-61.721537883135625,-55.880798475554776,5.840739407580847,0.00037821482602118004,0.0,-0.00037821482602118004,0.0,0.00037821482602118004,150000
<SOURCE_VECSTRAIGHT_REPO>/remote-results/phase3_vecstraight_clean_msgsource_learned_15seeds_remote_20260410/train/cond1_seed808.pt,cond1,808,9001,greedy,none,none,none,none,agent_0,agent_2,0,competitive,0.5,5288,0.02798789712556732,0.9720121028744326,2.8948006746029823e-05,-52.11075067488581,0.0,0.00018851661735137698,2.876017210884078e-05,-0.00015975644524253644,-42.48843626977817,-52.183013353378435,-9.69457708360027,0.00018910741301059002,0.0,-0.00018910741301059002,0.00018910741301059002,0.0,150000
<SOURCE_VECSTRAIGHT_REPO>/remote-results/phase3_vecstraight_clean_msgsource_learned_15seeds_remote_20260410/train/cond1_seed808.pt,cond1,808,9001,greedy,none,none,none,none,agent_0,agent_3,0,competitive,0.5,5288,0.02798789712556732,0.9720121028744326,1.3455345380430483e-13,-53.426310946108174,0.0,1.0593149031500226e-13,1.047467102612977e-11,1.0368739535814764e-11,-57.5575127168791,-53.58480095827273,3.9727117586063727,0.0,0.0,0.0,0.0,0.0,150000
<SOURCE_VECSTRAIGHT_REPO>/remote-results/phase3_vecstraight_clean_msgsource_learned_15seeds_remote_20260410/train/cond1_seed808.pt,cond1,808,9001,greedy,none,none,none,none,agent_1,agent_0,0,competitive,0.5,5288,0.009833585476550681,0.9901664145234493,1.0738930242459586e-06,-71.19893907355468,0.0,6.839379619488462e-05,9.683944315052549e-07,-6.742540176337936e-05,-64.87771265351871,-71.2200196075187,-6.342306953999982,0.0,0.0,0.0,0.0,0.0,150000
<SOURCE_VECSTRAIGHT_REPO>/remote-results/phase3_vecstraight_clean_msgsource_learned_15seeds_remote_20260410/train/cond1_seed808.pt,cond1,808,9001,greedy,none,none,none,none,agent_1,agent_1,1,competitive,0.5,5288,0.009833585476550681,0.9901664145234493,0.0003756636502990643,-56.08188886611346,0.00037821482602118004,0.0007351291667106474,2.770283061760128e-08,-0.0007351014638800317,-57.29473580343934,-56.11607410489341,1.1786616985459282,0.0007564296520423601,0.0,-0.0007564296520423601,0.00037821482602118004,0.00037821482602118004,150000
<SOURCE_VECSTRAIGHT_REPO>/remote-results/phase3_vecstraight_clean_msgsource_learned_15seeds_remote_20260410/train/cond1_seed808.pt,cond1,808,9001,greedy,none,none,none,none,agent_1,agent_2,0,competitive,0.5,5288,0.009833585476550681,0.9901664145234493,2.8948006746029823e-05,-52.11075067488581,0.0,0.0002034054807036845,2.8758656714128083e-05,-0.0001746468239895565,-43.64607291534521,-52.2695062353914,-8.623433320046193,0.00018910741301059002,0.0,-0.00018910741301059002,0.00018910741301059002,0.0,150000
<SOURCE_VECSTRAIGHT_REPO>/remote-results/phase3_vecstraight_clean_msgsource_learned_15seeds_remote_20260410/train/cond1_seed808.pt,cond1,808,9001,greedy,none,none,none,none,agent_1,agent_3,0,competitive,0.5,5288,0.009833585476550681,0.9901664145234493,1.3455345380430483e-13,-53.426310946108174,0.0,2.382038119025664e-08,3.974557129224941e-12,-2.3816406633127598e-08,-53.25849726052219,-53.36403739145772,-0.10554013093553044,0.0,0.0,0.0,0.0,0.0,150000
<SOURCE_VECSTRAIGHT_REPO>/remote-results/phase3_vecstraight_clean_msgsource_learned_15seeds_remote_20260410/train/cond1_seed808.pt,cond1,808,9001,greedy,none,none,none,none,agent_2,agent_0,0,competitive,0.5,5288,0.802571860816944,0.197428139183056,1.0738930242459586e-06,-71.19893907355468,0.0,1.7946669936514018e-10,1.07389532778303e-06,1.0737158610836636e-06,-71.90722900295403,-69.7553033198423,2.151925683111719,0.0,0.0,0.0,0.0,0.0,150000
<SOURCE_VECSTRAIGHT_REPO>/remote-results/phase3_vecstraight_clean_msgsource_learned_15seeds_remote_20260410/train/cond1_seed808.pt,cond1,808,9001,greedy,none,none,none,none,agent_2,agent_1,0,competitive,0.5,5288,0.802571860816944,0.197428139183056,0.0003756636502990643,-56.08188886611346,0.00037821482602118004,0.00027127886360273963,0.0005259849864951039,0.00025470612289236425,-56.5889826627637,-54.31713882187852,2.27184384088518,0.00018910741301059002,0.0005673222390317701,0.00037821482602118004,0.00018910741301059002,0.00018910741301059002,150000
<SOURCE_VECSTRAIGHT_REPO>/remote-results/phase3_vecstraight_clean_msgsource_learned_15seeds_remote_20260410/train/cond1_seed808.pt,cond1,808,9001,greedy,none,none,none,none,agent_2,agent_2,1,competitive,0.5,5288,0.802571860816944,0.197428139183056,2.8948006746029823e-05,-52.11075067488581,0.0,3.0298980528277134e-05,0.0001543054263802507,0.00012400644585197426,-52.63793872078139,-51.83849616057934,0.7994425602020546,0.0,0.00018910741301059002,0.00018910741301059002,0.0,0.00018910741301059002,150000
<SOURCE_VECSTRAIGHT_REPO>/remote-results/phase3_vecstraight_clean_msgsource_learned_15seeds_remote_20260410/train/cond1_seed808.pt,cond1,808,9001,greedy,none,none,none,none,agent_2,agent_3,0,competitive,0.5,5288,0.802571860816944,0.197428139183056,1.3455345380430483e-13,-53.426310946108174,0.0,1.8641608878120564e-12,6.056726547213586e-13,-1.2584882330906992e-12,-54.0622984125827,-50.851649599609146,3.2106488129735533,0.0,0.0,0.0,0.0,0.0,150000
<SOURCE_VECSTRAIGHT_REPO>/remote-results/phase3_vecstraight_clean_msgsource_learned_15seeds_remote_20260410/train/cond1_seed808.pt,cond1,808,9001,greedy,none,none,none,none,agent_3,agent_0,0,competitive,0.5,5288,0.28006807866868383,0.7199319213313162,1.0738930242459586e-06,-71.19893907355468,0.0,2.315768087360486e-09,0.0002787500950892997,0.0002787477793212123,-81.1195142151909,-67.46557495807285,13.653939257118056,0.0,0.00018910741301059002,0.00018910741301059002,0.0,0.00018910741301059002,150000
<SOURCE_VECSTRAIGHT_REPO>/remote-results/phase3_vecstraight_clean_msgsource_learned_15seeds_remote_20260410/train/cond1_seed808.pt,cond1,808,9001,greedy,none,none,none,none,agent_3,agent_1,0,competitive,0.5,5288,0.28006807866868383,0.7199319213313162,0.0003756636502990643,-56.08188886611346,0.00037821482602118004,0.00033992449438361675,0.0008270131949911094,0.00048708870060749346,-55.757941770706886,-56.238205685219675,-0.48026391451279443,0.00037821482602118004,0.0007564296520423601,0.00037821482602118004,0.0,0.00037821482602118004,150000
<SOURCE_VECSTRAIGHT_REPO>/remote-results/phase3_vecstraight_clean_msgsource_learned_15seeds_remote_20260410/train/cond1_seed808.pt,cond1,808,9001,greedy,none,none,none,none,agent_3,agent_2,0,competitive,0.5,5288,0.28006807866868383,0.7199319213313162,2.8948006746029823e-05,-52.11075067488581,0.0,3.3284323152897756e-07,7.75076518772719e-05,7.717480864574313e-05,-54.33339086350803,-51.147717992043894,3.1856728714641394,0.0,0.0,0.0,0.0,0.0,150000
<SOURCE_VECSTRAIGHT_REPO>/remote-results/phase3_vecstraight_clean_msgsource_learned_15seeds_remote_20260410/train/cond1_seed808.pt,cond1,808,9001,greedy,none,none,none,none,agent_3,agent_3,1,competitive,0.5,5288,0.28006807866868383,0.7199319213313162,1.3455345380430483e-13,-53.426310946108174,0.0,1.3455308805581406e-13,4.204662517792201e-11,4.1912072089866157e-11,-70.00020420893959,-48.65824934862746,21.341954860312136,0.0,0.0,0.0,0.0,0.0,150000
<SOURCE_VECSTRAIGHT_REPO>/remote-results/phase3_vecstraight_clean_msgsource_learned_15seeds_remote_20260410/train/cond1_seed808.pt,cond1,808,9001,greedy,none,none,none,none,agent_0,agent_0,1,mixed,1.5,5824,0.05065247252747253,0.9493475274725275,0.00036315416670561695,-67.87456044948732,0.00017170329670329672,0.0005171476591732193,1.640817629658658e-05,-0.0005007394828766326,-60.396629959969154,-68.5467114566856,-8.150081496716446,0.00034340659340659343,0.0,-0.00034340659340659343,0.00017170329670329672,0.00017170329670329672,150000
<SOURCE_VECSTRAIGHT_REPO>/remote-results/phase3_vecstraight_clean_msgsource_learned_15seeds_remote_20260410/train/cond1_seed808.pt,cond1,808,9001,greedy,none,none,none,none,agent_0,agent_1,0,mixed,1.5,5824,0.05065247252747253,0.9493475274725275,0.010824912882993724,-40.19255605935641,0.010645604395604396,0.010816493151345663,0.010706801732049338,-0.00010969141929630874,-44.724231229787996,-40.00589836887621,4.718332860911787,0.01098901098901099,0.010645604395604396,-0.00034340659340659343,0.0013736263736263737,0.0037774725274725275,150000
<SOURCE_VECSTRAIGHT_REPO>/remote-results/phase3_vecstraight_clean_msgsource_learned_15seeds_remote_20260410/train/cond1_seed808.pt,cond1,808,9001,greedy,none,none,none,none,agent_0,agent_2,0,mixed,1.5,5824,0.05065247252747253,0.9493475274725275,0.0022933995121015086,-31.151825931591013,0.002403846153846154,0.0058038242476647845,0.0005829332145362532,-0.005220891033128521,-25.772257888183038,-31.331200508388005,-5.5589426202049665,0.005494505494505495,0.0005151098901098901,-0.004979395604395604,0.0030906593406593405,0.0025755494505494505,150000
<SOURCE_VECSTRAIGHT_REPO>/remote-results/phase3_vecstraight_clean_msgsource_learned_15seeds_remote_20260410/train/cond1_seed808.pt,cond1,808,9001,greedy,none,none,none,none,agent_0,agent_3,0,mixed,1.5,5824,0.05065247252747253,0.9493475274725275,5.8428527089059814e-05,-43.795277205695,0.0,4.958789049490138e-05,1.0977449852598038e-05,-3.861044064230338e-05,-49.16211787162983,-43.80964679610762,5.352471075522212,0.0,0.0,0.0,0.0,0.0,150000
<SOURCE_VECSTRAIGHT_REPO>/remote-results/phase3_vecstraight_clean_msgsource_learned_15seeds_remote_20260410/train/cond1_seed808.pt,cond1,808,9001,greedy,none,none,none,none,agent_1,agent_0,0,mixed,1.5,5824,0.026442307692307692,0.9735576923076923,0.00036315416670561695,-67.87456044948732,0.00017170329670329672,0.0011635297342765252,0.00019455712561518477,-0.0009689726086613404,-64.45413868085245,-67.9013774545331,-3.4472387736806502,0.0010302197802197802,0.0,-0.0010302197802197802,0.0008585164835164835,0.00017170329670329672,150000
<SOURCE_VECSTRAIGHT_REPO>/remote-results/phase3_vecstraight_clean_msgsource_learned_15seeds_remote_20260410/train/cond1_seed808.pt,cond1,808,9001,greedy,none,none,none,none,agent_1,agent_1,1,mixed,1.5,5824,0.026442307692307692,0.9735576923076923,0.010824912882993724,-40.19255605935641,0.010645604395604396,0.014512416807822816,0.00228076031181132,-0.012231656496011588,-42.98151823615267,-40.44512892446409,2.5363893116885734,0.014251373626373626,0.0020604395604395605,-0.012190934065934066,0.003949175824175824,0.008928571428571428,150000
<SOURCE_VECSTRAIGHT_REPO>/remote-results/phase3_vecstraight_clean_msgsource_learned_15seeds_remote_20260410/train/cond1_seed808.pt,cond1,808,9001,greedy,none,none,none,none,agent_1,agent_2,0,mixed,1.5,5824,0.026442307692307692,0.9735576923076923,0.0022933995121015086,-31.151825931591013,0.002403846153846154,0.006018807352335228,0.0013441995078638939,-0.004674607844471355,-29.559397737178337,-31.36133894913799,-1.801941211959654,0.005494505494505495,0.001201923076923077,-0.004292582417582418,0.0030906593406593405,0.001201923076923077,150000
<SOURCE_VECSTRAIGHT_REPO>/remote-results/phase3_vecstraight_clean_msgsource_learned_15seeds_remote_20260410/train/cond1_seed808.pt,cond1,808,9001,greedy,none,none,none,none,agent_1,agent_3,0,mixed,1.5,5824,0.026442307692307692,0.9735576923076923,5.8428527089059814e-05,-43.795277205695,0.0,0.0021795055847669328,6.188928441714677e-05,-0.0021176163003497847,-33.541343650084684,-43.8622437669476,-10.320900116862914,0.0020604395604395605,0.0,-0.0020604395604395605,0.0020604395604395605,0.0,150000
<SOURCE_VECSTRAIGHT_REPO>/remote-results/phase3_vecstraight_clean_msgsource_learned_15seeds_remote_20260410/train/cond1_seed808.pt,cond1,808,9001,greedy,none,none,none,none,agent_2,agent_0,0,mixed,1.5,5824,0.9677197802197802,0.032280219780219783,0.00036315416670561695,-67.87456044948732,0.00017170329670329672,2.2984600275190335e-05,0.0003631862167256194,0.00034020161645042894,-68.3383806681895,-67.17339235741727,1.1649883107722296,0.0,0.00017170329670329672,0.00017170329670329672,0.00017170329670329672,0.0,150000
<SOURCE_VECSTRAIGHT_REPO>/remote-results/phase3_vecstraight_clean_msgsource_learned_15seeds_remote_20260410/train/cond1_seed808.pt,cond1,808,9001,greedy,none,none,none,none,agent_2,agent_1,0,mixed,1.5,5824,0.9677197802197802,0.032280219780219783,0.010824912882993724,-40.19255605935641,0.010645604395604396,0.00999030800388082,0.01145990694323225,0.0014695989393514524,-40.359671270178,-36.6639608972972,3.695710372880797,0.009615384615384616,0.01150412087912088,0.0018887362637362637,0.0010302197802197802,0.0008585164835164835,150000
<SOURCE_VECSTRAIGHT_REPO>/remote-results/phase3_vecstraight_clean_msgsource_learned_15seeds_remote_20260410/train/cond1_seed808.pt,cond1,808,9001,greedy,none,none,none,none,agent_2,agent_2,1,mixed,1.5,5824,0.9677197802197802,0.032280219780219783,0.0022933995121015086,-31.151825931591013,0.002403846153846154,0.002271625439765004,0.0018328630034501702,-0.00043876243631484275,-31.051226900870002,-32.45997618554048,-1.4087492846704732,0.0020604395604395605,0.001717032967032967,-0.00034340659340659343,0.00034340659340659343,0.0010302197802197802,150000
<SOURCE_VECSTRAIGHT_REPO>/remote-results/phase3_vecstraight_clean_msgsource_learned_15seeds_remote_20260410/train/cond1_seed808.pt,cond1,808,9001,greedy,none,none,none,none,agent_2,agent_3,0,mixed,1.5,5824,0.9677197802197802,0.032280219780219783,5.8428527089059814e-05,-43.795277205695,0.0,1.3595615223228882e-05,5.122942574812398e-05,3.763381052489509e-05,-43.901037229327386,-36.57601593109359,7.325021298233788,0.0,0.0,0.0,0.0,0.0,150000
<SOURCE_VECSTRAIGHT_REPO>/remote-results/phase3_vecstraight_clean_msgsource_learned_15seeds_remote_20260410/train/cond1_seed808.pt,cond1,808,9001,greedy,none,none,none,none,agent_3,agent_0,0,mixed,1.5,5824,0.9095123626373627,0.09048763736263736,0.00036315416670561695,-67.87456044948732,0.00017170329670329672,0.0001742995567418237,0.004031875110457384,0.00385757555371556,-69.35222753964283,-53.05966157591032,16.292565963732507,0.00017170329670329672,0.0037774725274725275,0.003605769230769231,0.0,0.003605769230769231,150000
<SOURCE_VECSTRAIGHT_REPO>/remote-results/phase3_vecstraight_clean_msgsource_learned_15seeds_remote_20260410/train/cond1_seed808.pt,cond1,808,9001,greedy,none,none,none,none,agent_3,agent_1,0,mixed,1.5,5824,0.9095123626373627,0.09048763736263736,0.010824912882993724,-40.19255605935641,0.010645604395604396,0.009642335866076726,0.01836299478833678,0.00872065892226007,-40.398464588387,-38.312157964231545,2.086306624155451,0.009443681318681318,0.018028846153846152,0.008585164835164836,0.001201923076923077,0.008070054945054946,150000
<SOURCE_VECSTRAIGHT_REPO>/remote-results/phase3_vecstraight_clean_msgsource_learned_15seeds_remote_20260410/train/cond1_seed808.pt,cond1,808,9001,greedy,none,none,none,none,agent_3,agent_2,0,mixed,1.5,5824,0.9095123626373627,0.09048763736263736,0.0022933995121015086,-31.151825931591013,0.002403846153846154,0.002238638254648498,0.006052655801483805,0.0038140175468353377,-31.242438127637257,-30.30774269804645,0.934695429590807,0.002403846153846154,0.005494505494505495,0.0030906593406593405,0.0,0.0037774725274725275,150000
<SOURCE_VECSTRAIGHT_REPO>/remote-results/phase3_vecstraight_clean_msgsource_learned_15seeds_remote_20260410/train/cond1_seed808.pt,cond1,808,9001,greedy,none,none,none,none,agent_3,agent_3,1,mixed,1.5,5824,0.9095123626373627,0.09048763736263736,5.8428527089059814e-05,-43.795277205695,0.0,5.203289144102808e-08,7.005735692998127e-05,7.00053240385403e-05,-45.894266219584495,-31.06504879390391,14.829217425680586,0.0,0.0,0.0,0.0,0.0,150000
<SOURCE_VECSTRAIGHT_REPO>/remote-results/phase3_vecstraight_clean_msgsource_learned_15seeds_remote_20260410/train/cond1_seed808.pt,cond1,808,9001,greedy,none,none,none,none,agent_0,agent_0,1,mixed,2.5,6298,0.110828834550651,0.889171165449349,0.0221473801773697,-46.850328115877105,0.02270562083201016,0.03787106274835278,0.005451681262050857,-0.03241938148630188,-39.993610982754454,-48.04963303556818,-8.056022052813727,0.0387424579231502,0.00476341695776437,-0.033979040965385836,0.016036837091140045,0.01794220387424579,150000
<SOURCE_VECSTRAIGHT_REPO>/remote-results/phase3_vecstraight_clean_msgsource_learned_15seeds_remote_20260410/train/cond1_seed808.pt,cond1,808,9001,greedy,none,none,none,none,agent_0,agent_1,0,mixed,2.5,6298,0.110828834550651,0.889171165449349,0.1731476880960395,-15.44551696795491,0.1713242299142585,0.1487526360188847,0.174215120077806,0.025462484058921157,-20.750313112402804,-15.460080504652838,5.290232607749965,0.14861860908224833,0.17307081613210543,0.024452207049857098,0.05255636710066688,0.013813909177516672,150000
<SOURCE_VECSTRAIGHT_REPO>/remote-results/phase3_vecstraight_clean_msgsource_learned_15seeds_remote_20260410/train/cond1_seed808.pt,cond1,808,9001,greedy,none,none,none,none,agent_0,agent_2,0,mixed,2.5,6298,0.110828834550651,0.889171165449349,0.08834881186931322,-12.582106149586544,0.08415369958717053,0.20309845139983124,0.049605590414273794,-0.15349286098555764,-7.310042159217204,-13.147646538579641,-5.837604379362437,0.19815814544299779,0.043029533185138136,-0.15512861225785965,0.12670689107653224,0.04842807240393776,150000
<SOURCE_VECSTRAIGHT_REPO>/remote-results/phase3_vecstraight_clean_msgsource_learned_15seeds_remote_20260410/train/cond1_seed808.pt,cond1,808,9001,greedy,none,none,none,none,agent_0,agent_3,0,mixed,2.5,6298,0.110828834550651,0.889171165449349,0.022323806188065887,-20.317563279949795,0.0193712289615751,0.01101187436574797,0.02960540373422633,0.018593529368478353,-24.17109592540486,-20.221156021668236,3.9499399037366256,0.00889171165449349,0.02731025722451572,0.01841854557002223,0.01841854557002223,0.014290250873293109,150000
<SOURCE_VECSTRAIGHT_REPO>/remote-results/phase3_vecstraight_clean_msgsource_learned_15seeds_remote_20260410/train/cond1_seed808.pt,cond1,808,9001,greedy,none,none,none,none,agent_1,agent_0,0,mixed,2.5,6298,0.1341695776436964,0.8658304223563036,0.0221473801773697,-46.850328115877105,0.02270562083201016,0.034260345998242805,0.006656185844042755,-0.027604160154200044,-43.32118801911243,-47.020508621809554,-3.6993206026971284,0.03445538266116227,0.006192442045093681,-0.028262940616068592,0.011749761829152112,0.016830739917434105,150000
<SOURCE_VECSTRAIGHT_REPO>/remote-results/phase3_vecstraight_clean_msgsource_learned_15seeds_remote_20260410/train/cond1_seed808.pt,cond1,808,9001,greedy,none,none,none,none,agent_1,agent_1,1,mixed,2.5,6298,0.1341695776436964,0.8658304223563036,0.1731476880960395,-15.44551696795491,0.1713242299142585,0.19455820620268702,0.12578680861471306,-0.0687713975879743,-16.506464643695498,-17.680215497726852,-1.1737508540313542,0.19291838678945697,0.12480152429342649,-0.06811686249603048,0.056525881232137185,0.049063194664973005,150000
<SOURCE_VECSTRAIGHT_REPO>/remote-results/phase3_vecstraight_clean_msgsource_learned_15seeds_remote_20260410/train/cond1_seed808.pt,cond1,808,9001,greedy,none,none,none,none,agent_1,agent_2,0,mixed,2.5,6298,0.1341695776436964,0.8658304223563036,0.08834881186931322,-12.582106149586544,0.08415369958717053,0.13898351300921166,0.0637682233360951,-0.07521528967311661,-11.758035380299809,-13.10561815126855,-1.3475827709687402,0.13321689425214353,0.05954271197205462,-0.07367418228008892,0.051603683709114,0.027469037789774532,150000
<SOURCE_VECSTRAIGHT_REPO>/remote-results/phase3_vecstraight_clean_msgsource_learned_15seeds_remote_20260410/train/cond1_seed808.pt,cond1,808,9001,greedy,none,none,none,none,agent_1,agent_3,0,mixed,2.5,6298,0.1341695776436964,0.8658304223563036,0.022323806188065887,-20.317563279949795,0.0193712289615751,0.15269858154336124,0.01818394274899173,-0.13451463879436976,-10.91248386637531,-21.20849676746325,-10.29601290108794,0.15068275643061288,0.01571927596062242,-0.13496348046999046,0.13671006668783742,0.015401714830104794,150000
<SOURCE_VECSTRAIGHT_REPO>/remote-results/phase3_vecstraight_clean_msgsource_learned_15seeds_remote_20260410/train/cond1_seed808.pt,cond1,808,9001,greedy,none,none,none,none,agent_2,agent_0,0,mixed,2.5,6298,0.7715147665925691,0.22848523340743093,0.0221473801773697,-46.850328115877105,0.02270562083201016,0.007315557220582541,0.02346172235826517,0.016146165137682685,-47.17818018257448,-48.07603690082136,-0.8978567182468815,0.007145125436646554,0.023817084788821847,0.016671959352175292,0.01778342330898698,0.0026992696093998095,150000
<SOURCE_VECSTRAIGHT_REPO>/remote-results/phase3_vecstraight_clean_msgsource_learned_15seeds_remote_20260410/train/cond1_seed808.pt,cond1,808,9001,greedy,none,none,none,none,agent_2,agent_1,0,mixed,2.5,6298,0.7715147665925691,0.22848523340743093,0.1731476880960395,-15.44551696795491,0.1713242299142585,0.16548210911421737,0.19454016618670736,0.02905805707248978,-16.339385873393507,-12.721061993850512,3.618323879542995,0.16370276278183551,0.19307716735471578,0.029374404572880278,0.00889171165449349,0.02397586535408066,150000
<SOURCE_VECSTRAIGHT_REPO>/remote-results/phase3_vecstraight_clean_msgsource_learned_15seeds_remote_20260410/train/cond1_seed808.pt,cond1,808,9001,greedy,none,none,none,none,agent_2,agent_2,1,mixed,2.5,6298,0.7715147665925691,0.22848523340743093,0.08834881186931322,-12.582106149586544,0.08415369958717053,0.08097370600448543,0.09515629480182175,0.01418258879733627,-12.74152819116926,-11.996770248720857,0.7447579424484035,0.07970784375992379,0.08939345824071133,0.00968561448078755,0.00889171165449349,0.022388059701492536,150000
<SOURCE_VECSTRAIGHT_REPO>/remote-results/phase3_vecstraight_clean_msgsource_learned_15seeds_remote_20260410/train/cond1_seed808.pt,cond1,808,9001,greedy,none,none,none,none,agent_2,agent_3,0,mixed,2.5,6298,0.7715147665925691,0.22848523340743093,0.022323806188065887,-20.317563279949795,0.0193712289615751,0.026047237094880934,0.011602453583443372,-0.01444478351143768,-20.864495063417674,-18.422461727489154,2.442033335928521,0.022864401397268974,0.007621467132422992,-0.015242934264845983,0.010479517307081613,0.012702445220704985,150000
<SOURCE_VECSTRAIGHT_REPO>/remote-results/phase3_vecstraight_clean_msgsource_learned_15seeds_remote_20260410/train/cond1_seed808.pt,cond1,808,9001,greedy,none,none,none,none,agent_3,agent_0,0,mixed,2.5,6298,0.8328040647824706,0.16719593521752937,0.0221473801773697,-46.850328115877105,0.02270562083201016,0.004157107270806732,0.04009787320350915,0.03594076593270241,-49.80070641487316,-30.540101538937822,19.26060487593534,0.0036519530009526836,0.040806605271514765,0.03715465227056208,0.01905366783105748,0.018100984439504603,150000
<SOURCE_VECSTRAIGHT_REPO>/remote-results/phase3_vecstraight_clean_msgsource_learned_15seeds_remote_20260410/train/cond1_seed808.pt,cond1,808,9001,greedy,none,none,none,none,agent_3,agent_1,0,mixed,2.5,6298,0.8328040647824706,0.16719593521752937,0.1731476880960395,-15.44551696795491,0.1713242299142585,0.168621562649339,0.21945286174062978,0.05083129909129044,-16.346365121998563,-11.930449628676639,4.415915493321924,0.16703715465227056,0.21752937440457287,0.050492219752302316,0.00682756430612893,0.04842807240393776,150000
<SOURCE_VECSTRAIGHT_REPO>/remote-results/phase3_vecstraight_clean_msgsource_learned_15seeds_remote_20260410/train/cond1_seed808.pt,cond1,808,9001,greedy,none,none,none,none,agent_3,agent_2,0,mixed,2.5,6298,0.8328040647824706,0.16719593521752937,0.08834881186931322,-12.582106149586544,0.08415369958717053,0.06252230491948038,0.18714742050540847,0.1246251155859281,-13.20738827236761,-9.378041974220647,3.8293462981469633,0.057954906319466495,0.18402667513496349,0.12607176881549698,0.028421721181327405,0.10400127024452208,150000
<SOURCE_VECSTRAIGHT_REPO>/remote-results/phase3_vecstraight_clean_msgsource_learned_15seeds_remote_20260410/train/cond1_seed808.pt,cond1,808,9001,greedy,none,none,none,none,agent_3,agent_3,1,mixed,2.5,6298,0.8328040647824706,0.16719593521752937,0.022323806188065887,-20.317563279949795,0.0193712289615751,0.015377508103488239,0.02628676648324214,0.01090925837975393,-21.291703235756675,-13.803190180567492,7.4885130551891805,0.013972689742775483,0.02254684026675135,0.008574150523975865,0.011114639568116862,0.0031756113051762463,150000
<SOURCE_VECSTRAIGHT_REPO>/remote-results/phase3_vecstraight_clean_msgsource_learned_15seeds_remote_20260410/train/cond1_seed808.pt,cond1,808,9001,greedy,none,none,none,none,agent_0,agent_0,1,mixed,3.5,6673,0.5131125430840702,0.4868874569159299,0.615194350331864,0.1881242345722115,0.625206054248464,0.8146539787537463,0.4606423836457075,-0.354011595108039,3.706744835667215,-1.9914373768138758,-5.698182212481091,0.8517907987411959,0.4672561066986363,-0.3845346920425596,0.2283830361156901,0.15914880863179978,150000
<SOURCE_VECSTRAIGHT_REPO>/remote-results/phase3_vecstraight_clean_msgsource_learned_15seeds_remote_20260410/train/cond1_seed808.pt,cond1,808,9001,greedy,none,none,none,none,agent_0,agent_1,0,mixed,3.5,6673,0.5131125430840702,0.4868874569159299,0.9707640575036516,41.17138799477888,0.9713771916679155,0.9521854298722289,0.97323458825408,0.02104915838185117,39.227681385752646,42.15594656986757,2.92826518411492,0.9530945601678406,0.9737749138318598,0.020680353664019182,0.020680353664019182,0.002397722163944253,150000
<SOURCE_VECSTRAIGHT_REPO>/remote-results/phase3_vecstraight_clean_msgsource_learned_15seeds_remote_20260410/train/cond1_seed808.pt,cond1,808,9001,greedy,none,none,none,none,agent_0,agent_2,0,mixed,3.5,6673,0.5131125430840702,0.4868874569159299,0.8747457385833319,4.220924310612836,0.8967480893151506,0.8306494886764331,0.8588175296545878,0.02816804097815474,4.182806050401836,3.769532520129158,-0.4132735302726779,0.8460962086018282,0.891053499175783,0.04495729057395474,0.11509066386932414,0.08332084519706279,150000
<SOURCE_VECSTRAIGHT_REPO>/remote-results/phase3_vecstraight_clean_msgsource_learned_15seeds_remote_20260410/train/cond1_seed808.pt,cond1,808,9001,greedy,none,none,none,none,agent_0,agent_3,0,mixed,3.5,6673,0.5131125430840702,0.4868874569159299,0.4410361871164435,-1.5566966752237676,0.4510714820920126,0.48966453203393256,0.38678131660504794,-0.10288321542888486,-1.0997843860203218,-1.8840938476834737,-0.7843094616631517,0.5200059943054098,0.3722463659523453,-0.14775962835306458,0.19661321744342874,0.15405364903341826,150000
<SOURCE_VECSTRAIGHT_REPO>/remote-results/phase3_vecstraight_clean_msgsource_learned_15seeds_remote_20260410/train/cond1_seed808.pt,cond1,808,9001,greedy,none,none,none,none,agent_1,agent_0,0,mixed,3.5,6673,0.6070732803836355,0.39292671961636444,0.615194350331864,0.1881242345722115,0.625206054248464,0.7079517847026532,0.49663766088576283,-0.21131412381689033,2.986014865942843,-2.9093738936214955,-5.895388759564339,0.6926419901093961,0.5225535741046007,-0.17008841600479543,0.07372995654128578,0.14731005544732503,150000
<SOURCE_VECSTRAIGHT_REPO>/remote-results/phase3_vecstraight_clean_msgsource_learned_15seeds_remote_20260410/train/cond1_seed808.pt,cond1,808,9001,greedy,none,none,none,none,agent_1,agent_1,1,mixed,3.5,6673,0.6070732803836355,0.39292671961636444,0.9707640575036516,41.17138799477888,0.9713771916679155,0.984268357365265,0.9538300921904764,-0.030438265174788568,51.29387656831856,23.111333507036814,-28.18254306128174,0.9845646635696089,0.9544432788850592,-0.03012138468454968,0.019181777311554023,0.016933912782856286,150000
<SOURCE_VECSTRAIGHT_REPO>/remote-results/phase3_vecstraight_clean_msgsource_learned_15seeds_remote_20260410/train/cond1_seed808.pt,cond1,808,9001,greedy,none,none,none,none,agent_1,agent_2,0,mixed,3.5,6673,0.6070732803836355,0.39292671961636444,0.8747457385833319,4.220924310612836,0.8967480893151506,0.9169872959577443,0.6640468925800804,-0.25294040337766405,5.209643326977749,1.3863079246107328,-3.823335402367016,0.9322643488685749,0.6908436984864379,-0.24142065038213698,0.07717668215195564,0.21339727259103852,150000
<SOURCE_VECSTRAIGHT_REPO>/remote-results/phase3_vecstraight_clean_msgsource_learned_15seeds_remote_20260410/train/cond1_seed808.pt,cond1,808,9001,greedy,none,none,none,none,agent_1,agent_3,0,mixed,3.5,6673,0.6070732803836355,0.39292671961636444,0.4410361871164435,-1.5566966752237676,0.4510714820920126,0.5165707830804357,0.3442781840336857,-0.17229259904675,-0.5341863154836873,-2.7385200423787386,-2.204333726895051,0.5337928967480893,0.3478195714071632,-0.18597332534092612,0.13247414955791997,0.2824816424396823,150000
<SOURCE_VECSTRAIGHT_REPO>/remote-results/phase3_vecstraight_clean_msgsource_learned_15seeds_remote_20260410/train/cond1_seed808.pt,cond1,808,9001,greedy,none,none,none,none,agent_2,agent_0,0,mixed,3.5,6673,0.3616064738498426,0.6383935261501573,0.615194350331864,0.1881242345722115,0.625206054248464,0.6450424618287743,0.6157591010311241,-0.02928336079765014,1.8796621002072644,-0.3284636848863947,-2.208125785093659,0.654578150756781,0.6225086168140267,-0.032069533942754386,0.1621459613367301,0.08811628952495129,150000
<SOURCE_VECSTRAIGHT_REPO>/remote-results/phase3_vecstraight_clean_msgsource_learned_15seeds_remote_20260410/train/cond1_seed808.pt,cond1,808,9001,greedy,none,none,none,none,agent_2,agent_1,0,mixed,3.5,6673,0.3616064738498426,0.6383935261501573,0.9707640575036516,41.17138799477888,0.9713771916679155,0.9678654500025108,0.9749536277267027,0.00708817772419194,37.43144652973171,43.58268942584453,6.151242896112816,0.9682301813277386,0.975573205454818,0.007343024127079274,0.0037464408811628954,0.004795444327888506,150000
<SOURCE_VECSTRAIGHT_REPO>/remote-results/phase3_vecstraight_clean_msgsource_learned_15seeds_remote_20260410/train/cond1_seed808.pt,cond1,808,9001,greedy,none,none,none,none,agent_2,agent_2,1,mixed,3.5,6673,0.3616064738498426,0.6383935261501573,0.8747457385833319,4.220924310612836,0.8967480893151506,0.8089262372133613,0.9009710085348144,0.0920447713214531,2.4745347901774584,5.65902332560168,3.1844885354242223,0.8657275588191219,0.9084369848643788,0.04270942604525701,0.03311853738947999,0.011988610819721265,150000
<SOURCE_VECSTRAIGHT_REPO>/remote-results/phase3_vecstraight_clean_msgsource_learned_15seeds_remote_20260410/train/cond1_seed808.pt,cond1,808,9001,greedy,none,none,none,none,agent_2,agent_3,0,mixed,3.5,6673,0.3616064738498426,0.6383935261501573,0.4410361871164435,-1.5566966752237676,0.4510714820920126,0.4577771127664319,0.3913624997574107,-0.06641461300902127,-1.5928759724169714,-1.9545514636527745,-0.361675491235803,0.4888356061741346,0.38228682751386184,-0.10654877866027274,0.17293571107447925,0.10235276487337029,150000
<SOURCE_VECSTRAIGHT_REPO>/remote-results/phase3_vecstraight_clean_msgsource_learned_15seeds_remote_20260410/train/cond1_seed808.pt,cond1,808,9001,greedy,none,none,none,none,agent_3,agent_0,0,mixed,3.5,6673,0.04540686347969429,0.9545931365203058,0.615194350331864,0.1881242345722115,0.625206054248464,0.3432997034807727,0.6339890666285397,0.29068936314776683,-8.782932328450775,1.0819024745401156,9.86483480299089,0.3458714221489585,0.6439382586542785,0.29806683650531995,0.2793346320995055,0.018732204405814475,150000
<SOURCE_VECSTRAIGHT_REPO>/remote-results/phase3_vecstraight_clean_msgsource_learned_15seeds_remote_20260410/train/cond1_seed808.pt,cond1,808,9001,greedy,none,none,none,none,agent_3,agent_1,0,mixed,3.5,6673,0.04540686347969429,0.9545931365203058,0.9707640575036516,41.17138799477888,0.9713771916679155,0.9629482270782264,0.9741496911184955,0.011201464040269287,28.278797045974212,41.78891027101455,13.510113225040337,0.9634347369998502,0.9746740596433389,0.011239322643488685,0.010639892102502622,0.0032968679754233478,150000
<SOURCE_VECSTRAIGHT_REPO>/remote-results/phase3_vecstraight_clean_msgsource_learned_15seeds_remote_20260410/train/cond1_seed808.pt,cond1,808,9001,greedy,none,none,none,none,agent_3,agent_2,0,mixed,3.5,6673,0.04540686347969429,0.9545931365203058,0.8747457385833319,4.220924310612836,0.8967480893151506,0.5809123150275506,0.8974955187549343,0.31658320372738363,0.4948277991071341,4.519400556021753,4.024572756914619,0.6271542035066686,0.9211748838603326,0.294020680353664,0.33223437734152556,0.024726509815675108,150000
<SOURCE_VECSTRAIGHT_REPO>/remote-results/phase3_vecstraight_clean_msgsource_learned_15seeds_remote_20260410/train/cond1_seed808.pt,cond1,808,9001,greedy,none,none,none,none,agent_3,agent_3,1,mixed,3.5,6673,0.04540686347969429,0.9545931365203058,0.4410361871164435,-1.5566966752237676,0.4510714820920126,0.3380151104783376,0.4410224903288683,0.10300737985053074,-4.8309176891872445,-1.3549686002492163,3.4759490889380285,0.3590588940506519,0.45077176682151954,0.09171287277086768,0.14266446875468305,0.0020980068934512213,150000
<SOURCE_VECSTRAIGHT_REPO>/remote-results/phase3_vecstraight_clean_msgsource_learned_15seeds_remote_20260410/train/cond1_seed808.pt,cond1,808,9001,greedy,none,none,none,none,agent_0,agent_0,1,cooperative,5.0,5917,0.6249788744296096,0.3750211255703904,0.9089129936877709,7.179340176139507,0.9185398005746155,0.9921019965477724,0.8696409610781903,-0.12246103546958215,8.429233593605893,7.833412199260537,-0.5958213943453562,1.0,0.8827108331924962,-0.1172891668075038,0.08146019942538449,0.03582896738211932,150000
<SOURCE_VECSTRAIGHT_REPO>/remote-results/phase3_vecstraight_clean_msgsource_learned_15seeds_remote_20260410/train/cond1_seed808.pt,cond1,808,9001,greedy,none,none,none,none,agent_0,agent_1,0,cooperative,5.0,5917,0.6249788744296096,0.3750211255703904,0.9999999501464616,52.36522430041482,1.0,0.999672549225585,0.9999999525640912,0.00032740333850624743,50.11120182353338,53.59375308747426,3.482551263940884,0.9996619908737536,1.0,0.0003380091262464086,0.0003380091262464086,0.0,150000
<SOURCE_VECSTRAIGHT_REPO>/remote-results/phase3_vecstraight_clean_msgsource_learned_15seeds_remote_20260410/train/cond1_seed808.pt,cond1,808,9001,greedy,none,none,none,none,agent_0,agent_2,0,cooperative,5.0,5917,0.6249788744296096,0.3750211255703904,0.8291658118420081,2.9908337540268515,0.9158357275646443,0.8261200195256774,0.6469962002830074,-0.1791238192426699,3.205215184047292,2.047070082657962,-1.1581451013893298,0.9124556363021802,0.5896569207368599,-0.32279871556532025,0.039885076897076224,0.3467973635288153,150000
<SOURCE_VECSTRAIGHT_REPO>/remote-results/phase3_vecstraight_clean_msgsource_learned_15seeds_remote_20260410/train/cond1_seed808.pt,cond1,808,9001,greedy,none,none,none,none,agent_0,agent_3,0,cooperative,5.0,5917,0.6249788744296096,0.3750211255703904,0.5995226449720172,0.5457117984841678,0.641034307926314,0.5618514384479728,0.3964721052478105,-0.16537933320016235,0.32168997500959995,-0.8144121179248567,-1.1361020929344567,0.6014872401554842,0.38516139935778265,-0.21632584079770154,0.1521041068108839,0.3248267703227987,150000
<SOURCE_VECSTRAIGHT_REPO>/remote-results/phase3_vecstraight_clean_msgsource_learned_15seeds_remote_20260410/train/cond1_seed808.pt,cond1,808,9001,greedy,none,none,none,none,agent_1,agent_0,0,cooperative,5.0,5917,0.47202974480310966,0.5279702551968903,0.9089129936877709,7.179340176139507,0.9185398005746155,0.9790224395723828,0.9045101731739067,-0.07451226639847612,9.927737113267803,5.49366887570314,-4.434068237564663,0.9962818996112895,0.9170187595065067,-0.07926314010478283,0.07774209903667399,0.001521041068108839,150000
<SOURCE_VECSTRAIGHT_REPO>/remote-results/phase3_vecstraight_clean_msgsource_learned_15seeds_remote_20260410/train/cond1_seed808.pt,cond1,808,9001,greedy,none,none,none,none,agent_1,agent_1,1,cooperative,5.0,5917,0.47202974480310966,0.5279702551968903,0.9999999501464616,52.36522430041482,1.0,1.0,0.9999999229884217,-7.701157838564497e-08,65.89521148330923,37.937929636001265,-27.957281847307968,1.0,1.0,0.0,0.0,0.0,150000
<SOURCE_VECSTRAIGHT_REPO>/remote-results/phase3_vecstraight_clean_msgsource_learned_15seeds_remote_20260410/train/cond1_seed808.pt,cond1,808,9001,greedy,none,none,none,none,agent_1,agent_2,0,cooperative,5.0,5917,0.47202974480310966,0.5279702551968903,0.8291658118420081,2.9908337540268515,0.9158357275646443,0.7430139939960685,0.8540871434010665,0.111073149404998,2.5469758123088893,3.178492505958964,0.6315166936500745,0.7740408991042759,0.9210748690214636,0.14703396991718776,0.15058306574277505,0.03396991718776407,150000
<SOURCE_VECSTRAIGHT_REPO>/remote-results/phase3_vecstraight_clean_msgsource_learned_15seeds_remote_20260410/train/cond1_seed808.pt,cond1,808,9001,greedy,none,none,none,none,agent_1,agent_3,0,cooperative,5.0,5917,0.47202974480310966,0.5279702551968903,0.5995226449720172,0.5457117984841678,0.641034307926314,0.5565240955178891,0.5927004059788862,0.036176310460997195,0.25136911815156077,0.4567607808376519,0.20539166268609113,0.6388372486057123,0.6623288828798377,0.0234916342741254,0.09278350515463918,0.14906202467466623,150000
<SOURCE_VECSTRAIGHT_REPO>/remote-results/phase3_vecstraight_clean_msgsource_learned_15seeds_remote_20260410/train/cond1_seed808.pt,cond1,808,9001,greedy,none,none,none,none,agent_2,agent_0,0,cooperative,5.0,5917,0.8558391076559068,0.1441608923440933,0.9089129936877709,7.179340176139507,0.9185398005746155,0.9832982688344457,0.7440431628815268,-0.23925510595291888,8.214973949138953,3.595494667994567,-4.619479281144386,0.9986479634950144,0.7513942876457664,-0.24725367584924793,0.08010816292039885,0.16714551292884908,150000
<SOURCE_VECSTRAIGHT_REPO>/remote-results/phase3_vecstraight_clean_msgsource_learned_15seeds_remote_20260410/train/cond1_seed808.pt,cond1,808,9001,greedy,none,none,none,none,agent_2,agent_1,0,cooperative,5.0,5917,0.8558391076559068,0.1441608923440933,0.9999999501464616,52.36522430041482,1.0,0.9999999501464616,0.9999999984889815,4.8342519904867265e-08,50.780140658861,61.83077222099775,11.050631562136749,1.0,1.0,0.0,0.0,0.0,150000
<SOURCE_VECSTRAIGHT_REPO>/remote-results/phase3_vecstraight_clean_msgsource_learned_15seeds_remote_20260410/train/cond1_seed808.pt,cond1,808,9001,greedy,none,none,none,none,agent_2,agent_2,1,cooperative,5.0,5917,0.8558391076559068,0.1441608923440933,0.8291658118420081,2.9908337540268515,0.9158357275646443,0.8214123233591198,0.9912567207322485,0.16984439737312854,2.5842204192728535,7.27585256837078,4.691632149097926,0.9151597093121514,0.9994929863106304,0.08433327699847896,0.0006760182524928173,0.08365725874598615,150000
<SOURCE_VECSTRAIGHT_REPO>/remote-results/phase3_vecstraight_clean_msgsource_learned_15seeds_remote_20260410/train/cond1_seed808.pt,cond1,808,9001,greedy,none,none,none,none,agent_2,agent_3,0,cooperative,5.0,5917,0.8558391076559068,0.1441608923440933,0.5995226449720172,0.5457117984841678,0.641034307926314,0.601311802926719,0.6980764415424188,0.09676463861569981,0.547124160218525,1.3833586457025688,0.8362344854840439,0.648470508703735,0.7525773195876289,0.10410681088389387,0.01791448369105966,0.20956565827277338,150000
<SOURCE_VECSTRAIGHT_REPO>/remote-results/phase3_vecstraight_clean_msgsource_learned_15seeds_remote_20260410/train/cond1_seed808.pt,cond1,808,9001,greedy,none,none,none,none,agent_3,agent_0,0,cooperative,5.0,5917,0.0,1.0,0.9089129936877709,7.179340176139507,0.9185398005746155,0.8831248398584944,0.9089129936877709,0.025788153829276468,7.568237742641115,7.179340176139507,-0.3888975665016071,0.8864289335812067,0.9185398005746155,0.03211086699340882,0.03785702213959777,0.0,150000
<SOURCE_VECSTRAIGHT_REPO>/remote-results/phase3_vecstraight_clean_msgsource_learned_15seeds_remote_20260410/train/cond1_seed808.pt,cond1,808,9001,greedy,none,none,none,none,agent_3,agent_1,0,cooperative,5.0,5917,0.0,1.0,0.9999999501464616,52.36522430041482,1.0,0.9999742515691132,0.9999999501464616,2.5698577348336145e-05,37.75196592383073,52.36522430041482,14.613258376584094,1.0,1.0,0.0,0.0,0.0,150000
<SOURCE_VECSTRAIGHT_REPO>/remote-results/phase3_vecstraight_clean_msgsource_learned_15seeds_remote_20260410/train/cond1_seed808.pt,cond1,808,9001,greedy,none,none,none,none,agent_3,agent_2,0,cooperative,5.0,5917,0.0,1.0,0.8291658118420081,2.9908337540268515,0.9158357275646443,0.23610433619863685,0.8291658118420081,0.5930614756433712,-1.8884998235561286,2.9908337540268515,4.87933357758298,0.18117289166807504,0.9158357275646443,0.7346628358965692,0.7346628358965692,0.0,150000
<SOURCE_VECSTRAIGHT_REPO>/remote-results/phase3_vecstraight_clean_msgsource_learned_15seeds_remote_20260410/train/cond1_seed808.pt,cond1,808,9001,greedy,none,none,none,none,agent_3,agent_3,1,cooperative,5.0,5917,0.0,1.0,0.5995226449720172,0.5457117984841678,0.641034307926314,0.35507490665489444,0.5995226449720172,0.24444773831712277,-1.5137660824730728,0.5457117984841678,2.0594778809572407,0.30201115430116615,0.641034307926314,0.3390231536251479,0.39682271421328374,0.0,150000
<SOURCE_VECSTRAIGHT_REPO>/remote-results/phase3_vecstraight_clean_msgsource_learned_15seeds_remote_20260410/train/cond1_seed909.pt,cond1,909,9001,greedy,none,none,none,none,agent_0,agent_0,1,competitive,0.5,5288,0.15866111951588502,0.841338880484115,0.028486220946616566,-31.18526291458356,0.028555219364599094,0.03158264815790138,0.015033380889100292,-0.016549267268800967,-24.67871991673741,-32.06797676313099,-7.389256846393584,0.031391830559757944,0.014939485627836611,-0.016452344931921332,0.00283661119515885,0.01361573373676248,150000
<SOURCE_VECSTRAIGHT_REPO>/remote-results/phase3_vecstraight_clean_msgsource_learned_15seeds_remote_20260410/train/cond1_seed909.pt,cond1,909,9001,greedy,none,none,none,none,agent_0,agent_1,0,competitive,0.5,5288,0.15866111951588502,0.841338880484115,1.0019402741464792e-06,-50.70224604411854,0.0,1.4507527718132529e-06,3.5883554775846578e-09,-1.447164416335675e-06,-49.015594469076206,-50.9887540665048,-1.9731595974285916,0.0,0.0,0.0,0.0,0.0,150000
<SOURCE_VECSTRAIGHT_REPO>/remote-results/phase3_vecstraight_clean_msgsource_learned_15seeds_remote_20260410/train/cond1_seed909.pt,cond1,909,9001,greedy,none,none,none,none,agent_0,agent_2,0,competitive,0.5,5288,0.15866111951588502,0.841338880484115,0.009363911234427941,-49.00559249641472,0.009077155824508321,0.015741178950850362,0.0007701139609676774,-0.014971064989882694,-37.14173184093454,-52.392861431878785,-15.251129590944245,0.015317700453857792,0.0007564296520423601,-0.014561270801815431,0.006240544629349471,0.00832072617246596,150000
<SOURCE_VECSTRAIGHT_REPO>/remote-results/phase3_vecstraight_clean_msgsource_learned_15seeds_remote_20260410/train/cond1_seed909.pt,cond1,909,9001,greedy,none,none,none,none,agent_0,agent_3,0,competitive,0.5,5288,0.15866111951588502,0.841338880484115,0.0023957029708933496,-41.52920363744814,0.00208018154311649,0.004613842264201271,0.0013701836627837934,-0.0032436586014175056,-33.51546782882442,-42.91071376910098,-9.395245940276562,0.00397125567322239,0.0011346444780635401,-0.00283661119515885,0.0030257186081694403,0.00132375189107413,150000
<SOURCE_VECSTRAIGHT_REPO>/remote-results/phase3_vecstraight_clean_msgsource_learned_15seeds_remote_20260410/train/cond1_seed909.pt,cond1,909,9001,greedy,none,none,none,none,agent_1,agent_0,0,competitive,0.5,5288,0.00548411497730711,0.9945158850226928,0.028486220946616566,-31.18526291458356,0.028555219364599094,0.06186581173346286,0.02784090359239537,-0.03402490814106769,-27.620324438051764,-31.239866539868338,-3.6195421018165717,0.06316187594553707,0.028177004538577913,-0.034984871406959155,0.03460665658093797,0.00037821482602118004,150000
<SOURCE_VECSTRAIGHT_REPO>/remote-results/phase3_vecstraight_clean_msgsource_learned_15seeds_remote_20260410/train/cond1_seed909.pt,cond1,909,9001,greedy,none,none,none,none,agent_1,agent_1,1,competitive,0.5,5288,0.00548411497730711,0.9945158850226928,1.0019402741464792e-06,-50.70224604411854,0.0,1.0081988685240428e-06,1.4412835607816265e-08,-9.93786032916228e-07,-47.41106767012384,-50.71776642128487,-3.3066987511610297,0.0,0.0,0.0,0.0,0.0,150000
<SOURCE_VECSTRAIGHT_REPO>/remote-results/phase3_vecstraight_clean_msgsource_learned_15seeds_remote_20260410/train/cond1_seed909.pt,cond1,909,9001,greedy,none,none,none,none,agent_1,agent_2,0,competitive,0.5,5288,0.00548411497730711,0.9945158850226928,0.009363911234427941,-49.00559249641472,0.009077155824508321,0.021241294423485806,0.008343961824378805,-0.012897332599107029,-41.43616363576384,-49.091823619439545,-7.655659983675707,0.021369137670196672,0.00813161875945537,-0.0132375189107413,0.012291981845688351,0.0009455370650529501,150000
<SOURCE_VECSTRAIGHT_REPO>/remote-results/phase3_vecstraight_clean_msgsource_learned_15seeds_remote_20260410/train/cond1_seed909.pt,cond1,909,9001,greedy,none,none,none,none,agent_1,agent_3,0,competitive,0.5,5288,0.00548411497730711,0.9945158850226928,0.0023957029708933496,-41.52920363744814,0.00208018154311649,0.0016375630835497215,0.0034684049985969647,0.001830841915047247,-36.39367483437073,-41.52682194205032,-5.133147107679594,0.0015128593040847202,0.0032148260211800304,0.00170196671709531,0.00170196671709531,0.0018910741301059002,150000
<SOURCE_VECSTRAIGHT_REPO>/remote-results/phase3_vecstraight_clean_msgsource_learned_15seeds_remote_20260410/train/cond1_seed909.pt,cond1,909,9001,greedy,none,none,none,none,agent_2,agent_0,0,competitive,0.5,5288,0.9135779122541604,0.08642208774583963,0.028486220946616566,-31.18526291458356,0.028555219364599094,0.017643806806660223,0.028424673036247402,0.010780866229587049,-31.42506540678836,-24.302513891135014,7.122551515653346,0.016830559757942513,0.028366111951588502,0.011535552193645991,0.012102874432677761,0.00018910741301059002,150000
<SOURCE_VECSTRAIGHT_REPO>/remote-results/phase3_vecstraight_clean_msgsource_learned_15seeds_remote_20260410/train/cond1_seed909.pt,cond1,909,9001,greedy,none,none,none,none,agent_2,agent_1,0,competitive,0.5,5288,0.9135779122541604,0.08642208774583963,1.0019402741464792e-06,-50.70224604411854,0.0,2.785294606287101e-06,1.0190804010340516e-06,-1.7662142052530637e-06,-51.07446075116993,-41.22418266706135,9.85027808410858,0.0,0.0,0.0,0.0,0.0,150000
<SOURCE_VECSTRAIGHT_REPO>/remote-results/phase3_vecstraight_clean_msgsource_learned_15seeds_remote_20260410/train/cond1_seed909.pt,cond1,909,9001,greedy,none,none,none,none,agent_2,agent_2,1,competitive,0.5,5288,0.9135779122541604,0.08642208774583963,0.009363911234427941,-49.00559249641472,0.009077155824508321,0.011329108384876132,0.00936390975889092,-0.0019651986259852207,-48.390908416056284,-65.17682145167926,-16.785913035622976,0.01096822995461422,0.009077155824508321,-0.0018910741301059002,0.0018910741301059002,0.0,150000
<SOURCE_VECSTRAIGHT_REPO>/remote-results/phase3_vecstraight_clean_msgsource_learned_15seeds_remote_20260410/train/cond1_seed909.pt,cond1,909,9001,greedy,none,none,none,none,agent_2,agent_3,0,competitive,0.5,5288,0.9135779122541604,0.08642208774583963,0.0023957029708933496,-41.52920363744814,0.00208018154311649,4.781315373662401e-05,0.002838557194845248,0.0027907440411086264,-41.88749985202989,-37.49819607589163,4.389303776138264,0.0,0.0024583963691376704,0.0024583963691376704,0.00208018154311649,0.00037821482602118004,150000
<SOURCE_VECSTRAIGHT_REPO>/remote-results/phase3_vecstraight_clean_msgsource_learned_15seeds_remote_20260410/train/cond1_seed909.pt,cond1,909,9001,greedy,none,none,none,none,agent_3,agent_0,0,competitive,0.5,5288,0.9975416036308623,0.0024583963691376704,0.028486220946616566,-31.18526291458356,0.028555219364599094,0.02841557042643153,0.03288388581396072,0.004468315387528911,-31.200773829010945,-21.082378048335627,10.118395780675316,0.028555219364599094,0.031580937972768536,0.0030257186081694403,0.0,0.009455370650529501,150000
<SOURCE_VECSTRAIGHT_REPO>/remote-results/phase3_vecstraight_clean_msgsource_learned_15seeds_remote_20260410/train/cond1_seed909.pt,cond1,909,9001,greedy,none,none,none,none,agent_3,agent_1,0,competitive,0.5,5288,0.9975416036308623,0.0024583963691376704,1.0019402741464792e-06,-50.70224604411854,0.0,1.0006597555418754e-06,0.0022496286090014717,0.0022486279492459297,-50.739211703933854,-37.46640364855595,13.272808055377899,0.0,0.00208018154311649,0.00208018154311649,0.0,0.00208018154311649,150000
<SOURCE_VECSTRAIGHT_REPO>/remote-results/phase3_vecstraight_clean_msgsource_learned_15seeds_remote_20260410/train/cond1_seed909.pt,cond1,909,9001,greedy,none,none,none,none,agent_3,agent_2,0,competitive,0.5,5288,0.9975416036308623,0.0024583963691376704,0.009363911234427941,-49.00559249641472,0.009077155824508321,0.00936391106483011,0.008367752831293726,-0.0009961582335363613,-49.01736932063585,-38.655544391716305,10.36182492891955,0.009077155824508321,0.00832072617246596,-0.0007564296520423601,0.0,0.0030257186081694403,150000
<SOURCE_VECSTRAIGHT_REPO>/remote-results/phase3_vecstraight_clean_msgsource_learned_15seeds_remote_20260410/train/cond1_seed909.pt,cond1,909,9001,greedy,none,none,none,none,agent_3,agent_3,1,competitive,0.5,5288,0.9975416036308623,0.0024583963691376704,0.0023957029708933496,-41.52920363744814,0.00208018154311649,0.001551980901348029,0.019391074125298197,0.01783909322395015,-41.575173663913795,-23.41985949446164,18.155314169452158,0.00132375189107413,0.01872163388804841,0.01739788199697428,0.0007564296520423601,0.01664145234493192,150000
<SOURCE_VECSTRAIGHT_REPO>/remote-results/phase3_vecstraight_clean_msgsource_learned_15seeds_remote_20260410/train/cond1_seed909.pt,cond1,909,9001,greedy,none,none,none,none,agent_0,agent_0,1,mixed,1.5,5824,0.1505837912087912,0.8494162087912088,0.14359551816868865,-17.1252747951101,0.14423076923076922,0.13213334184943357,0.07790737756459051,-0.05422596428484299,-12.75024985876267,-18.162452686957984,-5.412202828195315,0.13186813186813187,0.07675137362637363,-0.05511675824175824,0.018543956043956044,0.06782280219780219,150000
<SOURCE_VECSTRAIGHT_REPO>/remote-results/phase3_vecstraight_clean_msgsource_learned_15seeds_remote_20260410/train/cond1_seed909.pt,cond1,909,9001,greedy,none,none,none,none,agent_0,agent_1,0,mixed,1.5,5824,0.1505837912087912,0.8494162087912088,0.0010872032891280177,-35.75839894647188,0.0005151098901098901,0.0012244768633458392,0.00026312904039671133,-0.0009613478229491347,-36.29998645638269,-36.032050121340205,0.2679363350424875,0.0005151098901098901,0.00034340659340659343,-0.00017170329670329672,0.0,0.0008585164835164835,150000
<SOURCE_VECSTRAIGHT_REPO>/remote-results/phase3_vecstraight_clean_msgsource_learned_15seeds_remote_20260410/train/cond1_seed909.pt,cond1,909,9001,greedy,none,none,none,none,agent_0,agent_2,0,mixed,1.5,5824,0.1505837912087912,0.8494162087912088,0.08857090695866815,-27.475141094439756,0.08911401098901099,0.12612753865386886,0.01908793070084829,-0.10703960795302063,-17.234969037886874,-31.566201364053516,-14.331232326166642,0.12568681318681318,0.019059065934065936,-0.10662774725274725,0.0365728021978022,0.07005494505494506,150000
<SOURCE_VECSTRAIGHT_REPO>/remote-results/phase3_vecstraight_clean_msgsource_learned_15seeds_remote_20260410/train/cond1_seed909.pt,cond1,909,9001,greedy,none,none,none,none,agent_0,agent_3,0,mixed,1.5,5824,0.1505837912087912,0.8494162087912088,0.06146696352119883,-27.520393651194365,0.06164148351648352,0.03908898741725761,0.06714270137068959,0.028053713953432414,-23.578711331217512,-27.616449833353776,-4.037738502136262,0.03622939560439561,0.06696428571428571,0.030734890109890108,0.025412087912087912,0.005322802197802198,150000
<SOURCE_VECSTRAIGHT_REPO>/remote-results/phase3_vecstraight_clean_msgsource_learned_15seeds_remote_20260410/train/cond1_seed909.pt,cond1,909,9001,greedy,none,none,none,none,agent_1,agent_0,0,mixed,1.5,5824,0.029704670329670328,0.9702953296703297,0.14359551816868865,-17.1252747951101,0.14423076923076922,0.18804203910515668,0.14032801696427843,-0.04771402214087893,-17.722118827414565,-17.289960640877904,0.432158186536661,0.19024725274725274,0.14148351648351648,-0.048763736263736264,0.06524725274725275,0.0027472527472527475,150000
<SOURCE_VECSTRAIGHT_REPO>/remote-results/phase3_vecstraight_clean_msgsource_learned_15seeds_remote_20260410/train/cond1_seed909.pt,cond1,909,9001,greedy,none,none,none,none,agent_1,agent_1,1,mixed,1.5,5824,0.029704670329670328,0.9702953296703297,0.0010872032891280177,-35.75839894647188,0.0005151098901098901,0.001745749386768073,0.0010754695001922384,-0.0006702798865758359,-30.118719952065845,-35.768063881153054,-5.649343929087211,0.0015453296703296703,0.0005151098901098901,-0.0010302197802197802,0.0013736263736263737,0.0,150000
<SOURCE_VECSTRAIGHT_REPO>/remote-results/phase3_vecstraight_clean_msgsource_learned_15seeds_remote_20260410/train/cond1_seed909.pt,cond1,909,9001,greedy,none,none,none,none,agent_1,agent_2,0,mixed,1.5,5824,0.029704670329670328,0.9702953296703297,0.08857090695866815,-27.475141094439756,0.08911401098901099,0.11861472438095481,0.07863420776492008,-0.03998051661603513,-22.719908996247227,-27.910720783040173,-5.190811786792947,0.11847527472527472,0.07915521978021978,-0.039320054945054944,0.030391483516483516,0.009958791208791208,150000
<SOURCE_VECSTRAIGHT_REPO>/remote-results/phase3_vecstraight_clean_msgsource_learned_15seeds_remote_20260410/train/cond1_seed909.pt,cond1,909,9001,greedy,none,none,none,none,agent_1,agent_3,0,mixed,1.5,5824,0.029704670329670328,0.9702953296703297,0.06146696352119883,-27.520393651194365,0.06164148351648352,0.062766225197279,0.05618613038385249,-0.006580094813426559,-22.686448122769374,-27.610385950506988,-4.923937827737613,0.06164148351648352,0.05563186813186813,-0.006009615384615385,0.011332417582417582,0.006009615384615385,150000
<SOURCE_VECSTRAIGHT_REPO>/remote-results/phase3_vecstraight_clean_msgsource_learned_15seeds_remote_20260410/train/cond1_seed909.pt,cond1,909,9001,greedy,none,none,none,none,agent_2,agent_0,0,mixed,1.5,5824,0.7384958791208791,0.2615041208791209,0.14359551816868865,-17.1252747951101,0.14423076923076922,0.13359412959089512,0.20949117097050435,0.07589704137960868,-17.628048563130445,-11.612744206048363,6.015304357082082,0.1346153846153846,0.20999313186813187,0.07537774725274725,0.034340659340659344,0.06953983516483517,150000
<SOURCE_VECSTRAIGHT_REPO>/remote-results/phase3_vecstraight_clean_msgsource_learned_15seeds_remote_20260410/train/cond1_seed909.pt,cond1,909,9001,greedy,none,none,none,none,agent_2,agent_1,0,mixed,1.5,5824,0.7384958791208791,0.2615041208791209,0.0010872032891280177,-35.75839894647188,0.0005151098901098901,3.6900500559258682e-06,0.001087596967359535,0.0010839069173036065,-37.64278536666553,-28.114235437152765,9.528549929512767,0.0,0.0005151098901098901,0.0005151098901098901,0.0005151098901098901,0.0,150000
<SOURCE_VECSTRAIGHT_REPO>/remote-results/phase3_vecstraight_clean_msgsource_learned_15seeds_remote_20260410/train/cond1_seed909.pt,cond1,909,9001,greedy,none,none,none,none,agent_2,agent_2,1,mixed,1.5,5824,0.7384958791208791,0.2615041208791209,0.08857090695866815,-27.475141094439756,0.08911401098901099,0.10285914619491668,0.08812352191962382,-0.014735624275292748,-25.499133130663413,-39.4788452430659,-13.979712112402481,0.10113324175824176,0.0887706043956044,-0.012362637362637362,0.016140109890109892,0.00034340659340659343,150000
<SOURCE_VECSTRAIGHT_REPO>/remote-results/phase3_vecstraight_clean_msgsource_learned_15seeds_remote_20260410/train/cond1_seed909.pt,cond1,909,9001,greedy,none,none,none,none,agent_2,agent_3,0,mixed,1.5,5824,0.7384958791208791,0.2615041208791209,0.06146696352119883,-27.520393651194365,0.06164148351648352,0.012108185152152694,0.14571486282887225,0.13360667767671952,-29.552175140430496,-20.646364503996164,8.90581063643433,0.009443681318681318,0.14766483516483517,0.13822115384615385,0.0521978021978022,0.08602335164835165,150000
<SOURCE_VECSTRAIGHT_REPO>/remote-results/phase3_vecstraight_clean_msgsource_learned_15seeds_remote_20260410/train/cond1_seed909.pt,cond1,909,9001,greedy,none,none,none,none,agent_3,agent_0,0,mixed,1.5,5824,0.8586881868131868,0.14131181318681318,0.14359551816868865,-17.1252747951101,0.14423076923076922,0.11539081424027843,0.26766854848464616,0.15227773424436736,-18.910950888054455,-6.726198194475568,12.184752693578888,0.11589972527472528,0.2668269230769231,0.1509271978021978,0.029361263736263736,0.13152472527472528,150000
<SOURCE_VECSTRAIGHT_REPO>/remote-results/phase3_vecstraight_clean_msgsource_learned_15seeds_remote_20260410/train/cond1_seed909.pt,cond1,909,9001,greedy,none,none,none,none,agent_3,agent_1,0,mixed,1.5,5824,0.8586881868131868,0.14131181318681318,0.0010872032891280177,-35.75839894647188,0.0005151098901098901,4.488930404766738e-06,0.01697184582684595,0.016967356896441174,-37.2010056993791,-27.10544707340567,10.095558625973434,0.0,0.012362637362637362,0.012362637362637362,0.0005151098901098901,0.011847527472527472,150000
<SOURCE_VECSTRAIGHT_REPO>/remote-results/phase3_vecstraight_clean_msgsource_learned_15seeds_remote_20260410/train/cond1_seed909.pt,cond1,909,9001,greedy,none,none,none,none,agent_3,agent_2,0,mixed,1.5,5824,0.8586881868131868,0.14131181318681318,0.08857090695866815,-27.475141094439756,0.08911401098901099,0.08971699276929582,0.0919562780182437,0.0022392852489475823,-28.696238601262998,-19.33812223816454,9.358116363098455,0.09014423076923077,0.09083104395604395,0.0006868131868131869,0.0013736263736263737,0.01510989010989011,150000
<SOURCE_VECSTRAIGHT_REPO>/remote-results/phase3_vecstraight_clean_msgsource_learned_15seeds_remote_20260410/train/cond1_seed909.pt,cond1,909,9001,greedy,none,none,none,none,agent_3,agent_3,1,mixed,1.5,5824,0.8586881868131868,0.14131181318681318,0.06146696352119883,-27.520393651194365,0.06164148351648352,0.014955670997297684,0.16034011973227658,0.1453844487349782,-30.232408637447016,-11.452490568743727,18.77991806870329,0.014938186813186814,0.1614010989010989,0.1464629120879121,0.046703296703296704,0.09975961538461539,150000
<SOURCE_VECSTRAIGHT_REPO>/remote-results/phase3_vecstraight_clean_msgsource_learned_15seeds_remote_20260410/train/cond1_seed909.pt,cond1,909,9001,greedy,none,none,none,none,agent_0,agent_0,1,mixed,2.5,6298,0.5233407430930455,0.4766592569069546,0.9752062856985839,11.83383387211851,0.9782470625595427,0.9735538732353484,0.919458524580944,-0.0540953486544047,13.72355704574774,9.041914325512687,-4.681642720235051,0.9750714512543665,0.9266433788504287,-0.04842807240393776,0.005398539218799619,0.051603683709114,150000
<SOURCE_VECSTRAIGHT_REPO>/remote-results/phase3_vecstraight_clean_msgsource_learned_15seeds_remote_20260410/train/cond1_seed909.pt,cond1,909,9001,greedy,none,none,none,none,agent_0,agent_1,0,mixed,2.5,6298,0.5233407430930455,0.4766592569069546,0.14295652927584532,-8.381001931125112,0.1406795808193077,0.19408152509782156,0.06812983262784135,-0.12595169246997984,-7.359513128353191,-10.608473504865385,-3.248960376512194,0.19672912035566847,0.06367100666878374,-0.13305811368688472,0.12591298825023817,0.13321689425214353,150000
<SOURCE_VECSTRAIGHT_REPO>/remote-results/phase3_vecstraight_clean_msgsource_learned_15seeds_remote_20260410/train/cond1_seed909.pt,cond1,909,9001,greedy,none,none,none,none,agent_0,agent_2,0,mixed,2.5,6298,0.5233407430930455,0.4766592569069546,0.8783198603792332,13.987237182774404,0.8794855509685614,0.9450838324367512,0.7122549483597386,-0.23282888407701238,18.956735459432863,7.256992620200382,-11.69974283923248,0.945855827246745,0.713242299142585,-0.23261352810416006,0.06637027627818355,0.1662432518259765,150000
<SOURCE_VECSTRAIGHT_REPO>/remote-results/phase3_vecstraight_clean_msgsource_learned_15seeds_remote_20260410/train/cond1_seed909.pt,cond1,909,9001,greedy,none,none,none,none,agent_0,agent_3,0,mixed,2.5,6298,0.5233407430930455,0.4766592569069546,0.6151618985177425,2.452499809661018,0.6073356621149572,0.45155769968577375,0.7431538794572323,0.2915961797714585,-0.8654970431936359,6.584728385555144,7.45022542874878,0.4148936170212766,0.750396951413147,0.3355033343918704,0.19244204509368054,0.1430612892981899,150000
<SOURCE_VECSTRAIGHT_REPO>/remote-results/phase3_vecstraight_clean_msgsource_learned_15seeds_remote_20260410/train/cond1_seed909.pt,cond1,909,9001,greedy,none,none,none,none,agent_1,agent_0,0,mixed,2.5,6298,0.6038424896792632,0.39615751032073676,0.9752062856985839,11.83383387211851,0.9782470625595427,0.9728904623027667,0.9710264312692763,-0.0018640310334901036,11.48717440421542,11.876416067474795,0.3892416632593757,0.9755477929501429,0.9750714512543665,-0.000476341695776437,0.013813909177516672,0.0031756113051762463,150000
<SOURCE_VECSTRAIGHT_REPO>/remote-results/phase3_vecstraight_clean_msgsource_learned_15seeds_remote_20260410/train/cond1_seed909.pt,cond1,909,9001,greedy,none,none,none,none,agent_1,agent_1,1,mixed,2.5,6298,0.6038424896792632,0.39615751032073676,0.14295652927584532,-8.381001931125112,0.1406795808193077,0.12527446572862902,0.13620299593476298,0.010928530206134069,-7.805914900740316,-10.241515564446262,-2.4356006637059457,0.1198793267704033,0.14385519212448397,0.02397586535408066,0.03667831057478565,0.0774849158463004,150000
<SOURCE_VECSTRAIGHT_REPO>/remote-results/phase3_vecstraight_clean_msgsource_learned_15seeds_remote_20260410/train/cond1_seed909.pt,cond1,909,9001,greedy,none,none,none,none,agent_1,agent_2,0,mixed,2.5,6298,0.6038424896792632,0.39615751032073676,0.8783198603792332,13.987237182774404,0.8794855509685614,0.9455603247288673,0.7358754069724976,-0.20968491775636952,16.936002575492775,8.202246328830606,-8.73375624666217,0.9461733883772626,0.7356303588440775,-0.21054302953318513,0.06954588758335979,0.14385519212448397,150000
<SOURCE_VECSTRAIGHT_REPO>/remote-results/phase3_vecstraight_clean_msgsource_learned_15seeds_remote_20260410/train/cond1_seed909.pt,cond1,909,9001,greedy,none,none,none,none,agent_1,agent_3,0,mixed,2.5,6298,0.6038424896792632,0.39615751032073676,0.6151618985177425,2.452499809661018,0.6073356621149572,0.6397556918162257,0.5743999064836984,-0.06535578533252667,2.882210785315439,2.7136581712862298,-0.16855261402920943,0.6322642108605907,0.5681168624960304,-0.06414734836456018,0.025563671006668783,0.03953636074944427,150000
<SOURCE_VECSTRAIGHT_REPO>/remote-results/phase3_vecstraight_clean_msgsource_learned_15seeds_remote_20260410/train/cond1_seed909.pt,cond1,909,9001,greedy,none,none,none,none,agent_2,agent_0,0,mixed,2.5,6298,0.1935535090504922,0.8064464909495078,0.9752062856985839,11.83383387211851,0.9782470625595427,0.9774932406490546,0.9781922167851262,0.0006989761360718551,20.24935062571404,10.857360452307088,-9.391990173406953,0.9784058431248015,0.982216576691013,0.003810733566211496,0.00682756430612893,0.012861225785963798,150000
<SOURCE_VECSTRAIGHT_REPO>/remote-results/phase3_vecstraight_clean_msgsource_learned_15seeds_remote_20260410/train/cond1_seed909.pt,cond1,909,9001,greedy,none,none,none,none,agent_2,agent_1,0,mixed,2.5,6298,0.1935535090504922,0.8064464909495078,0.14295652927584532,-8.381001931125112,0.1406795808193077,0.07136320341009987,0.14543680873918355,0.07407360532908365,-11.28495201648758,-7.529792106825422,3.7551599096621584,0.06478247062559543,0.14337885042870752,0.0785963798031121,0.08859955541441727,0.004604636392505557,150000
<SOURCE_VECSTRAIGHT_REPO>/remote-results/phase3_vecstraight_clean_msgsource_learned_15seeds_remote_20260410/train/cond1_seed909.pt,cond1,909,9001,greedy,none,none,none,none,agent_2,agent_2,1,mixed,2.5,6298,0.1935535090504922,0.8064464909495078,0.8783198603792332,13.987237182774404,0.8794855509685614,0.9328733717307809,0.8702926144386935,-0.06258075729208759,16.457555379203935,13.58180433483815,-2.8757510443657837,0.9341060654175929,0.8709114004445856,-0.0631946649730073,0.05620832010161956,0.008574150523975865,150000
<SOURCE_VECSTRAIGHT_REPO>/remote-results/phase3_vecstraight_clean_msgsource_learned_15seeds_remote_20260410/train/cond1_seed909.pt,cond1,909,9001,greedy,none,none,none,none,agent_2,agent_3,0,mixed,2.5,6298,0.1935535090504922,0.8064464909495078,0.6151618985177425,2.452499809661018,0.6073356621149572,0.33072009356178306,0.7145038444837952,0.3837837509220109,-4.774249449908489,4.299370615609125,9.073620065517614,0.3448713877421404,0.7118132740552556,0.36694188631311525,0.2624642743728168,0.1044776119402985,150000
<SOURCE_VECSTRAIGHT_REPO>/remote-results/phase3_vecstraight_clean_msgsource_learned_15seeds_remote_20260410/train/cond1_seed909.pt,cond1,909,9001,greedy,none,none,none,none,agent_3,agent_0,0,mixed,2.5,6298,0.5271514766592569,0.47284852334074307,0.9752062856985839,11.83383387211851,0.9782470625595427,0.9410505508206339,0.986361832997907,0.045311282177273426,9.397369568309223,14.202729303655964,4.805359735346741,0.9477611940298507,0.9876151159098127,0.039853921879961896,0.031120990790727214,0.010003175611305176,150000
<SOURCE_VECSTRAIGHT_REPO>/remote-results/phase3_vecstraight_clean_msgsource_learned_15seeds_remote_20260410/train/cond1_seed909.pt,cond1,909,9001,greedy,none,none,none,none,agent_3,agent_1,0,mixed,2.5,6298,0.5271514766592569,0.47284852334074307,0.14295652927584532,-8.381001931125112,0.1406795808193077,0.053185783093733265,0.25458453867041453,0.20139875557668144,-12.517898624872322,-5.310786413037709,7.2071122118346125,0.05017465862178469,0.25944744363289934,0.20927278501111463,0.12035566846617973,0.1664020323912353,150000
<SOURCE_VECSTRAIGHT_REPO>/remote-results/phase3_vecstraight_clean_msgsource_learned_15seeds_remote_20260410/train/cond1_seed909.pt,cond1,909,9001,greedy,none,none,none,none,agent_3,agent_2,0,mixed,2.5,6298,0.5271514766592569,0.47284852334074307,0.8783198603792332,13.987237182774404,0.8794855509685614,0.8751089652129106,0.8793743202953628,0.004265355082451397,13.575345227853878,14.764705451185852,1.1893602233319747,0.876468720228644,0.879803112099079,0.0033343918704350586,0.02683391552873928,0.022229279136233723,150000
<SOURCE_VECSTRAIGHT_REPO>/remote-results/phase3_vecstraight_clean_msgsource_learned_15seeds_remote_20260410/train/cond1_seed909.pt,cond1,909,9001,greedy,none,none,none,none,agent_3,agent_3,1,mixed,2.5,6298,0.5271514766592569,0.47284852334074307,0.6151618985177425,2.452499809661018,0.6073356621149572,0.41648562030469305,0.8796285082285192,0.46314288792382674,-2.9748719052472836,7.762445099942833,10.737317005190118,0.41711654493489997,0.8823436011432201,0.4652270562083201,0.19021911718005716,0.2750079390282629,150000
<SOURCE_VECSTRAIGHT_REPO>/remote-results/phase3_vecstraight_clean_msgsource_learned_15seeds_remote_20260410/train/cond1_seed909.pt,cond1,909,9001,greedy,none,none,none,none,agent_0,agent_0,1,mixed,3.5,6673,0.4420800239772216,0.5579199760227783,0.9995844644012434,30.577337002800657,0.9995504270942605,0.9995205961772831,0.9994602534307563,-6.034274652676212e-05,27.999338267911735,28.660713671494616,0.66137540358288,0.9995504270942605,0.9994005694590139,-0.0001498576352465158,0.0,0.0001498576352465158,150000
<SOURCE_VECSTRAIGHT_REPO>/remote-results/phase3_vecstraight_clean_msgsource_learned_15seeds_remote_20260410/train/cond1_seed909.pt,cond1,909,9001,greedy,none,none,none,none,agent_0,agent_1,0,mixed,3.5,6673,0.4420800239772216,0.5579199760227783,0.4785844656688488,-0.3380475747706775,0.49138318597332536,0.4598433962616242,0.3459754029742156,-0.11386799328740836,-0.8481711183269753,-1.4402544306847676,-0.5920833123577922,0.4665068185224037,0.341375693091563,-0.1251311254308407,0.33508167241120934,0.3163494680053949,150000
<SOURCE_VECSTRAIGHT_REPO>/remote-results/phase3_vecstraight_clean_msgsource_learned_15seeds_remote_20260410/train/cond1_seed909.pt,cond1,909,9001,greedy,none,none,none,none,agent_0,agent_2,0,mixed,3.5,6673,0.4420800239772216,0.5579199760227783,0.9886249929841443,22.430511697829797,0.9886108197212647,0.9975894494030869,0.985837240883988,-0.011752208519098886,24.7239203874575,20.013475851271796,-4.710444536185704,0.9977521354713023,0.985763524651581,-0.011988610819721265,0.009141315750037465,0.0028472950696838005,150000
<SOURCE_VECSTRAIGHT_REPO>/remote-results/phase3_vecstraight_clean_msgsource_learned_15seeds_remote_20260410/train/cond1_seed909.pt,cond1,909,9001,greedy,none,none,none,none,agent_0,agent_3,0,mixed,3.5,6673,0.4420800239772216,0.5579199760227783,0.8247381841556591,10.027453713461245,0.8757680203806384,0.7263913546608157,0.9648045176597686,0.2384131629989531,3.1315019780757525,15.677164433538806,12.545662455463054,0.7659223737449423,0.9646335980818223,0.19871122433687996,0.10984564663569608,0.08886557770118388,150000
<SOURCE_VECSTRAIGHT_REPO>/remote-results/phase3_vecstraight_clean_msgsource_learned_15seeds_remote_20260410/train/cond1_seed909.pt,cond1,909,9001,greedy,none,none,none,none,agent_1,agent_0,0,mixed,3.5,6673,0.8862580548478945,0.1137419451521055,0.9995844644012434,30.577337002800657,0.9995504270942605,0.9991877979248402,0.9996191917929927,0.00043139386815248536,30.4898857912854,30.06420193403785,-0.42568385724754826,0.9991008541885209,0.9995504270942605,0.0004495729057395474,0.0004495729057395474,0.0,150000
<SOURCE_VECSTRAIGHT_REPO>/remote-results/phase3_vecstraight_clean_msgsource_learned_15seeds_remote_20260410/train/cond1_seed909.pt,cond1,909,9001,greedy,none,none,none,none,agent_1,agent_1,1,mixed,3.5,6673,0.8862580548478945,0.1137419451521055,0.4785844656688488,-0.3380475747706775,0.49138318597332536,0.5041947862083199,0.4055974859979364,-0.09859730021038371,0.32748866171006513,-1.9332534480060075,-2.2607421097160727,0.5143114041660423,0.4053649033418253,-0.10894650082421699,0.04840401618462461,0.34527199160797245,150000
<SOURCE_VECSTRAIGHT_REPO>/remote-results/phase3_vecstraight_clean_msgsource_learned_15seeds_remote_20260410/train/cond1_seed909.pt,cond1,909,9001,greedy,none,none,none,none,agent_1,agent_2,0,mixed,3.5,6673,0.8862580548478945,0.1137419451521055,0.9886249929841443,22.430511697829797,0.9886108197212647,0.998831744918902,0.964767492017435,-0.034064252901467064,23.239759225024823,17.644402424805563,-5.5953568002192595,0.9991008541885209,0.9653828862580548,-0.03371796793046606,0.010490034467256106,0.023227933463209952,150000
<SOURCE_VECSTRAIGHT_REPO>/remote-results/phase3_vecstraight_clean_msgsource_learned_15seeds_remote_20260410/train/cond1_seed909.pt,cond1,909,9001,greedy,none,none,none,none,agent_1,agent_3,0,mixed,3.5,6673,0.8862580548478945,0.1137419451521055,0.8247381841556591,10.027453713461245,0.8757680203806384,0.8273178417862869,0.7876826032558673,-0.03963523853041981,9.916841279389274,11.267353223360685,1.3505119439714113,0.8777161696388431,0.7743144013187472,-0.10340176832009591,0.0019481492582047056,0.10145361906189121,150000
<SOURCE_VECSTRAIGHT_REPO>/remote-results/phase3_vecstraight_clean_msgsource_learned_15seeds_remote_20260410/train/cond1_seed909.pt,cond1,909,9001,greedy,none,none,none,none,agent_2,agent_0,0,mixed,3.5,6673,0.5138618312603027,0.4861381687396973,0.9995844644012434,30.577337002800657,0.9995504270942605,0.9995462382792009,0.9998387803488115,0.0002925420696106875,36.239519065294274,20.680807892750643,-15.558711172543633,0.9995504270942605,0.9998501423647534,0.0002997152704930316,0.0,0.0002997152704930316,150000
<SOURCE_VECSTRAIGHT_REPO>/remote-results/phase3_vecstraight_clean_msgsource_learned_15seeds_remote_20260410/train/cond1_seed909.pt,cond1,909,9001,greedy,none,none,none,none,agent_2,agent_1,0,mixed,3.5,6673,0.5138618312603027,0.4861381687396973,0.4785844656688488,-0.3380475747706775,0.49138318597332536,0.4965799349983819,0.3907327839924224,-0.10584715100595986,-0.4134074916090902,-1.0777006745874373,-0.664293182978347,0.5105649632848793,0.37943953244417805,-0.13112543084070133,0.06503821369698787,0.11853738947999401,150000
<SOURCE_VECSTRAIGHT_REPO>/remote-results/phase3_vecstraight_clean_msgsource_learned_15seeds_remote_20260410/train/cond1_seed909.pt,cond1,909,9001,greedy,none,none,none,none,agent_2,agent_2,1,mixed,3.5,6673,0.5138618312603027,0.4861381687396973,0.9886249929841443,22.430511697829797,0.9886108197212647,0.9972031861252377,0.985028358197508,-0.012174827927729741,22.351909147778425,22.772544624944615,0.420635477166188,0.9973025625655627,0.9850142364753485,-0.012288326090214297,0.008691742844297917,0.0035965832459163793,150000
<SOURCE_VECSTRAIGHT_REPO>/remote-results/phase3_vecstraight_clean_msgsource_learned_15seeds_remote_20260410/train/cond1_seed909.pt,cond1,909,9001,greedy,none,none,none,none,agent_2,agent_3,0,mixed,3.5,6673,0.5138618312603027,0.4861381687396973,0.8247381841556591,10.027453713461245,0.8757680203806384,0.7317027978213716,0.9823971271620499,0.2506943293406783,5.755436728798466,14.139625658816382,8.384188930017917,0.7720665367900494,0.9886108197212647,0.21654428293121533,0.10370148359058894,0.11284279934062641,150000
<SOURCE_VECSTRAIGHT_REPO>/remote-results/phase3_vecstraight_clean_msgsource_learned_15seeds_remote_20260410/train/cond1_seed909.pt,cond1,909,9001,greedy,none,none,none,none,agent_3,agent_0,0,mixed,3.5,6673,0.08062340776262551,0.9193765922373744,0.9995844644012434,30.577337002800657,0.9995504270942605,0.9959818535496149,0.9997191537418912,0.003737300192276379,22.717264235196094,31.267928717609077,8.55066448241298,0.9964034167540836,0.999700284729507,0.0032968679754233478,0.003147010340176832,0.0001498576352465158,150000
<SOURCE_VECSTRAIGHT_REPO>/remote-results/phase3_vecstraight_clean_msgsource_learned_15seeds_remote_20260410/train/cond1_seed909.pt,cond1,909,9001,greedy,none,none,none,none,agent_3,agent_1,0,mixed,3.5,6673,0.08062340776262551,0.9193765922373744,0.4785844656688488,-0.3380475747706775,0.49138318597332536,0.3501501254049485,0.49390802647023735,0.14375790106528863,-1.836688156742823,-0.20984223991449352,1.6268459168283296,0.3505170088416005,0.5089165292971677,0.1583995204555672,0.39532444178030873,0.03761426644687547,150000
<SOURCE_VECSTRAIGHT_REPO>/remote-results/phase3_vecstraight_clean_msgsource_learned_15seeds_remote_20260410/train/cond1_seed909.pt,cond1,909,9001,greedy,none,none,none,none,agent_3,agent_2,0,mixed,3.5,6673,0.08062340776262551,0.9193765922373744,0.9886249929841443,22.430511697829797,0.9886108197212647,0.9911310296906665,0.9884355300512953,-0.0026954996393709347,22.429273093736423,22.44484772970075,0.015574635964327446,0.991008541885209,0.9884609620860183,-0.0025475797991907686,0.01108946500824217,0.0001498576352465158,150000
<SOURCE_VECSTRAIGHT_REPO>/remote-results/phase3_vecstraight_clean_msgsource_learned_15seeds_remote_20260410/train/cond1_seed909.pt,cond1,909,9001,greedy,none,none,none,none,agent_3,agent_3,1,mixed,3.5,6673,0.08062340776262551,0.9193765922373744,0.8247381841556591,10.027453713461245,0.8757680203806384,0.5731830596599632,0.8624885299423845,0.2893054702824211,3.229475562806146,10.820007251631695,7.590531688825549,0.588041360707328,0.9178780158849094,0.3298366551775813,0.28772665967331035,0.04210999550427094,150000
<SOURCE_VECSTRAIGHT_REPO>/remote-results/phase3_vecstraight_clean_msgsource_learned_15seeds_remote_20260410/train/cond1_seed909.pt,cond1,909,9001,greedy,none,none,none,none,agent_0,agent_0,1,cooperative,5.0,5917,0.10613486564137231,0.8938651343586277,0.9999999991739765,47.03163239825753,1.0,0.9999999404255756,1.0,5.957442440453949e-08,37.456107190035276,47.12885503654486,9.672747846509589,1.0,1.0,0.0,0.0,0.0,150000
<SOURCE_VECSTRAIGHT_REPO>/remote-results/phase3_vecstraight_clean_msgsource_learned_15seeds_remote_20260410/train/cond1_seed909.pt,cond1,909,9001,greedy,none,none,none,none,agent_0,agent_1,0,cooperative,5.0,5917,0.10613486564137231,0.8938651343586277,0.8572803649569432,11.034578219924965,0.8580361669765084,0.17664822999348978,0.9515831940713425,0.7749349640778527,-3.411842549365478,12.612863059322013,16.02470560868749,0.16477944904512423,0.9569038364035829,0.7921243873584587,0.7003549095825587,0.10055771505830657,150000
<SOURCE_VECSTRAIGHT_REPO>/remote-results/phase3_vecstraight_clean_msgsource_learned_15seeds_remote_20260410/train/cond1_seed909.pt,cond1,909,9001,greedy,none,none,none,none,agent_0,agent_2,0,cooperative,5.0,5917,0.10613486564137231,0.8938651343586277,0.9999999501061677,31.202609322815302,1.0,0.9999999400730046,0.9999999501061677,1.003316312257716e-08,31.82043492570406,31.078548775344597,-0.7418861503594627,1.0,1.0,0.0,0.0,0.0,150000
<SOURCE_VECSTRAIGHT_REPO>/remote-results/phase3_vecstraight_clean_msgsource_learned_15seeds_remote_20260410/train/cond1_seed909.pt,cond1,909,9001,greedy,none,none,none,none,agent_0,agent_3,0,cooperative,5.0,5917,0.10613486564137231,0.8938651343586277,0.9948189315591206,19.60827961189835,1.0,0.9658536196349339,0.9999999483231659,0.03414632868823196,5.590291146030317,21.136828891727717,15.5465377456974,0.9976339361162752,1.0,0.0023660638837248605,0.0023660638837248605,0.0,150000
<SOURCE_VECSTRAIGHT_REPO>/remote-results/phase3_vecstraight_clean_msgsource_learned_15seeds_remote_20260410/train/cond1_seed909.pt,cond1,909,9001,greedy,none,none,none,none,agent_1,agent_0,0,cooperative,5.0,5917,0.9678891330065912,0.03211086699340882,0.9999999991739765,47.03163239825753,1.0,0.9999999991739765,1.0,8.260234699310515e-10,47.091280994895584,48.320314663617374,1.229033668721792,1.0,1.0,0.0,0.0,0.0,150000
<SOURCE_VECSTRAIGHT_REPO>/remote-results/phase3_vecstraight_clean_msgsource_learned_15seeds_remote_20260410/train/cond1_seed909.pt,cond1,909,9001,greedy,none,none,none,none,agent_1,agent_1,1,cooperative,5.0,5917,0.9678891330065912,0.03211086699340882,0.8572803649569432,11.034578219924965,0.8580361669765084,0.8585787043014647,0.5852300479011168,-0.27334865640034783,11.542485129962666,1.8162941413089313,-9.726190988653734,0.859388203481494,0.5828967382119318,-0.27649146526956225,0.0013520365049856345,0.43907385499408486,150000
<SOURCE_VECSTRAIGHT_REPO>/remote-results/phase3_vecstraight_clean_msgsource_learned_15seeds_remote_20260410/train/cond1_seed909.pt,cond1,909,9001,greedy,none,none,none,none,agent_1,agent_2,0,cooperative,5.0,5917,0.9678891330065912,0.03211086699340882,0.9999999501061677,31.202609322815302,1.0,0.9999999937141628,0.9999999409796158,-5.273454713523237e-08,31.328673992443875,25.848975267002505,-5.47969872544137,1.0,1.0,0.0,0.0,0.0,150000
<SOURCE_VECSTRAIGHT_REPO>/remote-results/phase3_vecstraight_clean_msgsource_learned_15seeds_remote_20260410/train/cond1_seed909.pt,cond1,909,9001,greedy,none,none,none,none,agent_1,agent_3,0,cooperative,5.0,5917,0.9678891330065912,0.03211086699340882,0.9948189315591206,19.60827961189835,1.0,0.9948189362936454,0.9838964209245108,-0.010922515369134515,19.734695759106874,20.529042226983744,0.7943464678768695,1.0,0.9998309954368768,-0.0001690045631232043,0.0,0.0001690045631232043,150000
<SOURCE_VECSTRAIGHT_REPO>/remote-results/phase3_vecstraight_clean_msgsource_learned_15seeds_remote_20260410/train/cond1_seed909.pt,cond1,909,9001,greedy,none,none,none,none,agent_2,agent_0,0,cooperative,5.0,5917,0.48250802771674833,0.5174919722832516,0.9999999991739765,47.03163239825753,1.0,1.0,0.9999999959907642,-4.009235866250713e-09,49.888730899977766,41.06496681150843,-8.82376408846934,1.0,1.0,0.0,0.0,0.0,150000
<SOURCE_VECSTRAIGHT_REPO>/remote-results/phase3_vecstraight_clean_msgsource_learned_15seeds_remote_20260410/train/cond1_seed909.pt,cond1,909,9001,greedy,none,none,none,none,agent_2,agent_1,0,cooperative,5.0,5917,0.48250802771674833,0.5174919722832516,0.8572803649569432,11.034578219924965,0.8580361669765084,0.8708400040397609,0.8403198713504294,-0.030520132689331448,12.052566850915216,9.646715148976169,-2.4058517019390475,0.8710495183369951,0.8443467973635288,-0.026702720973466283,0.014703396991718777,0.01368936961297955,150000
<SOURCE_VECSTRAIGHT_REPO>/remote-results/phase3_vecstraight_clean_msgsource_learned_15seeds_remote_20260410/train/cond1_seed909.pt,cond1,909,9001,greedy,none,none,none,none,agent_2,agent_2,1,cooperative,5.0,5917,0.48250802771674833,0.5174919722832516,0.9999999501061677,31.202609322815302,1.0,0.9999999450895861,0.9999977824493339,-2.1626402523059468e-06,28.844108589279383,33.79668394198022,4.952575352700836,1.0,1.0,0.0,0.0,0.0,150000
<SOURCE_VECSTRAIGHT_REPO>/remote-results/phase3_vecstraight_clean_msgsource_learned_15seeds_remote_20260410/train/cond1_seed909.pt,cond1,909,9001,greedy,none,none,none,none,agent_2,agent_3,0,cooperative,5.0,5917,0.48250802771674833,0.5174919722832516,0.9948189315591206,19.60827961189835,1.0,0.9941987499143902,0.999961614417369,0.005762864502978845,15.348900057525274,23.00462803027508,7.655727972749804,1.0,1.0,0.0,0.0,0.0,150000
<SOURCE_VECSTRAIGHT_REPO>/remote-results/phase3_vecstraight_clean_msgsource_learned_15seeds_remote_20260410/train/cond1_seed909.pt,cond1,909,9001,greedy,none,none,none,none,agent_3,agent_0,0,cooperative,5.0,5917,0.0,1.0,0.9999999991739765,47.03163239825753,1.0,0.9999999896847801,0.9999999991739765,9.489196447256712e-09,38.11353418725113,47.03163239825753,8.918098211006395,1.0,1.0,0.0,0.0,0.0,150000
<SOURCE_VECSTRAIGHT_REPO>/remote-results/phase3_vecstraight_clean_msgsource_learned_15seeds_remote_20260410/train/cond1_seed909.pt,cond1,909,9001,greedy,none,none,none,none,agent_3,agent_1,0,cooperative,5.0,5917,0.0,1.0,0.8572803649569432,11.034578219924965,0.8580361669765084,0.9202517761598634,0.8572803649569432,-0.0629714112029202,16.61463946128226,11.034578219924965,-5.580061241357295,0.9212438735845868,0.8580361669765084,-0.06320770660807842,0.07300997126922427,0.0,150000
<SOURCE_VECSTRAIGHT_REPO>/remote-results/phase3_vecstraight_clean_msgsource_learned_15seeds_remote_20260410/train/cond1_seed909.pt,cond1,909,9001,greedy,none,none,none,none,agent_3,agent_2,0,cooperative,5.0,5917,0.0,1.0,0.9999999501061677,31.202609322815302,1.0,0.999999392882823,0.9999999501061677,5.572233446671469e-07,32.12147954035313,31.202609322815302,-0.9188702175378276,1.0,1.0,0.0,0.0,0.0,150000
<SOURCE_VECSTRAIGHT_REPO>/remote-results/phase3_vecstraight_clean_msgsource_learned_15seeds_remote_20260410/train/cond1_seed909.pt,cond1,909,9001,greedy,none,none,none,none,agent_3,agent_3,1,cooperative,5.0,5917,0.0,1.0,0.9948189315591206,19.60827961189835,1.0,0.9043026936302233,0.9948189315591206,0.09051623792889722,14.252778767411202,19.60827961189835,5.35550084448715,0.9021463579516646,1.0,0.0978536420483353,0.0978536420483353,0.0,150000
