checkpoint,condition,train_seed,comm_enabled,eval_seed,eval_policy,ablation,history_intervention,sender_remap,cross_play,scope,key,n_rounds,coop_rate,avg_reward,p_all_cooperate,avg_welfare,p_coop_given_m0,p_coop_given_m1,checkpoint_episode,suite_kind,observability_mode,public_signal_sigma
<SOURCE_VECSTRAIGHT_REPO>/hetzner-results/phase3_vecstraight_clean_msgsource_learned_15seeds_hetzner_20260410/train/cond1_seed101_ep100000.pt,cond1,101,1,9001,greedy,none,none,none,none,regime,competitive,5288,4.7276853252647505e-05,3.9999054462934946,0.0,15.999621785173979,,,100000,comm,private,
<SOURCE_VECSTRAIGHT_REPO>/hetzner-results/phase3_vecstraight_clean_msgsource_learned_15seeds_hetzner_20260410/train/cond1_seed101_ep100000.pt,cond1,101,1,9001,greedy,none,none,none,none,regime,cooperative,5917,0.8967382119317222,18.347811390907555,0.5954030758830489,73.39124556363022,,,100000,comm,private,
<SOURCE_VECSTRAIGHT_REPO>/hetzner-results/phase3_vecstraight_clean_msgsource_learned_15seeds_hetzner_20260410/train/cond1_seed101_ep100000.pt,cond1,101,1,9001,greedy,none,none,none,none,regime,mixed,18795,0.19389465283320031,5.818808193668529,0.003830806065442937,23.275232774674116,,,100000,comm,private,
<SOURCE_VECSTRAIGHT_REPO>/hetzner-results/phase3_vecstraight_clean_msgsource_learned_15seeds_hetzner_20260410/train/cond1_seed101_ep100000.pt,cond1,101,1,9001,greedy,none,none,none,none,f_value,0.500,5288,4.7276853252647505e-05,3.9999054462934946,0.0,15.999621785173979,5.2929656486529405e-05,5.2034550941825375e-05,100000,comm,private,
<SOURCE_VECSTRAIGHT_REPO>/hetzner-results/phase3_vecstraight_clean_msgsource_learned_15seeds_hetzner_20260410/train/cond1_seed101_ep100000.pt,cond1,101,1,9001,greedy,none,none,none,none,f_value,1.500,5824,0.0015024038461538462,4.0030048076923075,0.0,16.01201923076923,0.001646981318526187,0.0013526119402985076,100000,comm,private,
<SOURCE_VECSTRAIGHT_REPO>/hetzner-results/phase3_vecstraight_clean_msgsource_learned_15seeds_hetzner_20260410/train/cond1_seed101_ep100000.pt,cond1,101,1,9001,greedy,none,none,none,none,f_value,2.500,6298,0.08685296919657035,4.521117815179422,0.0,18.084471260717688,0.08544572771361432,0.08622611136335494,100000,comm,private,
<SOURCE_VECSTRAIGHT_REPO>/hetzner-results/phase3_vecstraight_clean_msgsource_learned_15seeds_hetzner_20260410/train/cond1_seed101_ep100000.pt,cond1,101,1,9001,greedy,none,none,none,none,f_value,3.500,6673,0.46283530645886406,8.62835306458864,0.010789749737749139,34.51341225835456,0.4433551198257081,0.46076876604742484,100000,comm,private,
<SOURCE_VECSTRAIGHT_REPO>/hetzner-results/phase3_vecstraight_clean_msgsource_learned_15seeds_hetzner_20260410/train/cond1_seed101_ep100000.pt,cond1,101,1,9001,greedy,none,none,none,none,f_value,5.000,5917,0.8967382119317222,18.347811390907555,0.5954030758830489,73.39124556363022,0.8989189887592058,0.89568030779993,100000,comm,private,
<SOURCE_VECSTRAIGHT_REPO>/hetzner-results/phase3_vecstraight_clean_msgsource_learned_15seeds_hetzner_20260410/train/cond1_seed101.pt,cond1,101,1,9001,greedy,none,none,none,none,regime,competitive,5288,0.0031202723146747354,3.9937594553706504,0.0,15.975037821482601,,,150000,comm,private,
<SOURCE_VECSTRAIGHT_REPO>/hetzner-results/phase3_vecstraight_clean_msgsource_learned_15seeds_hetzner_20260410/train/cond1_seed101.pt,cond1,101,1,9001,greedy,none,none,none,none,regime,cooperative,5917,0.993831333446003,19.901301335136047,0.9753253337840122,79.60520534054419,,,150000,comm,private,
<SOURCE_VECSTRAIGHT_REPO>/hetzner-results/phase3_vecstraight_clean_msgsource_learned_15seeds_hetzner_20260410/train/cond1_seed101.pt,cond1,101,1,9001,greedy,none,none,none,none,regime,mixed,18795,0.4580872572492684,7.950917797286512,0.19329608938547485,31.803671189146048,,,150000,comm,private,
<SOURCE_VECSTRAIGHT_REPO>/hetzner-results/phase3_vecstraight_clean_msgsource_learned_15seeds_hetzner_20260410/train/cond1_seed101.pt,cond1,101,1,9001,greedy,none,none,none,none,f_value,0.500,5288,0.0031202723146747354,3.9937594553706504,0.0,15.975037821482601,0.0035916412712233346,0.001762114537444934,150000,comm,private,
<SOURCE_VECSTRAIGHT_REPO>/hetzner-results/phase3_vecstraight_clean_msgsource_learned_15seeds_hetzner_20260410/train/cond1_seed101.pt,cond1,101,1,9001,greedy,none,none,none,none,f_value,1.500,5824,0.019874656593406592,4.039749313186813,0.0,16.158997252747252,0.019914901083475895,0.015515859383945951,150000,comm,private,
<SOURCE_VECSTRAIGHT_REPO>/hetzner-results/phase3_vecstraight_clean_msgsource_learned_15seeds_hetzner_20260410/train/cond1_seed101.pt,cond1,101,1,9001,greedy,none,none,none,none,f_value,2.500,6298,0.4332327723086694,6.599396633852017,0.010320736741822802,26.397586535408067,0.4409157127991675,0.4294134477825465,150000,comm,private,
<SOURCE_VECSTRAIGHT_REPO>/hetzner-results/phase3_vecstraight_clean_msgsource_learned_15seeds_hetzner_20260410/train/cond1_seed101.pt,cond1,101,1,9001,greedy,none,none,none,none,f_value,3.500,6673,0.8640041960137869,12.64004196013787,0.5346920425595684,50.56016784055148,0.8896117612268176,0.8572297955209348,150000,comm,private,
<SOURCE_VECSTRAIGHT_REPO>/hetzner-results/phase3_vecstraight_clean_msgsource_learned_15seeds_hetzner_20260410/train/cond1_seed101.pt,cond1,101,1,9001,greedy,none,none,none,none,f_value,5.000,5917,0.993831333446003,19.901301335136047,0.9753253337840122,79.60520534054419,0.9945461982456938,0.9925745092055742,150000,comm,private,
<SOURCE_VECSTRAIGHT_REPO>/hetzner-results/phase3_vecstraight_clean_msgsource_learned_15seeds_hetzner_20260410/train/cond1_seed101_ep25000.pt,cond1,101,1,9001,greedy,none,none,none,none,regime,competitive,5288,0.0022220121028744327,3.995555975794251,0.0,15.982223903177005,,,25000,comm,private,
<SOURCE_VECSTRAIGHT_REPO>/hetzner-results/phase3_vecstraight_clean_msgsource_learned_15seeds_hetzner_20260410/train/cond1_seed101_ep25000.pt,cond1,101,1,9001,greedy,none,none,none,none,regime,cooperative,5917,0.3945411526111205,10.312658441777929,0.0,41.250633767111715,,,25000,comm,private,
<SOURCE_VECSTRAIGHT_REPO>/hetzner-results/phase3_vecstraight_clean_msgsource_learned_15seeds_hetzner_20260410/train/cond1_seed101_ep25000.pt,cond1,101,1,9001,greedy,none,none,none,none,regime,mixed,18795,0.1140462889066241,5.030327214684757,0.0,20.121308858739027,,,25000,comm,private,
<SOURCE_VECSTRAIGHT_REPO>/hetzner-results/phase3_vecstraight_clean_msgsource_learned_15seeds_hetzner_20260410/train/cond1_seed101_ep25000.pt,cond1,101,1,9001,greedy,none,none,none,none,f_value,0.500,5288,0.0022220121028744327,3.995555975794251,0.0,15.982223903177005,0.002239481583837614,0.003960737041501636,25000,comm,private,
<SOURCE_VECSTRAIGHT_REPO>/hetzner-results/phase3_vecstraight_clean_msgsource_learned_15seeds_hetzner_20260410/train/cond1_seed101_ep25000.pt,cond1,101,1,9001,greedy,none,none,none,none,f_value,1.500,5824,0.007469093406593407,4.014938186813187,0.0,16.059752747252748,0.008162116521249648,0.006628457513082482,25000,comm,private,
<SOURCE_VECSTRAIGHT_REPO>/hetzner-results/phase3_vecstraight_clean_msgsource_learned_15seeds_hetzner_20260410/train/cond1_seed101_ep25000.pt,cond1,101,1,9001,greedy,none,none,none,none,f_value,2.500,6298,0.06835503334391871,4.410130200063512,0.0,17.64052080025405,0.08883455582722087,0.06754670999187652,25000,comm,private,
<SOURCE_VECSTRAIGHT_REPO>/hetzner-results/phase3_vecstraight_clean_msgsource_learned_15seeds_hetzner_20260410/train/cond1_seed101_ep25000.pt,cond1,101,1,9001,greedy,none,none,none,none,f_value,3.500,6673,0.25018732204405814,6.501873220440581,0.0,26.007492881762325,0.38238267148014443,0.2502529890184026,25000,comm,private,
<SOURCE_VECSTRAIGHT_REPO>/hetzner-results/phase3_vecstraight_clean_msgsource_learned_15seeds_hetzner_20260410/train/cond1_seed101_ep25000.pt,cond1,101,1,9001,greedy,none,none,none,none,f_value,5.000,5917,0.3945411526111205,10.312658441777929,0.0,41.250633767111715,0.5297539692158526,0.3945411526111205,25000,comm,private,
<SOURCE_VECSTRAIGHT_REPO>/hetzner-results/phase3_vecstraight_clean_msgsource_learned_15seeds_hetzner_20260410/train/cond1_seed101_ep50000.pt,cond1,101,1,9001,greedy,none,none,none,none,regime,competitive,5288,0.0,4.0,0.0,16.0,,,50000,comm,private,
<SOURCE_VECSTRAIGHT_REPO>/hetzner-results/phase3_vecstraight_clean_msgsource_learned_15seeds_hetzner_20260410/train/cond1_seed101_ep50000.pt,cond1,101,1,9001,greedy,none,none,none,none,regime,cooperative,5917,0.6270491803278688,14.032786885245901,0.029913807672807165,56.131147540983605,,,50000,comm,private,
<SOURCE_VECSTRAIGHT_REPO>/hetzner-results/phase3_vecstraight_clean_msgsource_learned_15seeds_hetzner_20260410/train/cond1_seed101_ep50000.pt,cond1,101,1,9001,greedy,none,none,none,none,regime,mixed,18795,0.17406225059856345,5.547698856078744,0.00047885075818036713,22.190795424314977,,,50000,comm,private,
<SOURCE_VECSTRAIGHT_REPO>/hetzner-results/phase3_vecstraight_clean_msgsource_learned_15seeds_hetzner_20260410/train/cond1_seed101_ep50000.pt,cond1,101,1,9001,greedy,none,none,none,none,f_value,0.500,5288,0.0,4.0,0.0,16.0,0.0,0.0,50000,comm,private,
<SOURCE_VECSTRAIGHT_REPO>/hetzner-results/phase3_vecstraight_clean_msgsource_learned_15seeds_hetzner_20260410/train/cond1_seed101_ep50000.pt,cond1,101,1,9001,greedy,none,none,none,none,f_value,1.500,5824,0.004721840659340659,4.009443681318682,0.0,16.037774725274726,0.005810414476232638,0.00471417456176484,50000,comm,private,
<SOURCE_VECSTRAIGHT_REPO>/hetzner-results/phase3_vecstraight_clean_msgsource_learned_15seeds_hetzner_20260410/train/cond1_seed101_ep50000.pt,cond1,101,1,9001,greedy,none,none,none,none,f_value,2.500,6298,0.1352016513178787,4.811209907907272,0.0,19.244839631629088,0.1568751829803845,0.12900601919635596,50000,comm,private,
<SOURCE_VECSTRAIGHT_REPO>/hetzner-results/phase3_vecstraight_clean_msgsource_learned_15seeds_hetzner_20260410/train/cond1_seed101_ep50000.pt,cond1,101,1,9001,greedy,none,none,none,none,f_value,3.500,6673,0.35853439232728906,7.585343923272891,0.0013487187172186424,30.341375693091564,0.38827314980336075,0.3590182648401826,50000,comm,private,
<SOURCE_VECSTRAIGHT_REPO>/hetzner-results/phase3_vecstraight_clean_msgsource_learned_15seeds_hetzner_20260410/train/cond1_seed101_ep50000.pt,cond1,101,1,9001,greedy,none,none,none,none,f_value,5.000,5917,0.6270491803278688,14.032786885245901,0.029913807672807165,56.131147540983605,0.7953203465592407,0.6255145779399907,50000,comm,private,
<SOURCE_VECSTRAIGHT_REPO>/hetzner-results/phase3_vecstraight_clean_msgsource_learned_15seeds_hetzner_20260410/train/cond1_seed1111_ep100000.pt,cond1,1111,1,9001,greedy,none,none,none,none,regime,competitive,5288,0.0024583963691376704,3.995083207261725,0.0,15.9803328290469,,,100000,comm,private,
<SOURCE_VECSTRAIGHT_REPO>/hetzner-results/phase3_vecstraight_clean_msgsource_learned_15seeds_hetzner_20260410/train/cond1_seed1111_ep100000.pt,cond1,1111,1,9001,greedy,none,none,none,none,regime,cooperative,5917,0.6300912624640865,14.081460199425385,0.1558222071995944,56.32584079770154,,,100000,comm,private,
<SOURCE_VECSTRAIGHT_REPO>/hetzner-results/phase3_vecstraight_clean_msgsource_learned_15seeds_hetzner_20260410/train/cond1_seed1111_ep100000.pt,cond1,1111,1,9001,greedy,none,none,none,none,regime,mixed,18795,0.2422053737696196,6.177361000266028,0.009204575685022613,24.709444001064114,,,100000,comm,private,
<SOURCE_VECSTRAIGHT_REPO>/hetzner-results/phase3_vecstraight_clean_msgsource_learned_15seeds_hetzner_20260410/train/cond1_seed1111_ep100000.pt,cond1,1111,1,9001,greedy,none,none,none,none,f_value,0.500,5288,0.0024583963691376704,3.995083207261725,0.0,15.9803328290469,0.0022451514282984617,0.002901554404145078,100000,comm,private,
<SOURCE_VECSTRAIGHT_REPO>/hetzner-results/phase3_vecstraight_clean_msgsource_learned_15seeds_hetzner_20260410/train/cond1_seed1111_ep100000.pt,cond1,1111,1,9001,greedy,none,none,none,none,f_value,1.500,5824,0.01193337912087912,4.023866758241758,0.0,16.095467032967033,0.014221432142658742,0.011563599798893917,100000,comm,private,
<SOURCE_VECSTRAIGHT_REPO>/hetzner-results/phase3_vecstraight_clean_msgsource_learned_15seeds_hetzner_20260410/train/cond1_seed1111_ep100000.pt,cond1,1111,1,9001,greedy,none,none,none,none,f_value,2.500,6298,0.16048745633534456,4.962924738012068,0.00015878056525881233,19.85169895204827,0.14755476668690737,0.1642724949325813,100000,comm,private,
<SOURCE_VECSTRAIGHT_REPO>/hetzner-results/phase3_vecstraight_clean_msgsource_learned_15seeds_hetzner_20260410/train/cond1_seed1111_ep100000.pt,cond1,1111,1,9001,greedy,none,none,none,none,f_value,3.500,6673,0.5203057095759029,9.203057095759029,0.02577551326240072,36.812228383036114,0.45185144307709285,0.527052345811188,100000,comm,private,
<SOURCE_VECSTRAIGHT_REPO>/hetzner-results/phase3_vecstraight_clean_msgsource_learned_15seeds_hetzner_20260410/train/cond1_seed1111_ep100000.pt,cond1,1111,1,9001,greedy,none,none,none,none,f_value,5.000,5917,0.6300912624640865,14.081460199425385,0.1558222071995944,56.32584079770154,0.6402559477797819,0.6188052504687919,100000,comm,private,
<SOURCE_VECSTRAIGHT_REPO>/hetzner-results/phase3_vecstraight_clean_msgsource_learned_15seeds_hetzner_20260410/train/cond1_seed1111.pt,cond1,1111,1,9001,greedy,none,none,none,none,regime,competitive,5288,9.455370650529501e-05,3.9998108925869893,0.0,15.999243570347957,,,150000,comm,private,
<SOURCE_VECSTRAIGHT_REPO>/hetzner-results/phase3_vecstraight_clean_msgsource_learned_15seeds_hetzner_20260410/train/cond1_seed1111.pt,cond1,1111,1,9001,greedy,none,none,none,none,regime,cooperative,5917,0.7139175257731959,15.422680412371134,0.24488761196552306,61.69072164948454,,,150000,comm,private,
<SOURCE_VECSTRAIGHT_REPO>/hetzner-results/phase3_vecstraight_clean_msgsource_learned_15seeds_hetzner_20260410/train/cond1_seed1111.pt,cond1,1111,1,9001,greedy,none,none,none,none,regime,mixed,18795,0.23506251662676245,6.2398510242085665,0.010375099760574621,24.959404096834266,,,150000,comm,private,
<SOURCE_VECSTRAIGHT_REPO>/hetzner-results/phase3_vecstraight_clean_msgsource_learned_15seeds_hetzner_20260410/train/cond1_seed1111.pt,cond1,1111,1,9001,greedy,none,none,none,none,f_value,0.500,5288,9.455370650529501e-05,3.9998108925869893,0.0,15.999243570347957,9.455370650529501e-05,0.0,150000,comm,private,
<SOURCE_VECSTRAIGHT_REPO>/hetzner-results/phase3_vecstraight_clean_msgsource_learned_15seeds_hetzner_20260410/train/cond1_seed1111.pt,cond1,1111,1,9001,greedy,none,none,none,none,f_value,1.500,5824,0.002661401098901099,4.005322802197802,0.0,16.021291208791208,0.0026616296041899203,0.0018653147120719343,150000,comm,private,
<SOURCE_VECSTRAIGHT_REPO>/hetzner-results/phase3_vecstraight_clean_msgsource_learned_15seeds_hetzner_20260410/train/cond1_seed1111.pt,cond1,1111,1,9001,greedy,none,none,none,none,f_value,2.500,6298,0.07772308669418863,4.466338520165132,0.0,17.865354080660527,0.0742933075622131,0.07904147313905216,150000,comm,private,
<SOURCE_VECSTRAIGHT_REPO>/hetzner-results/phase3_vecstraight_clean_msgsource_learned_15seeds_hetzner_20260410/train/cond1_seed1111.pt,cond1,1111,1,9001,greedy,none,none,none,none,f_value,3.500,6673,0.5863929267196164,9.863929267196164,0.029222238873070582,39.45571706878466,0.5437634152158359,0.5865222442936922,150000,comm,private,
<SOURCE_VECSTRAIGHT_REPO>/hetzner-results/phase3_vecstraight_clean_msgsource_learned_15seeds_hetzner_20260410/train/cond1_seed1111.pt,cond1,1111,1,9001,greedy,none,none,none,none,f_value,5.000,5917,0.7139175257731959,15.422680412371134,0.24488761196552306,61.69072164948454,0.6860329615448644,0.7128498727735368,150000,comm,private,
<SOURCE_VECSTRAIGHT_REPO>/hetzner-results/phase3_vecstraight_clean_msgsource_learned_15seeds_hetzner_20260410/train/cond1_seed1111_ep25000.pt,cond1,1111,1,9001,greedy,none,none,none,none,regime,competitive,5288,0.0012764750378214825,3.997447049924357,0.0,15.989788199697427,,,25000,comm,private,
<SOURCE_VECSTRAIGHT_REPO>/hetzner-results/phase3_vecstraight_clean_msgsource_learned_15seeds_hetzner_20260410/train/cond1_seed1111_ep25000.pt,cond1,1111,1,9001,greedy,none,none,none,none,regime,cooperative,5917,0.5924454960283928,13.479127936454285,0.0779111035997972,53.91651174581714,,,25000,comm,private,
<SOURCE_VECSTRAIGHT_REPO>/hetzner-results/phase3_vecstraight_clean_msgsource_learned_15seeds_hetzner_20260410/train/cond1_seed1111_ep25000.pt,cond1,1111,1,9001,greedy,none,none,none,none,regime,mixed,18795,0.26042830540037243,6.20316573556797,0.00021282255919127428,24.81266294227188,,,25000,comm,private,
<SOURCE_VECSTRAIGHT_REPO>/hetzner-results/phase3_vecstraight_clean_msgsource_learned_15seeds_hetzner_20260410/train/cond1_seed1111_ep25000.pt,cond1,1111,1,9001,greedy,none,none,none,none,f_value,0.500,5288,0.0012764750378214825,3.997447049924357,0.0,15.989788199697427,0.0012796208530805686,0.0002800924305020657,25000,comm,private,
<SOURCE_VECSTRAIGHT_REPO>/hetzner-results/phase3_vecstraight_clean_msgsource_learned_15seeds_hetzner_20260410/train/cond1_seed1111_ep25000.pt,cond1,1111,1,9001,greedy,none,none,none,none,f_value,1.500,5824,0.025841346153846152,4.0516826923076925,0.0,16.20673076923077,0.02571182053494392,0.01152,25000,comm,private,
<SOURCE_VECSTRAIGHT_REPO>/hetzner-results/phase3_vecstraight_clean_msgsource_learned_15seeds_hetzner_20260410/train/cond1_seed1111_ep25000.pt,cond1,1111,1,9001,greedy,none,none,none,none,f_value,2.500,6298,0.251468720228644,5.508812321371864,0.0,22.035249285487456,0.2783008539522663,0.22679302175317684,25000,comm,private,
<SOURCE_VECSTRAIGHT_REPO>/hetzner-results/phase3_vecstraight_clean_msgsource_learned_15seeds_hetzner_20260410/train/cond1_seed1111_ep25000.pt,cond1,1111,1,9001,greedy,none,none,none,none,f_value,3.500,6673,0.4736250561966132,8.736250561966132,0.0005994305409860632,34.94500224786453,0.5528909952606635,0.4733665704539491,25000,comm,private,
<SOURCE_VECSTRAIGHT_REPO>/hetzner-results/phase3_vecstraight_clean_msgsource_learned_15seeds_hetzner_20260410/train/cond1_seed1111_ep25000.pt,cond1,1111,1,9001,greedy,none,none,none,none,f_value,5.000,5917,0.5924454960283928,13.479127936454285,0.0779111035997972,53.91651174581714,0.5883001720562933,0.5524313288789904,25000,comm,private,
<SOURCE_VECSTRAIGHT_REPO>/hetzner-results/phase3_vecstraight_clean_msgsource_learned_15seeds_hetzner_20260410/train/cond1_seed1111_ep50000.pt,cond1,1111,1,9001,greedy,none,none,none,none,regime,competitive,5288,0.010684568835098336,3.9786308623298035,0.0,15.914523449319214,,,50000,comm,private,
<SOURCE_VECSTRAIGHT_REPO>/hetzner-results/phase3_vecstraight_clean_msgsource_learned_15seeds_hetzner_20260410/train/cond1_seed1111_ep50000.pt,cond1,1111,1,9001,greedy,none,none,none,none,regime,cooperative,5917,0.6892006084164273,15.027209734662836,0.1957072840966706,60.108838938651346,,,50000,comm,private,
<SOURCE_VECSTRAIGHT_REPO>/hetzner-results/phase3_vecstraight_clean_msgsource_learned_15seeds_hetzner_20260410/train/cond1_seed1111_ep50000.pt,cond1,1111,1,9001,greedy,none,none,none,none,regime,mixed,18795,0.36461824953445066,6.974514498536845,0.0059590316573556795,27.89805799414738,,,50000,comm,private,
<SOURCE_VECSTRAIGHT_REPO>/hetzner-results/phase3_vecstraight_clean_msgsource_learned_15seeds_hetzner_20260410/train/cond1_seed1111_ep50000.pt,cond1,1111,1,9001,greedy,none,none,none,none,f_value,0.500,5288,0.010684568835098336,3.9786308623298035,0.0,15.914523449319214,0.006341034655951783,0.010051959403680862,50000,comm,private,
<SOURCE_VECSTRAIGHT_REPO>/hetzner-results/phase3_vecstraight_clean_msgsource_learned_15seeds_hetzner_20260410/train/cond1_seed1111_ep50000.pt,cond1,1111,1,9001,greedy,none,none,none,none,f_value,1.500,5824,0.07035542582417582,4.140710851648351,0.0,16.562843406593405,0.04950702748059576,0.07310177705977383,50000,comm,private,
<SOURCE_VECSTRAIGHT_REPO>/hetzner-results/phase3_vecstraight_clean_msgsource_learned_15seeds_hetzner_20260410/train/cond1_seed1111_ep50000.pt,cond1,1111,1,9001,greedy,none,none,none,none,f_value,2.500,6298,0.37099079072721497,6.22594474436329,0.0,24.90377897745316,0.3108844211151827,0.37515709247172335,50000,comm,private,
<SOURCE_VECSTRAIGHT_REPO>/hetzner-results/phase3_vecstraight_clean_msgsource_learned_15seeds_hetzner_20260410/train/cond1_seed1111_ep50000.pt,cond1,1111,1,9001,greedy,none,none,none,none,f_value,3.500,6673,0.6154278435486288,10.154278435486289,0.01678405514760977,40.617113741945154,0.6106089908039626,0.6900043649061545,50000,comm,private,
<SOURCE_VECSTRAIGHT_REPO>/hetzner-results/phase3_vecstraight_clean_msgsource_learned_15seeds_hetzner_20260410/train/cond1_seed1111_ep50000.pt,cond1,1111,1,9001,greedy,none,none,none,none,f_value,5.000,5917,0.6892006084164273,15.027209734662836,0.1957072840966706,60.108838938651346,0.7240677045619116,0.692740399521637,50000,comm,private,
<SOURCE_VECSTRAIGHT_REPO>/hetzner-results/phase3_vecstraight_clean_msgsource_learned_15seeds_hetzner_20260410/train/cond1_seed1212_ep100000.pt,cond1,1212,1,9001,greedy,none,none,none,none,regime,competitive,5288,0.00023638426626323752,3.9995272314674737,0.0,15.998108925869895,,,100000,comm,private,
<SOURCE_VECSTRAIGHT_REPO>/hetzner-results/phase3_vecstraight_clean_msgsource_learned_15seeds_hetzner_20260410/train/cond1_seed1212_ep100000.pt,cond1,1212,1,9001,greedy,none,none,none,none,regime,cooperative,5917,0.85917694777759,17.74683116444144,0.44329896907216493,70.98732465776575,,,100000,comm,private,
<SOURCE_VECSTRAIGHT_REPO>/hetzner-results/phase3_vecstraight_clean_msgsource_learned_15seeds_hetzner_20260410/train/cond1_seed1212_ep100000.pt,cond1,1212,1,9001,greedy,none,none,none,none,regime,mixed,18795,0.24942803937217345,6.322585794094174,0.015429635541367386,25.290343176376695,,,100000,comm,private,
<SOURCE_VECSTRAIGHT_REPO>/hetzner-results/phase3_vecstraight_clean_msgsource_learned_15seeds_hetzner_20260410/train/cond1_seed1212_ep100000.pt,cond1,1212,1,9001,greedy,none,none,none,none,f_value,0.500,5288,0.00023638426626323752,3.9995272314674737,0.0,15.998108925869895,0.00025393600812595224,0.0002892179546506247,100000,comm,private,
<SOURCE_VECSTRAIGHT_REPO>/hetzner-results/phase3_vecstraight_clean_msgsource_learned_15seeds_hetzner_20260410/train/cond1_seed1212_ep100000.pt,cond1,1212,1,9001,greedy,none,none,none,none,f_value,1.500,5824,0.008284684065934066,4.016569368131868,0.0,16.06627747252747,0.007096575131132366,0.00886992376660114,100000,comm,private,
<SOURCE_VECSTRAIGHT_REPO>/hetzner-results/phase3_vecstraight_clean_msgsource_learned_15seeds_hetzner_20260410/train/cond1_seed1212_ep100000.pt,cond1,1212,1,9001,greedy,none,none,none,none,f_value,2.500,6298,0.11277389647507145,4.676643378850429,0.0,18.706573515401715,0.113135671011566,0.11683210137275607,100000,comm,private,
<SOURCE_VECSTRAIGHT_REPO>/hetzner-results/phase3_vecstraight_clean_msgsource_learned_15seeds_hetzner_20260410/train/cond1_seed1212_ep100000.pt,cond1,1212,1,9001,greedy,none,none,none,none,f_value,3.500,6673,0.5888655777011839,9.888655777011838,0.043458714221489586,39.55462310804735,0.5686868686868687,0.5710657819284017,100000,comm,private,
<SOURCE_VECSTRAIGHT_REPO>/hetzner-results/phase3_vecstraight_clean_msgsource_learned_15seeds_hetzner_20260410/train/cond1_seed1212_ep100000.pt,cond1,1212,1,9001,greedy,none,none,none,none,f_value,5.000,5917,0.85917694777759,17.74683116444144,0.44329896907216493,70.98732465776575,0.8591412391175725,0.8311138014527845,100000,comm,private,
<SOURCE_VECSTRAIGHT_REPO>/hetzner-results/phase3_vecstraight_clean_msgsource_learned_15seeds_hetzner_20260410/train/cond1_seed1212.pt,cond1,1212,1,9001,greedy,none,none,none,none,regime,competitive,5288,9.455370650529501e-05,3.9998108925869893,0.0,15.999243570347957,,,150000,comm,private,
<SOURCE_VECSTRAIGHT_REPO>/hetzner-results/phase3_vecstraight_clean_msgsource_learned_15seeds_hetzner_20260410/train/cond1_seed1212.pt,cond1,1212,1,9001,greedy,none,none,none,none,regime,cooperative,5917,0.8335305053236437,17.3364880851783,0.43467973635288154,69.3459523407132,,,150000,comm,private,
<SOURCE_VECSTRAIGHT_REPO>/hetzner-results/phase3_vecstraight_clean_msgsource_learned_15seeds_hetzner_20260410/train/cond1_seed1212.pt,cond1,1212,1,9001,greedy,none,none,none,none,regime,mixed,18795,0.28776270284650174,6.830167597765363,0.14285714285714285,27.32067039106145,,,150000,comm,private,
<SOURCE_VECSTRAIGHT_REPO>/hetzner-results/phase3_vecstraight_clean_msgsource_learned_15seeds_hetzner_20260410/train/cond1_seed1212.pt,cond1,1212,1,9001,greedy,none,none,none,none,f_value,0.500,5288,9.455370650529501e-05,3.9998108925869893,0.0,15.999243570347957,5.23752160477662e-05,9.455370650529501e-05,150000,comm,private,
<SOURCE_VECSTRAIGHT_REPO>/hetzner-results/phase3_vecstraight_clean_msgsource_learned_15seeds_hetzner_20260410/train/cond1_seed1212.pt,cond1,1212,1,9001,greedy,none,none,none,none,f_value,1.500,5824,0.002704326923076923,4.005408653846154,0.0,16.021634615384617,0.001414565143163748,0.002706418077154395,150000,comm,private,
<SOURCE_VECSTRAIGHT_REPO>/hetzner-results/phase3_vecstraight_clean_msgsource_learned_15seeds_hetzner_20260410/train/cond1_seed1212.pt,cond1,1212,1,9001,greedy,none,none,none,none,f_value,2.500,6298,0.03040647824706256,4.182438869482375,0.00031756113051762465,16.7297554779295,0.02540597171293871,0.03000956480153037,150000,comm,private,
<SOURCE_VECSTRAIGHT_REPO>/hetzner-results/phase3_vecstraight_clean_msgsource_learned_15seeds_hetzner_20260410/train/cond1_seed1212.pt,cond1,1212,1,9001,greedy,none,none,none,none,f_value,3.500,6673,0.7794470253259403,11.794470253259403,0.4020680353664019,47.17788101303761,0.7829441947416571,0.7867641153321019,150000,comm,private,
<SOURCE_VECSTRAIGHT_REPO>/hetzner-results/phase3_vecstraight_clean_msgsource_learned_15seeds_hetzner_20260410/train/cond1_seed1212.pt,cond1,1212,1,9001,greedy,none,none,none,none,f_value,5.000,5917,0.8335305053236437,17.3364880851783,0.43467973635288154,69.3459523407132,0.8335164370827347,0.8626947754353804,150000,comm,private,
<SOURCE_VECSTRAIGHT_REPO>/hetzner-results/phase3_vecstraight_clean_msgsource_learned_15seeds_hetzner_20260410/train/cond1_seed1212_ep25000.pt,cond1,1212,1,9001,greedy,none,none,none,none,regime,competitive,5288,0.0,4.0,0.0,16.0,,,25000,comm,private,
<SOURCE_VECSTRAIGHT_REPO>/hetzner-results/phase3_vecstraight_clean_msgsource_learned_15seeds_hetzner_20260410/train/cond1_seed1212_ep25000.pt,cond1,1212,1,9001,greedy,none,none,none,none,regime,cooperative,5917,0.6249788744296096,13.999661990873754,0.07182693932736184,55.99864796349502,,,25000,comm,private,
<SOURCE_VECSTRAIGHT_REPO>/hetzner-results/phase3_vecstraight_clean_msgsource_learned_15seeds_hetzner_20260410/train/cond1_seed1212_ep25000.pt,cond1,1212,1,9001,greedy,none,none,none,none,regime,mixed,18795,0.18801542963554138,5.739531790369779,5.320563979781857e-05,22.958127161479116,,,25000,comm,private,
<SOURCE_VECSTRAIGHT_REPO>/hetzner-results/phase3_vecstraight_clean_msgsource_learned_15seeds_hetzner_20260410/train/cond1_seed1212_ep25000.pt,cond1,1212,1,9001,greedy,none,none,none,none,f_value,0.500,5288,0.0,4.0,0.0,16.0,0.0,0.0,25000,comm,private,
<SOURCE_VECSTRAIGHT_REPO>/hetzner-results/phase3_vecstraight_clean_msgsource_learned_15seeds_hetzner_20260410/train/cond1_seed1212_ep25000.pt,cond1,1212,1,9001,greedy,none,none,none,none,f_value,1.500,5824,0.0015453296703296703,4.00309065934066,0.0,16.01236263736264,0.0016515666289165724,0.0005930115865340754,25000,comm,private,
<SOURCE_VECSTRAIGHT_REPO>/hetzner-results/phase3_vecstraight_clean_msgsource_learned_15seeds_hetzner_20260410/train/cond1_seed1212_ep25000.pt,cond1,1212,1,9001,greedy,none,none,none,none,f_value,2.500,6298,0.10205620832010162,4.61233724992061,0.0,18.44934899968244,0.12179147604141584,0.0655675811729172,25000,comm,private,
<SOURCE_VECSTRAIGHT_REPO>/hetzner-results/phase3_vecstraight_clean_msgsource_learned_15seeds_hetzner_20260410/train/cond1_seed1212_ep25000.pt,cond1,1212,1,9001,greedy,none,none,none,none,f_value,3.500,6673,0.43188970478045857,8.318897047804585,0.0001498576352465158,33.27558819121834,0.4482731430373758,0.40131578947368424,25000,comm,private,
<SOURCE_VECSTRAIGHT_REPO>/hetzner-results/phase3_vecstraight_clean_msgsource_learned_15seeds_hetzner_20260410/train/cond1_seed1212_ep25000.pt,cond1,1212,1,9001,greedy,none,none,none,none,f_value,5.000,5917,0.6249788744296096,13.999661990873754,0.07182693932736184,55.99864796349502,0.6415902140672783,0.6258569614896318,25000,comm,private,
<SOURCE_VECSTRAIGHT_REPO>/hetzner-results/phase3_vecstraight_clean_msgsource_learned_15seeds_hetzner_20260410/train/cond1_seed1212_ep50000.pt,cond1,1212,1,9001,greedy,none,none,none,none,regime,competitive,5288,0.0007091527987897125,3.9985816944024206,0.0,15.994326777609682,,,50000,comm,private,
<SOURCE_VECSTRAIGHT_REPO>/hetzner-results/phase3_vecstraight_clean_msgsource_learned_15seeds_hetzner_20260410/train/cond1_seed1212_ep50000.pt,cond1,1212,1,9001,greedy,none,none,none,none,regime,cooperative,5917,0.599839445665033,13.597431130640528,0.1328375866148386,54.38972452256211,,,50000,comm,private,
<SOURCE_VECSTRAIGHT_REPO>/hetzner-results/phase3_vecstraight_clean_msgsource_learned_15seeds_hetzner_20260410/train/cond1_seed1212_ep50000.pt,cond1,1212,1,9001,greedy,none,none,none,none,regime,mixed,18795,0.186512370311253,5.717052407555201,0.008300079808459697,22.868209630220804,,,50000,comm,private,
<SOURCE_VECSTRAIGHT_REPO>/hetzner-results/phase3_vecstraight_clean_msgsource_learned_15seeds_hetzner_20260410/train/cond1_seed1212_ep50000.pt,cond1,1212,1,9001,greedy,none,none,none,none,f_value,0.500,5288,0.0007091527987897125,3.9985816944024206,0.0,15.994326777609682,0.0007140816909454442,0.0011933174224343676,50000,comm,private,
<SOURCE_VECSTRAIGHT_REPO>/hetzner-results/phase3_vecstraight_clean_msgsource_learned_15seeds_hetzner_20260410/train/cond1_seed1212_ep50000.pt,cond1,1212,1,9001,greedy,none,none,none,none,f_value,1.500,5824,0.008799793956043956,4.017599587912088,0.0,16.07039835164835,0.008764769065520945,0.015755627009646302,50000,comm,private,
<SOURCE_VECSTRAIGHT_REPO>/hetzner-results/phase3_vecstraight_clean_msgsource_learned_15seeds_hetzner_20260410/train/cond1_seed1212_ep50000.pt,cond1,1212,1,9001,greedy,none,none,none,none,f_value,2.500,6298,0.09419657033979041,4.565179422038742,0.0,18.26071768815497,0.09302325581395349,0.11950030469226082,50000,comm,private,
<SOURCE_VECSTRAIGHT_REPO>/hetzner-results/phase3_vecstraight_clean_msgsource_learned_15seeds_hetzner_20260410/train/cond1_seed1212_ep50000.pt,cond1,1212,1,9001,greedy,none,none,none,none,f_value,3.500,6673,0.42874269444028174,8.287426944402817,0.023377791098456467,33.14970777761127,0.4040267388190355,0.4332434254888739,50000,comm,private,
<SOURCE_VECSTRAIGHT_REPO>/hetzner-results/phase3_vecstraight_clean_msgsource_learned_15seeds_hetzner_20260410/train/cond1_seed1212_ep50000.pt,cond1,1212,1,9001,greedy,none,none,none,none,f_value,5.000,5917,0.599839445665033,13.597431130640528,0.1328375866148386,54.38972452256211,0.5946886446886447,0.5791982566849775,50000,comm,private,
<SOURCE_VECSTRAIGHT_REPO>/hetzner-results/phase3_vecstraight_clean_msgsource_learned_15seeds_hetzner_20260410/train/cond1_seed1313_ep100000.pt,cond1,1313,1,9001,greedy,none,none,none,none,regime,competitive,5288,0.0003309379727685325,3.999338124054463,0.0,15.997352496217852,,,100000,comm,private,
<SOURCE_VECSTRAIGHT_REPO>/hetzner-results/phase3_vecstraight_clean_msgsource_learned_15seeds_hetzner_20260410/train/cond1_seed1313_ep100000.pt,cond1,1313,1,9001,greedy,none,none,none,none,regime,cooperative,5917,0.8383048842318742,17.41287814770999,0.39411864120331247,69.65151259083996,,,100000,comm,private,
<SOURCE_VECSTRAIGHT_REPO>/hetzner-results/phase3_vecstraight_clean_msgsource_learned_15seeds_hetzner_20260410/train/cond1_seed1313_ep100000.pt,cond1,1313,1,9001,greedy,none,none,none,none,regime,mixed,18795,0.34169992019154033,6.964804469273743,0.04581005586592179,27.859217877094974,,,100000,comm,private,
<SOURCE_VECSTRAIGHT_REPO>/hetzner-results/phase3_vecstraight_clean_msgsource_learned_15seeds_hetzner_20260410/train/cond1_seed1313_ep100000.pt,cond1,1313,1,9001,greedy,none,none,none,none,f_value,0.500,5288,0.0003309379727685325,3.999338124054463,0.0,15.997352496217852,0.00034811668871405696,0.0003354579000335458,100000,comm,private,
<SOURCE_VECSTRAIGHT_REPO>/hetzner-results/phase3_vecstraight_clean_msgsource_learned_15seeds_hetzner_20260410/train/cond1_seed1313_ep100000.pt,cond1,1313,1,9001,greedy,none,none,none,none,f_value,1.500,5824,0.01120364010989011,4.02240728021978,0.0,16.08962912087912,0.012954913491860565,0.011215194224819525,100000,comm,private,
<SOURCE_VECSTRAIGHT_REPO>/hetzner-results/phase3_vecstraight_clean_msgsource_learned_15seeds_hetzner_20260410/train/cond1_seed1313_ep100000.pt,cond1,1313,1,9001,greedy,none,none,none,none,f_value,2.500,6298,0.31664814226738647,5.899888853604319,0.010638297872340425,23.599555414417274,0.35000779990640113,0.3203879587894398,100000,comm,private,
<SOURCE_VECSTRAIGHT_REPO>/hetzner-results/phase3_vecstraight_clean_msgsource_learned_15seeds_hetzner_20260410/train/cond1_seed1313_ep100000.pt,cond1,1313,1,9001,greedy,none,none,none,none,f_value,3.500,6673,0.6537913981717368,10.537913981717368,0.11898696238573356,42.15165592686947,0.6527234181343771,0.6995864753101435,100000,comm,private,
<SOURCE_VECSTRAIGHT_REPO>/hetzner-results/phase3_vecstraight_clean_msgsource_learned_15seeds_hetzner_20260410/train/cond1_seed1313_ep100000.pt,cond1,1313,1,9001,greedy,none,none,none,none,f_value,5.000,5917,0.8383048842318742,17.41287814770999,0.39411864120331247,69.65151259083996,0.8310748179209887,0.8394235717961914,100000,comm,private,
<SOURCE_VECSTRAIGHT_REPO>/hetzner-results/phase3_vecstraight_clean_msgsource_learned_15seeds_hetzner_20260410/train/cond1_seed1313.pt,cond1,1313,1,9001,greedy,none,none,none,none,regime,competitive,5288,0.004254916792738275,3.9914901664145233,0.0,15.965960665658093,,,150000,comm,private,
<SOURCE_VECSTRAIGHT_REPO>/hetzner-results/phase3_vecstraight_clean_msgsource_learned_15seeds_hetzner_20260410/train/cond1_seed1313.pt,cond1,1313,1,9001,greedy,none,none,none,none,regime,cooperative,5917,0.9349754943383471,18.959607909413553,0.7404089910427581,75.83843163765421,,,150000,comm,private,
<SOURCE_VECSTRAIGHT_REPO>/hetzner-results/phase3_vecstraight_clean_msgsource_learned_15seeds_hetzner_20260410/train/cond1_seed1313.pt,cond1,1313,1,9001,greedy,none,none,none,none,regime,mixed,18795,0.3070364458632615,6.904735301942006,0.10337855812716149,27.618941207768025,,,150000,comm,private,
<SOURCE_VECSTRAIGHT_REPO>/hetzner-results/phase3_vecstraight_clean_msgsource_learned_15seeds_hetzner_20260410/train/cond1_seed1313.pt,cond1,1313,1,9001,greedy,none,none,none,none,f_value,0.500,5288,0.004254916792738275,3.9914901664145233,0.0,15.965960665658093,0.0680786686838124,0.0042094310173579905,150000,comm,private,
<SOURCE_VECSTRAIGHT_REPO>/hetzner-results/phase3_vecstraight_clean_msgsource_learned_15seeds_hetzner_20260410/train/cond1_seed1313.pt,cond1,1313,1,9001,greedy,none,none,none,none,f_value,1.500,5824,0.009443681318681318,4.018887362637362,0.0,16.07554945054945,0.1583949313621964,0.008185068711497868,150000,comm,private,
<SOURCE_VECSTRAIGHT_REPO>/hetzner-results/phase3_vecstraight_clean_msgsource_learned_15seeds_hetzner_20260410/train/cond1_seed1313.pt,cond1,1313,1,9001,greedy,none,none,none,none,f_value,2.500,6298,0.10610511273420134,4.636630676405208,0.002381708478882185,18.54652270562083,0.15049342105263158,0.09893381613357473,150000,comm,private,
<SOURCE_VECSTRAIGHT_REPO>/hetzner-results/phase3_vecstraight_clean_msgsource_learned_15seeds_hetzner_20260410/train/cond1_seed1313.pt,cond1,1313,1,9001,greedy,none,none,none,none,f_value,3.500,6673,0.7564064139067885,11.564064139067886,0.2889255207552825,46.256256556271545,0.7529329147389293,0.7440949650744942,150000,comm,private,
<SOURCE_VECSTRAIGHT_REPO>/hetzner-results/phase3_vecstraight_clean_msgsource_learned_15seeds_hetzner_20260410/train/cond1_seed1313.pt,cond1,1313,1,9001,greedy,none,none,none,none,f_value,5.000,5917,0.9349754943383471,18.959607909413553,0.7404089910427581,75.83843163765421,0.9644696189495365,0.9228080838778301,150000,comm,private,
<SOURCE_VECSTRAIGHT_REPO>/hetzner-results/phase3_vecstraight_clean_msgsource_learned_15seeds_hetzner_20260410/train/cond1_seed1313_ep25000.pt,cond1,1313,1,9001,greedy,none,none,none,none,regime,competitive,5288,0.00047276853252647505,3.999054462934947,0.0,15.996217851739788,,,25000,comm,private,
<SOURCE_VECSTRAIGHT_REPO>/hetzner-results/phase3_vecstraight_clean_msgsource_learned_15seeds_hetzner_20260410/train/cond1_seed1313_ep25000.pt,cond1,1313,1,9001,greedy,none,none,none,none,regime,cooperative,5917,0.8119824235254351,16.991718776406962,0.29880006760182526,67.96687510562785,,,25000,comm,private,
<SOURCE_VECSTRAIGHT_REPO>/hetzner-results/phase3_vecstraight_clean_msgsource_learned_15seeds_hetzner_20260410/train/cond1_seed1313_ep25000.pt,cond1,1313,1,9001,greedy,none,none,none,none,regime,mixed,18795,0.2518488959829742,6.237882415536046,0.025911146581537644,24.951529662144186,,,25000,comm,private,
<SOURCE_VECSTRAIGHT_REPO>/hetzner-results/phase3_vecstraight_clean_msgsource_learned_15seeds_hetzner_20260410/train/cond1_seed1313_ep25000.pt,cond1,1313,1,9001,greedy,none,none,none,none,f_value,0.500,5288,0.00047276853252647505,3.999054462934947,0.0,15.996217851739788,0.000572967398155045,0.0005040604872584711,25000,comm,private,
<SOURCE_VECSTRAIGHT_REPO>/hetzner-results/phase3_vecstraight_clean_msgsource_learned_15seeds_hetzner_20260410/train/cond1_seed1313_ep25000.pt,cond1,1313,1,9001,greedy,none,none,none,none,f_value,1.500,5824,0.0168698489010989,4.033739697802198,0.0,16.134958791208792,0.023666791557387285,0.014773237539290525,25000,comm,private,
<SOURCE_VECSTRAIGHT_REPO>/hetzner-results/phase3_vecstraight_clean_msgsource_learned_15seeds_hetzner_20260410/train/cond1_seed1313_ep25000.pt,cond1,1313,1,9001,greedy,none,none,none,none,f_value,2.500,6298,0.17815179422038743,5.068910765322324,0.0,20.275643061289298,0.22937738817711845,0.16686463239811591,25000,comm,private,
<SOURCE_VECSTRAIGHT_REPO>/hetzner-results/phase3_vecstraight_clean_msgsource_learned_15seeds_hetzner_20260410/train/cond1_seed1313_ep25000.pt,cond1,1313,1,9001,greedy,none,none,none,none,f_value,3.500,6673,0.5264873370298216,9.264873370298217,0.0729806683650532,37.05949348119287,0.5459170694479776,0.5251217532467533,25000,comm,private,
<SOURCE_VECSTRAIGHT_REPO>/hetzner-results/phase3_vecstraight_clean_msgsource_learned_15seeds_hetzner_20260410/train/cond1_seed1313_ep25000.pt,cond1,1313,1,9001,greedy,none,none,none,none,f_value,5.000,5917,0.8119824235254351,16.991718776406962,0.29880006760182526,67.96687510562785,0.7636762719495722,0.8112719093494037,25000,comm,private,
<SOURCE_VECSTRAIGHT_REPO>/hetzner-results/phase3_vecstraight_clean_msgsource_learned_15seeds_hetzner_20260410/train/cond1_seed1313_ep50000.pt,cond1,1313,1,9001,greedy,none,none,none,none,regime,competitive,5288,0.004065809379727685,3.9918683812405447,0.0,15.967473524962179,,,50000,comm,private,
<SOURCE_VECSTRAIGHT_REPO>/hetzner-results/phase3_vecstraight_clean_msgsource_learned_15seeds_hetzner_20260410/train/cond1_seed1313_ep50000.pt,cond1,1313,1,9001,greedy,none,none,none,none,regime,cooperative,5917,0.7186074023998648,15.497718438397836,0.21057968565151258,61.990873753591345,,,50000,comm,private,
<SOURCE_VECSTRAIGHT_REPO>/hetzner-results/phase3_vecstraight_clean_msgsource_learned_15seeds_hetzner_20260410/train/cond1_seed1313_ep50000.pt,cond1,1313,1,9001,greedy,none,none,none,none,regime,mixed,18795,0.03922585794094174,4.327507315775472,0.0,17.31002926310189,,,50000,comm,private,
<SOURCE_VECSTRAIGHT_REPO>/hetzner-results/phase3_vecstraight_clean_msgsource_learned_15seeds_hetzner_20260410/train/cond1_seed1313_ep50000.pt,cond1,1313,1,9001,greedy,none,none,none,none,f_value,0.500,5288,0.004065809379727685,3.9918683812405447,0.0,15.967473524962179,0.0041310404457680855,0.0016821345707656614,50000,comm,private,
<SOURCE_VECSTRAIGHT_REPO>/hetzner-results/phase3_vecstraight_clean_msgsource_learned_15seeds_hetzner_20260410/train/cond1_seed1313_ep50000.pt,cond1,1313,1,9001,greedy,none,none,none,none,f_value,1.500,5824,0.007340315934065934,4.014680631868132,0.0,16.05872252747253,0.007900937947604306,0.0057707771628588995,50000,comm,private,
<SOURCE_VECSTRAIGHT_REPO>/hetzner-results/phase3_vecstraight_clean_msgsource_learned_15seeds_hetzner_20260410/train/cond1_seed1313_ep50000.pt,cond1,1313,1,9001,greedy,none,none,none,none,f_value,2.500,6298,0.034733248650365194,4.208399491902191,0.0,16.833597967608764,0.04251991593763746,0.03478016688061617,50000,comm,private,
<SOURCE_VECSTRAIGHT_REPO>/hetzner-results/phase3_vecstraight_clean_msgsource_learned_15seeds_hetzner_20260410/train/cond1_seed1313_ep50000.pt,cond1,1313,1,9001,greedy,none,none,none,none,f_value,3.500,6673,0.0712947699685299,4.712947699685299,0.0,18.851790798741195,0.09335949602395952,0.0713321838218757,50000,comm,private,
<SOURCE_VECSTRAIGHT_REPO>/hetzner-results/phase3_vecstraight_clean_msgsource_learned_15seeds_hetzner_20260410/train/cond1_seed1313_ep50000.pt,cond1,1313,1,9001,greedy,none,none,none,none,f_value,5.000,5917,0.7186074023998648,15.497718438397836,0.21057968565151258,61.990873753591345,0.7193771479485765,0.7087979629467029,50000,comm,private,
<SOURCE_VECSTRAIGHT_REPO>/hetzner-results/phase3_vecstraight_clean_msgsource_learned_15seeds_hetzner_20260410/train/cond1_seed1414_ep100000.pt,cond1,1414,1,9001,greedy,none,none,none,none,regime,competitive,5288,0.0,4.0,0.0,16.0,,,100000,comm,private,
<SOURCE_VECSTRAIGHT_REPO>/hetzner-results/phase3_vecstraight_clean_msgsource_learned_15seeds_hetzner_20260410/train/cond1_seed1414_ep100000.pt,cond1,1414,1,9001,greedy,none,none,none,none,regime,cooperative,5917,0.6658357275646443,14.653371641034308,0.12404934933243197,58.61348656413723,,,100000,comm,private,
<SOURCE_VECSTRAIGHT_REPO>/hetzner-results/phase3_vecstraight_clean_msgsource_learned_15seeds_hetzner_20260410/train/cond1_seed1414_ep100000.pt,cond1,1414,1,9001,greedy,none,none,none,none,regime,mixed,18795,0.18385208832136207,5.751476456504389,0.02857142857142857,23.005905826017557,,,100000,comm,private,
<SOURCE_VECSTRAIGHT_REPO>/hetzner-results/phase3_vecstraight_clean_msgsource_learned_15seeds_hetzner_20260410/train/cond1_seed1414_ep100000.pt,cond1,1414,1,9001,greedy,none,none,none,none,f_value,0.500,5288,0.0,4.0,0.0,16.0,0.0,0.0,100000,comm,private,
<SOURCE_VECSTRAIGHT_REPO>/hetzner-results/phase3_vecstraight_clean_msgsource_learned_15seeds_hetzner_20260410/train/cond1_seed1414_ep100000.pt,cond1,1414,1,9001,greedy,none,none,none,none,f_value,1.500,5824,0.002146291208791209,4.004292582417582,0.0,16.01717032967033,0.0019138755980861245,0.00210896309314587,100000,comm,private,
<SOURCE_VECSTRAIGHT_REPO>/hetzner-results/phase3_vecstraight_clean_msgsource_learned_15seeds_hetzner_20260410/train/cond1_seed1414_ep100000.pt,cond1,1414,1,9001,greedy,none,none,none,none,f_value,2.500,6298,0.06097173705938393,4.365830422356304,0.00015878056525881233,17.463321689425214,0.03581505153451949,0.06103743358883887,100000,comm,private,
<SOURCE_VECSTRAIGHT_REPO>/hetzner-results/phase3_vecstraight_clean_msgsource_learned_15seeds_hetzner_20260410/train/cond1_seed1414_ep100000.pt,cond1,1414,1,9001,greedy,none,none,none,none,f_value,3.500,6673,0.45841450621909186,8.584145062190919,0.08032369249213248,34.336580248763674,0.5033280507131537,0.4532767485513752,100000,comm,private,
<SOURCE_VECSTRAIGHT_REPO>/hetzner-results/phase3_vecstraight_clean_msgsource_learned_15seeds_hetzner_20260410/train/cond1_seed1414_ep100000.pt,cond1,1414,1,9001,greedy,none,none,none,none,f_value,5.000,5917,0.6658357275646443,14.653371641034308,0.12404934933243197,58.61348656413723,0.663338520055325,0.6098352214212153,100000,comm,private,
<SOURCE_VECSTRAIGHT_REPO>/hetzner-results/phase3_vecstraight_clean_msgsource_learned_15seeds_hetzner_20260410/train/cond1_seed1414.pt,cond1,1414,1,9001,greedy,none,none,none,none,regime,competitive,5288,0.0,4.0,0.0,16.0,,,150000,comm,private,
<SOURCE_VECSTRAIGHT_REPO>/hetzner-results/phase3_vecstraight_clean_msgsource_learned_15seeds_hetzner_20260410/train/cond1_seed1414.pt,cond1,1414,1,9001,greedy,none,none,none,none,regime,cooperative,5917,0.9959861416258239,19.935778266013184,0.9839445665032955,79.74311306405274,,,150000,comm,private,
<SOURCE_VECSTRAIGHT_REPO>/hetzner-results/phase3_vecstraight_clean_msgsource_learned_15seeds_hetzner_20260410/train/cond1_seed1414.pt,cond1,1414,1,9001,greedy,none,none,none,none,regime,mixed,18795,0.42500665070497473,7.83218941207768,0.24506517690875232,31.32875764831072,,,150000,comm,private,
<SOURCE_VECSTRAIGHT_REPO>/hetzner-results/phase3_vecstraight_clean_msgsource_learned_15seeds_hetzner_20260410/train/cond1_seed1414.pt,cond1,1414,1,9001,greedy,none,none,none,none,f_value,0.500,5288,0.0,4.0,0.0,16.0,0.0,0.0,150000,comm,private,
<SOURCE_VECSTRAIGHT_REPO>/hetzner-results/phase3_vecstraight_clean_msgsource_learned_15seeds_hetzner_20260410/train/cond1_seed1414.pt,cond1,1414,1,9001,greedy,none,none,none,none,f_value,1.500,5824,0.007941277472527472,4.015882554945055,0.0,16.06353021978022,0.008766079085278704,0.00797836975311378,150000,comm,private,
<SOURCE_VECSTRAIGHT_REPO>/hetzner-results/phase3_vecstraight_clean_msgsource_learned_15seeds_hetzner_20260410/train/cond1_seed1414.pt,cond1,1414,1,9001,greedy,none,none,none,none,f_value,2.500,6298,0.29707843759923785,5.782470625595427,0.011273420133375674,23.129882502381708,0.30855817875210795,0.2907752571994318,150000,comm,private,
<SOURCE_VECSTRAIGHT_REPO>/hetzner-results/phase3_vecstraight_clean_msgsource_learned_15seeds_hetzner_20260410/train/cond1_seed1414.pt,cond1,1414,1,9001,greedy,none,none,none,none,f_value,3.500,6673,0.9097482391727858,13.097482391727858,0.6796043758429492,52.389929566911434,0.9083077698869605,0.9249088800530152,150000,comm,private,
<SOURCE_VECSTRAIGHT_REPO>/hetzner-results/phase3_vecstraight_clean_msgsource_learned_15seeds_hetzner_20260410/train/cond1_seed1414.pt,cond1,1414,1,9001,greedy,none,none,none,none,f_value,5.000,5917,0.9959861416258239,19.935778266013184,0.9839445665032955,79.74311306405274,0.9960057788731197,0.9971020954079358,150000,comm,private,
<SOURCE_VECSTRAIGHT_REPO>/hetzner-results/phase3_vecstraight_clean_msgsource_learned_15seeds_hetzner_20260410/train/cond1_seed1414_ep25000.pt,cond1,1414,1,9001,greedy,none,none,none,none,regime,competitive,5288,4.7276853252647505e-05,3.9999054462934946,0.0,15.999621785173979,,,25000,comm,private,
<SOURCE_VECSTRAIGHT_REPO>/hetzner-results/phase3_vecstraight_clean_msgsource_learned_15seeds_hetzner_20260410/train/cond1_seed1414_ep25000.pt,cond1,1414,1,9001,greedy,none,none,none,none,regime,cooperative,5917,0.6308095318573601,14.092952509717762,0.15548419807334798,56.37181003887105,,,25000,comm,private,
<SOURCE_VECSTRAIGHT_REPO>/hetzner-results/phase3_vecstraight_clean_msgsource_learned_15seeds_hetzner_20260410/train/cond1_seed1414_ep25000.pt,cond1,1414,1,9001,greedy,none,none,none,none,regime,mixed,18795,0.1710295291300878,5.571641393987763,0.0037243947858473,22.28656557595105,,,25000,comm,private,
<SOURCE_VECSTRAIGHT_REPO>/hetzner-results/phase3_vecstraight_clean_msgsource_learned_15seeds_hetzner_20260410/train/cond1_seed1414_ep25000.pt,cond1,1414,1,9001,greedy,none,none,none,none,f_value,0.500,5288,4.7276853252647505e-05,3.9999054462934946,0.0,15.999621785173979,5.23752160477662e-05,4.882335709403378e-05,25000,comm,private,
<SOURCE_VECSTRAIGHT_REPO>/hetzner-results/phase3_vecstraight_clean_msgsource_learned_15seeds_hetzner_20260410/train/cond1_seed1414_ep25000.pt,cond1,1414,1,9001,greedy,none,none,none,none,f_value,1.500,5824,0.0013736263736263737,4.002747252747253,0.0,16.01098901098901,0.0012331625877442611,0.0013025512037369744,25000,comm,private,
<SOURCE_VECSTRAIGHT_REPO>/hetzner-results/phase3_vecstraight_clean_msgsource_learned_15seeds_hetzner_20260410/train/cond1_seed1414_ep25000.pt,cond1,1414,1,9001,greedy,none,none,none,none,f_value,2.500,6298,0.10090504922197523,4.6054302953318516,0.0,18.421721181327406,0.07530695770804911,0.10158564209792646,25000,comm,private,
<SOURCE_VECSTRAIGHT_REPO>/hetzner-results/phase3_vecstraight_clean_msgsource_learned_15seeds_hetzner_20260410/train/cond1_seed1414_ep25000.pt,cond1,1414,1,9001,greedy,none,none,none,none,f_value,3.500,6673,0.3852839802187921,7.852839802187922,0.010490034467256106,31.411359208751687,0.3496624336923324,0.39624152024607084,25000,comm,private,
<SOURCE_VECSTRAIGHT_REPO>/hetzner-results/phase3_vecstraight_clean_msgsource_learned_15seeds_hetzner_20260410/train/cond1_seed1414_ep25000.pt,cond1,1414,1,9001,greedy,none,none,none,none,f_value,5.000,5917,0.6308095318573601,14.092952509717762,0.15548419807334798,56.37181003887105,0.6295416966973333,0.6261769803719492,25000,comm,private,
<SOURCE_VECSTRAIGHT_REPO>/hetzner-results/phase3_vecstraight_clean_msgsource_learned_15seeds_hetzner_20260410/train/cond1_seed1414_ep50000.pt,cond1,1414,1,9001,greedy,none,none,none,none,regime,competitive,5288,9.455370650529501e-05,3.9998108925869893,0.0,15.999243570347957,,,50000,comm,private,
<SOURCE_VECSTRAIGHT_REPO>/hetzner-results/phase3_vecstraight_clean_msgsource_learned_15seeds_hetzner_20260410/train/cond1_seed1414_ep50000.pt,cond1,1414,1,9001,greedy,none,none,none,none,regime,cooperative,5917,0.6612726043603178,14.580361669765084,0.03160385330403921,58.32144667906034,,,50000,comm,private,
<SOURCE_VECSTRAIGHT_REPO>/hetzner-results/phase3_vecstraight_clean_msgsource_learned_15seeds_hetzner_20260410/train/cond1_seed1414_ep50000.pt,cond1,1414,1,9001,greedy,none,none,none,none,regime,mixed,18795,0.2789704708699122,6.377307794626231,0.00047885075818036713,25.509231178504923,,,50000,comm,private,
<SOURCE_VECSTRAIGHT_REPO>/hetzner-results/phase3_vecstraight_clean_msgsource_learned_15seeds_hetzner_20260410/train/cond1_seed1414_ep50000.pt,cond1,1414,1,9001,greedy,none,none,none,none,f_value,0.500,5288,9.455370650529501e-05,3.9998108925869893,0.0,15.999243570347957,0.00010194719135487817,0.00010421551769058413,50000,comm,private,
<SOURCE_VECSTRAIGHT_REPO>/hetzner-results/phase3_vecstraight_clean_msgsource_learned_15seeds_hetzner_20260410/train/cond1_seed1414_ep50000.pt,cond1,1414,1,9001,greedy,none,none,none,none,f_value,1.500,5824,0.012148008241758242,4.024296016483516,0.0,16.097184065934066,0.01165334643032549,0.013262074425969913,50000,comm,private,
<SOURCE_VECSTRAIGHT_REPO>/hetzner-results/phase3_vecstraight_clean_msgsource_learned_15seeds_hetzner_20260410/train/cond1_seed1414_ep50000.pt,cond1,1414,1,9001,greedy,none,none,none,none,f_value,2.500,6298,0.28520959034614163,5.71125754207685,0.0,22.8450301683074,0.29827780914737434,0.28536758860203354,50000,comm,private,
<SOURCE_VECSTRAIGHT_REPO>/hetzner-results/phase3_vecstraight_clean_msgsource_learned_15seeds_hetzner_20260410/train/cond1_seed1414_ep50000.pt,cond1,1414,1,9001,greedy,none,none,none,none,f_value,3.500,6673,0.505956841001049,9.05956841001049,0.0013487187172186424,36.23827364004196,0.5796895213454075,0.5170651148159798,50000,comm,private,
<SOURCE_VECSTRAIGHT_REPO>/hetzner-results/phase3_vecstraight_clean_msgsource_learned_15seeds_hetzner_20260410/train/cond1_seed1414_ep50000.pt,cond1,1414,1,9001,greedy,none,none,none,none,f_value,5.000,5917,0.6612726043603178,14.580361669765084,0.03160385330403921,58.32144667906034,0.6672525399751361,0.6640482279868469,50000,comm,private,
<SOURCE_VECSTRAIGHT_REPO>/hetzner-results/phase3_vecstraight_clean_msgsource_learned_15seeds_hetzner_20260410/train/cond1_seed1515_ep100000.pt,cond1,1515,1,9001,greedy,none,none,none,none,regime,competitive,5288,0.000661875945537065,3.998676248108926,0.0,15.994704992435704,,,100000,comm,private,
<SOURCE_VECSTRAIGHT_REPO>/hetzner-results/phase3_vecstraight_clean_msgsource_learned_15seeds_hetzner_20260410/train/cond1_seed1515_ep100000.pt,cond1,1515,1,9001,greedy,none,none,none,none,regime,cooperative,5917,0.6028392766604699,13.645428426567518,0.09700861923271928,54.58171370627007,,,100000,comm,private,
<SOURCE_VECSTRAIGHT_REPO>/hetzner-results/phase3_vecstraight_clean_msgsource_learned_15seeds_hetzner_20260410/train/cond1_seed1515_ep100000.pt,cond1,1515,1,9001,greedy,none,none,none,none,regime,mixed,18795,0.22335727587124235,5.889172652301144,0.00010641127959563714,23.556690609204576,,,100000,comm,private,
<SOURCE_VECSTRAIGHT_REPO>/hetzner-results/phase3_vecstraight_clean_msgsource_learned_15seeds_hetzner_20260410/train/cond1_seed1515_ep100000.pt,cond1,1515,1,9001,greedy,none,none,none,none,f_value,0.500,5288,0.000661875945537065,3.998676248108926,0.0,15.994704992435704,0.0007078572150874709,0.0006739193222297102,100000,comm,private,
<SOURCE_VECSTRAIGHT_REPO>/hetzner-results/phase3_vecstraight_clean_msgsource_learned_15seeds_hetzner_20260410/train/cond1_seed1515_ep100000.pt,cond1,1515,1,9001,greedy,none,none,none,none,f_value,1.500,5824,0.05382898351648352,4.107657967032967,0.0,16.43063186813187,0.06499269440987067,0.05483885074561595,100000,comm,private,
<SOURCE_VECSTRAIGHT_REPO>/hetzner-results/phase3_vecstraight_clean_msgsource_learned_15seeds_hetzner_20260410/train/cond1_seed1515_ep100000.pt,cond1,1515,1,9001,greedy,none,none,none,none,f_value,2.500,6298,0.15739123531279772,4.9443474118767865,0.0,19.777389647507146,0.13398382798030448,0.16976965708347766,100000,comm,private,
<SOURCE_VECSTRAIGHT_REPO>/hetzner-results/phase3_vecstraight_clean_msgsource_learned_15seeds_hetzner_20260410/train/cond1_seed1515_ep100000.pt,cond1,1515,1,9001,greedy,none,none,none,none,f_value,3.500,6673,0.43357560317698185,8.335756031769819,0.0002997152704930316,33.343024127079275,0.4307593359327893,0.44500945009450094,100000,comm,private,
<SOURCE_VECSTRAIGHT_REPO>/hetzner-results/phase3_vecstraight_clean_msgsource_learned_15seeds_hetzner_20260410/train/cond1_seed1515_ep100000.pt,cond1,1515,1,9001,greedy,none,none,none,none,f_value,5.000,5917,0.6028392766604699,13.645428426567518,0.09700861923271928,54.58171370627007,0.6115904700579523,0.5403674280039722,100000,comm,private,
<SOURCE_VECSTRAIGHT_REPO>/hetzner-results/phase3_vecstraight_clean_msgsource_learned_15seeds_hetzner_20260410/train/cond1_seed1515.pt,cond1,1515,1,9001,greedy,none,none,none,none,regime,competitive,5288,0.00028366111951588503,3.9994326777609683,0.0,15.997730711043873,,,150000,comm,private,
<SOURCE_VECSTRAIGHT_REPO>/hetzner-results/phase3_vecstraight_clean_msgsource_learned_15seeds_hetzner_20260410/train/cond1_seed1515.pt,cond1,1515,1,9001,greedy,none,none,none,none,regime,cooperative,5917,0.8536842994760858,17.658948791617373,0.4522562109176948,70.63579516646949,,,150000,comm,private,
<SOURCE_VECSTRAIGHT_REPO>/hetzner-results/phase3_vecstraight_clean_msgsource_learned_15seeds_hetzner_20260410/train/cond1_seed1515.pt,cond1,1515,1,9001,greedy,none,none,none,none,regime,mixed,18795,0.33861399308326684,7.147246608140463,0.1378026070763501,28.588986432561853,,,150000,comm,private,
<SOURCE_VECSTRAIGHT_REPO>/hetzner-results/phase3_vecstraight_clean_msgsource_learned_15seeds_hetzner_20260410/train/cond1_seed1515.pt,cond1,1515,1,9001,greedy,none,none,none,none,f_value,0.500,5288,0.00028366111951588503,3.9994326777609683,0.0,15.997730711043873,4.926593753079121e-05,0.00028368794326241134,150000,comm,private,
<SOURCE_VECSTRAIGHT_REPO>/hetzner-results/phase3_vecstraight_clean_msgsource_learned_15seeds_hetzner_20260410/train/cond1_seed1515.pt,cond1,1515,1,9001,greedy,none,none,none,none,f_value,1.500,5824,0.00626717032967033,4.01253434065934,0.0,16.05013736263736,0.003775222390974181,0.00628551747890477,150000,comm,private,
<SOURCE_VECSTRAIGHT_REPO>/hetzner-results/phase3_vecstraight_clean_msgsource_learned_15seeds_hetzner_20260410/train/cond1_seed1515.pt,cond1,1515,1,9001,greedy,none,none,none,none,f_value,2.500,6298,0.16664020323912354,4.9998412194347415,0.00825658939345824,19.999364877738966,0.1434951543030682,0.1720718081767586,150000,comm,private,
<SOURCE_VECSTRAIGHT_REPO>/hetzner-results/phase3_vecstraight_clean_msgsource_learned_15seeds_hetzner_20260410/train/cond1_seed1515.pt,cond1,1515,1,9001,greedy,none,none,none,none,f_value,3.500,6673,0.790986063239922,11.909860632399221,0.38033867825565715,47.639442529596884,0.8011210211930284,0.7936434108527132,150000,comm,private,
<SOURCE_VECSTRAIGHT_REPO>/hetzner-results/phase3_vecstraight_clean_msgsource_learned_15seeds_hetzner_20260410/train/cond1_seed1515.pt,cond1,1515,1,9001,greedy,none,none,none,none,f_value,5.000,5917,0.8536842994760858,17.658948791617373,0.4522562109176948,70.63579516646949,0.8529925452609158,0.8523847455939461,150000,comm,private,
<SOURCE_VECSTRAIGHT_REPO>/hetzner-results/phase3_vecstraight_clean_msgsource_learned_15seeds_hetzner_20260410/train/cond1_seed1515_ep25000.pt,cond1,1515,1,9001,greedy,none,none,none,none,regime,competitive,5288,0.001040090771558245,3.9979198184568836,0.0,15.991679273827534,,,25000,comm,private,
<SOURCE_VECSTRAIGHT_REPO>/hetzner-results/phase3_vecstraight_clean_msgsource_learned_15seeds_hetzner_20260410/train/cond1_seed1515_ep25000.pt,cond1,1515,1,9001,greedy,none,none,none,none,regime,cooperative,5917,0.8763731620753761,18.021970593206017,0.5506168666553997,72.08788237282407,,,25000,comm,private,
<SOURCE_VECSTRAIGHT_REPO>/hetzner-results/phase3_vecstraight_clean_msgsource_learned_15seeds_hetzner_20260410/train/cond1_seed1515_ep25000.pt,cond1,1515,1,9001,greedy,none,none,none,none,regime,mixed,18795,0.32934291034849694,7.047938281457834,0.16727853152434158,28.191753125831337,,,25000,comm,private,
<SOURCE_VECSTRAIGHT_REPO>/hetzner-results/phase3_vecstraight_clean_msgsource_learned_15seeds_hetzner_20260410/train/cond1_seed1515_ep25000.pt,cond1,1515,1,9001,greedy,none,none,none,none,f_value,0.500,5288,0.001040090771558245,3.9979198184568836,0.0,15.991679273827534,0.0006665641183407681,0.0010648596321393999,25000,comm,private,
<SOURCE_VECSTRAIGHT_REPO>/hetzner-results/phase3_vecstraight_clean_msgsource_learned_15seeds_hetzner_20260410/train/cond1_seed1515_ep25000.pt,cond1,1515,1,9001,greedy,none,none,none,none,f_value,1.500,5824,0.008671016483516484,4.017342032967033,0.0,16.06936813186813,0.0075484794585918185,0.008325764456554648,25000,comm,private,
<SOURCE_VECSTRAIGHT_REPO>/hetzner-results/phase3_vecstraight_clean_msgsource_learned_15seeds_hetzner_20260410/train/cond1_seed1515_ep25000.pt,cond1,1515,1,9001,greedy,none,none,none,none,f_value,2.500,6298,0.16711654493489997,5.0026992696093995,0.00889171165449349,20.010797078437598,0.16543130734404424,0.20091941590048676,25000,comm,private,
<SOURCE_VECSTRAIGHT_REPO>/hetzner-results/phase3_vecstraight_clean_msgsource_learned_15seeds_hetzner_20260410/train/cond1_seed1515_ep25000.pt,cond1,1515,1,9001,greedy,none,none,none,none,f_value,3.500,6673,0.7623257904990259,11.62325790499026,0.46276037764124084,46.49303161996104,0.7617022877784467,0.8255007888320505,25000,comm,private,
<SOURCE_VECSTRAIGHT_REPO>/hetzner-results/phase3_vecstraight_clean_msgsource_learned_15seeds_hetzner_20260410/train/cond1_seed1515_ep25000.pt,cond1,1515,1,9001,greedy,none,none,none,none,f_value,5.000,5917,0.8763731620753761,18.021970593206017,0.5506168666553997,72.08788237282407,0.8763731620753761,0.8775081128022304,25000,comm,private,
<SOURCE_VECSTRAIGHT_REPO>/hetzner-results/phase3_vecstraight_clean_msgsource_learned_15seeds_hetzner_20260410/train/cond1_seed1515_ep50000.pt,cond1,1515,1,9001,greedy,none,none,none,none,regime,competitive,5288,9.455370650529501e-05,3.9998108925869893,0.0,15.999243570347957,,,50000,comm,private,
<SOURCE_VECSTRAIGHT_REPO>/hetzner-results/phase3_vecstraight_clean_msgsource_learned_15seeds_hetzner_20260410/train/cond1_seed1515_ep50000.pt,cond1,1515,1,9001,greedy,none,none,none,none,regime,cooperative,5917,0.632119317221565,14.11390907554504,0.06033462903498395,56.45563630218016,,,50000,comm,private,
<SOURCE_VECSTRAIGHT_REPO>/hetzner-results/phase3_vecstraight_clean_msgsource_learned_15seeds_hetzner_20260410/train/cond1_seed1515_ep50000.pt,cond1,1515,1,9001,greedy,none,none,none,none,regime,mixed,18795,0.20013301409949455,5.7253524873636605,0.0013301409949454642,22.901409949454642,,,50000,comm,private,
<SOURCE_VECSTRAIGHT_REPO>/hetzner-results/phase3_vecstraight_clean_msgsource_learned_15seeds_hetzner_20260410/train/cond1_seed1515_ep50000.pt,cond1,1515,1,9001,greedy,none,none,none,none,f_value,0.500,5288,9.455370650529501e-05,3.9998108925869893,0.0,15.999243570347957,9.908347783007183e-05,9.975062344139652e-05,50000,comm,private,
<SOURCE_VECSTRAIGHT_REPO>/hetzner-results/phase3_vecstraight_clean_msgsource_learned_15seeds_hetzner_20260410/train/cond1_seed1515_ep50000.pt,cond1,1515,1,9001,greedy,none,none,none,none,f_value,1.500,5824,0.015667925824175824,4.031335851648351,0.0,16.125343406593405,0.01581462016244625,0.01642886078228384,50000,comm,private,
<SOURCE_VECSTRAIGHT_REPO>/hetzner-results/phase3_vecstraight_clean_msgsource_learned_15seeds_hetzner_20260410/train/cond1_seed1515_ep50000.pt,cond1,1515,1,9001,greedy,none,none,none,none,f_value,2.500,6298,0.17692124483963162,5.06152746903779,0.0,20.24610987615116,0.15904289717611556,0.18927673358053104,50000,comm,private,
<SOURCE_VECSTRAIGHT_REPO>/hetzner-results/phase3_vecstraight_clean_msgsource_learned_15seeds_hetzner_20260410/train/cond1_seed1515_ep50000.pt,cond1,1515,1,9001,greedy,none,none,none,none,f_value,3.500,6673,0.38303611569009444,7.830361156900944,0.0037464408811628954,31.321444627603775,0.2745540188414512,0.38912372900719755,50000,comm,private,
<SOURCE_VECSTRAIGHT_REPO>/hetzner-results/phase3_vecstraight_clean_msgsource_learned_15seeds_hetzner_20260410/train/cond1_seed1515_ep50000.pt,cond1,1515,1,9001,greedy,none,none,none,none,f_value,5.000,5917,0.632119317221565,14.11390907554504,0.06033462903498395,56.45563630218016,0.5662372324590669,0.6378577865510878,50000,comm,private,
<SOURCE_VECSTRAIGHT_REPO>/hetzner-results/phase3_vecstraight_clean_msgsource_learned_15seeds_hetzner_20260410/train/cond1_seed1616_ep100000.pt,cond1,1616,1,9001,greedy,none,none,none,none,regime,competitive,5288,9.455370650529501e-05,3.9998108925869893,0.0,15.999243570347957,,,100000,comm,private,
<SOURCE_VECSTRAIGHT_REPO>/hetzner-results/phase3_vecstraight_clean_msgsource_learned_15seeds_hetzner_20260410/train/cond1_seed1616_ep100000.pt,cond1,1616,1,9001,greedy,none,none,none,none,regime,cooperative,5917,0.4888456988338685,11.821531181341896,0.027209734662835897,47.286124725367586,,,100000,comm,private,
<SOURCE_VECSTRAIGHT_REPO>/hetzner-results/phase3_vecstraight_clean_msgsource_learned_15seeds_hetzner_20260410/train/cond1_seed1616_ep100000.pt,cond1,1616,1,9001,greedy,none,none,none,none,regime,mixed,18795,0.22403564777866453,6.015828677839851,0.0006916733173716414,24.063314711359403,,,100000,comm,private,
<SOURCE_VECSTRAIGHT_REPO>/hetzner-results/phase3_vecstraight_clean_msgsource_learned_15seeds_hetzner_20260410/train/cond1_seed1616_ep100000.pt,cond1,1616,1,9001,greedy,none,none,none,none,f_value,0.500,5288,9.455370650529501e-05,3.9998108925869893,0.0,15.999243570347957,0.0,9.636696540425942e-05,100000,comm,private,
<SOURCE_VECSTRAIGHT_REPO>/hetzner-results/phase3_vecstraight_clean_msgsource_learned_15seeds_hetzner_20260410/train/cond1_seed1616_ep100000.pt,cond1,1616,1,9001,greedy,none,none,none,none,f_value,1.500,5824,0.006911057692307692,4.013822115384615,0.0,16.05528846153846,0.005351851032774559,0.004589562024652505,100000,comm,private,
<SOURCE_VECSTRAIGHT_REPO>/hetzner-results/phase3_vecstraight_clean_msgsource_learned_15seeds_hetzner_20260410/train/cond1_seed1616_ep100000.pt,cond1,1616,1,9001,greedy,none,none,none,none,f_value,2.500,6298,0.1547316608447126,4.928389965068275,0.0,19.7135598602731,0.14903098331021147,0.12141084721729883,100000,comm,private,
<SOURCE_VECSTRAIGHT_REPO>/hetzner-results/phase3_vecstraight_clean_msgsource_learned_15seeds_hetzner_20260410/train/cond1_seed1616_ep100000.pt,cond1,1616,1,9001,greedy,none,none,none,none,f_value,3.500,6673,0.4789450022478645,8.789450022478645,0.0019481492582047056,35.15780008991458,0.45040970760757626,0.48465138415166176,100000,comm,private,
<SOURCE_VECSTRAIGHT_REPO>/hetzner-results/phase3_vecstraight_clean_msgsource_learned_15seeds_hetzner_20260410/train/cond1_seed1616_ep100000.pt,cond1,1616,1,9001,greedy,none,none,none,none,f_value,5.000,5917,0.4888456988338685,11.821531181341896,0.027209734662835897,47.286124725367586,0.46610767872903797,0.4900190324436772,100000,comm,private,
<SOURCE_VECSTRAIGHT_REPO>/hetzner-results/phase3_vecstraight_clean_msgsource_learned_15seeds_hetzner_20260410/train/cond1_seed1616.pt,cond1,1616,1,9001,greedy,none,none,none,none,regime,competitive,5288,9.455370650529501e-05,3.9998108925869893,0.0,15.999243570347957,,,150000,comm,private,
<SOURCE_VECSTRAIGHT_REPO>/hetzner-results/phase3_vecstraight_clean_msgsource_learned_15seeds_hetzner_20260410/train/cond1_seed1616.pt,cond1,1616,1,9001,greedy,none,none,none,none,regime,cooperative,5917,0.8475156329220889,17.560250126753424,0.4865641372317053,70.2410005070137,,,150000,comm,private,
<SOURCE_VECSTRAIGHT_REPO>/hetzner-results/phase3_vecstraight_clean_msgsource_learned_15seeds_hetzner_20260410/train/cond1_seed1616.pt,cond1,1616,1,9001,greedy,none,none,none,none,regime,mixed,18795,0.16520351157222665,5.625219473264166,0.002500665070497473,22.500877893056664,,,150000,comm,private,
<SOURCE_VECSTRAIGHT_REPO>/hetzner-results/phase3_vecstraight_clean_msgsource_learned_15seeds_hetzner_20260410/train/cond1_seed1616.pt,cond1,1616,1,9001,greedy,none,none,none,none,f_value,0.500,5288,9.455370650529501e-05,3.9998108925869893,0.0,15.999243570347957,9.485866059571239e-05,0.00012097018085042038,150000,comm,private,
<SOURCE_VECSTRAIGHT_REPO>/hetzner-results/phase3_vecstraight_clean_msgsource_learned_15seeds_hetzner_20260410/train/cond1_seed1616.pt,cond1,1616,1,9001,greedy,none,none,none,none,f_value,1.500,5824,0.0006868131868131869,4.001373626373627,0.0,16.005494505494507,0.0005607799154516435,0.0009084199171066825,150000,comm,private,
<SOURCE_VECSTRAIGHT_REPO>/hetzner-results/phase3_vecstraight_clean_msgsource_learned_15seeds_hetzner_20260410/train/cond1_seed1616.pt,cond1,1616,1,9001,greedy,none,none,none,none,f_value,2.500,6298,0.018736106700539854,4.112416640203239,0.0,16.449666560812958,0.01669079794079794,0.023666703021049187,150000,comm,private,
<SOURCE_VECSTRAIGHT_REPO>/hetzner-results/phase3_vecstraight_clean_msgsource_learned_15seeds_hetzner_20260410/train/cond1_seed1616.pt,cond1,1616,1,9001,greedy,none,none,none,none,f_value,3.500,6673,0.44702532594035665,8.470253259403567,0.007043308856586243,33.88101303761427,0.406966826772007,0.4656137947705572,150000,comm,private,
<SOURCE_VECSTRAIGHT_REPO>/hetzner-results/phase3_vecstraight_clean_msgsource_learned_15seeds_hetzner_20260410/train/cond1_seed1616.pt,cond1,1616,1,9001,greedy,none,none,none,none,f_value,5.000,5917,0.8475156329220889,17.560250126753424,0.4865641372317053,70.2410005070137,0.8481886387995713,0.8683112355395911,150000,comm,private,
<SOURCE_VECSTRAIGHT_REPO>/hetzner-results/phase3_vecstraight_clean_msgsource_learned_15seeds_hetzner_20260410/train/cond1_seed1616_ep25000.pt,cond1,1616,1,9001,greedy,none,none,none,none,regime,competitive,5288,0.00018910741301059002,3.999621785173979,0.0,15.998487140695916,,,25000,comm,private,
<SOURCE_VECSTRAIGHT_REPO>/hetzner-results/phase3_vecstraight_clean_msgsource_learned_15seeds_hetzner_20260410/train/cond1_seed1616_ep25000.pt,cond1,1616,1,9001,greedy,none,none,none,none,regime,cooperative,5917,0.7450566165286463,15.92090586445834,0.359810714889302,63.68362345783336,,,25000,comm,private,
<SOURCE_VECSTRAIGHT_REPO>/hetzner-results/phase3_vecstraight_clean_msgsource_learned_15seeds_hetzner_20260410/train/cond1_seed1616_ep25000.pt,cond1,1616,1,9001,greedy,none,none,none,none,regime,mixed,18795,0.336073423782921,6.858685820696994,0.0455440276669327,27.434743282787977,,,25000,comm,private,
<SOURCE_VECSTRAIGHT_REPO>/hetzner-results/phase3_vecstraight_clean_msgsource_learned_15seeds_hetzner_20260410/train/cond1_seed1616_ep25000.pt,cond1,1616,1,9001,greedy,none,none,none,none,f_value,0.500,5288,0.00018910741301059002,3.999621785173979,0.0,15.998487140695916,0.00019201228878648233,0.0002111152161292025,25000,comm,private,
<SOURCE_VECSTRAIGHT_REPO>/hetzner-results/phase3_vecstraight_clean_msgsource_learned_15seeds_hetzner_20260410/train/cond1_seed1616_ep25000.pt,cond1,1616,1,9001,greedy,none,none,none,none,f_value,1.500,5824,0.02425309065934066,4.048506181318682,0.0,16.194024725274726,0.025302283922973578,0.024633004590283142,25000,comm,private,
<SOURCE_VECSTRAIGHT_REPO>/hetzner-results/phase3_vecstraight_clean_msgsource_learned_15seeds_hetzner_20260410/train/cond1_seed1616_ep25000.pt,cond1,1616,1,9001,greedy,none,none,none,none,f_value,2.500,6298,0.3297078437599238,5.978247062559543,0.00031756113051762465,23.912988250238172,0.33698956536028263,0.30628725245145166,25000,comm,private,
<SOURCE_VECSTRAIGHT_REPO>/hetzner-results/phase3_vecstraight_clean_msgsource_learned_15seeds_hetzner_20260410/train/cond1_seed1616_ep25000.pt,cond1,1616,1,9001,greedy,none,none,none,none,f_value,3.500,6673,0.6142289824666567,10.142289824666566,0.1279784205005245,40.569159298666264,0.6450960013128385,0.6111216693907028,25000,comm,private,
<SOURCE_VECSTRAIGHT_REPO>/hetzner-results/phase3_vecstraight_clean_msgsource_learned_15seeds_hetzner_20260410/train/cond1_seed1616_ep25000.pt,cond1,1616,1,9001,greedy,none,none,none,none,f_value,5.000,5917,0.7450566165286463,15.92090586445834,0.359810714889302,63.68362345783336,0.7223709155793465,0.7460364561254769,25000,comm,private,
<SOURCE_VECSTRAIGHT_REPO>/hetzner-results/phase3_vecstraight_clean_msgsource_learned_15seeds_hetzner_20260410/train/cond1_seed1616_ep50000.pt,cond1,1616,1,9001,greedy,none,none,none,none,regime,competitive,5288,4.7276853252647505e-05,3.9999054462934946,0.0,15.999621785173979,,,50000,comm,private,
<SOURCE_VECSTRAIGHT_REPO>/hetzner-results/phase3_vecstraight_clean_msgsource_learned_15seeds_hetzner_20260410/train/cond1_seed1616_ep50000.pt,cond1,1616,1,9001,greedy,none,none,none,none,regime,cooperative,5917,0.6802856177116782,14.88456988338685,0.09582558729085686,59.5382795335474,,,50000,comm,private,
<SOURCE_VECSTRAIGHT_REPO>/hetzner-results/phase3_vecstraight_clean_msgsource_learned_15seeds_hetzner_20260410/train/cond1_seed1616_ep50000.pt,cond1,1616,1,9001,greedy,none,none,none,none,regime,mixed,18795,0.223024740622506,5.968422452779994,0.029848363926576218,23.873689811119977,,,50000,comm,private,
<SOURCE_VECSTRAIGHT_REPO>/hetzner-results/phase3_vecstraight_clean_msgsource_learned_15seeds_hetzner_20260410/train/cond1_seed1616_ep50000.pt,cond1,1616,1,9001,greedy,none,none,none,none,f_value,0.500,5288,4.7276853252647505e-05,3.9999054462934946,0.0,15.999621785173979,5.009518084360284e-05,5.382131324004306e-05,50000,comm,private,
<SOURCE_VECSTRAIGHT_REPO>/hetzner-results/phase3_vecstraight_clean_msgsource_learned_15seeds_hetzner_20260410/train/cond1_seed1616_ep50000.pt,cond1,1616,1,9001,greedy,none,none,none,none,f_value,1.500,5824,0.016998626373626372,4.033997252747253,0.0,16.13598901098901,0.01459188326493388,0.018013100436681223,50000,comm,private,
<SOURCE_VECSTRAIGHT_REPO>/hetzner-results/phase3_vecstraight_clean_msgsource_learned_15seeds_hetzner_20260410/train/cond1_seed1616_ep50000.pt,cond1,1616,1,9001,greedy,none,none,none,none,f_value,2.500,6298,0.163901238488409,4.983407430930454,0.0012702445220704986,19.933629723721815,0.14427951587120347,0.17167400135409613,50000,comm,private,
<SOURCE_VECSTRAIGHT_REPO>/hetzner-results/phase3_vecstraight_clean_msgsource_learned_15seeds_hetzner_20260410/train/cond1_seed1616_ep50000.pt,cond1,1616,1,9001,greedy,none,none,none,none,f_value,3.500,6673,0.45863929267196163,8.586392926719617,0.08287127229132324,34.34557170687847,0.4672609400324149,0.460297515301366,50000,comm,private,
<SOURCE_VECSTRAIGHT_REPO>/hetzner-results/phase3_vecstraight_clean_msgsource_learned_15seeds_hetzner_20260410/train/cond1_seed1616_ep50000.pt,cond1,1616,1,9001,greedy,none,none,none,none,f_value,5.000,5917,0.6802856177116782,14.88456988338685,0.09582558729085686,59.5382795335474,0.7673554076251405,0.661818361108372,50000,comm,private,
<SOURCE_VECSTRAIGHT_REPO>/hetzner-results/phase3_vecstraight_clean_msgsource_learned_15seeds_hetzner_20260410/train/cond1_seed202_ep100000.pt,cond1,202,1,9001,greedy,none,none,none,none,regime,competitive,5288,0.00510590015128593,3.9897881996974283,0.0,15.959152798789713,,,100000,comm,private,
<SOURCE_VECSTRAIGHT_REPO>/hetzner-results/phase3_vecstraight_clean_msgsource_learned_15seeds_hetzner_20260410/train/cond1_seed202_ep100000.pt,cond1,202,1,9001,greedy,none,none,none,none,regime,cooperative,5917,0.854275815447017,17.668413047152274,0.5272942369443975,70.6736521886091,,,100000,comm,private,
<SOURCE_VECSTRAIGHT_REPO>/hetzner-results/phase3_vecstraight_clean_msgsource_learned_15seeds_hetzner_20260410/train/cond1_seed202_ep100000.pt,cond1,202,1,9001,greedy,none,none,none,none,regime,mixed,18795,0.4343974461292897,7.3764299015695665,0.04623570098430434,29.505719606278266,,,100000,comm,private,
<SOURCE_VECSTRAIGHT_REPO>/hetzner-results/phase3_vecstraight_clean_msgsource_learned_15seeds_hetzner_20260410/train/cond1_seed202_ep100000.pt,cond1,202,1,9001,greedy,none,none,none,none,f_value,0.500,5288,0.00510590015128593,3.9897881996974283,0.0,15.959152798789713,0.0053626282084656635,0.004285925415045076,100000,comm,private,
<SOURCE_VECSTRAIGHT_REPO>/hetzner-results/phase3_vecstraight_clean_msgsource_learned_15seeds_hetzner_20260410/train/cond1_seed202_ep100000.pt,cond1,202,1,9001,greedy,none,none,none,none,f_value,1.500,5824,0.11083447802197802,4.221668956043956,0.0,16.886675824175825,0.10763904106587194,0.08207934336525308,100000,comm,private,
<SOURCE_VECSTRAIGHT_REPO>/hetzner-results/phase3_vecstraight_clean_msgsource_learned_15seeds_hetzner_20260410/train/cond1_seed202_ep100000.pt,cond1,202,1,9001,greedy,none,none,none,none,f_value,2.500,6298,0.5168704350587489,7.101222610352493,0.026198793267704034,28.40489044140997,0.48521691074882567,0.5553767512305945,100000,comm,private,
<SOURCE_VECSTRAIGHT_REPO>/hetzner-results/phase3_vecstraight_clean_msgsource_learned_15seeds_hetzner_20260410/train/cond1_seed202_ep100000.pt,cond1,202,1,9001,greedy,none,none,none,none,f_value,3.500,6673,0.6389554922823318,10.389554922823319,0.10549977521354713,41.558219691293274,0.6297602256699577,0.6375100617118326,100000,comm,private,
<SOURCE_VECSTRAIGHT_REPO>/hetzner-results/phase3_vecstraight_clean_msgsource_learned_15seeds_hetzner_20260410/train/cond1_seed202_ep100000.pt,cond1,202,1,9001,greedy,none,none,none,none,f_value,5.000,5917,0.854275815447017,17.668413047152274,0.5272942369443975,70.6736521886091,0.8468623528864493,0.8927794263105836,100000,comm,private,
<SOURCE_VECSTRAIGHT_REPO>/hetzner-results/phase3_vecstraight_clean_msgsource_learned_15seeds_hetzner_20260410/train/cond1_seed202.pt,cond1,202,1,9001,greedy,none,none,none,none,regime,competitive,5288,0.003498487140695915,3.993003025718608,0.0,15.972012102874432,,,150000,comm,private,
<SOURCE_VECSTRAIGHT_REPO>/hetzner-results/phase3_vecstraight_clean_msgsource_learned_15seeds_hetzner_20260410/train/cond1_seed202.pt,cond1,202,1,9001,greedy,none,none,none,none,regime,cooperative,5917,0.8612050025350685,17.779280040561094,0.483860064221734,71.11712016224438,,,150000,comm,private,
<SOURCE_VECSTRAIGHT_REPO>/hetzner-results/phase3_vecstraight_clean_msgsource_learned_15seeds_hetzner_20260410/train/cond1_seed202.pt,cond1,202,1,9001,greedy,none,none,none,none,regime,mixed,18795,0.4946129289704709,8.276961957967545,0.2989092843841447,33.10784783187018,,,150000,comm,private,
<SOURCE_VECSTRAIGHT_REPO>/hetzner-results/phase3_vecstraight_clean_msgsource_learned_15seeds_hetzner_20260410/train/cond1_seed202.pt,cond1,202,1,9001,greedy,none,none,none,none,f_value,0.500,5288,0.003498487140695915,3.993003025718608,0.0,15.972012102874432,0.0057054741711642255,0.003455294173332702,150000,comm,private,
<SOURCE_VECSTRAIGHT_REPO>/hetzner-results/phase3_vecstraight_clean_msgsource_learned_15seeds_hetzner_20260410/train/cond1_seed202.pt,cond1,202,1,9001,greedy,none,none,none,none,f_value,1.500,5824,0.021248282967032968,4.042496565934066,0.0,16.169986263736263,0.025238244842391875,0.01992683451689262,150000,comm,private,
<SOURCE_VECSTRAIGHT_REPO>/hetzner-results/phase3_vecstraight_clean_msgsource_learned_15seeds_hetzner_20260410/train/cond1_seed202.pt,cond1,202,1,9001,greedy,none,none,none,none,f_value,2.500,6298,0.4599476024134646,6.759685614480787,0.046840266751349634,27.03874245792315,0.4688884949477043,0.4439295644114921,150000,comm,private,
<SOURCE_VECSTRAIGHT_REPO>/hetzner-results/phase3_vecstraight_clean_msgsource_learned_15seeds_hetzner_20260410/train/cond1_seed202.pt,cond1,202,1,9001,greedy,none,none,none,none,f_value,3.500,6673,0.9404690543983216,13.404690543983216,0.7976921924172037,53.618762175932865,0.9377563533341791,0.9359023763648041,150000,comm,private,
<SOURCE_VECSTRAIGHT_REPO>/hetzner-results/phase3_vecstraight_clean_msgsource_learned_15seeds_hetzner_20260410/train/cond1_seed202.pt,cond1,202,1,9001,greedy,none,none,none,none,f_value,5.000,5917,0.8612050025350685,17.779280040561094,0.483860064221734,71.11712016224438,0.8643517695180508,0.8403707518022657,150000,comm,private,
<SOURCE_VECSTRAIGHT_REPO>/hetzner-results/phase3_vecstraight_clean_msgsource_learned_15seeds_hetzner_20260410/train/cond1_seed202_ep25000.pt,cond1,202,1,9001,greedy,none,none,none,none,regime,competitive,5288,0.0007564296520423601,3.9984871406959153,0.0,15.993948562783661,,,25000,comm,private,
<SOURCE_VECSTRAIGHT_REPO>/hetzner-results/phase3_vecstraight_clean_msgsource_learned_15seeds_hetzner_20260410/train/cond1_seed202_ep25000.pt,cond1,202,1,9001,greedy,none,none,none,none,regime,cooperative,5917,0.8274040899104276,17.23846543856684,0.4362007774209904,68.95386175426736,,,25000,comm,private,
<SOURCE_VECSTRAIGHT_REPO>/hetzner-results/phase3_vecstraight_clean_msgsource_learned_15seeds_hetzner_20260410/train/cond1_seed202_ep25000.pt,cond1,202,1,9001,greedy,none,none,none,none,regime,mixed,18795,0.35939079542431496,7.059297685554669,0.04719340250066507,28.237190742218676,,,25000,comm,private,
<SOURCE_VECSTRAIGHT_REPO>/hetzner-results/phase3_vecstraight_clean_msgsource_learned_15seeds_hetzner_20260410/train/cond1_seed202_ep25000.pt,cond1,202,1,9001,greedy,none,none,none,none,f_value,0.500,5288,0.0007564296520423601,3.9984871406959153,0.0,15.993948562783661,0.0012198097096852891,0.000760926427926,25000,comm,private,
<SOURCE_VECSTRAIGHT_REPO>/hetzner-results/phase3_vecstraight_clean_msgsource_learned_15seeds_hetzner_20260410/train/cond1_seed202_ep25000.pt,cond1,202,1,9001,greedy,none,none,none,none,f_value,1.500,5824,0.03794642857142857,4.075892857142857,0.0,16.303571428571427,0.045394999145639915,0.03670679822576265,25000,comm,private,
<SOURCE_VECSTRAIGHT_REPO>/hetzner-results/phase3_vecstraight_clean_msgsource_learned_15seeds_hetzner_20260410/train/cond1_seed202_ep25000.pt,cond1,202,1,9001,greedy,none,none,none,none,f_value,2.500,6298,0.3286757700857415,5.972054620514449,0.0011114639568116863,23.888218482057795,0.3281638819765375,0.30538218000904566,25000,comm,private,
<SOURCE_VECSTRAIGHT_REPO>/hetzner-results/phase3_vecstraight_clean_msgsource_learned_15seeds_hetzner_20260410/train/cond1_seed202_ep25000.pt,cond1,202,1,9001,greedy,none,none,none,none,f_value,3.500,6673,0.6689270193316349,10.68927019331635,0.1318747190169339,42.7570807732654,0.6663613814157604,0.6386081616988615,25000,comm,private,
<SOURCE_VECSTRAIGHT_REPO>/hetzner-results/phase3_vecstraight_clean_msgsource_learned_15seeds_hetzner_20260410/train/cond1_seed202_ep25000.pt,cond1,202,1,9001,greedy,none,none,none,none,f_value,5.000,5917,0.8274040899104276,17.23846543856684,0.4362007774209904,68.95386175426736,0.8274244665117262,0.8033560835428747,25000,comm,private,
<SOURCE_VECSTRAIGHT_REPO>/hetzner-results/phase3_vecstraight_clean_msgsource_learned_15seeds_hetzner_20260410/train/cond1_seed202_ep50000.pt,cond1,202,1,9001,greedy,none,none,none,none,regime,competitive,5288,4.7276853252647505e-05,3.9999054462934946,0.0,15.999621785173979,,,50000,comm,private,
<SOURCE_VECSTRAIGHT_REPO>/hetzner-results/phase3_vecstraight_clean_msgsource_learned_15seeds_hetzner_20260410/train/cond1_seed202_ep50000.pt,cond1,202,1,9001,greedy,none,none,none,none,regime,cooperative,5917,0.6284857191144161,14.055771505830657,0.04765928680074362,56.22308602332263,,,50000,comm,private,
<SOURCE_VECSTRAIGHT_REPO>/hetzner-results/phase3_vecstraight_clean_msgsource_learned_15seeds_hetzner_20260410/train/cond1_seed202_ep50000.pt,cond1,202,1,9001,greedy,none,none,none,none,regime,mixed,18795,0.20075818036711893,5.74341580207502,0.0009044958765629156,22.97366320830008,,,50000,comm,private,
<SOURCE_VECSTRAIGHT_REPO>/hetzner-results/phase3_vecstraight_clean_msgsource_learned_15seeds_hetzner_20260410/train/cond1_seed202_ep50000.pt,cond1,202,1,9001,greedy,none,none,none,none,f_value,0.500,5288,4.7276853252647505e-05,3.9999054462934946,0.0,15.999621785173979,5.616715344866322e-05,4.749916876454662e-05,50000,comm,private,
<SOURCE_VECSTRAIGHT_REPO>/hetzner-results/phase3_vecstraight_clean_msgsource_learned_15seeds_hetzner_20260410/train/cond1_seed202_ep50000.pt,cond1,202,1,9001,greedy,none,none,none,none,f_value,1.500,5824,0.015453296703296704,4.030906593406593,0.0,16.123626373626372,0.018000825252733648,0.01595599599963633,50000,comm,private,
<SOURCE_VECSTRAIGHT_REPO>/hetzner-results/phase3_vecstraight_clean_msgsource_learned_15seeds_hetzner_20260410/train/cond1_seed202_ep50000.pt,cond1,202,1,9001,greedy,none,none,none,none,f_value,2.500,6298,0.16850587488091456,5.011035249285487,0.0,20.044140997141948,0.17970739501672742,0.1341823056300268,50000,comm,private,
<SOURCE_VECSTRAIGHT_REPO>/hetzner-results/phase3_vecstraight_clean_msgsource_learned_15seeds_hetzner_20260410/train/cond1_seed202_ep50000.pt,cond1,202,1,9001,greedy,none,none,none,none,f_value,3.500,6673,0.39292671961636444,7.929267196163645,0.0025475797991907686,31.71706878465458,0.3969641393842432,0.3486041851144149,50000,comm,private,
<SOURCE_VECSTRAIGHT_REPO>/hetzner-results/phase3_vecstraight_clean_msgsource_learned_15seeds_hetzner_20260410/train/cond1_seed202_ep50000.pt,cond1,202,1,9001,greedy,none,none,none,none,f_value,5.000,5917,0.6284857191144161,14.055771505830657,0.04765928680074362,56.22308602332263,0.6309493071692917,0.6407371738749781,50000,comm,private,
<SOURCE_VECSTRAIGHT_REPO>/hetzner-results/phase3_vecstraight_clean_msgsource_learned_15seeds_hetzner_20260410/train/cond1_seed303_ep100000.pt,cond1,303,1,9001,greedy,none,none,none,none,regime,competitive,5288,0.000661875945537065,3.998676248108926,0.0,15.994704992435704,,,100000,comm,private,
<SOURCE_VECSTRAIGHT_REPO>/hetzner-results/phase3_vecstraight_clean_msgsource_learned_15seeds_hetzner_20260410/train/cond1_seed303_ep100000.pt,cond1,303,1,9001,greedy,none,none,none,none,regime,cooperative,5917,0.5670948115599121,13.073516984958594,0.0011830319418624302,52.29406793983438,,,100000,comm,private,
<SOURCE_VECSTRAIGHT_REPO>/hetzner-results/phase3_vecstraight_clean_msgsource_learned_15seeds_hetzner_20260410/train/cond1_seed303_ep100000.pt,cond1,303,1,9001,greedy,none,none,none,none,regime,mixed,18795,0.22591114658153763,5.778717744080873,0.00026602819898909286,23.11487097632349,,,100000,comm,private,
<SOURCE_VECSTRAIGHT_REPO>/hetzner-results/phase3_vecstraight_clean_msgsource_learned_15seeds_hetzner_20260410/train/cond1_seed303_ep100000.pt,cond1,303,1,9001,greedy,none,none,none,none,f_value,0.500,5288,0.000661875945537065,3.998676248108926,0.0,15.994704992435704,0.0008218485269945631,0.0006827270067297376,100000,comm,private,
<SOURCE_VECSTRAIGHT_REPO>/hetzner-results/phase3_vecstraight_clean_msgsource_learned_15seeds_hetzner_20260410/train/cond1_seed303_ep100000.pt,cond1,303,1,9001,greedy,none,none,none,none,f_value,1.500,5824,0.029103708791208792,4.058207417582418,0.0,16.23282967032967,0.023163876706405583,0.029892861866760725,100000,comm,private,
<SOURCE_VECSTRAIGHT_REPO>/hetzner-results/phase3_vecstraight_clean_msgsource_learned_15seeds_hetzner_20260410/train/cond1_seed303_ep100000.pt,cond1,303,1,9001,greedy,none,none,none,none,f_value,2.500,6298,0.30458081930771674,5.8274849158463,0.00015878056525881233,23.3099396633852,0.24239335405942614,0.3146585436133866,100000,comm,private,
<SOURCE_VECSTRAIGHT_REPO>/hetzner-results/phase3_vecstraight_clean_msgsource_learned_15seeds_hetzner_20260410/train/cond1_seed303_ep100000.pt,cond1,303,1,9001,greedy,none,none,none,none,f_value,3.500,6673,0.32343024127079273,7.234302412707928,0.0005994305409860632,28.93720965083171,0.32841212501963246,0.3422519052691961,100000,comm,private,
<SOURCE_VECSTRAIGHT_REPO>/hetzner-results/phase3_vecstraight_clean_msgsource_learned_15seeds_hetzner_20260410/train/cond1_seed303_ep100000.pt,cond1,303,1,9001,greedy,none,none,none,none,f_value,5.000,5917,0.5670948115599121,13.073516984958594,0.0011830319418624302,52.29406793983438,0.5670948115599121,0.5357714895888949,100000,comm,private,
<SOURCE_VECSTRAIGHT_REPO>/hetzner-results/phase3_vecstraight_clean_msgsource_learned_15seeds_hetzner_20260410/train/cond1_seed303.pt,cond1,303,1,9001,greedy,none,none,none,none,regime,competitive,5288,0.0007564296520423601,3.9984871406959153,0.0,15.993948562783661,,,150000,comm,private,
<SOURCE_VECSTRAIGHT_REPO>/hetzner-results/phase3_vecstraight_clean_msgsource_learned_15seeds_hetzner_20260410/train/cond1_seed303.pt,cond1,303,1,9001,greedy,none,none,none,none,regime,cooperative,5917,0.9730015210410681,19.56802433665709,0.8920060841642724,78.27209734662836,,,150000,comm,private,
<SOURCE_VECSTRAIGHT_REPO>/hetzner-results/phase3_vecstraight_clean_msgsource_learned_15seeds_hetzner_20260410/train/cond1_seed303.pt,cond1,303,1,9001,greedy,none,none,none,none,regime,mixed,18795,0.4600292631018888,8.035035913806864,0.2512902367650971,32.140143655227455,,,150000,comm,private,
<SOURCE_VECSTRAIGHT_REPO>/hetzner-results/phase3_vecstraight_clean_msgsource_learned_15seeds_hetzner_20260410/train/cond1_seed303.pt,cond1,303,1,9001,greedy,none,none,none,none,f_value,0.500,5288,0.0007564296520423601,3.9984871406959153,0.0,15.993948562783661,0.0007577192650123129,0.0008323795650816773,150000,comm,private,
<SOURCE_VECSTRAIGHT_REPO>/hetzner-results/phase3_vecstraight_clean_msgsource_learned_15seeds_hetzner_20260410/train/cond1_seed303.pt,cond1,303,1,9001,greedy,none,none,none,none,f_value,1.500,5824,0.01480940934065934,4.029618818681318,0.0,16.118475274725274,0.015143534369238872,0.013748854262144821,150000,comm,private,
<SOURCE_VECSTRAIGHT_REPO>/hetzner-results/phase3_vecstraight_clean_msgsource_learned_15seeds_hetzner_20260410/train/cond1_seed303.pt,cond1,303,1,9001,greedy,none,none,none,none,f_value,2.500,6298,0.3943315338202604,6.365989202921562,0.031914893617021274,25.46395681168625,0.39312419065123855,0.4052253614287064,150000,comm,private,
<SOURCE_VECSTRAIGHT_REPO>/hetzner-results/phase3_vecstraight_clean_msgsource_learned_15seeds_hetzner_20260410/train/cond1_seed303.pt,cond1,303,1,9001,greedy,none,none,none,none,f_value,3.500,6673,0.9106099205754533,13.106099205754534,0.6776562265847444,52.424396823018135,0.9092431218843944,0.9125946609129755,150000,comm,private,
<SOURCE_VECSTRAIGHT_REPO>/hetzner-results/phase3_vecstraight_clean_msgsource_learned_15seeds_hetzner_20260410/train/cond1_seed303.pt,cond1,303,1,9001,greedy,none,none,none,none,f_value,5.000,5917,0.9730015210410681,19.56802433665709,0.8920060841642724,78.27209734662836,0.9729072446454475,0.9700068166325835,150000,comm,private,
<SOURCE_VECSTRAIGHT_REPO>/hetzner-results/phase3_vecstraight_clean_msgsource_learned_15seeds_hetzner_20260410/train/cond1_seed303_ep25000.pt,cond1,303,1,9001,greedy,none,none,none,none,regime,competitive,5288,0.004585854765506808,3.9908282904689862,0.0,15.963313161875945,,,25000,comm,private,
<SOURCE_VECSTRAIGHT_REPO>/hetzner-results/phase3_vecstraight_clean_msgsource_learned_15seeds_hetzner_20260410/train/cond1_seed303_ep25000.pt,cond1,303,1,9001,greedy,none,none,none,none,regime,cooperative,5917,0.9582558729085685,19.332093966537098,0.8757816461044449,77.32837586614839,,,25000,comm,private,
<SOURCE_VECSTRAIGHT_REPO>/hetzner-results/phase3_vecstraight_clean_msgsource_learned_15seeds_hetzner_20260410/train/cond1_seed303_ep25000.pt,cond1,303,1,9001,greedy,none,none,none,none,regime,mixed,18795,0.32609736632083003,6.930194200585262,0.09603617983506252,27.72077680234105,,,25000,comm,private,
<SOURCE_VECSTRAIGHT_REPO>/hetzner-results/phase3_vecstraight_clean_msgsource_learned_15seeds_hetzner_20260410/train/cond1_seed303_ep25000.pt,cond1,303,1,9001,greedy,none,none,none,none,f_value,0.500,5288,0.004585854765506808,3.9908282904689862,0.0,15.963313161875945,0.005548881642926606,0.0047658821795312735,25000,comm,private,
<SOURCE_VECSTRAIGHT_REPO>/hetzner-results/phase3_vecstraight_clean_msgsource_learned_15seeds_hetzner_20260410/train/cond1_seed303_ep25000.pt,cond1,303,1,9001,greedy,none,none,none,none,f_value,1.500,5824,0.05696256868131868,4.113925137362638,0.0,16.45570054945055,0.06421388275692912,0.061256592949014525,25000,comm,private,
<SOURCE_VECSTRAIGHT_REPO>/hetzner-results/phase3_vecstraight_clean_msgsource_learned_15seeds_hetzner_20260410/train/cond1_seed303_ep25000.pt,cond1,303,1,9001,greedy,none,none,none,none,f_value,2.500,6298,0.1414337885042871,4.848602731025722,0.003969514131470308,19.39441092410289,0.13260962111536825,0.14330834666891265,25000,comm,private,
<SOURCE_VECSTRAIGHT_REPO>/hetzner-results/phase3_vecstraight_clean_msgsource_learned_15seeds_hetzner_20260410/train/cond1_seed303_ep25000.pt,cond1,303,1,9001,greedy,none,none,none,none,f_value,3.500,6673,0.7352764873370298,11.352764873370297,0.26674659073879814,45.41105949348119,0.7375948739463748,0.706041968162084,25000,comm,private,
<SOURCE_VECSTRAIGHT_REPO>/hetzner-results/phase3_vecstraight_clean_msgsource_learned_15seeds_hetzner_20260410/train/cond1_seed303_ep25000.pt,cond1,303,1,9001,greedy,none,none,none,none,f_value,5.000,5917,0.9582558729085685,19.332093966537098,0.8757816461044449,77.32837586614839,0.9666347659648512,0.9574816026165167,25000,comm,private,
<SOURCE_VECSTRAIGHT_REPO>/hetzner-results/phase3_vecstraight_clean_msgsource_learned_15seeds_hetzner_20260410/train/cond1_seed303_ep50000.pt,cond1,303,1,9001,greedy,none,none,none,none,regime,competitive,5288,0.00018910741301059002,3.999621785173979,0.0,15.998487140695916,,,50000,comm,private,
<SOURCE_VECSTRAIGHT_REPO>/hetzner-results/phase3_vecstraight_clean_msgsource_learned_15seeds_hetzner_20260410/train/cond1_seed303_ep50000.pt,cond1,303,1,9001,greedy,none,none,none,none,regime,cooperative,5917,0.6963410512083826,15.141456819334122,0.07351698495859388,60.56582727733649,,,50000,comm,private,
<SOURCE_VECSTRAIGHT_REPO>/hetzner-results/phase3_vecstraight_clean_msgsource_learned_15seeds_hetzner_20260410/train/cond1_seed303_ep50000.pt,cond1,303,1,9001,greedy,none,none,none,none,regime,mixed,18795,0.3172519287044427,6.744586326150572,0.07150837988826815,26.97834530460229,,,50000,comm,private,
<SOURCE_VECSTRAIGHT_REPO>/hetzner-results/phase3_vecstraight_clean_msgsource_learned_15seeds_hetzner_20260410/train/cond1_seed303_ep50000.pt,cond1,303,1,9001,greedy,none,none,none,none,f_value,0.500,5288,0.00018910741301059002,3.999621785173979,0.0,15.998487140695916,5.200748907842729e-05,0.00021798365122615803,50000,comm,private,
<SOURCE_VECSTRAIGHT_REPO>/hetzner-results/phase3_vecstraight_clean_msgsource_learned_15seeds_hetzner_20260410/train/cond1_seed303_ep50000.pt,cond1,303,1,9001,greedy,none,none,none,none,f_value,1.500,5824,0.016397664835164836,4.032795329670329,0.0,16.131181318681318,0.012481315396113602,0.016343562548900285,50000,comm,private,
<SOURCE_VECSTRAIGHT_REPO>/hetzner-results/phase3_vecstraight_clean_msgsource_learned_15seeds_hetzner_20260410/train/cond1_seed303_ep50000.pt,cond1,303,1,9001,greedy,none,none,none,none,f_value,2.500,6298,0.28894093362972373,5.733645601778342,0.01095585900285805,22.934582407113368,0.39500499500499503,0.28906187941854,50000,comm,private,
<SOURCE_VECSTRAIGHT_REPO>/hetzner-results/phase3_vecstraight_clean_msgsource_learned_15seeds_hetzner_20260410/train/cond1_seed303_ep50000.pt,cond1,303,1,9001,greedy,none,none,none,none,f_value,3.500,6673,0.6065487786602728,10.065487786602727,0.19106848493930767,40.26195114641091,0.846162069702801,0.6066674166572917,50000,comm,private,
<SOURCE_VECSTRAIGHT_REPO>/hetzner-results/phase3_vecstraight_clean_msgsource_learned_15seeds_hetzner_20260410/train/cond1_seed303_ep50000.pt,cond1,303,1,9001,greedy,none,none,none,none,f_value,5.000,5917,0.6963410512083826,15.141456819334122,0.07351698495859388,60.56582727733649,0.6816449348044132,0.695534276756207,50000,comm,private,
<SOURCE_VECSTRAIGHT_REPO>/hetzner-results/phase3_vecstraight_clean_msgsource_learned_15seeds_hetzner_20260410/train/cond1_seed404_ep100000.pt,cond1,404,1,9001,greedy,none,none,none,none,regime,competitive,5288,0.014892208774583963,3.970215582450832,0.0,15.880862329803328,,,100000,comm,private,
<SOURCE_VECSTRAIGHT_REPO>/hetzner-results/phase3_vecstraight_clean_msgsource_learned_15seeds_hetzner_20260410/train/cond1_seed404_ep100000.pt,cond1,404,1,9001,greedy,none,none,none,none,regime,cooperative,5917,0.5643062362683793,13.028899780294068,0.01132330572925469,52.115599121176274,,,100000,comm,private,
<SOURCE_VECSTRAIGHT_REPO>/hetzner-results/phase3_vecstraight_clean_msgsource_learned_15seeds_hetzner_20260410/train/cond1_seed404_ep100000.pt,cond1,404,1,9001,greedy,none,none,none,none,regime,mixed,18795,0.6242085661080075,8.745038574088854,0.3031125299281724,34.980154296355416,,,100000,comm,private,
<SOURCE_VECSTRAIGHT_REPO>/hetzner-results/phase3_vecstraight_clean_msgsource_learned_15seeds_hetzner_20260410/train/cond1_seed404_ep100000.pt,cond1,404,1,9001,greedy,none,none,none,none,f_value,0.500,5288,0.014892208774583963,3.970215582450832,0.0,15.880862329803328,0.013800067317401549,0.02125891558756319,100000,comm,private,
<SOURCE_VECSTRAIGHT_REPO>/hetzner-results/phase3_vecstraight_clean_msgsource_learned_15seeds_hetzner_20260410/train/cond1_seed404_ep100000.pt,cond1,404,1,9001,greedy,none,none,none,none,f_value,1.500,5824,0.1754378434065934,4.350875686813187,0.024210164835164836,17.403502747252748,0.17064352856109907,0.18281492635640675,100000,comm,private,
<SOURCE_VECSTRAIGHT_REPO>/hetzner-results/phase3_vecstraight_clean_msgsource_learned_15seeds_hetzner_20260410/train/cond1_seed404_ep100000.pt,cond1,404,1,9001,greedy,none,none,none,none,f_value,2.500,6298,0.7924341060654176,8.754604636392505,0.38567799301365513,35.01841854557002,0.7881943004106691,0.7818740399385561,100000,comm,private,
<SOURCE_VECSTRAIGHT_REPO>/hetzner-results/phase3_vecstraight_clean_msgsource_learned_15seeds_hetzner_20260410/train/cond1_seed404_ep100000.pt,cond1,404,1,9001,greedy,none,none,none,none,f_value,3.500,6673,0.8571107447924472,12.571107447924472,0.46860482541585496,50.28442979169789,0.8569123991746389,0.8459647495361781,100000,comm,private,
<SOURCE_VECSTRAIGHT_REPO>/hetzner-results/phase3_vecstraight_clean_msgsource_learned_15seeds_hetzner_20260410/train/cond1_seed404_ep100000.pt,cond1,404,1,9001,greedy,none,none,none,none,f_value,5.000,5917,0.5643062362683793,13.028899780294068,0.01132330572925469,52.115599121176274,0.5643062362683793,0.5704045058883769,100000,comm,private,
<SOURCE_VECSTRAIGHT_REPO>/hetzner-results/phase3_vecstraight_clean_msgsource_learned_15seeds_hetzner_20260410/train/cond1_seed404.pt,cond1,404,1,9001,greedy,none,none,none,none,regime,competitive,5288,0.0016546898638426625,3.9966906202723145,0.0,15.986762481089258,,,150000,comm,private,
<SOURCE_VECSTRAIGHT_REPO>/hetzner-results/phase3_vecstraight_clean_msgsource_learned_15seeds_hetzner_20260410/train/cond1_seed404.pt,cond1,404,1,9001,greedy,none,none,none,none,regime,cooperative,5917,0.7871387527463242,16.594220043941185,0.3319249619739733,66.37688017576474,,,150000,comm,private,
<SOURCE_VECSTRAIGHT_REPO>/hetzner-results/phase3_vecstraight_clean_msgsource_learned_15seeds_hetzner_20260410/train/cond1_seed404.pt,cond1,404,1,9001,greedy,none,none,none,none,regime,mixed,18795,0.4290369779196595,7.609071561585528,0.08826815642458101,30.436286246342114,,,150000,comm,private,
<SOURCE_VECSTRAIGHT_REPO>/hetzner-results/phase3_vecstraight_clean_msgsource_learned_15seeds_hetzner_20260410/train/cond1_seed404.pt,cond1,404,1,9001,greedy,none,none,none,none,f_value,0.500,5288,0.0016546898638426625,3.9966906202723145,0.0,15.986762481089258,0.0001260716086737267,0.0016546898638426625,150000,comm,private,
<SOURCE_VECSTRAIGHT_REPO>/hetzner-results/phase3_vecstraight_clean_msgsource_learned_15seeds_hetzner_20260410/train/cond1_seed404.pt,cond1,404,1,9001,greedy,none,none,none,none,f_value,1.500,5824,0.028245192307692308,4.056490384615385,0.0,16.22596153846154,0.00809901328922603,0.02824761741220915,150000,comm,private,
<SOURCE_VECSTRAIGHT_REPO>/hetzner-results/phase3_vecstraight_clean_msgsource_learned_15seeds_hetzner_20260410/train/cond1_seed404.pt,cond1,404,1,9001,greedy,none,none,none,none,f_value,2.500,6298,0.4560574785646237,6.736344871387742,0.029374404572880278,26.94537948555097,0.4099188937641271,0.453620637850367,150000,comm,private,
<SOURCE_VECSTRAIGHT_REPO>/hetzner-results/phase3_vecstraight_clean_msgsource_learned_15seeds_hetzner_20260410/train/cond1_seed404.pt,cond1,404,1,9001,greedy,none,none,none,none,f_value,3.500,6673,0.753334332384235,11.53334332384235,0.22089015435336432,46.1333732953694,0.7531401147313561,0.6854763491005996,150000,comm,private,
<SOURCE_VECSTRAIGHT_REPO>/hetzner-results/phase3_vecstraight_clean_msgsource_learned_15seeds_hetzner_20260410/train/cond1_seed404.pt,cond1,404,1,9001,greedy,none,none,none,none,f_value,5.000,5917,0.7871387527463242,16.594220043941185,0.3319249619739733,66.37688017576474,0.7871387527463242,0.9165701042873696,150000,comm,private,
<SOURCE_VECSTRAIGHT_REPO>/hetzner-results/phase3_vecstraight_clean_msgsource_learned_15seeds_hetzner_20260410/train/cond1_seed404_ep25000.pt,cond1,404,1,9001,greedy,none,none,none,none,regime,competitive,5288,0.0012291981845688352,3.997541603630862,0.0,15.990166414523449,,,25000,comm,private,
<SOURCE_VECSTRAIGHT_REPO>/hetzner-results/phase3_vecstraight_clean_msgsource_learned_15seeds_hetzner_20260410/train/cond1_seed404_ep25000.pt,cond1,404,1,9001,greedy,none,none,none,none,regime,cooperative,5917,0.34996619908737536,9.599459185398006,0.00895724184552983,38.39783674159202,,,25000,comm,private,
<SOURCE_VECSTRAIGHT_REPO>/hetzner-results/phase3_vecstraight_clean_msgsource_learned_15seeds_hetzner_20260410/train/cond1_seed404_ep25000.pt,cond1,404,1,9001,greedy,none,none,none,none,regime,mixed,18795,0.4738228252194733,8.016972599095505,0.2770949720670391,32.06789039638202,,,25000,comm,private,
<SOURCE_VECSTRAIGHT_REPO>/hetzner-results/phase3_vecstraight_clean_msgsource_learned_15seeds_hetzner_20260410/train/cond1_seed404_ep25000.pt,cond1,404,1,9001,greedy,none,none,none,none,f_value,0.500,5288,0.0012291981845688352,3.997541603630862,0.0,15.990166414523449,0.0017087757842060296,0.001229256299938537,25000,comm,private,
<SOURCE_VECSTRAIGHT_REPO>/hetzner-results/phase3_vecstraight_clean_msgsource_learned_15seeds_hetzner_20260410/train/cond1_seed404_ep25000.pt,cond1,404,1,9001,greedy,none,none,none,none,f_value,1.500,5824,0.06207074175824176,4.124141483516484,0.00017170329670329672,16.496565934065934,0.047619047619047616,0.06262740165676367,25000,comm,private,
<SOURCE_VECSTRAIGHT_REPO>/hetzner-results/phase3_vecstraight_clean_msgsource_learned_15seeds_hetzner_20260410/train/cond1_seed404_ep25000.pt,cond1,404,1,9001,greedy,none,none,none,none,f_value,2.500,6298,0.42330898697999364,6.539853921879962,0.110828834550651,26.159415687519846,0.39939828743346445,0.4417392053779195,25000,comm,private,
<SOURCE_VECSTRAIGHT_REPO>/hetzner-results/phase3_vecstraight_clean_msgsource_learned_15seeds_hetzner_20260410/train/cond1_seed404_ep25000.pt,cond1,404,1,9001,greedy,none,none,none,none,f_value,3.500,6673,0.88086317997902,12.808631799790199,0.6757080773265398,51.234527199160794,0.8972083405135275,0.8818289108006243,25000,comm,private,
<SOURCE_VECSTRAIGHT_REPO>/hetzner-results/phase3_vecstraight_clean_msgsource_learned_15seeds_hetzner_20260410/train/cond1_seed404_ep25000.pt,cond1,404,1,9001,greedy,none,none,none,none,f_value,5.000,5917,0.34996619908737536,9.599459185398006,0.00895724184552983,38.39783674159202,0.3007502327364328,0.34778922379074995,25000,comm,private,
<SOURCE_VECSTRAIGHT_REPO>/hetzner-results/phase3_vecstraight_clean_msgsource_learned_15seeds_hetzner_20260410/train/cond1_seed404_ep50000.pt,cond1,404,1,9001,greedy,none,none,none,none,regime,competitive,5288,0.005247730711043873,3.989504538577912,0.0,15.958018154311649,,,50000,comm,private,
<SOURCE_VECSTRAIGHT_REPO>/hetzner-results/phase3_vecstraight_clean_msgsource_learned_15seeds_hetzner_20260410/train/cond1_seed404_ep50000.pt,cond1,404,1,9001,greedy,none,none,none,none,regime,cooperative,5917,0.742352543518675,15.8776406962988,0.2224100050701369,63.5105627851952,,,50000,comm,private,
<SOURCE_VECSTRAIGHT_REPO>/hetzner-results/phase3_vecstraight_clean_msgsource_learned_15seeds_hetzner_20260410/train/cond1_seed404_ep50000.pt,cond1,404,1,9001,greedy,none,none,none,none,regime,mixed,18795,0.2959563713753658,6.392391593508912,0.005373769619579675,25.56956637403565,,,50000,comm,private,
<SOURCE_VECSTRAIGHT_REPO>/hetzner-results/phase3_vecstraight_clean_msgsource_learned_15seeds_hetzner_20260410/train/cond1_seed404_ep50000.pt,cond1,404,1,9001,greedy,none,none,none,none,f_value,0.500,5288,0.005247730711043873,3.989504538577912,0.0,15.958018154311649,0.005221407771864645,0.006018869970719011,50000,comm,private,
<SOURCE_VECSTRAIGHT_REPO>/hetzner-results/phase3_vecstraight_clean_msgsource_learned_15seeds_hetzner_20260410/train/cond1_seed404_ep50000.pt,cond1,404,1,9001,greedy,none,none,none,none,f_value,1.500,5824,0.050180288461538464,4.100360576923077,0.0,16.401442307692307,0.05698547821732599,0.05203944627066068,50000,comm,private,
<SOURCE_VECSTRAIGHT_REPO>/hetzner-results/phase3_vecstraight_clean_msgsource_learned_15seeds_hetzner_20260410/train/cond1_seed404_ep50000.pt,cond1,404,1,9001,greedy,none,none,none,none,f_value,2.500,6298,0.33034296602095903,5.982057796125754,0.0,23.928231184503016,0.32224411211605625,0.3360206672308583,50000,comm,private,
<SOURCE_VECSTRAIGHT_REPO>/hetzner-results/phase3_vecstraight_clean_msgsource_learned_15seeds_hetzner_20260410/train/cond1_seed404_ep50000.pt,cond1,404,1,9001,greedy,none,none,none,none,f_value,3.500,6673,0.4780083920275738,8.780083920275738,0.015135621159898097,35.12033568110295,0.4361458288284392,0.4760348583877996,50000,comm,private,
<SOURCE_VECSTRAIGHT_REPO>/hetzner-results/phase3_vecstraight_clean_msgsource_learned_15seeds_hetzner_20260410/train/cond1_seed404_ep50000.pt,cond1,404,1,9001,greedy,none,none,none,none,f_value,5.000,5917,0.742352543518675,15.8776406962988,0.2224100050701369,63.5105627851952,0.7448570319575625,0.7482646327877281,50000,comm,private,
<SOURCE_VECSTRAIGHT_REPO>/hetzner-results/phase3_vecstraight_clean_msgsource_learned_15seeds_hetzner_20260410/train/cond1_seed505_ep100000.pt,cond1,505,1,9001,greedy,none,none,none,none,regime,competitive,5288,0.0,4.0,0.0,16.0,,,100000,comm,private,
<SOURCE_VECSTRAIGHT_REPO>/hetzner-results/phase3_vecstraight_clean_msgsource_learned_15seeds_hetzner_20260410/train/cond1_seed505_ep100000.pt,cond1,505,1,9001,greedy,none,none,none,none,regime,cooperative,5917,0.5816714551292885,13.306743282068616,0.00625316883555856,53.226973128274466,,,100000,comm,private,
<SOURCE_VECSTRAIGHT_REPO>/hetzner-results/phase3_vecstraight_clean_msgsource_learned_15seeds_hetzner_20260410/train/cond1_seed505_ep100000.pt,cond1,505,1,9001,greedy,none,none,none,none,regime,mixed,18795,0.07177440808725725,4.648895982974195,0.0,18.59558393189678,,,100000,comm,private,
<SOURCE_VECSTRAIGHT_REPO>/hetzner-results/phase3_vecstraight_clean_msgsource_learned_15seeds_hetzner_20260410/train/cond1_seed505_ep100000.pt,cond1,505,1,9001,greedy,none,none,none,none,f_value,0.500,5288,0.0,4.0,0.0,16.0,0.0,0.0,100000,comm,private,
<SOURCE_VECSTRAIGHT_REPO>/hetzner-results/phase3_vecstraight_clean_msgsource_learned_15seeds_hetzner_20260410/train/cond1_seed505_ep100000.pt,cond1,505,1,9001,greedy,none,none,none,none,f_value,1.500,5824,0.00030048076923076925,4.000600961538462,0.0,16.002403846153847,9.536524890329964e-05,0.00030728709394205444,100000,comm,private,
<SOURCE_VECSTRAIGHT_REPO>/hetzner-results/phase3_vecstraight_clean_msgsource_learned_15seeds_hetzner_20260410/train/cond1_seed505_ep100000.pt,cond1,505,1,9001,greedy,none,none,none,none,f_value,2.500,6298,0.05080978088281994,4.30485868529692,0.0,17.21943474118768,0.04162384378211716,0.05324669845154213,100000,comm,private,
<SOURCE_VECSTRAIGHT_REPO>/hetzner-results/phase3_vecstraight_clean_msgsource_learned_15seeds_hetzner_20260410/train/cond1_seed505_ep100000.pt,cond1,505,1,9001,greedy,none,none,none,none,f_value,3.500,6673,0.15394125580698337,5.5394125580698335,0.0,22.157650232279334,0.14422336588726345,0.14205262646858918,100000,comm,private,
<SOURCE_VECSTRAIGHT_REPO>/hetzner-results/phase3_vecstraight_clean_msgsource_learned_15seeds_hetzner_20260410/train/cond1_seed505_ep100000.pt,cond1,505,1,9001,greedy,none,none,none,none,f_value,5.000,5917,0.5816714551292885,13.306743282068616,0.00625316883555856,53.226973128274466,0.3941351888667992,0.5875812521382142,100000,comm,private,
<SOURCE_VECSTRAIGHT_REPO>/hetzner-results/phase3_vecstraight_clean_msgsource_learned_15seeds_hetzner_20260410/train/cond1_seed505.pt,cond1,505,1,9001,greedy,none,none,none,none,regime,competitive,5288,0.00014183055975794251,3.999716338880484,0.0,15.998865355521936,,,150000,comm,private,
<SOURCE_VECSTRAIGHT_REPO>/hetzner-results/phase3_vecstraight_clean_msgsource_learned_15seeds_hetzner_20260410/train/cond1_seed505.pt,cond1,505,1,9001,greedy,none,none,none,none,regime,cooperative,5917,0.984071319925638,19.745141118810206,0.9366232888287984,78.98056447524083,,,150000,comm,private,
<SOURCE_VECSTRAIGHT_REPO>/hetzner-results/phase3_vecstraight_clean_msgsource_learned_15seeds_hetzner_20260410/train/cond1_seed505.pt,cond1,505,1,9001,greedy,none,none,none,none,regime,mixed,18795,0.3952247938281458,7.6303006118648575,0.23809523809523808,30.52120244745943,,,150000,comm,private,
<SOURCE_VECSTRAIGHT_REPO>/hetzner-results/phase3_vecstraight_clean_msgsource_learned_15seeds_hetzner_20260410/train/cond1_seed505.pt,cond1,505,1,9001,greedy,none,none,none,none,f_value,0.500,5288,0.00014183055975794251,3.999716338880484,0.0,15.998865355521936,0.00014185067851907893,4.8883022926137754e-05,150000,comm,private,
<SOURCE_VECSTRAIGHT_REPO>/hetzner-results/phase3_vecstraight_clean_msgsource_learned_15seeds_hetzner_20260410/train/cond1_seed505.pt,cond1,505,1,9001,greedy,none,none,none,none,f_value,1.500,5824,0.008799793956043956,4.017599587912088,0.0,16.07039835164835,0.008785908092510444,0.008646917534027222,150000,comm,private,
<SOURCE_VECSTRAIGHT_REPO>/hetzner-results/phase3_vecstraight_clean_msgsource_learned_15seeds_hetzner_20260410/train/cond1_seed505.pt,cond1,505,1,9001,greedy,none,none,none,none,f_value,2.500,6298,0.22392029215624007,5.34352175293744,0.0025404890441409972,21.37408701174976,0.20899010069252666,0.22981896590449666,150000,comm,private,
<SOURCE_VECSTRAIGHT_REPO>/hetzner-results/phase3_vecstraight_clean_msgsource_learned_15seeds_hetzner_20260410/train/cond1_seed505.pt,cond1,505,1,9001,greedy,none,none,none,none,f_value,3.500,6673,0.8941630451071482,12.941630451071482,0.668215195564214,51.76652180428593,0.8859583952451708,0.8925735824845618,150000,comm,private,
<SOURCE_VECSTRAIGHT_REPO>/hetzner-results/phase3_vecstraight_clean_msgsource_learned_15seeds_hetzner_20260410/train/cond1_seed505.pt,cond1,505,1,9001,greedy,none,none,none,none,f_value,5.000,5917,0.984071319925638,19.745141118810206,0.9366232888287984,78.98056447524083,0.9814541519086973,0.9911736749196578,150000,comm,private,
<SOURCE_VECSTRAIGHT_REPO>/hetzner-results/phase3_vecstraight_clean_msgsource_learned_15seeds_hetzner_20260410/train/cond1_seed505_ep25000.pt,cond1,505,1,9001,greedy,none,none,none,none,regime,competitive,5288,0.0019383509833585477,3.996123298033283,0.0,15.984493192133131,,,25000,comm,private,
<SOURCE_VECSTRAIGHT_REPO>/hetzner-results/phase3_vecstraight_clean_msgsource_learned_15seeds_hetzner_20260410/train/cond1_seed505_ep25000.pt,cond1,505,1,9001,greedy,none,none,none,none,regime,cooperative,5917,0.5264069629880007,12.422511407808011,0.05644752408315024,49.690045631232046,,,25000,comm,private,
<SOURCE_VECSTRAIGHT_REPO>/hetzner-results/phase3_vecstraight_clean_msgsource_learned_15seeds_hetzner_20260410/train/cond1_seed505_ep25000.pt,cond1,505,1,9001,greedy,none,none,none,none,regime,mixed,18795,0.3053870710295291,6.534051609470604,0.03894652833200319,26.136206437882414,,,25000,comm,private,
<SOURCE_VECSTRAIGHT_REPO>/hetzner-results/phase3_vecstraight_clean_msgsource_learned_15seeds_hetzner_20260410/train/cond1_seed505_ep25000.pt,cond1,505,1,9001,greedy,none,none,none,none,f_value,0.500,5288,0.0019383509833585477,3.996123298033283,0.0,15.984493192133131,0.002615963759331334,0.0019429437967965122,25000,comm,private,
<SOURCE_VECSTRAIGHT_REPO>/hetzner-results/phase3_vecstraight_clean_msgsource_learned_15seeds_hetzner_20260410/train/cond1_seed505_ep25000.pt,cond1,505,1,9001,greedy,none,none,none,none,f_value,1.500,5824,0.024768200549450548,4.0495364010989015,0.0,16.198145604395606,0.032234251968503935,0.024324799859241665,25000,comm,private,
<SOURCE_VECSTRAIGHT_REPO>/hetzner-results/phase3_vecstraight_clean_msgsource_learned_15seeds_hetzner_20260410/train/cond1_seed505_ep25000.pt,cond1,505,1,9001,greedy,none,none,none,none,f_value,2.500,6298,0.34201333756748176,6.052080025404891,0.000952683391552874,24.208320101619563,0.34275050991624356,0.31589564281871974,25000,comm,private,
<SOURCE_VECSTRAIGHT_REPO>/hetzner-results/phase3_vecstraight_clean_msgsource_learned_15seeds_hetzner_20260410/train/cond1_seed505_ep25000.pt,cond1,505,1,9001,greedy,none,none,none,none,f_value,3.500,6673,0.5157350517008842,9.157350517008842,0.10879664318897048,36.62940206803537,0.4994939001651484,0.5105882352941177,25000,comm,private,
<SOURCE_VECSTRAIGHT_REPO>/hetzner-results/phase3_vecstraight_clean_msgsource_learned_15seeds_hetzner_20260410/train/cond1_seed505_ep25000.pt,cond1,505,1,9001,greedy,none,none,none,none,f_value,5.000,5917,0.5264069629880007,12.422511407808011,0.05644752408315024,49.690045631232046,0.5260286717131137,0.3875854525567405,25000,comm,private,
<SOURCE_VECSTRAIGHT_REPO>/hetzner-results/phase3_vecstraight_clean_msgsource_learned_15seeds_hetzner_20260410/train/cond1_seed505_ep50000.pt,cond1,505,1,9001,greedy,none,none,none,none,regime,competitive,5288,9.455370650529501e-05,3.9998108925869893,0.0,15.999243570347957,,,50000,comm,private,
<SOURCE_VECSTRAIGHT_REPO>/hetzner-results/phase3_vecstraight_clean_msgsource_learned_15seeds_hetzner_20260410/train/cond1_seed505_ep50000.pt,cond1,505,1,9001,greedy,none,none,none,none,regime,cooperative,5917,0.7936454284265675,16.69832685482508,0.4333276998478959,66.79330741930032,,,50000,comm,private,
<SOURCE_VECSTRAIGHT_REPO>/hetzner-results/phase3_vecstraight_clean_msgsource_learned_15seeds_hetzner_20260410/train/cond1_seed505_ep50000.pt,cond1,505,1,9001,greedy,none,none,none,none,regime,mixed,18795,0.2775073157754722,6.4300345836658686,0.03304070231444533,25.720138334663474,,,50000,comm,private,
<SOURCE_VECSTRAIGHT_REPO>/hetzner-results/phase3_vecstraight_clean_msgsource_learned_15seeds_hetzner_20260410/train/cond1_seed505_ep50000.pt,cond1,505,1,9001,greedy,none,none,none,none,f_value,0.500,5288,9.455370650529501e-05,3.9998108925869893,0.0,15.999243570347957,9.622786759045419e-05,0.0,50000,comm,private,
<SOURCE_VECSTRAIGHT_REPO>/hetzner-results/phase3_vecstraight_clean_msgsource_learned_15seeds_hetzner_20260410/train/cond1_seed505_ep50000.pt,cond1,505,1,9001,greedy,none,none,none,none,f_value,1.500,5824,0.021291208791208792,4.042582417582418,0.0,16.17032967032967,0.018278607433928486,0.02238348805428585,50000,comm,private,
<SOURCE_VECSTRAIGHT_REPO>/hetzner-results/phase3_vecstraight_clean_msgsource_learned_15seeds_hetzner_20260410/train/cond1_seed505_ep50000.pt,cond1,505,1,9001,greedy,none,none,none,none,f_value,2.500,6298,0.21804541124166402,5.308272467449984,0.0006351222610352493,21.233089869799937,0.17395450860712414,0.21862133626839508,50000,comm,private,
<SOURCE_VECSTRAIGHT_REPO>/hetzner-results/phase3_vecstraight_clean_msgsource_learned_15seeds_hetzner_20260410/train/cond1_seed505_ep50000.pt,cond1,505,1,9001,greedy,none,none,none,none,f_value,3.500,6673,0.557245616664169,9.57245616664169,0.09246216094710026,38.28982466656676,0.5065236912999842,0.5586284853051997,50000,comm,private,
<SOURCE_VECSTRAIGHT_REPO>/hetzner-results/phase3_vecstraight_clean_msgsource_learned_15seeds_hetzner_20260410/train/cond1_seed505_ep50000.pt,cond1,505,1,9001,greedy,none,none,none,none,f_value,5.000,5917,0.7936454284265675,16.69832685482508,0.4333276998478959,66.79330741930032,0.8064306827193425,0.7929929409726734,50000,comm,private,
<SOURCE_VECSTRAIGHT_REPO>/hetzner-results/phase3_vecstraight_clean_msgsource_learned_15seeds_hetzner_20260410/train/cond1_seed606_ep100000.pt,cond1,606,1,9001,greedy,none,none,none,none,regime,competitive,5288,4.7276853252647505e-05,3.9999054462934946,0.0,15.999621785173979,,,100000,comm,private,
<SOURCE_VECSTRAIGHT_REPO>/hetzner-results/phase3_vecstraight_clean_msgsource_learned_15seeds_hetzner_20260410/train/cond1_seed606_ep100000.pt,cond1,606,1,9001,greedy,none,none,none,none,regime,cooperative,5917,0.6870035490958256,14.99205678553321,0.15649822545208722,59.96822714213284,,,100000,comm,private,
<SOURCE_VECSTRAIGHT_REPO>/hetzner-results/phase3_vecstraight_clean_msgsource_learned_15seeds_hetzner_20260410/train/cond1_seed606_ep100000.pt,cond1,606,1,9001,greedy,none,none,none,none,regime,mixed,18795,0.10007980845969673,4.96318169725991,0.0008512902367650971,19.85272678903964,,,100000,comm,private,
<SOURCE_VECSTRAIGHT_REPO>/hetzner-results/phase3_vecstraight_clean_msgsource_learned_15seeds_hetzner_20260410/train/cond1_seed606_ep100000.pt,cond1,606,1,9001,greedy,none,none,none,none,f_value,0.500,5288,4.7276853252647505e-05,3.9999054462934946,0.0,15.999621785173979,7.525586995785671e-05,4.7644004002096336e-05,100000,comm,private,
<SOURCE_VECSTRAIGHT_REPO>/hetzner-results/phase3_vecstraight_clean_msgsource_learned_15seeds_hetzner_20260410/train/cond1_seed606_ep100000.pt,cond1,606,1,9001,greedy,none,none,none,none,f_value,1.500,5824,0.0009014423076923077,4.001802884615385,0.0,16.00721153846154,0.001153332523977176,0.0009075586671852716,100000,comm,private,
<SOURCE_VECSTRAIGHT_REPO>/hetzner-results/phase3_vecstraight_clean_msgsource_learned_15seeds_hetzner_20260410/train/cond1_seed606_ep100000.pt,cond1,606,1,9001,greedy,none,none,none,none,f_value,2.500,6298,0.02639726897427755,4.158383613845666,0.0,16.633534455382662,0.026583448913546002,0.02673502245572409,100000,comm,private,
<SOURCE_VECSTRAIGHT_REPO>/hetzner-results/phase3_vecstraight_clean_msgsource_learned_15seeds_hetzner_20260410/train/cond1_seed606_ep100000.pt,cond1,606,1,9001,greedy,none,none,none,none,f_value,3.500,6673,0.25618162745391876,6.561816274539188,0.002397722163944253,26.247265098156753,0.27039781429813303,0.27262166535286064,100000,comm,private,
<SOURCE_VECSTRAIGHT_REPO>/hetzner-results/phase3_vecstraight_clean_msgsource_learned_15seeds_hetzner_20260410/train/cond1_seed606_ep100000.pt,cond1,606,1,9001,greedy,none,none,none,none,f_value,5.000,5917,0.6870035490958256,14.99205678553321,0.15649822545208722,59.96822714213284,0.6953176522312596,0.6872196323335386,100000,comm,private,
<SOURCE_VECSTRAIGHT_REPO>/hetzner-results/phase3_vecstraight_clean_msgsource_learned_15seeds_hetzner_20260410/train/cond1_seed606.pt,cond1,606,1,9001,greedy,none,none,none,none,regime,competitive,5288,0.0,4.0,0.0,16.0,,,150000,comm,private,
<SOURCE_VECSTRAIGHT_REPO>/hetzner-results/phase3_vecstraight_clean_msgsource_learned_15seeds_hetzner_20260410/train/cond1_seed606.pt,cond1,606,1,9001,greedy,none,none,none,none,regime,cooperative,5917,0.9847895893189116,19.756633429102585,0.9394963664018928,79.02653371641034,,,150000,comm,private,
<SOURCE_VECSTRAIGHT_REPO>/hetzner-results/phase3_vecstraight_clean_msgsource_learned_15seeds_hetzner_20260410/train/cond1_seed606.pt,cond1,606,1,9001,greedy,none,none,none,none,regime,mixed,18795,0.20816706570896515,6.048523543495611,0.01942005852620378,24.194094173982442,,,150000,comm,private,
<SOURCE_VECSTRAIGHT_REPO>/hetzner-results/phase3_vecstraight_clean_msgsource_learned_15seeds_hetzner_20260410/train/cond1_seed606.pt,cond1,606,1,9001,greedy,none,none,none,none,f_value,0.500,5288,0.0,4.0,0.0,16.0,0.0,0.0,150000,comm,private,
<SOURCE_VECSTRAIGHT_REPO>/hetzner-results/phase3_vecstraight_clean_msgsource_learned_15seeds_hetzner_20260410/train/cond1_seed606.pt,cond1,606,1,9001,greedy,none,none,none,none,f_value,1.500,5824,0.0005151098901098901,4.00103021978022,0.0,16.00412087912088,0.00043291917399021604,0.0006598482349059716,150000,comm,private,
<SOURCE_VECSTRAIGHT_REPO>/hetzner-results/phase3_vecstraight_clean_msgsource_learned_15seeds_hetzner_20260410/train/cond1_seed606.pt,cond1,606,1,9001,greedy,none,none,none,none,f_value,2.500,6298,0.023777389647507145,4.1426643378850425,0.0,16.57065735154017,0.020844337897688026,0.02699854468811161,150000,comm,private,
<SOURCE_VECSTRAIGHT_REPO>/hetzner-results/phase3_vecstraight_clean_msgsource_learned_15seeds_hetzner_20260410/train/cond1_seed606.pt,cond1,606,1,9001,greedy,none,none,none,none,f_value,3.500,6673,0.5634272441180879,9.634272441180878,0.05469803686497827,38.53708976472351,0.5472669131607875,0.5741596555674053,150000,comm,private,
<SOURCE_VECSTRAIGHT_REPO>/hetzner-results/phase3_vecstraight_clean_msgsource_learned_15seeds_hetzner_20260410/train/cond1_seed606.pt,cond1,606,1,9001,greedy,none,none,none,none,f_value,5.000,5917,0.9847895893189116,19.756633429102585,0.9394963664018928,79.02653371641034,0.9840564906515078,0.9936656027498159,150000,comm,private,
<SOURCE_VECSTRAIGHT_REPO>/hetzner-results/phase3_vecstraight_clean_msgsource_learned_15seeds_hetzner_20260410/train/cond1_seed606_ep25000.pt,cond1,606,1,9001,greedy,none,none,none,none,regime,competitive,5288,0.00037821482602118004,3.9992435703479576,0.0,15.99697428139183,,,25000,comm,private,
<SOURCE_VECSTRAIGHT_REPO>/hetzner-results/phase3_vecstraight_clean_msgsource_learned_15seeds_hetzner_20260410/train/cond1_seed606_ep25000.pt,cond1,606,1,9001,greedy,none,none,none,none,regime,cooperative,5917,0.5675173229677202,13.080277167483523,0.009464255534899442,52.32110866993409,,,25000,comm,private,
<SOURCE_VECSTRAIGHT_REPO>/hetzner-results/phase3_vecstraight_clean_msgsource_learned_15seeds_hetzner_20260410/train/cond1_seed606_ep25000.pt,cond1,606,1,9001,greedy,none,none,none,none,regime,mixed,18795,0.03201649374833732,4.31415270018622,0.0,17.25661080074488,,,25000,comm,private,
<SOURCE_VECSTRAIGHT_REPO>/hetzner-results/phase3_vecstraight_clean_msgsource_learned_15seeds_hetzner_20260410/train/cond1_seed606_ep25000.pt,cond1,606,1,9001,greedy,none,none,none,none,f_value,0.500,5288,0.00037821482602118004,3.9992435703479576,0.0,15.99697428139183,0.00041523928163604275,0.0003963339113202873,25000,comm,private,
<SOURCE_VECSTRAIGHT_REPO>/hetzner-results/phase3_vecstraight_clean_msgsource_learned_15seeds_hetzner_20260410/train/cond1_seed606_ep25000.pt,cond1,606,1,9001,greedy,none,none,none,none,f_value,1.500,5824,0.0009443681318681319,4.001888736263736,0.0,16.007554945054945,0.0009592326139088729,0.001064207165661582,25000,comm,private,
<SOURCE_VECSTRAIGHT_REPO>/hetzner-results/phase3_vecstraight_clean_msgsource_learned_15seeds_hetzner_20260410/train/cond1_seed606_ep25000.pt,cond1,606,1,9001,greedy,none,none,none,none,f_value,2.500,6298,0.0027389647507145127,4.016433788504287,0.0,16.065735154017148,0.002840909090909091,0.0024583800569309066,25000,comm,private,
<SOURCE_VECSTRAIGHT_REPO>/hetzner-results/phase3_vecstraight_clean_msgsource_learned_15seeds_hetzner_20260410/train/cond1_seed606_ep25000.pt,cond1,606,1,9001,greedy,none,none,none,none,f_value,3.500,6673,0.08676757080773266,4.867675708077327,0.0,19.470702832309307,0.07765429831006612,0.0866245392311743,25000,comm,private,
<SOURCE_VECSTRAIGHT_REPO>/hetzner-results/phase3_vecstraight_clean_msgsource_learned_15seeds_hetzner_20260410/train/cond1_seed606_ep25000.pt,cond1,606,1,9001,greedy,none,none,none,none,f_value,5.000,5917,0.5675173229677202,13.080277167483523,0.009464255534899442,52.32110866993409,0.5565743790616933,0.523896285914506,25000,comm,private,
<SOURCE_VECSTRAIGHT_REPO>/hetzner-results/phase3_vecstraight_clean_msgsource_learned_15seeds_hetzner_20260410/train/cond1_seed606_ep50000.pt,cond1,606,1,9001,greedy,none,none,none,none,regime,competitive,5288,9.455370650529501e-05,3.9998108925869893,0.0,15.999243570347957,,,50000,comm,private,
<SOURCE_VECSTRAIGHT_REPO>/hetzner-results/phase3_vecstraight_clean_msgsource_learned_15seeds_hetzner_20260410/train/cond1_seed606_ep50000.pt,cond1,606,1,9001,greedy,none,none,none,none,regime,cooperative,5917,0.8717677877302688,17.9482846036843,0.4997464931553152,71.7931384147372,,,50000,comm,private,
<SOURCE_VECSTRAIGHT_REPO>/hetzner-results/phase3_vecstraight_clean_msgsource_learned_15seeds_hetzner_20260410/train/cond1_seed606_ep50000.pt,cond1,606,1,9001,greedy,none,none,none,none,regime,mixed,18795,0.2200319233838787,5.9065708965150305,0.0035647778664538443,23.626283586060122,,,50000,comm,private,
<SOURCE_VECSTRAIGHT_REPO>/hetzner-results/phase3_vecstraight_clean_msgsource_learned_15seeds_hetzner_20260410/train/cond1_seed606_ep50000.pt,cond1,606,1,9001,greedy,none,none,none,none,f_value,0.500,5288,9.455370650529501e-05,3.9998108925869893,0.0,15.999243570347957,0.00010978756106933085,9.821253191907288e-05,50000,comm,private,
<SOURCE_VECSTRAIGHT_REPO>/hetzner-results/phase3_vecstraight_clean_msgsource_learned_15seeds_hetzner_20260410/train/cond1_seed606_ep50000.pt,cond1,606,1,9001,greedy,none,none,none,none,f_value,1.500,5824,0.022965315934065936,4.045930631868132,0.0,16.18372252747253,0.024377690436084596,0.023233345601766653,50000,comm,private,
<SOURCE_VECSTRAIGHT_REPO>/hetzner-results/phase3_vecstraight_clean_msgsource_learned_15seeds_hetzner_20260410/train/cond1_seed606_ep50000.pt,cond1,606,1,9001,greedy,none,none,none,none,f_value,2.500,6298,0.1766830739917434,5.06009844395046,0.0,20.24039377580184,0.17873073356004063,0.1718295784883721,50000,comm,private,
<SOURCE_VECSTRAIGHT_REPO>/hetzner-results/phase3_vecstraight_clean_msgsource_learned_15seeds_hetzner_20260410/train/cond1_seed606_ep50000.pt,cond1,606,1,9001,greedy,none,none,none,none,f_value,3.500,6673,0.43293870822718417,8.329387082271841,0.01004046156151656,33.317548329087366,0.4301255230125523,0.4331172944788266,50000,comm,private,
<SOURCE_VECSTRAIGHT_REPO>/hetzner-results/phase3_vecstraight_clean_msgsource_learned_15seeds_hetzner_20260410/train/cond1_seed606_ep50000.pt,cond1,606,1,9001,greedy,none,none,none,none,f_value,5.000,5917,0.8717677877302688,17.9482846036843,0.4997464931553152,71.7931384147372,0.8704636666382034,0.9333049449087135,50000,comm,private,
<SOURCE_VECSTRAIGHT_REPO>/hetzner-results/phase3_vecstraight_clean_msgsource_learned_15seeds_hetzner_20260410/train/cond1_seed707_ep100000.pt,cond1,707,1,9001,greedy,none,none,none,none,regime,competitive,5288,0.007706127080181543,3.984587745839637,0.0,15.938350983358548,,,100000,comm,private,
<SOURCE_VECSTRAIGHT_REPO>/hetzner-results/phase3_vecstraight_clean_msgsource_learned_15seeds_hetzner_20260410/train/cond1_seed707_ep100000.pt,cond1,707,1,9001,greedy,none,none,none,none,regime,cooperative,5917,0.8850768970762211,18.161230353219537,0.5778266013182356,72.64492141287815,,,100000,comm,private,
<SOURCE_VECSTRAIGHT_REPO>/hetzner-results/phase3_vecstraight_clean_msgsource_learned_15seeds_hetzner_20260410/train/cond1_seed707_ep100000.pt,cond1,707,1,9001,greedy,none,none,none,none,regime,mixed,18795,0.4337589784517159,7.70023942537909,0.12067039106145251,30.80095770151636,,,100000,comm,private,
<SOURCE_VECSTRAIGHT_REPO>/hetzner-results/phase3_vecstraight_clean_msgsource_learned_15seeds_hetzner_20260410/train/cond1_seed707_ep100000.pt,cond1,707,1,9001,greedy,none,none,none,none,f_value,0.500,5288,0.007706127080181543,3.984587745839637,0.0,15.938350983358548,0.005393180236604036,0.007792704498733088,100000,comm,private,
<SOURCE_VECSTRAIGHT_REPO>/hetzner-results/phase3_vecstraight_clean_msgsource_learned_15seeds_hetzner_20260410/train/cond1_seed707_ep100000.pt,cond1,707,1,9001,greedy,none,none,none,none,f_value,1.500,5824,0.040436126373626376,4.080872252747253,0.0,16.32348901098901,0.02552024019049591,0.04041204437400951,100000,comm,private,
<SOURCE_VECSTRAIGHT_REPO>/hetzner-results/phase3_vecstraight_clean_msgsource_learned_15seeds_hetzner_20260410/train/cond1_seed707_ep100000.pt,cond1,707,1,9001,greedy,none,none,none,none,f_value,2.500,6298,0.4007224515719276,6.4043347094315655,0.006668783740870117,25.617338837726262,0.36867686768676866,0.3973711291982412,100000,comm,private,
<SOURCE_VECSTRAIGHT_REPO>/hetzner-results/phase3_vecstraight_clean_msgsource_learned_15seeds_hetzner_20260410/train/cond1_seed707_ep100000.pt,cond1,707,1,9001,greedy,none,none,none,none,f_value,3.500,6673,0.8082196912932714,12.082196912932714,0.3335830960587442,48.328787651730856,0.798782670963122,0.7948964249916471,100000,comm,private,
<SOURCE_VECSTRAIGHT_REPO>/hetzner-results/phase3_vecstraight_clean_msgsource_learned_15seeds_hetzner_20260410/train/cond1_seed707_ep100000.pt,cond1,707,1,9001,greedy,none,none,none,none,f_value,5.000,5917,0.8850768970762211,18.161230353219537,0.5778266013182356,72.64492141287815,0.8849359109945429,0.8682495344506518,100000,comm,private,
<SOURCE_VECSTRAIGHT_REPO>/hetzner-results/phase3_vecstraight_clean_msgsource_learned_15seeds_hetzner_20260410/train/cond1_seed707.pt,cond1,707,1,9001,greedy,none,none,none,none,regime,competitive,5288,0.0,4.0,0.0,16.0,,,150000,comm,private,
<SOURCE_VECSTRAIGHT_REPO>/hetzner-results/phase3_vecstraight_clean_msgsource_learned_15seeds_hetzner_20260410/train/cond1_seed707.pt,cond1,707,1,9001,greedy,none,none,none,none,regime,cooperative,5917,0.9295673483184046,18.873077573094474,0.7182693932736184,75.4923102923779,,,150000,comm,private,
<SOURCE_VECSTRAIGHT_REPO>/hetzner-results/phase3_vecstraight_clean_msgsource_learned_15seeds_hetzner_20260410/train/cond1_seed707.pt,cond1,707,1,9001,greedy,none,none,none,none,regime,mixed,18795,0.38781590848629954,7.571801010907156,0.19467943602021814,30.287204043628623,,,150000,comm,private,
<SOURCE_VECSTRAIGHT_REPO>/hetzner-results/phase3_vecstraight_clean_msgsource_learned_15seeds_hetzner_20260410/train/cond1_seed707.pt,cond1,707,1,9001,greedy,none,none,none,none,f_value,0.500,5288,0.0,4.0,0.0,16.0,0.0,0.0,150000,comm,private,
<SOURCE_VECSTRAIGHT_REPO>/hetzner-results/phase3_vecstraight_clean_msgsource_learned_15seeds_hetzner_20260410/train/cond1_seed707.pt,cond1,707,1,9001,greedy,none,none,none,none,f_value,1.500,5824,0.004206730769230769,4.008413461538462,0.0,16.033653846153847,0.004228329809725159,0.0038128249566724438,150000,comm,private,
<SOURCE_VECSTRAIGHT_REPO>/hetzner-results/phase3_vecstraight_clean_msgsource_learned_15seeds_hetzner_20260410/train/cond1_seed707.pt,cond1,707,1,9001,greedy,none,none,none,none,f_value,2.500,6298,0.22078437599237855,5.324706255954271,0.007303906001905367,21.298825023817084,0.23893317290820676,0.20284076750560678,150000,comm,private,
<SOURCE_VECSTRAIGHT_REPO>/hetzner-results/phase3_vecstraight_clean_msgsource_learned_15seeds_hetzner_20260410/train/cond1_seed707.pt,cond1,707,1,9001,greedy,none,none,none,none,f_value,3.500,6673,0.8802637494380339,12.802637494380338,0.5414356361456616,51.21054997752135,0.879405812044144,0.8386627025059159,150000,comm,private,
<SOURCE_VECSTRAIGHT_REPO>/hetzner-results/phase3_vecstraight_clean_msgsource_learned_15seeds_hetzner_20260410/train/cond1_seed707.pt,cond1,707,1,9001,greedy,none,none,none,none,f_value,5.000,5917,0.9295673483184046,18.873077573094474,0.7182693932736184,75.4923102923779,0.9295673483184046,0.8941452882905766,150000,comm,private,
<SOURCE_VECSTRAIGHT_REPO>/hetzner-results/phase3_vecstraight_clean_msgsource_learned_15seeds_hetzner_20260410/train/cond1_seed707_ep25000.pt,cond1,707,1,9001,greedy,none,none,none,none,regime,competitive,5288,0.0003309379727685325,3.999338124054463,0.0,15.997352496217852,,,25000,comm,private,
<SOURCE_VECSTRAIGHT_REPO>/hetzner-results/phase3_vecstraight_clean_msgsource_learned_15seeds_hetzner_20260410/train/cond1_seed707_ep25000.pt,cond1,707,1,9001,greedy,none,none,none,none,regime,cooperative,5917,0.5938397836741592,13.501436538786548,0.07672807165793477,54.00574615514619,,,25000,comm,private,
<SOURCE_VECSTRAIGHT_REPO>/hetzner-results/phase3_vecstraight_clean_msgsource_learned_15seeds_hetzner_20260410/train/cond1_seed707_ep25000.pt,cond1,707,1,9001,greedy,none,none,none,none,regime,mixed,18795,0.3223463687150838,6.7690343176376695,0.03176376695929769,27.076137270550678,,,25000,comm,private,
<SOURCE_VECSTRAIGHT_REPO>/hetzner-results/phase3_vecstraight_clean_msgsource_learned_15seeds_hetzner_20260410/train/cond1_seed707_ep25000.pt,cond1,707,1,9001,greedy,none,none,none,none,f_value,0.500,5288,0.0003309379727685325,3.999338124054463,0.0,15.997352496217852,0.0003360376362152561,0.0003776231321141501,25000,comm,private,
<SOURCE_VECSTRAIGHT_REPO>/hetzner-results/phase3_vecstraight_clean_msgsource_learned_15seeds_hetzner_20260410/train/cond1_seed707_ep25000.pt,cond1,707,1,9001,greedy,none,none,none,none,f_value,1.500,5824,0.04125171703296703,4.082503434065934,0.0,16.330013736263737,0.04188733750601829,0.039763259208182494,25000,comm,private,
<SOURCE_VECSTRAIGHT_REPO>/hetzner-results/phase3_vecstraight_clean_msgsource_learned_15seeds_hetzner_20260410/train/cond1_seed707_ep25000.pt,cond1,707,1,9001,greedy,none,none,none,none,f_value,2.500,6298,0.2627421403620197,5.5764528421721185,0.0,22.305811368688474,0.26415972251596803,0.25733151183970854,25000,comm,private,
<SOURCE_VECSTRAIGHT_REPO>/hetzner-results/phase3_vecstraight_clean_msgsource_learned_15seeds_hetzner_20260410/train/cond1_seed707_ep25000.pt,cond1,707,1,9001,greedy,none,none,none,none,f_value,3.500,6673,0.6239322643488686,10.239322643488686,0.08946500824216994,40.957290573954744,0.6203538139623359,0.6131072765609535,25000,comm,private,
<SOURCE_VECSTRAIGHT_REPO>/hetzner-results/phase3_vecstraight_clean_msgsource_learned_15seeds_hetzner_20260410/train/cond1_seed707_ep25000.pt,cond1,707,1,9001,greedy,none,none,none,none,f_value,5.000,5917,0.5938397836741592,13.501436538786548,0.07672807165793477,54.00574615514619,0.5938397836741592,0.618599501799059,25000,comm,private,
<SOURCE_VECSTRAIGHT_REPO>/hetzner-results/phase3_vecstraight_clean_msgsource_learned_15seeds_hetzner_20260410/train/cond1_seed707_ep50000.pt,cond1,707,1,9001,greedy,none,none,none,none,regime,competitive,5288,0.00529500756429652,3.989409984871407,0.0,15.957639939485627,,,50000,comm,private,
<SOURCE_VECSTRAIGHT_REPO>/hetzner-results/phase3_vecstraight_clean_msgsource_learned_15seeds_hetzner_20260410/train/cond1_seed707_ep50000.pt,cond1,707,1,9001,greedy,none,none,none,none,regime,cooperative,5917,0.7142132837586614,15.427412540138583,0.14044279195538278,61.70965016055433,,,50000,comm,private,
<SOURCE_VECSTRAIGHT_REPO>/hetzner-results/phase3_vecstraight_clean_msgsource_learned_15seeds_hetzner_20260410/train/cond1_seed707_ep50000.pt,cond1,707,1,9001,greedy,none,none,none,none,regime,mixed,18795,0.26960627826549616,6.357621707901037,0.012450119712689545,25.43048683160415,,,50000,comm,private,
<SOURCE_VECSTRAIGHT_REPO>/hetzner-results/phase3_vecstraight_clean_msgsource_learned_15seeds_hetzner_20260410/train/cond1_seed707_ep50000.pt,cond1,707,1,9001,greedy,none,none,none,none,f_value,0.500,5288,0.00529500756429652,3.989409984871407,0.0,15.957639939485627,0.007155289112357377,0.005455696819133908,50000,comm,private,
<SOURCE_VECSTRAIGHT_REPO>/hetzner-results/phase3_vecstraight_clean_msgsource_learned_15seeds_hetzner_20260410/train/cond1_seed707_ep50000.pt,cond1,707,1,9001,greedy,none,none,none,none,f_value,1.500,5824,0.02262190934065934,4.045243818681318,0.0,16.180975274725274,0.02599139434818002,0.02323083120719753,50000,comm,private,
<SOURCE_VECSTRAIGHT_REPO>/hetzner-results/phase3_vecstraight_clean_msgsource_learned_15seeds_hetzner_20260410/train/cond1_seed707_ep50000.pt,cond1,707,1,9001,greedy,none,none,none,none,f_value,2.500,6298,0.21066211495712925,5.263972689742776,0.0,21.055890758971103,0.19338313767342583,0.2141077750098335,50000,comm,private,
<SOURCE_VECSTRAIGHT_REPO>/hetzner-results/phase3_vecstraight_clean_msgsource_learned_15seeds_hetzner_20260410/train/cond1_seed707_ep50000.pt,cond1,707,1,9001,greedy,none,none,none,none,f_value,3.500,6673,0.5407987411958639,9.40798741195864,0.0350666866476847,37.63194964783456,0.4449809638777974,0.5393504531722054,50000,comm,private,
<SOURCE_VECSTRAIGHT_REPO>/hetzner-results/phase3_vecstraight_clean_msgsource_learned_15seeds_hetzner_20260410/train/cond1_seed707_ep50000.pt,cond1,707,1,9001,greedy,none,none,none,none,f_value,5.000,5917,0.7142132837586614,15.427412540138583,0.14044279195538278,61.70965016055433,0.701545725867522,0.7090126909012691,50000,comm,private,
<SOURCE_VECSTRAIGHT_REPO>/hetzner-results/phase3_vecstraight_clean_msgsource_learned_15seeds_hetzner_20260410/train/cond1_seed808_ep100000.pt,cond1,808,1,9001,greedy,none,none,none,none,regime,competitive,5288,0.00014183055975794251,3.999716338880484,0.0,15.998865355521936,,,100000,comm,private,
<SOURCE_VECSTRAIGHT_REPO>/hetzner-results/phase3_vecstraight_clean_msgsource_learned_15seeds_hetzner_20260410/train/cond1_seed808_ep100000.pt,cond1,808,1,9001,greedy,none,none,none,none,regime,cooperative,5917,0.5855163089403413,13.368260943045462,0.04732127767449721,53.473043772181846,,,100000,comm,private,
<SOURCE_VECSTRAIGHT_REPO>/hetzner-results/phase3_vecstraight_clean_msgsource_learned_15seeds_hetzner_20260410/train/cond1_seed808_ep100000.pt,cond1,808,1,9001,greedy,none,none,none,none,regime,mixed,18795,0.19942803937217346,5.84243149773876,0.00042564511838254855,23.36972599095504,,,100000,comm,private,
<SOURCE_VECSTRAIGHT_REPO>/hetzner-results/phase3_vecstraight_clean_msgsource_learned_15seeds_hetzner_20260410/train/cond1_seed808_ep100000.pt,cond1,808,1,9001,greedy,none,none,none,none,f_value,0.500,5288,0.00014183055975794251,3.999716338880484,0.0,15.998865355521936,0.0001486694087913177,0.000179168657429527,100000,comm,private,
<SOURCE_VECSTRAIGHT_REPO>/hetzner-results/phase3_vecstraight_clean_msgsource_learned_15seeds_hetzner_20260410/train/cond1_seed808_ep100000.pt,cond1,808,1,9001,greedy,none,none,none,none,f_value,1.500,5824,0.010559752747252748,4.0211195054945055,0.0,16.084478021978022,0.011309824835639741,0.011789248981176014,100000,comm,private,
<SOURCE_VECSTRAIGHT_REPO>/hetzner-results/phase3_vecstraight_clean_msgsource_learned_15seeds_hetzner_20260410/train/cond1_seed808_ep100000.pt,cond1,808,1,9001,greedy,none,none,none,none,f_value,2.500,6298,0.09375992378532867,4.562559542711972,0.0,18.250238170847886,0.10319562146892655,0.09796705222572731,100000,comm,private,
<SOURCE_VECSTRAIGHT_REPO>/hetzner-results/phase3_vecstraight_clean_msgsource_learned_15seeds_hetzner_20260410/train/cond1_seed808_ep100000.pt,cond1,808,1,9001,greedy,none,none,none,none,f_value,3.500,6673,0.46399670313202457,8.639967031320246,0.0011988610819721264,34.559868125280985,0.5172274017024726,0.46781419476538555,100000,comm,private,
<SOURCE_VECSTRAIGHT_REPO>/hetzner-results/phase3_vecstraight_clean_msgsource_learned_15seeds_hetzner_20260410/train/cond1_seed808_ep100000.pt,cond1,808,1,9001,greedy,none,none,none,none,f_value,5.000,5917,0.5855163089403413,13.368260943045462,0.04732127767449721,53.473043772181846,0.7215295095594347,0.5909750683060109,100000,comm,private,
<SOURCE_VECSTRAIGHT_REPO>/hetzner-results/phase3_vecstraight_clean_msgsource_learned_15seeds_hetzner_20260410/train/cond1_seed808.pt,cond1,808,1,9001,greedy,none,none,none,none,regime,competitive,5288,9.455370650529501e-05,3.9998108925869893,0.0,15.999243570347957,,,150000,comm,private,
<SOURCE_VECSTRAIGHT_REPO>/hetzner-results/phase3_vecstraight_clean_msgsource_learned_15seeds_hetzner_20260410/train/cond1_seed808.pt,cond1,808,1,9001,greedy,none,none,none,none,regime,cooperative,5917,0.8688524590163934,17.901639344262296,0.5448707115092107,71.60655737704919,,,150000,comm,private,
<SOURCE_VECSTRAIGHT_REPO>/hetzner-results/phase3_vecstraight_clean_msgsource_learned_15seeds_hetzner_20260410/train/cond1_seed808.pt,cond1,808,1,9001,greedy,none,none,none,none,regime,mixed,18795,0.28729715349827084,6.765070497472732,0.10353817504655494,27.060281989890928,,,150000,comm,private,
<SOURCE_VECSTRAIGHT_REPO>/hetzner-results/phase3_vecstraight_clean_msgsource_learned_15seeds_hetzner_20260410/train/cond1_seed808.pt,cond1,808,1,9001,greedy,none,none,none,none,f_value,0.500,5288,9.455370650529501e-05,3.9998108925869893,0.0,15.999243570347957,0.00013234515616728428,9.478223780863466e-05,150000,comm,private,
<SOURCE_VECSTRAIGHT_REPO>/hetzner-results/phase3_vecstraight_clean_msgsource_learned_15seeds_hetzner_20260410/train/cond1_seed808.pt,cond1,808,1,9001,greedy,none,none,none,none,f_value,1.500,5824,0.0033052884615384615,4.006610576923077,0.0,16.026442307692307,0.003385061766386776,0.0026608505997818975,150000,comm,private,
<SOURCE_VECSTRAIGHT_REPO>/hetzner-results/phase3_vecstraight_clean_msgsource_learned_15seeds_hetzner_20260410/train/cond1_seed808.pt,cond1,808,1,9001,greedy,none,none,none,none,f_value,2.500,6298,0.07438869482375357,4.446332168942521,0.0014290250873293109,17.785328675770085,0.07278879104671843,0.064440734557596,150000,comm,private,
<SOURCE_VECSTRAIGHT_REPO>/hetzner-results/phase3_vecstraight_clean_msgsource_learned_15seeds_hetzner_20260410/train/cond1_seed808.pt,cond1,808,1,9001,greedy,none,none,none,none,f_value,3.500,6673,0.7361007043308857,11.361007043308856,0.29027423947250114,45.444028173235424,0.7701720074218946,0.7368379818238796,150000,comm,private,
<SOURCE_VECSTRAIGHT_REPO>/hetzner-results/phase3_vecstraight_clean_msgsource_learned_15seeds_hetzner_20260410/train/cond1_seed808.pt,cond1,808,1,9001,greedy,none,none,none,none,f_value,5.000,5917,0.8688524590163934,17.901639344262296,0.5448707115092107,71.60655737704919,0.8831162222674537,0.8944882633542719,150000,comm,private,
<SOURCE_VECSTRAIGHT_REPO>/hetzner-results/phase3_vecstraight_clean_msgsource_learned_15seeds_hetzner_20260410/train/cond1_seed808_ep25000.pt,cond1,808,1,9001,greedy,none,none,none,none,regime,competitive,5288,0.022078290468986385,3.955843419062027,0.0,15.823373676248108,,,25000,comm,private,
<SOURCE_VECSTRAIGHT_REPO>/hetzner-results/phase3_vecstraight_clean_msgsource_learned_15seeds_hetzner_20260410/train/cond1_seed808_ep25000.pt,cond1,808,1,9001,greedy,none,none,none,none,regime,cooperative,5917,0.9022308602332263,18.43569376373162,0.6788913300659117,73.74277505492648,,,25000,comm,private,
<SOURCE_VECSTRAIGHT_REPO>/hetzner-results/phase3_vecstraight_clean_msgsource_learned_15seeds_hetzner_20260410/train/cond1_seed808_ep25000.pt,cond1,808,1,9001,greedy,none,none,none,none,regime,mixed,18795,0.4016759776536313,7.32657621707901,0.07672253258845438,29.30630486831604,,,25000,comm,private,
<SOURCE_VECSTRAIGHT_REPO>/hetzner-results/phase3_vecstraight_clean_msgsource_learned_15seeds_hetzner_20260410/train/cond1_seed808_ep25000.pt,cond1,808,1,9001,greedy,none,none,none,none,f_value,0.500,5288,0.022078290468986385,3.955843419062027,0.0,15.823373676248108,0.01641503698449691,0.025987062235110416,25000,comm,private,
<SOURCE_VECSTRAIGHT_REPO>/hetzner-results/phase3_vecstraight_clean_msgsource_learned_15seeds_hetzner_20260410/train/cond1_seed808_ep25000.pt,cond1,808,1,9001,greedy,none,none,none,none,f_value,1.500,5824,0.0926768543956044,4.185353708791209,0.0,16.741414835164836,0.0749185667752443,0.1060359694506036,25000,comm,private,
<SOURCE_VECSTRAIGHT_REPO>/hetzner-results/phase3_vecstraight_clean_msgsource_learned_15seeds_hetzner_20260410/train/cond1_seed808_ep25000.pt,cond1,808,1,9001,greedy,none,none,none,none,f_value,2.500,6298,0.34352175293744047,6.061130517624643,0.0007939028262940616,24.244522070498572,0.2706855161376367,0.36123048121516405,25000,comm,private,
<SOURCE_VECSTRAIGHT_REPO>/hetzner-results/phase3_vecstraight_clean_msgsource_learned_15seeds_hetzner_20260410/train/cond1_seed808_ep25000.pt,cond1,808,1,9001,greedy,none,none,none,none,f_value,3.500,6673,0.7262475648134272,11.262475648134272,0.2153454218492432,45.04990259253709,0.5701772826010791,0.7277656450033888,25000,comm,private,
<SOURCE_VECSTRAIGHT_REPO>/hetzner-results/phase3_vecstraight_clean_msgsource_learned_15seeds_hetzner_20260410/train/cond1_seed808_ep25000.pt,cond1,808,1,9001,greedy,none,none,none,none,f_value,5.000,5917,0.9022308602332263,18.43569376373162,0.6788913300659117,73.74277505492648,0.8912860606660399,0.9181085721833311,25000,comm,private,
<SOURCE_VECSTRAIGHT_REPO>/hetzner-results/phase3_vecstraight_clean_msgsource_learned_15seeds_hetzner_20260410/train/cond1_seed808_ep50000.pt,cond1,808,1,9001,greedy,none,none,none,none,regime,competitive,5288,0.0016074130105900152,3.99678517397882,0.0,15.98714069591528,,,50000,comm,private,
<SOURCE_VECSTRAIGHT_REPO>/hetzner-results/phase3_vecstraight_clean_msgsource_learned_15seeds_hetzner_20260410/train/cond1_seed808_ep50000.pt,cond1,808,1,9001,greedy,none,none,none,none,regime,cooperative,5917,0.8384316376542167,17.414906202467467,0.4710157174243705,69.65962480986987,,,50000,comm,private,
<SOURCE_VECSTRAIGHT_REPO>/hetzner-results/phase3_vecstraight_clean_msgsource_learned_15seeds_hetzner_20260410/train/cond1_seed808_ep50000.pt,cond1,808,1,9001,greedy,none,none,none,none,regime,mixed,18795,0.2743947858472998,6.514737962223996,0.047299813780260706,26.058951848895983,,,50000,comm,private,
<SOURCE_VECSTRAIGHT_REPO>/hetzner-results/phase3_vecstraight_clean_msgsource_learned_15seeds_hetzner_20260410/train/cond1_seed808_ep50000.pt,cond1,808,1,9001,greedy,none,none,none,none,f_value,0.500,5288,0.0016074130105900152,3.99678517397882,0.0,15.98714069591528,0.0017238677323303557,0.0014392059553349876,50000,comm,private,
<SOURCE_VECSTRAIGHT_REPO>/hetzner-results/phase3_vecstraight_clean_msgsource_learned_15seeds_hetzner_20260410/train/cond1_seed808_ep50000.pt,cond1,808,1,9001,greedy,none,none,none,none,f_value,1.500,5824,0.013006524725274726,4.026013049450549,0.0,16.104052197802197,0.015622356325080368,0.012457481114988735,50000,comm,private,
<SOURCE_VECSTRAIGHT_REPO>/hetzner-results/phase3_vecstraight_clean_msgsource_learned_15seeds_hetzner_20260410/train/cond1_seed808_ep50000.pt,cond1,808,1,9001,greedy,none,none,none,none,f_value,2.500,6298,0.1469514131470308,4.881708478882185,0.0006351222610352493,19.52683391552874,0.16021965205559335,0.1479145644130508,50000,comm,private,
<SOURCE_VECSTRAIGHT_REPO>/hetzner-results/phase3_vecstraight_clean_msgsource_learned_15seeds_hetzner_20260410/train/cond1_seed808_ep50000.pt,cond1,808,1,9001,greedy,none,none,none,none,f_value,3.500,6673,0.6228083320845197,10.228083320845197,0.1326240071931665,40.91233328338079,0.6204045551453382,0.6283253007475997,50000,comm,private,
<SOURCE_VECSTRAIGHT_REPO>/hetzner-results/phase3_vecstraight_clean_msgsource_learned_15seeds_hetzner_20260410/train/cond1_seed808_ep50000.pt,cond1,808,1,9001,greedy,none,none,none,none,f_value,5.000,5917,0.8384316376542167,17.414906202467467,0.4710157174243705,69.65962480986987,0.8042878369772872,0.8414566066904281,50000,comm,private,
<SOURCE_VECSTRAIGHT_REPO>/hetzner-results/phase3_vecstraight_clean_msgsource_learned_15seeds_hetzner_20260410/train/cond1_seed909_ep100000.pt,cond1,909,1,9001,greedy,none,none,none,none,regime,competitive,5288,0.041745461422087744,3.9165090771558244,0.0,15.666036308623298,,,100000,comm,private,
<SOURCE_VECSTRAIGHT_REPO>/hetzner-results/phase3_vecstraight_clean_msgsource_learned_15seeds_hetzner_20260410/train/cond1_seed909_ep100000.pt,cond1,909,1,9001,greedy,none,none,none,none,regime,cooperative,5917,0.9934510731789759,19.895217170863614,0.9738042927159033,79.58086868345445,,,100000,comm,private,
<SOURCE_VECSTRAIGHT_REPO>/hetzner-results/phase3_vecstraight_clean_msgsource_learned_15seeds_hetzner_20260410/train/cond1_seed909_ep100000.pt,cond1,909,1,9001,greedy,none,none,none,none,regime,mixed,18795,0.6469140728917265,8.996727853152434,0.43229582335727584,35.986911412609736,,,100000,comm,private,
<SOURCE_VECSTRAIGHT_REPO>/hetzner-results/phase3_vecstraight_clean_msgsource_learned_15seeds_hetzner_20260410/train/cond1_seed909_ep100000.pt,cond1,909,1,9001,greedy,none,none,none,none,f_value,0.500,5288,0.041745461422087744,3.9165090771558244,0.0,15.666036308623298,0.04236790083880964,0.043605371388930184,100000,comm,private,
<SOURCE_VECSTRAIGHT_REPO>/hetzner-results/phase3_vecstraight_clean_msgsource_learned_15seeds_hetzner_20260410/train/cond1_seed909_ep100000.pt,cond1,909,1,9001,greedy,none,none,none,none,f_value,1.500,5824,0.21385645604395603,4.427712912087912,0.005666208791208791,17.71085164835165,0.21039970392302,0.2226073293590277,100000,comm,private,
<SOURCE_VECSTRAIGHT_REPO>/hetzner-results/phase3_vecstraight_clean_msgsource_learned_15seeds_hetzner_20260410/train/cond1_seed909_ep100000.pt,cond1,909,1,9001,greedy,none,none,none,none,f_value,2.500,6298,0.7030009526833916,8.218005716100349,0.3335979676087647,32.872022864401394,0.6943440625262627,0.7046153846153846,100000,comm,private,
<SOURCE_VECSTRAIGHT_REPO>/hetzner-results/phase3_vecstraight_clean_msgsource_learned_15seeds_hetzner_20260410/train/cond1_seed909_ep100000.pt,cond1,909,1,9001,greedy,none,none,none,none,f_value,3.500,6673,0.9719391578000899,13.719391578000899,0.8977970927618762,54.877566312003594,0.9901067770756156,0.9717035834396381,100000,comm,private,
<SOURCE_VECSTRAIGHT_REPO>/hetzner-results/phase3_vecstraight_clean_msgsource_learned_15seeds_hetzner_20260410/train/cond1_seed909_ep100000.pt,cond1,909,1,9001,greedy,none,none,none,none,f_value,5.000,5917,0.9934510731789759,19.895217170863614,0.9738042927159033,79.58086868345445,1.0,0.992513885534895,100000,comm,private,
<SOURCE_VECSTRAIGHT_REPO>/hetzner-results/phase3_vecstraight_clean_msgsource_learned_15seeds_hetzner_20260410/train/cond1_seed909.pt,cond1,909,1,9001,greedy,none,none,none,none,regime,competitive,5288,0.009928139183055976,3.980143721633888,0.0,15.920574886535553,,,150000,comm,private,
<SOURCE_VECSTRAIGHT_REPO>/hetzner-results/phase3_vecstraight_clean_msgsource_learned_15seeds_hetzner_20260410/train/cond1_seed909.pt,cond1,909,1,9001,greedy,none,none,none,none,regime,cooperative,5917,0.9645090417441271,19.432144667906034,0.8580361669765084,77.72857867162413,,,150000,comm,private,
<SOURCE_VECSTRAIGHT_REPO>/hetzner-results/phase3_vecstraight_clean_msgsource_learned_15seeds_hetzner_20260410/train/cond1_seed909.pt,cond1,909,1,9001,greedy,none,none,none,none,regime,mixed,18795,0.538999733971801,8.333705772811918,0.19366852886405958,33.33482309124767,,,150000,comm,private,
<SOURCE_VECSTRAIGHT_REPO>/hetzner-results/phase3_vecstraight_clean_msgsource_learned_15seeds_hetzner_20260410/train/cond1_seed909.pt,cond1,909,1,9001,greedy,none,none,none,none,f_value,0.500,5288,0.009928139183055976,3.980143721633888,0.0,15.920574886535553,0.009931100023758613,0.009539489613093796,150000,comm,private,
<SOURCE_VECSTRAIGHT_REPO>/hetzner-results/phase3_vecstraight_clean_msgsource_learned_15seeds_hetzner_20260410/train/cond1_seed909.pt,cond1,909,1,9001,greedy,none,none,none,none,f_value,1.500,5824,0.07387534340659341,4.147750686813187,0.0005151098901098901,16.591002747252748,0.0656377835626627,0.07201450651929885,150000,comm,private,
<SOURCE_VECSTRAIGHT_REPO>/hetzner-results/phase3_vecstraight_clean_msgsource_learned_15seeds_hetzner_20260410/train/cond1_seed909.pt,cond1,909,1,9001,greedy,none,none,none,none,f_value,2.500,6298,0.6514369641155923,7.908621784693554,0.1276595744680851,31.634487138774215,0.6644811214108072,0.6453345940602571,150000,comm,private,
<SOURCE_VECSTRAIGHT_REPO>/hetzner-results/phase3_vecstraight_clean_msgsource_learned_15seeds_hetzner_20260410/train/cond1_seed909.pt,cond1,909,1,9001,greedy,none,none,none,none,f_value,3.500,6673,0.8388281132923723,12.388281132923723,0.4245466806533793,49.55312453169489,0.8792046907375568,0.8560874704491725,150000,comm,private,
<SOURCE_VECSTRAIGHT_REPO>/hetzner-results/phase3_vecstraight_clean_msgsource_learned_15seeds_hetzner_20260410/train/cond1_seed909.pt,cond1,909,1,9001,greedy,none,none,none,none,f_value,5.000,5917,0.9645090417441271,19.432144667906034,0.8580361669765084,77.72857867162413,0.966351418616227,0.963620614984842,150000,comm,private,
<SOURCE_VECSTRAIGHT_REPO>/hetzner-results/phase3_vecstraight_clean_msgsource_learned_15seeds_hetzner_20260410/train/cond1_seed909_ep25000.pt,cond1,909,1,9001,greedy,none,none,none,none,regime,competitive,5288,0.004254916792738275,3.9914901664145233,0.0,15.965960665658093,,,25000,comm,private,
<SOURCE_VECSTRAIGHT_REPO>/hetzner-results/phase3_vecstraight_clean_msgsource_learned_15seeds_hetzner_20260410/train/cond1_seed909_ep25000.pt,cond1,909,1,9001,greedy,none,none,none,none,regime,cooperative,5917,0.7804208213621768,16.48673314179483,0.1602163258407977,65.94693256717932,,,25000,comm,private,
<SOURCE_VECSTRAIGHT_REPO>/hetzner-results/phase3_vecstraight_clean_msgsource_learned_15seeds_hetzner_20260410/train/cond1_seed909_ep25000.pt,cond1,909,1,9001,greedy,none,none,none,none,regime,mixed,18795,0.4288640595903166,7.518010109071562,0.0910880553338654,30.072040436286247,,,25000,comm,private,
<SOURCE_VECSTRAIGHT_REPO>/hetzner-results/phase3_vecstraight_clean_msgsource_learned_15seeds_hetzner_20260410/train/cond1_seed909_ep25000.pt,cond1,909,1,9001,greedy,none,none,none,none,f_value,0.500,5288,0.004254916792738275,3.9914901664145233,0.0,15.965960665658093,0.0023297954957287085,0.004450818456060531,25000,comm,private,
<SOURCE_VECSTRAIGHT_REPO>/hetzner-results/phase3_vecstraight_clean_msgsource_learned_15seeds_hetzner_20260410/train/cond1_seed909_ep25000.pt,cond1,909,1,9001,greedy,none,none,none,none,f_value,1.500,5824,0.0987293956043956,4.197458791208791,0.0,16.789835164835164,0.10925009516558812,0.1001050972149238,25000,comm,private,
<SOURCE_VECSTRAIGHT_REPO>/hetzner-results/phase3_vecstraight_clean_msgsource_learned_15seeds_hetzner_20260410/train/cond1_seed909_ep25000.pt,cond1,909,1,9001,greedy,none,none,none,none,f_value,2.500,6298,0.39234677675452523,6.354080660527152,0.007145125436646554,25.416322642108607,0.3764333940628014,0.40453949871085,25000,comm,private,
<SOURCE_VECSTRAIGHT_REPO>/hetzner-results/phase3_vecstraight_clean_msgsource_learned_15seeds_hetzner_20260410/train/cond1_seed909_ep25000.pt,cond1,909,1,9001,greedy,none,none,none,none,f_value,3.500,6673,0.7514611119436535,11.514611119436536,0.24981267795594186,46.05844447774614,0.7445077618392612,0.7734432989690722,25000,comm,private,
<SOURCE_VECSTRAIGHT_REPO>/hetzner-results/phase3_vecstraight_clean_msgsource_learned_15seeds_hetzner_20260410/train/cond1_seed909_ep25000.pt,cond1,909,1,9001,greedy,none,none,none,none,f_value,5.000,5917,0.7804208213621768,16.48673314179483,0.1602163258407977,65.94693256717932,0.7283040568799666,0.78062327750689,25000,comm,private,
<SOURCE_VECSTRAIGHT_REPO>/hetzner-results/phase3_vecstraight_clean_msgsource_learned_15seeds_hetzner_20260410/train/cond1_seed909_ep50000.pt,cond1,909,1,9001,greedy,none,none,none,none,regime,competitive,5288,0.0028838880484114977,3.994232223903177,0.0,15.976928895612708,,,50000,comm,private,
<SOURCE_VECSTRAIGHT_REPO>/hetzner-results/phase3_vecstraight_clean_msgsource_learned_15seeds_hetzner_20260410/train/cond1_seed909_ep50000.pt,cond1,909,1,9001,greedy,none,none,none,none,regime,cooperative,5917,0.7322122697312827,15.715396315700524,0.2528308264323137,62.861585262802095,,,50000,comm,private,
<SOURCE_VECSTRAIGHT_REPO>/hetzner-results/phase3_vecstraight_clean_msgsource_learned_15seeds_hetzner_20260410/train/cond1_seed909_ep50000.pt,cond1,909,1,9001,greedy,none,none,none,none,regime,mixed,18795,0.24977387603085927,6.188720404362862,0.02314445331205108,24.75488161745145,,,50000,comm,private,
<SOURCE_VECSTRAIGHT_REPO>/hetzner-results/phase3_vecstraight_clean_msgsource_learned_15seeds_hetzner_20260410/train/cond1_seed909_ep50000.pt,cond1,909,1,9001,greedy,none,none,none,none,f_value,0.500,5288,0.0028838880484114977,3.994232223903177,0.0,15.976928895612708,0.0022322674256375916,0.002941034665638108,50000,comm,private,
<SOURCE_VECSTRAIGHT_REPO>/hetzner-results/phase3_vecstraight_clean_msgsource_learned_15seeds_hetzner_20260410/train/cond1_seed909_ep50000.pt,cond1,909,1,9001,greedy,none,none,none,none,f_value,1.500,5824,0.02489697802197802,4.049793956043956,0.0,16.199175824175825,0.02590896077870026,0.02650916193842433,50000,comm,private,
<SOURCE_VECSTRAIGHT_REPO>/hetzner-results/phase3_vecstraight_clean_msgsource_learned_15seeds_hetzner_20260410/train/cond1_seed909_ep50000.pt,cond1,909,1,9001,greedy,none,none,none,none,f_value,2.500,6298,0.1845030168307399,5.1070181009844395,0.0,20.428072403937758,0.19598013493253374,0.1920075465225967,50000,comm,private,
<SOURCE_VECSTRAIGHT_REPO>/hetzner-results/phase3_vecstraight_clean_msgsource_learned_15seeds_hetzner_20260410/train/cond1_seed909_ep50000.pt,cond1,909,1,9001,greedy,none,none,none,none,f_value,3.500,6673,0.5076427393975723,9.076427393975724,0.06518807133223438,36.305709575902895,0.562125553529565,0.4923630192338775,50000,comm,private,
<SOURCE_VECSTRAIGHT_REPO>/hetzner-results/phase3_vecstraight_clean_msgsource_learned_15seeds_hetzner_20260410/train/cond1_seed909_ep50000.pt,cond1,909,1,9001,greedy,none,none,none,none,f_value,5.000,5917,0.7322122697312827,15.715396315700524,0.2528308264323137,62.861585262802095,0.7354701761834006,0.6388041011191986,50000,comm,private,
<SOURCE_VECSTRAIGHT_REPO>/hetzner-results/phase3_vecstraight_comm_history_factorial_without_comm_full_history_15seeds_hetzner_20260330par24/train/cond2_seed101_ep100000.pt,cond2,101,0,9001,greedy,none,none,none,none,regime,competitive,5309,0.0008476172537200979,3.9983047654925596,0.0,15.993219061970239,,,100000,baseline,private,
<SOURCE_VECSTRAIGHT_REPO>/hetzner-results/phase3_vecstraight_comm_history_factorial_without_comm_full_history_15seeds_hetzner_20260330par24/train/cond2_seed101_ep100000.pt,cond2,101,0,9001,greedy,none,none,none,none,regime,cooperative,6363,0.5293100738645293,12.46896118183247,0.2182932578972183,49.87584472732988,,,100000,baseline,private,
<SOURCE_VECSTRAIGHT_REPO>/hetzner-results/phase3_vecstraight_comm_history_factorial_without_comm_full_history_15seeds_hetzner_20260330par24/train/cond2_seed101_ep100000.pt,cond2,101,0,9001,greedy,none,none,none,none,regime,mixed,18328,0.12962407245744217,5.255865342645133,0.0011457878655608904,21.02346137058053,,,100000,baseline,private,
<SOURCE_VECSTRAIGHT_REPO>/hetzner-results/phase3_vecstraight_comm_history_factorial_without_comm_full_history_15seeds_hetzner_20260330par24/train/cond2_seed101_ep100000.pt,cond2,101,0,9001,greedy,none,none,none,none,f_value,0.500,5309,0.0008476172537200979,3.9983047654925596,0.0,15.993219061970239,,,100000,baseline,private,
<SOURCE_VECSTRAIGHT_REPO>/hetzner-results/phase3_vecstraight_comm_history_factorial_without_comm_full_history_15seeds_hetzner_20260330par24/train/cond2_seed101_ep100000.pt,cond2,101,0,9001,greedy,none,none,none,none,f_value,1.500,5852,0.0008971291866028708,4.001794258373206,0.0,16.007177033492823,,,100000,baseline,private,
<SOURCE_VECSTRAIGHT_REPO>/hetzner-results/phase3_vecstraight_comm_history_factorial_without_comm_full_history_15seeds_hetzner_20260330par24/train/cond2_seed101_ep100000.pt,cond2,101,0,9001,greedy,none,none,none,none,f_value,2.500,6044,0.02887160820648577,4.173229649238914,0.0,16.692918596955657,,,100000,baseline,private,
<SOURCE_VECSTRAIGHT_REPO>/hetzner-results/phase3_vecstraight_comm_history_factorial_without_comm_full_history_15seeds_hetzner_20260330par24/train/cond2_seed101_ep100000.pt,cond2,101,0,9001,greedy,none,none,none,none,f_value,3.500,6432,0.3414179104477612,7.414179104477612,0.0032649253731343282,29.65671641791045,,,100000,baseline,private,
<SOURCE_VECSTRAIGHT_REPO>/hetzner-results/phase3_vecstraight_comm_history_factorial_without_comm_full_history_15seeds_hetzner_20260330par24/train/cond2_seed101_ep100000.pt,cond2,101,0,9001,greedy,none,none,none,none,f_value,5.000,6363,0.5293100738645293,12.46896118183247,0.2182932578972183,49.87584472732988,,,100000,baseline,private,
<SOURCE_VECSTRAIGHT_REPO>/hetzner-results/phase3_vecstraight_comm_history_factorial_without_comm_full_history_15seeds_hetzner_20260330par24/train/cond2_seed101.pt,cond2,101,0,9001,greedy,none,none,none,none,regime,competitive,5309,0.000141269542286683,3.9997174609154267,0.0,15.998869843661707,,,150000,baseline,private,
<SOURCE_VECSTRAIGHT_REPO>/hetzner-results/phase3_vecstraight_comm_history_factorial_without_comm_full_history_15seeds_hetzner_20260330par24/train/cond2_seed101.pt,cond2,101,0,9001,greedy,none,none,none,none,regime,cooperative,6363,0.5566949552098067,12.907119283356908,0.10121012101210121,51.62847713342763,,,150000,baseline,private,
<SOURCE_VECSTRAIGHT_REPO>/hetzner-results/phase3_vecstraight_comm_history_factorial_without_comm_full_history_15seeds_hetzner_20260330par24/train/cond2_seed101.pt,cond2,101,0,9001,greedy,none,none,none,none,regime,mixed,18328,0.14616979484941073,5.434690091663029,0.0036010475774770844,21.738760366652116,,,150000,baseline,private,
<SOURCE_VECSTRAIGHT_REPO>/hetzner-results/phase3_vecstraight_comm_history_factorial_without_comm_full_history_15seeds_hetzner_20260330par24/train/cond2_seed101.pt,cond2,101,0,9001,greedy,none,none,none,none,f_value,0.500,5309,0.000141269542286683,3.9997174609154267,0.0,15.998869843661707,,,150000,baseline,private,
<SOURCE_VECSTRAIGHT_REPO>/hetzner-results/phase3_vecstraight_comm_history_factorial_without_comm_full_history_15seeds_hetzner_20260330par24/train/cond2_seed101.pt,cond2,101,0,9001,greedy,none,none,none,none,f_value,1.500,5852,0.00098257006151743,4.001965140123035,0.0,16.00786056049214,,,150000,baseline,private,
<SOURCE_VECSTRAIGHT_REPO>/hetzner-results/phase3_vecstraight_comm_history_factorial_without_comm_full_history_15seeds_hetzner_20260330par24/train/cond2_seed101.pt,cond2,101,0,9001,greedy,none,none,none,none,f_value,2.500,6044,0.018572137657180673,4.111432825943084,0.0,16.445731303772337,,,150000,baseline,private,
<SOURCE_VECSTRAIGHT_REPO>/hetzner-results/phase3_vecstraight_comm_history_factorial_without_comm_full_history_15seeds_hetzner_20260330par24/train/cond2_seed101.pt,cond2,101,0,9001,greedy,none,none,none,none,f_value,3.500,6432,0.39816542288557216,7.981654228855722,0.010261194029850746,31.926616915422887,,,150000,baseline,private,
<SOURCE_VECSTRAIGHT_REPO>/hetzner-results/phase3_vecstraight_comm_history_factorial_without_comm_full_history_15seeds_hetzner_20260330par24/train/cond2_seed101.pt,cond2,101,0,9001,greedy,none,none,none,none,f_value,5.000,6363,0.5566949552098067,12.907119283356908,0.10121012101210121,51.62847713342763,,,150000,baseline,private,
<SOURCE_VECSTRAIGHT_REPO>/hetzner-results/phase3_vecstraight_comm_history_factorial_without_comm_full_history_15seeds_hetzner_20260330par24/train/cond2_seed101_ep25000.pt,cond2,101,0,9001,greedy,none,none,none,none,regime,competitive,5309,0.024439630815596157,3.951120738368808,0.0,15.804482953475231,,,25000,baseline,private,
<SOURCE_VECSTRAIGHT_REPO>/hetzner-results/phase3_vecstraight_comm_history_factorial_without_comm_full_history_15seeds_hetzner_20260330par24/train/cond2_seed101_ep25000.pt,cond2,101,0,9001,greedy,none,none,none,none,regime,cooperative,6363,0.49827125569699826,11.972340091151972,0.0,47.88936036460789,,,25000,baseline,private,
<SOURCE_VECSTRAIGHT_REPO>/hetzner-results/phase3_vecstraight_comm_history_factorial_without_comm_full_history_15seeds_hetzner_20260330par24/train/cond2_seed101_ep25000.pt,cond2,101,0,9001,greedy,none,none,none,none,regime,mixed,18328,0.33040975556525537,6.809280881711043,0.0,27.237123526844172,,,25000,baseline,private,
<SOURCE_VECSTRAIGHT_REPO>/hetzner-results/phase3_vecstraight_comm_history_factorial_without_comm_full_history_15seeds_hetzner_20260330par24/train/cond2_seed101_ep25000.pt,cond2,101,0,9001,greedy,none,none,none,none,f_value,0.500,5309,0.024439630815596157,3.951120738368808,0.0,15.804482953475231,,,25000,baseline,private,
<SOURCE_VECSTRAIGHT_REPO>/hetzner-results/phase3_vecstraight_comm_history_factorial_without_comm_full_history_15seeds_hetzner_20260330par24/train/cond2_seed101_ep25000.pt,cond2,101,0,9001,greedy,none,none,none,none,f_value,1.500,5852,0.018113465481886533,4.036226930963773,0.0,16.14490772385509,,,25000,baseline,private,
<SOURCE_VECSTRAIGHT_REPO>/hetzner-results/phase3_vecstraight_comm_history_factorial_without_comm_full_history_15seeds_hetzner_20260330par24/train/cond2_seed101_ep25000.pt,cond2,101,0,9001,greedy,none,none,none,none,f_value,2.500,6044,0.34004798146922566,6.040287888815354,0.0,24.161151555261416,,,25000,baseline,private,
<SOURCE_VECSTRAIGHT_REPO>/hetzner-results/phase3_vecstraight_comm_history_factorial_without_comm_full_history_15seeds_hetzner_20260330par24/train/cond2_seed101_ep25000.pt,cond2,101,0,9001,greedy,none,none,none,none,f_value,3.500,6432,0.605488184079602,10.05488184079602,0.0,40.21952736318408,,,25000,baseline,private,
<SOURCE_VECSTRAIGHT_REPO>/hetzner-results/phase3_vecstraight_comm_history_factorial_without_comm_full_history_15seeds_hetzner_20260330par24/train/cond2_seed101_ep25000.pt,cond2,101,0,9001,greedy,none,none,none,none,f_value,5.000,6363,0.49827125569699826,11.972340091151972,0.0,47.88936036460789,,,25000,baseline,private,
<SOURCE_VECSTRAIGHT_REPO>/hetzner-results/phase3_vecstraight_comm_history_factorial_without_comm_full_history_15seeds_hetzner_20260330par24/train/cond2_seed101_ep50000.pt,cond2,101,0,9001,greedy,none,none,none,none,regime,competitive,5309,4.708984742889433e-05,3.999905820305142,0.0,15.999623281220568,,,50000,baseline,private,
<SOURCE_VECSTRAIGHT_REPO>/hetzner-results/phase3_vecstraight_comm_history_factorial_without_comm_full_history_15seeds_hetzner_20260330par24/train/cond2_seed101_ep50000.pt,cond2,101,0,9001,greedy,none,none,none,none,regime,cooperative,6363,0.1471004243281471,6.353606789250354,0.0,25.414427157001416,,,50000,baseline,private,
<SOURCE_VECSTRAIGHT_REPO>/hetzner-results/phase3_vecstraight_comm_history_factorial_without_comm_full_history_15seeds_hetzner_20260330par24/train/cond2_seed101_ep50000.pt,cond2,101,0,9001,greedy,none,none,none,none,regime,mixed,18328,0.11385584897424705,4.927187909209952,0.0,19.708751636839807,,,50000,baseline,private,
<SOURCE_VECSTRAIGHT_REPO>/hetzner-results/phase3_vecstraight_comm_history_factorial_without_comm_full_history_15seeds_hetzner_20260330par24/train/cond2_seed101_ep50000.pt,cond2,101,0,9001,greedy,none,none,none,none,f_value,0.500,5309,4.708984742889433e-05,3.999905820305142,0.0,15.999623281220568,,,50000,baseline,private,
<SOURCE_VECSTRAIGHT_REPO>/hetzner-results/phase3_vecstraight_comm_history_factorial_without_comm_full_history_15seeds_hetzner_20260330par24/train/cond2_seed101_ep50000.pt,cond2,101,0,9001,greedy,none,none,none,none,f_value,1.500,5852,0.01666097060833903,4.033321941216678,0.0,16.13328776486671,,,50000,baseline,private,
<SOURCE_VECSTRAIGHT_REPO>/hetzner-results/phase3_vecstraight_comm_history_factorial_without_comm_full_history_15seeds_hetzner_20260330par24/train/cond2_seed101_ep50000.pt,cond2,101,0,9001,greedy,none,none,none,none,f_value,2.500,6044,0.1279781601588352,4.767868960953011,0.0,19.071475843812046,,,50000,baseline,private,
<SOURCE_VECSTRAIGHT_REPO>/hetzner-results/phase3_vecstraight_comm_history_factorial_without_comm_full_history_15seeds_hetzner_20260330par24/train/cond2_seed101_ep50000.pt,cond2,101,0,9001,greedy,none,none,none,none,f_value,3.500,6432,0.18901585820895522,5.890158582089552,0.0,23.56063432835821,,,50000,baseline,private,
<SOURCE_VECSTRAIGHT_REPO>/hetzner-results/phase3_vecstraight_comm_history_factorial_without_comm_full_history_15seeds_hetzner_20260330par24/train/cond2_seed101_ep50000.pt,cond2,101,0,9001,greedy,none,none,none,none,f_value,5.000,6363,0.1471004243281471,6.353606789250354,0.0,25.414427157001416,,,50000,baseline,private,
<SOURCE_VECSTRAIGHT_REPO>/hetzner-results/phase3_vecstraight_comm_history_factorial_without_comm_full_history_15seeds_hetzner_20260330par24/train/cond2_seed1111_ep100000.pt,cond2,1111,0,9001,greedy,none,none,none,none,regime,competitive,5309,0.0029666603880203427,3.9940666792239594,0.0,15.976266716895838,,,100000,baseline,private,
<SOURCE_VECSTRAIGHT_REPO>/hetzner-results/phase3_vecstraight_comm_history_factorial_without_comm_full_history_15seeds_hetzner_20260330par24/train/cond2_seed1111_ep100000.pt,cond2,1111,0,9001,greedy,none,none,none,none,regime,cooperative,6363,0.6850542197076851,14.960867515322962,0.29671538582429674,59.843470061291846,,,100000,baseline,private,
<SOURCE_VECSTRAIGHT_REPO>/hetzner-results/phase3_vecstraight_comm_history_factorial_without_comm_full_history_15seeds_hetzner_20260330par24/train/cond2_seed1111_ep100000.pt,cond2,1111,0,9001,greedy,none,none,none,none,regime,mixed,18328,0.21757693147097337,6.060317546922741,0.016422959406372763,24.241270187690965,,,100000,baseline,private,
<SOURCE_VECSTRAIGHT_REPO>/hetzner-results/phase3_vecstraight_comm_history_factorial_without_comm_full_history_15seeds_hetzner_20260330par24/train/cond2_seed1111_ep100000.pt,cond2,1111,0,9001,greedy,none,none,none,none,f_value,0.500,5309,0.0029666603880203427,3.9940666792239594,0.0,15.976266716895838,,,100000,baseline,private,
<SOURCE_VECSTRAIGHT_REPO>/hetzner-results/phase3_vecstraight_comm_history_factorial_without_comm_full_history_15seeds_hetzner_20260330par24/train/cond2_seed1111_ep100000.pt,cond2,1111,0,9001,greedy,none,none,none,none,f_value,1.500,5852,0.0029904306220095694,4.005980861244019,0.0,16.023923444976077,,,100000,baseline,private,
<SOURCE_VECSTRAIGHT_REPO>/hetzner-results/phase3_vecstraight_comm_history_factorial_without_comm_full_history_15seeds_hetzner_20260330par24/train/cond2_seed1111_ep100000.pt,cond2,1111,0,9001,greedy,none,none,none,none,f_value,2.500,6044,0.08173395102581073,4.490403706154864,0.0,17.961614824619456,,,100000,baseline,private,
<SOURCE_VECSTRAIGHT_REPO>/hetzner-results/phase3_vecstraight_comm_history_factorial_without_comm_full_history_15seeds_hetzner_20260330par24/train/cond2_seed1111_ep100000.pt,cond2,1111,0,9001,greedy,none,none,none,none,f_value,3.500,6432,0.5404617537313433,9.404617537313433,0.04679726368159204,37.61847014925373,,,100000,baseline,private,
<SOURCE_VECSTRAIGHT_REPO>/hetzner-results/phase3_vecstraight_comm_history_factorial_without_comm_full_history_15seeds_hetzner_20260330par24/train/cond2_seed1111_ep100000.pt,cond2,1111,0,9001,greedy,none,none,none,none,f_value,5.000,6363,0.6850542197076851,14.960867515322962,0.29671538582429674,59.843470061291846,,,100000,baseline,private,
<SOURCE_VECSTRAIGHT_REPO>/hetzner-results/phase3_vecstraight_comm_history_factorial_without_comm_full_history_15seeds_hetzner_20260330par24/train/cond2_seed1111.pt,cond2,1111,0,9001,greedy,none,none,none,none,regime,competitive,5309,4.708984742889433e-05,3.999905820305142,0.0,15.999623281220568,,,150000,baseline,private,
<SOURCE_VECSTRAIGHT_REPO>/hetzner-results/phase3_vecstraight_comm_history_factorial_without_comm_full_history_15seeds_hetzner_20260330par24/train/cond2_seed1111.pt,cond2,1111,0,9001,greedy,none,none,none,none,regime,cooperative,6363,0.5988527424170988,13.581643878673582,0.0297029702970297,54.326575514694326,,,150000,baseline,private,
<SOURCE_VECSTRAIGHT_REPO>/hetzner-results/phase3_vecstraight_comm_history_factorial_without_comm_full_history_15seeds_hetzner_20260330par24/train/cond2_seed1111.pt,cond2,1111,0,9001,greedy,none,none,none,none,regime,mixed,18328,0.007338498472282846,4.072402880838062,0.0,16.28961152335225,,,150000,baseline,private,
<SOURCE_VECSTRAIGHT_REPO>/hetzner-results/phase3_vecstraight_comm_history_factorial_without_comm_full_history_15seeds_hetzner_20260330par24/train/cond2_seed1111.pt,cond2,1111,0,9001,greedy,none,none,none,none,f_value,0.500,5309,4.708984742889433e-05,3.999905820305142,0.0,15.999623281220568,,,150000,baseline,private,
<SOURCE_VECSTRAIGHT_REPO>/hetzner-results/phase3_vecstraight_comm_history_factorial_without_comm_full_history_15seeds_hetzner_20260330par24/train/cond2_seed1111.pt,cond2,1111,0,9001,greedy,none,none,none,none,f_value,1.500,5852,4.2720437457279566e-05,4.000085440874915,0.0,16.00034176349966,,,150000,baseline,private,
<SOURCE_VECSTRAIGHT_REPO>/hetzner-results/phase3_vecstraight_comm_history_factorial_without_comm_full_history_15seeds_hetzner_20260330par24/train/cond2_seed1111.pt,cond2,1111,0,9001,greedy,none,none,none,none,f_value,2.500,6044,0.0006618133686300463,4.003970880211781,0.0,16.015883520847122,,,150000,baseline,private,
<SOURCE_VECSTRAIGHT_REPO>/hetzner-results/phase3_vecstraight_comm_history_factorial_without_comm_full_history_15seeds_hetzner_20260330par24/train/cond2_seed1111.pt,cond2,1111,0,9001,greedy,none,none,none,none,f_value,3.500,6432,0.02025031094527363,4.202503109452737,0.0,16.810012437810947,,,150000,baseline,private,
<SOURCE_VECSTRAIGHT_REPO>/hetzner-results/phase3_vecstraight_comm_history_factorial_without_comm_full_history_15seeds_hetzner_20260330par24/train/cond2_seed1111.pt,cond2,1111,0,9001,greedy,none,none,none,none,f_value,5.000,6363,0.5988527424170988,13.581643878673582,0.0297029702970297,54.326575514694326,,,150000,baseline,private,
<SOURCE_VECSTRAIGHT_REPO>/hetzner-results/phase3_vecstraight_comm_history_factorial_without_comm_full_history_15seeds_hetzner_20260330par24/train/cond2_seed1111_ep25000.pt,cond2,1111,0,9001,greedy,none,none,none,none,regime,competitive,5309,0.002307402524015822,3.9953851949519685,0.0,15.981540779807874,,,25000,baseline,private,
<SOURCE_VECSTRAIGHT_REPO>/hetzner-results/phase3_vecstraight_comm_history_factorial_without_comm_full_history_15seeds_hetzner_20260330par24/train/cond2_seed1111_ep25000.pt,cond2,1111,0,9001,greedy,none,none,none,none,regime,cooperative,6363,0.5673817381738174,13.078107810781079,0.10482476819110483,52.312431243124315,,,25000,baseline,private,
<SOURCE_VECSTRAIGHT_REPO>/hetzner-results/phase3_vecstraight_comm_history_factorial_without_comm_full_history_15seeds_hetzner_20260330par24/train/cond2_seed1111_ep25000.pt,cond2,1111,0,9001,greedy,none,none,none,none,regime,mixed,18328,0.07639949803579223,4.723565037101702,0.0,18.894260148406808,,,25000,baseline,private,
<SOURCE_VECSTRAIGHT_REPO>/hetzner-results/phase3_vecstraight_comm_history_factorial_without_comm_full_history_15seeds_hetzner_20260330par24/train/cond2_seed1111_ep25000.pt,cond2,1111,0,9001,greedy,none,none,none,none,f_value,0.500,5309,0.002307402524015822,3.9953851949519685,0.0,15.981540779807874,,,25000,baseline,private,
<SOURCE_VECSTRAIGHT_REPO>/hetzner-results/phase3_vecstraight_comm_history_factorial_without_comm_full_history_15seeds_hetzner_20260330par24/train/cond2_seed1111_ep25000.pt,cond2,1111,0,9001,greedy,none,none,none,none,f_value,1.500,5852,0.0023923444976076554,4.0047846889952154,0.0,16.019138755980862,,,25000,baseline,private,
<SOURCE_VECSTRAIGHT_REPO>/hetzner-results/phase3_vecstraight_comm_history_factorial_without_comm_full_history_15seeds_hetzner_20260330par24/train/cond2_seed1111_ep25000.pt,cond2,1111,0,9001,greedy,none,none,none,none,f_value,2.500,6044,0.026017538054268697,4.156105228325612,0.0,16.624420913302448,,,25000,baseline,private,
<SOURCE_VECSTRAIGHT_REPO>/hetzner-results/phase3_vecstraight_comm_history_factorial_without_comm_full_history_15seeds_hetzner_20260330par24/train/cond2_seed1111_ep25000.pt,cond2,1111,0,9001,greedy,none,none,none,none,f_value,3.500,6432,0.19107587064676618,5.910758706467662,0.0,23.643034825870647,,,25000,baseline,private,
<SOURCE_VECSTRAIGHT_REPO>/hetzner-results/phase3_vecstraight_comm_history_factorial_without_comm_full_history_15seeds_hetzner_20260330par24/train/cond2_seed1111_ep25000.pt,cond2,1111,0,9001,greedy,none,none,none,none,f_value,5.000,6363,0.5673817381738174,13.078107810781079,0.10482476819110483,52.312431243124315,,,25000,baseline,private,
<SOURCE_VECSTRAIGHT_REPO>/hetzner-results/phase3_vecstraight_comm_history_factorial_without_comm_full_history_15seeds_hetzner_20260330par24/train/cond2_seed1111_ep50000.pt,cond2,1111,0,9001,greedy,none,none,none,none,regime,competitive,5309,0.015068751177246186,3.9698624976455075,0.0,15.87944999058203,,,50000,baseline,private,
<SOURCE_VECSTRAIGHT_REPO>/hetzner-results/phase3_vecstraight_comm_history_factorial_without_comm_full_history_15seeds_hetzner_20260330par24/train/cond2_seed1111_ep50000.pt,cond2,1111,0,9001,greedy,none,none,none,none,regime,cooperative,6363,0.7784849913562785,16.455759861700457,0.39588244538739586,65.82303944680183,,,50000,baseline,private,
<SOURCE_VECSTRAIGHT_REPO>/hetzner-results/phase3_vecstraight_comm_history_factorial_without_comm_full_history_15seeds_hetzner_20260330par24/train/cond2_seed1111_ep50000.pt,cond2,1111,0,9001,greedy,none,none,none,none,regime,mixed,18328,0.05512058053251855,4.537019860323003,0.00032736796158882583,18.148079441292012,,,50000,baseline,private,
<SOURCE_VECSTRAIGHT_REPO>/hetzner-results/phase3_vecstraight_comm_history_factorial_without_comm_full_history_15seeds_hetzner_20260330par24/train/cond2_seed1111_ep50000.pt,cond2,1111,0,9001,greedy,none,none,none,none,f_value,0.500,5309,0.015068751177246186,3.9698624976455075,0.0,15.87944999058203,,,50000,baseline,private,
<SOURCE_VECSTRAIGHT_REPO>/hetzner-results/phase3_vecstraight_comm_history_factorial_without_comm_full_history_15seeds_hetzner_20260330par24/train/cond2_seed1111_ep50000.pt,cond2,1111,0,9001,greedy,none,none,none,none,f_value,1.500,5852,0.0011107313738892687,4.002221462747778,0.0,16.008885850991113,,,50000,baseline,private,
<SOURCE_VECSTRAIGHT_REPO>/hetzner-results/phase3_vecstraight_comm_history_factorial_without_comm_full_history_15seeds_hetzner_20260330par24/train/cond2_seed1111_ep50000.pt,cond2,1111,0,9001,greedy,none,none,none,none,f_value,2.500,6044,0.008603573792190603,4.051621442753143,0.0,16.206485771012574,,,50000,baseline,private,
<SOURCE_VECSTRAIGHT_REPO>/hetzner-results/phase3_vecstraight_comm_history_factorial_without_comm_full_history_15seeds_hetzner_20260330par24/train/cond2_seed1111_ep50000.pt,cond2,1111,0,9001,greedy,none,none,none,none,f_value,3.500,6432,0.14797108208955223,5.479710820895522,0.0009328358208955224,21.91884328358209,,,50000,baseline,private,
<SOURCE_VECSTRAIGHT_REPO>/hetzner-results/phase3_vecstraight_comm_history_factorial_without_comm_full_history_15seeds_hetzner_20260330par24/train/cond2_seed1111_ep50000.pt,cond2,1111,0,9001,greedy,none,none,none,none,f_value,5.000,6363,0.7784849913562785,16.455759861700457,0.39588244538739586,65.82303944680183,,,50000,baseline,private,
<SOURCE_VECSTRAIGHT_REPO>/hetzner-results/phase3_vecstraight_comm_history_factorial_without_comm_full_history_15seeds_hetzner_20260330par24/train/cond2_seed1212_ep100000.pt,cond2,1212,0,9001,greedy,none,none,none,none,regime,competitive,5309,0.000282539084573366,3.9994349218308534,0.0,15.997739687323413,,,100000,baseline,private,
<SOURCE_VECSTRAIGHT_REPO>/hetzner-results/phase3_vecstraight_comm_history_factorial_without_comm_full_history_15seeds_hetzner_20260330par24/train/cond2_seed1212_ep100000.pt,cond2,1212,0,9001,greedy,none,none,none,none,regime,cooperative,6363,0.27424170988527424,8.387867358164387,0.0,33.55146943265755,,,100000,baseline,private,
<SOURCE_VECSTRAIGHT_REPO>/hetzner-results/phase3_vecstraight_comm_history_factorial_without_comm_full_history_15seeds_hetzner_20260330par24/train/cond2_seed1212_ep100000.pt,cond2,1212,0,9001,greedy,none,none,none,none,regime,mixed,18328,0.024798123090353556,4.245471409864688,0.0,16.981885639458753,,,100000,baseline,private,
<SOURCE_VECSTRAIGHT_REPO>/hetzner-results/phase3_vecstraight_comm_history_factorial_without_comm_full_history_15seeds_hetzner_20260330par24/train/cond2_seed1212_ep100000.pt,cond2,1212,0,9001,greedy,none,none,none,none,f_value,0.500,5309,0.000282539084573366,3.9994349218308534,0.0,15.997739687323413,,,100000,baseline,private,
<SOURCE_VECSTRAIGHT_REPO>/hetzner-results/phase3_vecstraight_comm_history_factorial_without_comm_full_history_15seeds_hetzner_20260330par24/train/cond2_seed1212_ep100000.pt,cond2,1212,0,9001,greedy,none,none,none,none,f_value,1.500,5852,0.0002990430622009569,4.000598086124402,0.0,16.002392344497608,,,100000,baseline,private,
<SOURCE_VECSTRAIGHT_REPO>/hetzner-results/phase3_vecstraight_comm_history_factorial_without_comm_full_history_15seeds_hetzner_20260330par24/train/cond2_seed1212_ep100000.pt,cond2,1212,0,9001,greedy,none,none,none,none,f_value,2.500,6044,0.0013236267372600927,4.00794176042356,0.0,16.03176704169424,,,100000,baseline,private,
<SOURCE_VECSTRAIGHT_REPO>/hetzner-results/phase3_vecstraight_comm_history_factorial_without_comm_full_history_15seeds_hetzner_20260330par24/train/cond2_seed1212_ep100000.pt,cond2,1212,0,9001,greedy,none,none,none,none,f_value,3.500,6432,0.06914645522388059,4.691464552238806,0.0,18.765858208955223,,,100000,baseline,private,
<SOURCE_VECSTRAIGHT_REPO>/hetzner-results/phase3_vecstraight_comm_history_factorial_without_comm_full_history_15seeds_hetzner_20260330par24/train/cond2_seed1212_ep100000.pt,cond2,1212,0,9001,greedy,none,none,none,none,f_value,5.000,6363,0.27424170988527424,8.387867358164387,0.0,33.55146943265755,,,100000,baseline,private,
<SOURCE_VECSTRAIGHT_REPO>/hetzner-results/phase3_vecstraight_comm_history_factorial_without_comm_full_history_15seeds_hetzner_20260330par24/train/cond2_seed1212.pt,cond2,1212,0,9001,greedy,none,none,none,none,regime,competitive,5309,0.007675645130909776,3.9846487097381806,0.0,15.938594838952723,,,150000,baseline,private,
<SOURCE_VECSTRAIGHT_REPO>/hetzner-results/phase3_vecstraight_comm_history_factorial_without_comm_full_history_15seeds_hetzner_20260330par24/train/cond2_seed1212.pt,cond2,1212,0,9001,greedy,none,none,none,none,regime,cooperative,6363,0.411991199119912,10.591859185918592,0.016187333019016186,42.36743674367437,,,150000,baseline,private,
<SOURCE_VECSTRAIGHT_REPO>/hetzner-results/phase3_vecstraight_comm_history_factorial_without_comm_full_history_15seeds_hetzner_20260330par24/train/cond2_seed1212.pt,cond2,1212,0,9001,greedy,none,none,none,none,regime,mixed,18328,0.326835988651244,7.00946639022261,0.1278371890004365,28.03786556089044,,,150000,baseline,private,
<SOURCE_VECSTRAIGHT_REPO>/hetzner-results/phase3_vecstraight_comm_history_factorial_without_comm_full_history_15seeds_hetzner_20260330par24/train/cond2_seed1212.pt,cond2,1212,0,9001,greedy,none,none,none,none,f_value,0.500,5309,0.007675645130909776,3.9846487097381806,0.0,15.938594838952723,,,150000,baseline,private,
<SOURCE_VECSTRAIGHT_REPO>/hetzner-results/phase3_vecstraight_comm_history_factorial_without_comm_full_history_15seeds_hetzner_20260330par24/train/cond2_seed1212.pt,cond2,1212,0,9001,greedy,none,none,none,none,f_value,1.500,5852,0.01768626110731374,4.035372522214628,0.00017088174982911826,16.14149008885851,,,150000,baseline,private,
<SOURCE_VECSTRAIGHT_REPO>/hetzner-results/phase3_vecstraight_comm_history_factorial_without_comm_full_history_15seeds_hetzner_20260330par24/train/cond2_seed1212.pt,cond2,1212,0,9001,greedy,none,none,none,none,f_value,2.500,6044,0.1620201853077432,4.97212111184646,0.051952349437458634,19.88848444738584,,,150000,baseline,private,
<SOURCE_VECSTRAIGHT_REPO>/hetzner-results/phase3_vecstraight_comm_history_factorial_without_comm_full_history_15seeds_hetzner_20260330par24/train/cond2_seed1212.pt,cond2,1212,0,9001,greedy,none,none,none,none,f_value,3.500,6432,0.7629819651741293,11.629819651741293,0.31529850746268656,46.51927860696517,,,150000,baseline,private,
<SOURCE_VECSTRAIGHT_REPO>/hetzner-results/phase3_vecstraight_comm_history_factorial_without_comm_full_history_15seeds_hetzner_20260330par24/train/cond2_seed1212.pt,cond2,1212,0,9001,greedy,none,none,none,none,f_value,5.000,6363,0.411991199119912,10.591859185918592,0.016187333019016186,42.36743674367437,,,150000,baseline,private,
<SOURCE_VECSTRAIGHT_REPO>/hetzner-results/phase3_vecstraight_comm_history_factorial_without_comm_full_history_15seeds_hetzner_20260330par24/train/cond2_seed1212_ep25000.pt,cond2,1212,0,9001,greedy,none,none,none,none,regime,competitive,5309,0.01803541156526653,3.963929176869467,0.0,15.855716707477868,,,25000,baseline,private,
<SOURCE_VECSTRAIGHT_REPO>/hetzner-results/phase3_vecstraight_comm_history_factorial_without_comm_full_history_15seeds_hetzner_20260330par24/train/cond2_seed1212_ep25000.pt,cond2,1212,0,9001,greedy,none,none,none,none,regime,cooperative,6363,0.5038896746817539,12.062234794908063,0.0034574886060034574,48.24893917963225,,,25000,baseline,private,
<SOURCE_VECSTRAIGHT_REPO>/hetzner-results/phase3_vecstraight_comm_history_factorial_without_comm_full_history_15seeds_hetzner_20260330par24/train/cond2_seed1212_ep25000.pt,cond2,1212,0,9001,greedy,none,none,none,none,regime,mixed,18328,0.19935344827586207,5.874645351374945,0.003491924923614142,23.49858140549978,,,25000,baseline,private,
<SOURCE_VECSTRAIGHT_REPO>/hetzner-results/phase3_vecstraight_comm_history_factorial_without_comm_full_history_15seeds_hetzner_20260330par24/train/cond2_seed1212_ep25000.pt,cond2,1212,0,9001,greedy,none,none,none,none,f_value,0.500,5309,0.01803541156526653,3.963929176869467,0.0,15.855716707477868,,,25000,baseline,private,
<SOURCE_VECSTRAIGHT_REPO>/hetzner-results/phase3_vecstraight_comm_history_factorial_without_comm_full_history_15seeds_hetzner_20260330par24/train/cond2_seed1212_ep25000.pt,cond2,1212,0,9001,greedy,none,none,none,none,f_value,1.500,5852,0.0014952153110047847,4.00299043062201,0.0,16.01196172248804,,,25000,baseline,private,
<SOURCE_VECSTRAIGHT_REPO>/hetzner-results/phase3_vecstraight_comm_history_factorial_without_comm_full_history_15seeds_hetzner_20260330par24/train/cond2_seed1212_ep25000.pt,cond2,1212,0,9001,greedy,none,none,none,none,f_value,2.500,6044,0.08723527465254798,4.523411647915288,0.0,18.09364659166115,,,25000,baseline,private,
<SOURCE_VECSTRAIGHT_REPO>/hetzner-results/phase3_vecstraight_comm_history_factorial_without_comm_full_history_15seeds_hetzner_20260330par24/train/cond2_seed1212_ep25000.pt,cond2,1212,0,9001,greedy,none,none,none,none,f_value,3.500,6432,0.4847248134328358,8.847248134328359,0.009950248756218905,35.388992537313435,,,25000,baseline,private,
<SOURCE_VECSTRAIGHT_REPO>/hetzner-results/phase3_vecstraight_comm_history_factorial_without_comm_full_history_15seeds_hetzner_20260330par24/train/cond2_seed1212_ep25000.pt,cond2,1212,0,9001,greedy,none,none,none,none,f_value,5.000,6363,0.5038896746817539,12.062234794908063,0.0034574886060034574,48.24893917963225,,,25000,baseline,private,
<SOURCE_VECSTRAIGHT_REPO>/hetzner-results/phase3_vecstraight_comm_history_factorial_without_comm_full_history_15seeds_hetzner_20260330par24/train/cond2_seed1212_ep50000.pt,cond2,1212,0,9001,greedy,none,none,none,none,regime,competitive,5309,0.01097193445093238,3.978056131098135,0.0,15.91222452439254,,,50000,baseline,private,
<SOURCE_VECSTRAIGHT_REPO>/hetzner-results/phase3_vecstraight_comm_history_factorial_without_comm_full_history_15seeds_hetzner_20260330par24/train/cond2_seed1212_ep50000.pt,cond2,1212,0,9001,greedy,none,none,none,none,regime,cooperative,6363,0.6441144114411441,14.305830583058306,0.09963853528209964,57.223322332233224,,,50000,baseline,private,
<SOURCE_VECSTRAIGHT_REPO>/hetzner-results/phase3_vecstraight_comm_history_factorial_without_comm_full_history_15seeds_hetzner_20260330par24/train/cond2_seed1212_ep50000.pt,cond2,1212,0,9001,greedy,none,none,none,none,regime,mixed,18328,0.3699257965953732,7.095591444783937,0.007365779135748581,28.38236577913575,,,50000,baseline,private,
<SOURCE_VECSTRAIGHT_REPO>/hetzner-results/phase3_vecstraight_comm_history_factorial_without_comm_full_history_15seeds_hetzner_20260330par24/train/cond2_seed1212_ep50000.pt,cond2,1212,0,9001,greedy,none,none,none,none,f_value,0.500,5309,0.01097193445093238,3.978056131098135,0.0,15.91222452439254,,,50000,baseline,private,
<SOURCE_VECSTRAIGHT_REPO>/hetzner-results/phase3_vecstraight_comm_history_factorial_without_comm_full_history_15seeds_hetzner_20260330par24/train/cond2_seed1212_ep50000.pt,cond2,1212,0,9001,greedy,none,none,none,none,f_value,1.500,5852,0.027811004784688995,4.055622009569378,0.0,16.22248803827751,,,50000,baseline,private,
<SOURCE_VECSTRAIGHT_REPO>/hetzner-results/phase3_vecstraight_comm_history_factorial_without_comm_full_history_15seeds_hetzner_20260330par24/train/cond2_seed1212_ep50000.pt,cond2,1212,0,9001,greedy,none,none,none,none,f_value,2.500,6044,0.40378888153540704,6.4227332892124425,0.01042356055592323,25.69093315684977,,,50000,baseline,private,
<SOURCE_VECSTRAIGHT_REPO>/hetzner-results/phase3_vecstraight_comm_history_factorial_without_comm_full_history_15seeds_hetzner_20260330par24/train/cond2_seed1212_ep50000.pt,cond2,1212,0,9001,greedy,none,none,none,none,f_value,3.500,6432,0.6493703358208955,10.493703358208956,0.011194029850746268,41.97481343283582,,,50000,baseline,private,
<SOURCE_VECSTRAIGHT_REPO>/hetzner-results/phase3_vecstraight_comm_history_factorial_without_comm_full_history_15seeds_hetzner_20260330par24/train/cond2_seed1212_ep50000.pt,cond2,1212,0,9001,greedy,none,none,none,none,f_value,5.000,6363,0.6441144114411441,14.305830583058306,0.09963853528209964,57.223322332233224,,,50000,baseline,private,
<SOURCE_VECSTRAIGHT_REPO>/hetzner-results/phase3_vecstraight_comm_history_factorial_without_comm_full_history_15seeds_hetzner_20260330par24/train/cond2_seed1313_ep100000.pt,cond2,1313,0,9001,greedy,none,none,none,none,regime,competitive,5309,0.0033433791674514976,3.993313241665097,0.00037671877943115466,15.973252966660388,,,100000,baseline,private,
<SOURCE_VECSTRAIGHT_REPO>/hetzner-results/phase3_vecstraight_comm_history_factorial_without_comm_full_history_15seeds_hetzner_20260330par24/train/cond2_seed1313_ep100000.pt,cond2,1313,0,9001,greedy,none,none,none,none,regime,cooperative,6363,0.4947351878044947,11.915763004871916,0.08125098224108125,47.663052019487665,,,100000,baseline,private,
<SOURCE_VECSTRAIGHT_REPO>/hetzner-results/phase3_vecstraight_comm_history_factorial_without_comm_full_history_15seeds_hetzner_20260330par24/train/cond2_seed1313_ep100000.pt,cond2,1313,0,9001,greedy,none,none,none,none,regime,mixed,18328,0.3346246180707115,6.739033173286774,0.015495416848537757,26.956132693147097,,,100000,baseline,private,
<SOURCE_VECSTRAIGHT_REPO>/hetzner-results/phase3_vecstraight_comm_history_factorial_without_comm_full_history_15seeds_hetzner_20260330par24/train/cond2_seed1313_ep100000.pt,cond2,1313,0,9001,greedy,none,none,none,none,f_value,0.500,5309,0.0033433791674514976,3.993313241665097,0.00037671877943115466,15.973252966660388,,,100000,baseline,private,
<SOURCE_VECSTRAIGHT_REPO>/hetzner-results/phase3_vecstraight_comm_history_factorial_without_comm_full_history_15seeds_hetzner_20260330par24/train/cond2_seed1313_ep100000.pt,cond2,1313,0,9001,greedy,none,none,none,none,f_value,1.500,5852,0.022983595352016405,4.045967190704033,0.004784688995215311,16.183868762816132,,,100000,baseline,private,
<SOURCE_VECSTRAIGHT_REPO>/hetzner-results/phase3_vecstraight_comm_history_factorial_without_comm_full_history_15seeds_hetzner_20260330par24/train/cond2_seed1313_ep100000.pt,cond2,1313,0,9001,greedy,none,none,none,none,f_value,2.500,6044,0.41582561217736597,6.494953673064196,0.03557246856386499,25.979814692256785,,,100000,baseline,private,
<SOURCE_VECSTRAIGHT_REPO>/hetzner-results/phase3_vecstraight_comm_history_factorial_without_comm_full_history_15seeds_hetzner_20260330par24/train/cond2_seed1313_ep100000.pt,cond2,1313,0,9001,greedy,none,none,none,none,f_value,3.500,6432,0.5418610074626866,9.418610074626866,0.006374378109452736,37.67444029850746,,,100000,baseline,private,
<SOURCE_VECSTRAIGHT_REPO>/hetzner-results/phase3_vecstraight_comm_history_factorial_without_comm_full_history_15seeds_hetzner_20260330par24/train/cond2_seed1313_ep100000.pt,cond2,1313,0,9001,greedy,none,none,none,none,f_value,5.000,6363,0.4947351878044947,11.915763004871916,0.08125098224108125,47.663052019487665,,,100000,baseline,private,
<SOURCE_VECSTRAIGHT_REPO>/hetzner-results/phase3_vecstraight_comm_history_factorial_without_comm_full_history_15seeds_hetzner_20260330par24/train/cond2_seed1313.pt,cond2,1313,0,9001,greedy,none,none,none,none,regime,competitive,5309,9.417969485778867e-05,3.9998116406102846,0.0,15.999246562441138,,,150000,baseline,private,
<SOURCE_VECSTRAIGHT_REPO>/hetzner-results/phase3_vecstraight_comm_history_factorial_without_comm_full_history_15seeds_hetzner_20260330par24/train/cond2_seed1313.pt,cond2,1313,0,9001,greedy,none,none,none,none,regime,cooperative,6363,0.5663602074493164,13.061763319189062,0.2002200220022002,52.24705327675625,,,150000,baseline,private,
<SOURCE_VECSTRAIGHT_REPO>/hetzner-results/phase3_vecstraight_comm_history_factorial_without_comm_full_history_15seeds_hetzner_20260330par24/train/cond2_seed1313.pt,cond2,1313,0,9001,greedy,none,none,none,none,regime,mixed,18328,0.17950676560453951,5.693201658664338,0.008293321693583587,22.772806634657353,,,150000,baseline,private,
<SOURCE_VECSTRAIGHT_REPO>/hetzner-results/phase3_vecstraight_comm_history_factorial_without_comm_full_history_15seeds_hetzner_20260330par24/train/cond2_seed1313.pt,cond2,1313,0,9001,greedy,none,none,none,none,f_value,0.500,5309,9.417969485778867e-05,3.9998116406102846,0.0,15.999246562441138,,,150000,baseline,private,
<SOURCE_VECSTRAIGHT_REPO>/hetzner-results/phase3_vecstraight_comm_history_factorial_without_comm_full_history_15seeds_hetzner_20260330par24/train/cond2_seed1313.pt,cond2,1313,0,9001,greedy,none,none,none,none,f_value,1.500,5852,0.0023923444976076554,4.0047846889952154,0.0,16.019138755980862,,,150000,baseline,private,
<SOURCE_VECSTRAIGHT_REPO>/hetzner-results/phase3_vecstraight_comm_history_factorial_without_comm_full_history_15seeds_hetzner_20260330par24/train/cond2_seed1313.pt,cond2,1313,0,9001,greedy,none,none,none,none,f_value,2.500,6044,0.07259265387160821,4.435555923229649,0.00033090668431502316,17.742223692918596,,,150000,baseline,private,
<SOURCE_VECSTRAIGHT_REPO>/hetzner-results/phase3_vecstraight_comm_history_factorial_without_comm_full_history_15seeds_hetzner_20260330par24/train/cond2_seed1313.pt,cond2,1313,0,9001,greedy,none,none,none,none,f_value,3.500,6432,0.44111473880597013,8.411147388059701,0.02332089552238806,33.644589552238806,,,150000,baseline,private,
<SOURCE_VECSTRAIGHT_REPO>/hetzner-results/phase3_vecstraight_comm_history_factorial_without_comm_full_history_15seeds_hetzner_20260330par24/train/cond2_seed1313.pt,cond2,1313,0,9001,greedy,none,none,none,none,f_value,5.000,6363,0.5663602074493164,13.061763319189062,0.2002200220022002,52.24705327675625,,,150000,baseline,private,
<SOURCE_VECSTRAIGHT_REPO>/hetzner-results/phase3_vecstraight_comm_history_factorial_without_comm_full_history_15seeds_hetzner_20260330par24/train/cond2_seed1313_ep25000.pt,cond2,1313,0,9001,greedy,none,none,none,none,regime,competitive,5309,0.006074590318327368,3.987850819363345,0.0,15.95140327745338,,,25000,baseline,private,
<SOURCE_VECSTRAIGHT_REPO>/hetzner-results/phase3_vecstraight_comm_history_factorial_without_comm_full_history_15seeds_hetzner_20260330par24/train/cond2_seed1313_ep25000.pt,cond2,1313,0,9001,greedy,none,none,none,none,regime,cooperative,6363,0.64006757818639,14.24108125098224,0.1206977840641207,56.96432500392896,,,25000,baseline,private,
<SOURCE_VECSTRAIGHT_REPO>/hetzner-results/phase3_vecstraight_comm_history_factorial_without_comm_full_history_15seeds_hetzner_20260330par24/train/cond2_seed1313_ep25000.pt,cond2,1313,0,9001,greedy,none,none,none,none,regime,mixed,18328,0.12244925796595373,5.163874945438673,0.0007092972501091227,20.655499781754692,,,25000,baseline,private,
<SOURCE_VECSTRAIGHT_REPO>/hetzner-results/phase3_vecstraight_comm_history_factorial_without_comm_full_history_15seeds_hetzner_20260330par24/train/cond2_seed1313_ep25000.pt,cond2,1313,0,9001,greedy,none,none,none,none,f_value,0.500,5309,0.006074590318327368,3.987850819363345,0.0,15.95140327745338,,,25000,baseline,private,
<SOURCE_VECSTRAIGHT_REPO>/hetzner-results/phase3_vecstraight_comm_history_factorial_without_comm_full_history_15seeds_hetzner_20260330par24/train/cond2_seed1313_ep25000.pt,cond2,1313,0,9001,greedy,none,none,none,none,f_value,1.500,5852,0.0006408065618591935,4.0012816131237186,0.0,16.005126452494874,,,25000,baseline,private,
<SOURCE_VECSTRAIGHT_REPO>/hetzner-results/phase3_vecstraight_comm_history_factorial_without_comm_full_history_15seeds_hetzner_20260330par24/train/cond2_seed1313_ep25000.pt,cond2,1313,0,9001,greedy,none,none,none,none,f_value,2.500,6044,0.044713765718067504,4.268282594308405,0.0,17.07313037723362,,,25000,baseline,private,
<SOURCE_VECSTRAIGHT_REPO>/hetzner-results/phase3_vecstraight_comm_history_factorial_without_comm_full_history_15seeds_hetzner_20260330par24/train/cond2_seed1313_ep25000.pt,cond2,1313,0,9001,greedy,none,none,none,none,f_value,3.500,6432,0.30631996268656714,7.063199626865671,0.002021144278606965,28.252798507462686,,,25000,baseline,private,
<SOURCE_VECSTRAIGHT_REPO>/hetzner-results/phase3_vecstraight_comm_history_factorial_without_comm_full_history_15seeds_hetzner_20260330par24/train/cond2_seed1313_ep25000.pt,cond2,1313,0,9001,greedy,none,none,none,none,f_value,5.000,6363,0.64006757818639,14.24108125098224,0.1206977840641207,56.96432500392896,,,25000,baseline,private,
<SOURCE_VECSTRAIGHT_REPO>/hetzner-results/phase3_vecstraight_comm_history_factorial_without_comm_full_history_15seeds_hetzner_20260330par24/train/cond2_seed1313_ep50000.pt,cond2,1313,0,9001,greedy,none,none,none,none,regime,competitive,5309,0.03277453381051045,3.934450932378979,0.0,15.737803729515916,,,50000,baseline,private,
<SOURCE_VECSTRAIGHT_REPO>/hetzner-results/phase3_vecstraight_comm_history_factorial_without_comm_full_history_15seeds_hetzner_20260330par24/train/cond2_seed1313_ep50000.pt,cond2,1313,0,9001,greedy,none,none,none,none,regime,cooperative,6363,0.49442087065849444,11.91073393053591,0.10576771962910576,47.64293572214364,,,50000,baseline,private,
<SOURCE_VECSTRAIGHT_REPO>/hetzner-results/phase3_vecstraight_comm_history_factorial_without_comm_full_history_15seeds_hetzner_20260330par24/train/cond2_seed1313_ep50000.pt,cond2,1313,0,9001,greedy,none,none,none,none,regime,mixed,18328,0.1809390004364906,5.6784428197293755,0.0018005237887385422,22.713771278917502,,,50000,baseline,private,
<SOURCE_VECSTRAIGHT_REPO>/hetzner-results/phase3_vecstraight_comm_history_factorial_without_comm_full_history_15seeds_hetzner_20260330par24/train/cond2_seed1313_ep50000.pt,cond2,1313,0,9001,greedy,none,none,none,none,f_value,0.500,5309,0.03277453381051045,3.934450932378979,0.0,15.737803729515916,,,50000,baseline,private,
<SOURCE_VECSTRAIGHT_REPO>/hetzner-results/phase3_vecstraight_comm_history_factorial_without_comm_full_history_15seeds_hetzner_20260330par24/train/cond2_seed1313_ep50000.pt,cond2,1313,0,9001,greedy,none,none,none,none,f_value,1.500,5852,0.002349624060150376,4.004699248120301,0.0,16.018796992481203,,,50000,baseline,private,
<SOURCE_VECSTRAIGHT_REPO>/hetzner-results/phase3_vecstraight_comm_history_factorial_without_comm_full_history_15seeds_hetzner_20260330par24/train/cond2_seed1313_ep50000.pt,cond2,1313,0,9001,greedy,none,none,none,none,f_value,2.500,6044,0.09472203838517539,4.568332230311052,0.0,18.273328921244207,,,50000,baseline,private,
<SOURCE_VECSTRAIGHT_REPO>/hetzner-results/phase3_vecstraight_comm_history_factorial_without_comm_full_history_15seeds_hetzner_20260330par24/train/cond2_seed1313_ep50000.pt,cond2,1313,0,9001,greedy,none,none,none,none,f_value,3.500,6432,0.4244402985074627,8.244402985074627,0.005130597014925373,32.97761194029851,,,50000,baseline,private,
<SOURCE_VECSTRAIGHT_REPO>/hetzner-results/phase3_vecstraight_comm_history_factorial_without_comm_full_history_15seeds_hetzner_20260330par24/train/cond2_seed1313_ep50000.pt,cond2,1313,0,9001,greedy,none,none,none,none,f_value,5.000,6363,0.49442087065849444,11.91073393053591,0.10576771962910576,47.64293572214364,,,50000,baseline,private,
<SOURCE_VECSTRAIGHT_REPO>/hetzner-results/phase3_vecstraight_comm_history_factorial_without_comm_full_history_15seeds_hetzner_20260330par24/train/cond2_seed1414_ep100000.pt,cond2,1414,0,9001,greedy,none,none,none,none,regime,competitive,5309,0.02119043134300245,3.957619137313995,0.0,15.83047654925598,,,100000,baseline,private,
<SOURCE_VECSTRAIGHT_REPO>/hetzner-results/phase3_vecstraight_comm_history_factorial_without_comm_full_history_15seeds_hetzner_20260330par24/train/cond2_seed1414_ep100000.pt,cond2,1414,0,9001,greedy,none,none,none,none,regime,cooperative,6363,0.6373958824453874,14.198334119126198,0.07779349363507779,56.79333647650479,,,100000,baseline,private,
<SOURCE_VECSTRAIGHT_REPO>/hetzner-results/phase3_vecstraight_comm_history_factorial_without_comm_full_history_15seeds_hetzner_20260330par24/train/cond2_seed1414_ep100000.pt,cond2,1414,0,9001,greedy,none,none,none,none,regime,mixed,18328,0.10490779135748582,4.953159100829332,0.0,19.812636403317327,,,100000,baseline,private,
<SOURCE_VECSTRAIGHT_REPO>/hetzner-results/phase3_vecstraight_comm_history_factorial_without_comm_full_history_15seeds_hetzner_20260330par24/train/cond2_seed1414_ep100000.pt,cond2,1414,0,9001,greedy,none,none,none,none,f_value,0.500,5309,0.02119043134300245,3.957619137313995,0.0,15.83047654925598,,,100000,baseline,private,
<SOURCE_VECSTRAIGHT_REPO>/hetzner-results/phase3_vecstraight_comm_history_factorial_without_comm_full_history_15seeds_hetzner_20260330par24/train/cond2_seed1414_ep100000.pt,cond2,1414,0,9001,greedy,none,none,none,none,f_value,1.500,5852,0.004998291182501709,4.0099965823650034,0.0,16.039986329460014,,,100000,baseline,private,
<SOURCE_VECSTRAIGHT_REPO>/hetzner-results/phase3_vecstraight_comm_history_factorial_without_comm_full_history_15seeds_hetzner_20260330par24/train/cond2_seed1414_ep100000.pt,cond2,1414,0,9001,greedy,none,none,none,none,f_value,2.500,6044,0.06303772336201191,4.378226340172072,0.0,17.512905360688286,,,100000,baseline,private,
<SOURCE_VECSTRAIGHT_REPO>/hetzner-results/phase3_vecstraight_comm_history_factorial_without_comm_full_history_15seeds_hetzner_20260330par24/train/cond2_seed1414_ep100000.pt,cond2,1414,0,9001,greedy,none,none,none,none,f_value,3.500,6432,0.23515236318407962,6.351523631840796,0.0,25.406094527363184,,,100000,baseline,private,
<SOURCE_VECSTRAIGHT_REPO>/hetzner-results/phase3_vecstraight_comm_history_factorial_without_comm_full_history_15seeds_hetzner_20260330par24/train/cond2_seed1414_ep100000.pt,cond2,1414,0,9001,greedy,none,none,none,none,f_value,5.000,6363,0.6373958824453874,14.198334119126198,0.07779349363507779,56.79333647650479,,,100000,baseline,private,
<SOURCE_VECSTRAIGHT_REPO>/hetzner-results/phase3_vecstraight_comm_history_factorial_without_comm_full_history_15seeds_hetzner_20260330par24/train/cond2_seed1414.pt,cond2,1414,0,9001,greedy,none,none,none,none,regime,competitive,5309,0.0,4.0,0.0,16.0,,,150000,baseline,private,
<SOURCE_VECSTRAIGHT_REPO>/hetzner-results/phase3_vecstraight_comm_history_factorial_without_comm_full_history_15seeds_hetzner_20260330par24/train/cond2_seed1414.pt,cond2,1414,0,9001,greedy,none,none,none,none,regime,cooperative,6363,0.45528838598145527,11.284614175703284,0.02341662737702342,45.13845670281314,,,150000,baseline,private,
<SOURCE_VECSTRAIGHT_REPO>/hetzner-results/phase3_vecstraight_comm_history_factorial_without_comm_full_history_15seeds_hetzner_20260330par24/train/cond2_seed1414.pt,cond2,1414,0,9001,greedy,none,none,none,none,regime,mixed,18328,0.013831296377127891,4.138258402444348,0.0,16.55303360977739,,,150000,baseline,private,
<SOURCE_VECSTRAIGHT_REPO>/hetzner-results/phase3_vecstraight_comm_history_factorial_without_comm_full_history_15seeds_hetzner_20260330par24/train/cond2_seed1414.pt,cond2,1414,0,9001,greedy,none,none,none,none,f_value,0.500,5309,0.0,4.0,0.0,16.0,,,150000,baseline,private,
<SOURCE_VECSTRAIGHT_REPO>/hetzner-results/phase3_vecstraight_comm_history_factorial_without_comm_full_history_15seeds_hetzner_20260330par24/train/cond2_seed1414.pt,cond2,1414,0,9001,greedy,none,none,none,none,f_value,1.500,5852,0.0,4.0,0.0,16.0,,,150000,baseline,private,
<SOURCE_VECSTRAIGHT_REPO>/hetzner-results/phase3_vecstraight_comm_history_factorial_without_comm_full_history_15seeds_hetzner_20260330par24/train/cond2_seed1414.pt,cond2,1414,0,9001,greedy,none,none,none,none,f_value,2.500,6044,4.1363335539377896e-05,4.000248180013236,0.0,16.000992720052945,,,150000,baseline,private,
<SOURCE_VECSTRAIGHT_REPO>/hetzner-results/phase3_vecstraight_comm_history_factorial_without_comm_full_history_15seeds_hetzner_20260330par24/train/cond2_seed1414.pt,cond2,1414,0,9001,greedy,none,none,none,none,f_value,3.500,6432,0.03937344527363184,4.393734452736318,0.0,17.574937810945272,,,150000,baseline,private,
<SOURCE_VECSTRAIGHT_REPO>/hetzner-results/phase3_vecstraight_comm_history_factorial_without_comm_full_history_15seeds_hetzner_20260330par24/train/cond2_seed1414.pt,cond2,1414,0,9001,greedy,none,none,none,none,f_value,5.000,6363,0.45528838598145527,11.284614175703284,0.02341662737702342,45.13845670281314,,,150000,baseline,private,
<SOURCE_VECSTRAIGHT_REPO>/hetzner-results/phase3_vecstraight_comm_history_factorial_without_comm_full_history_15seeds_hetzner_20260330par24/train/cond2_seed1414_ep25000.pt,cond2,1414,0,9001,greedy,none,none,none,none,regime,competitive,5309,0.0003296289320022603,3.9993407421359954,0.0,15.997362968543982,,,25000,baseline,private,
<SOURCE_VECSTRAIGHT_REPO>/hetzner-results/phase3_vecstraight_comm_history_factorial_without_comm_full_history_15seeds_hetzner_20260330par24/train/cond2_seed1414_ep25000.pt,cond2,1414,0,9001,greedy,none,none,none,none,regime,cooperative,6363,0.6133506207763634,13.813609932421814,0.0088008800880088,55.254439729687256,,,25000,baseline,private,
<SOURCE_VECSTRAIGHT_REPO>/hetzner-results/phase3_vecstraight_comm_history_factorial_without_comm_full_history_15seeds_hetzner_20260330par24/train/cond2_seed1414_ep25000.pt,cond2,1414,0,9001,greedy,none,none,none,none,regime,mixed,18328,0.0612314491488433,4.594582060235705,0.0,18.37832824094282,,,25000,baseline,private,
<SOURCE_VECSTRAIGHT_REPO>/hetzner-results/phase3_vecstraight_comm_history_factorial_without_comm_full_history_15seeds_hetzner_20260330par24/train/cond2_seed1414_ep25000.pt,cond2,1414,0,9001,greedy,none,none,none,none,f_value,0.500,5309,0.0003296289320022603,3.9993407421359954,0.0,15.997362968543982,,,25000,baseline,private,
<SOURCE_VECSTRAIGHT_REPO>/hetzner-results/phase3_vecstraight_comm_history_factorial_without_comm_full_history_15seeds_hetzner_20260330par24/train/cond2_seed1414_ep25000.pt,cond2,1414,0,9001,greedy,none,none,none,none,f_value,1.500,5852,0.0015379357484620643,4.003075871496924,0.0,16.012303485987697,,,25000,baseline,private,
<SOURCE_VECSTRAIGHT_REPO>/hetzner-results/phase3_vecstraight_comm_history_factorial_without_comm_full_history_15seeds_hetzner_20260330par24/train/cond2_seed1414_ep25000.pt,cond2,1414,0,9001,greedy,none,none,none,none,f_value,2.500,6044,0.010464923891462608,4.062789543348775,0.0,16.2511581733951,,,25000,baseline,private,
<SOURCE_VECSTRAIGHT_REPO>/hetzner-results/phase3_vecstraight_comm_history_factorial_without_comm_full_history_15seeds_hetzner_20260330par24/train/cond2_seed1414_ep25000.pt,cond2,1414,0,9001,greedy,none,none,none,none,f_value,3.500,6432,0.16324626865671643,5.632462686567164,0.0,22.529850746268657,,,25000,baseline,private,
<SOURCE_VECSTRAIGHT_REPO>/hetzner-results/phase3_vecstraight_comm_history_factorial_without_comm_full_history_15seeds_hetzner_20260330par24/train/cond2_seed1414_ep25000.pt,cond2,1414,0,9001,greedy,none,none,none,none,f_value,5.000,6363,0.6133506207763634,13.813609932421814,0.0088008800880088,55.254439729687256,,,25000,baseline,private,
<SOURCE_VECSTRAIGHT_REPO>/hetzner-results/phase3_vecstraight_comm_history_factorial_without_comm_full_history_15seeds_hetzner_20260330par24/train/cond2_seed1414_ep50000.pt,cond2,1414,0,9001,greedy,none,none,none,none,regime,competitive,5309,0.005697871538896214,3.9886042569222075,0.0,15.95441702768883,,,50000,baseline,private,
<SOURCE_VECSTRAIGHT_REPO>/hetzner-results/phase3_vecstraight_comm_history_factorial_without_comm_full_history_15seeds_hetzner_20260330par24/train/cond2_seed1414_ep50000.pt,cond2,1414,0,9001,greedy,none,none,none,none,regime,cooperative,6363,0.4253889674681754,10.806223479490805,0.02593116454502593,43.22489391796322,,,50000,baseline,private,
<SOURCE_VECSTRAIGHT_REPO>/hetzner-results/phase3_vecstraight_comm_history_factorial_without_comm_full_history_15seeds_hetzner_20260330par24/train/cond2_seed1414_ep50000.pt,cond2,1414,0,9001,greedy,none,none,none,none,regime,mixed,18328,0.02639404190309908,4.260284810126582,0.0,17.04113924050633,,,50000,baseline,private,
<SOURCE_VECSTRAIGHT_REPO>/hetzner-results/phase3_vecstraight_comm_history_factorial_without_comm_full_history_15seeds_hetzner_20260330par24/train/cond2_seed1414_ep50000.pt,cond2,1414,0,9001,greedy,none,none,none,none,f_value,0.500,5309,0.005697871538896214,3.9886042569222075,0.0,15.95441702768883,,,50000,baseline,private,
<SOURCE_VECSTRAIGHT_REPO>/hetzner-results/phase3_vecstraight_comm_history_factorial_without_comm_full_history_15seeds_hetzner_20260330par24/train/cond2_seed1414_ep50000.pt,cond2,1414,0,9001,greedy,none,none,none,none,f_value,1.500,5852,4.2720437457279566e-05,4.000085440874915,0.0,16.00034176349966,,,50000,baseline,private,
<SOURCE_VECSTRAIGHT_REPO>/hetzner-results/phase3_vecstraight_comm_history_factorial_without_comm_full_history_15seeds_hetzner_20260330par24/train/cond2_seed1414_ep50000.pt,cond2,1414,0,9001,greedy,none,none,none,none,f_value,2.500,6044,0.0026886168100595633,4.016131700860357,0.0,16.064526803441428,,,50000,baseline,private,
<SOURCE_VECSTRAIGHT_REPO>/hetzner-results/phase3_vecstraight_comm_history_factorial_without_comm_full_history_15seeds_hetzner_20260330par24/train/cond2_seed1414_ep50000.pt,cond2,1414,0,9001,greedy,none,none,none,none,f_value,3.500,6432,0.0726445895522388,4.726445895522388,0.0,18.90578358208955,,,50000,baseline,private,
<SOURCE_VECSTRAIGHT_REPO>/hetzner-results/phase3_vecstraight_comm_history_factorial_without_comm_full_history_15seeds_hetzner_20260330par24/train/cond2_seed1414_ep50000.pt,cond2,1414,0,9001,greedy,none,none,none,none,f_value,5.000,6363,0.4253889674681754,10.806223479490805,0.02593116454502593,43.22489391796322,,,50000,baseline,private,
<SOURCE_VECSTRAIGHT_REPO>/hetzner-results/phase3_vecstraight_comm_history_factorial_without_comm_full_history_15seeds_hetzner_20260330par24/train/cond2_seed1515_ep100000.pt,cond2,1515,0,9001,greedy,none,none,none,none,regime,competitive,5309,0.000988886796006781,3.9980222264079863,0.0,15.992088905631945,,,100000,baseline,private,
<SOURCE_VECSTRAIGHT_REPO>/hetzner-results/phase3_vecstraight_comm_history_factorial_without_comm_full_history_15seeds_hetzner_20260330par24/train/cond2_seed1515_ep100000.pt,cond2,1515,0,9001,greedy,none,none,none,none,regime,cooperative,6363,0.6011708313688512,13.618733301901619,0.07700770077007701,54.474933207606476,,,100000,baseline,private,
<SOURCE_VECSTRAIGHT_REPO>/hetzner-results/phase3_vecstraight_comm_history_factorial_without_comm_full_history_15seeds_hetzner_20260330par24/train/cond2_seed1515_ep100000.pt,cond2,1515,0,9001,greedy,none,none,none,none,regime,mixed,18328,0.10433489742470536,4.979184853775644,0.00016368398079441291,19.916739415102576,,,100000,baseline,private,
<SOURCE_VECSTRAIGHT_REPO>/hetzner-results/phase3_vecstraight_comm_history_factorial_without_comm_full_history_15seeds_hetzner_20260330par24/train/cond2_seed1515_ep100000.pt,cond2,1515,0,9001,greedy,none,none,none,none,f_value,0.500,5309,0.000988886796006781,3.9980222264079863,0.0,15.992088905631945,,,100000,baseline,private,
<SOURCE_VECSTRAIGHT_REPO>/hetzner-results/phase3_vecstraight_comm_history_factorial_without_comm_full_history_15seeds_hetzner_20260330par24/train/cond2_seed1515_ep100000.pt,cond2,1515,0,9001,greedy,none,none,none,none,f_value,1.500,5852,0.0008116883116883117,4.001623376623376,0.0,16.006493506493506,,,100000,baseline,private,
<SOURCE_VECSTRAIGHT_REPO>/hetzner-results/phase3_vecstraight_comm_history_factorial_without_comm_full_history_15seeds_hetzner_20260330par24/train/cond2_seed1515_ep100000.pt,cond2,1515,0,9001,greedy,none,none,none,none,f_value,2.500,6044,0.04707147584381204,4.282428855062872,0.0,17.12971542025149,,,100000,baseline,private,
<SOURCE_VECSTRAIGHT_REPO>/hetzner-results/phase3_vecstraight_comm_history_factorial_without_comm_full_history_15seeds_hetzner_20260330par24/train/cond2_seed1515_ep100000.pt,cond2,1515,0,9001,greedy,none,none,none,none,f_value,3.500,6432,0.2523320895522388,6.523320895522388,0.0004664179104477612,26.09328358208955,,,100000,baseline,private,
<SOURCE_VECSTRAIGHT_REPO>/hetzner-results/phase3_vecstraight_comm_history_factorial_without_comm_full_history_15seeds_hetzner_20260330par24/train/cond2_seed1515_ep100000.pt,cond2,1515,0,9001,greedy,none,none,none,none,f_value,5.000,6363,0.6011708313688512,13.618733301901619,0.07700770077007701,54.474933207606476,,,100000,baseline,private,
<SOURCE_VECSTRAIGHT_REPO>/hetzner-results/phase3_vecstraight_comm_history_factorial_without_comm_full_history_15seeds_hetzner_20260330par24/train/cond2_seed1515.pt,cond2,1515,0,9001,greedy,none,none,none,none,regime,competitive,5309,0.000141269542286683,3.9997174609154267,0.0,15.998869843661707,,,150000,baseline,private,
<SOURCE_VECSTRAIGHT_REPO>/hetzner-results/phase3_vecstraight_comm_history_factorial_without_comm_full_history_15seeds_hetzner_20260330par24/train/cond2_seed1515.pt,cond2,1515,0,9001,greedy,none,none,none,none,regime,cooperative,6363,0.6441144114411441,14.305830583058306,0.16627377023416628,57.223322332233224,,,150000,baseline,private,
<SOURCE_VECSTRAIGHT_REPO>/hetzner-results/phase3_vecstraight_comm_history_factorial_without_comm_full_history_15seeds_hetzner_20260330par24/train/cond2_seed1515.pt,cond2,1515,0,9001,greedy,none,none,none,none,regime,mixed,18328,0.017241379310344827,4.170776953295504,0.0,16.683107813182016,,,150000,baseline,private,
<SOURCE_VECSTRAIGHT_REPO>/hetzner-results/phase3_vecstraight_comm_history_factorial_without_comm_full_history_15seeds_hetzner_20260330par24/train/cond2_seed1515.pt,cond2,1515,0,9001,greedy,none,none,none,none,f_value,0.500,5309,0.000141269542286683,3.9997174609154267,0.0,15.998869843661707,,,150000,baseline,private,
<SOURCE_VECSTRAIGHT_REPO>/hetzner-results/phase3_vecstraight_comm_history_factorial_without_comm_full_history_15seeds_hetzner_20260330par24/train/cond2_seed1515.pt,cond2,1515,0,9001,greedy,none,none,none,none,f_value,1.500,5852,0.0002563226247436774,4.000512645249487,0.0,16.00205058099795,,,150000,baseline,private,
<SOURCE_VECSTRAIGHT_REPO>/hetzner-results/phase3_vecstraight_comm_history_factorial_without_comm_full_history_15seeds_hetzner_20260330par24/train/cond2_seed1515.pt,cond2,1515,0,9001,greedy,none,none,none,none,f_value,2.500,6044,0.0007445400397088021,4.004467240238252,0.0,16.01786896095301,,,150000,baseline,private,
<SOURCE_VECSTRAIGHT_REPO>/hetzner-results/phase3_vecstraight_comm_history_factorial_without_comm_full_history_15seeds_hetzner_20260330par24/train/cond2_seed1515.pt,cond2,1515,0,9001,greedy,none,none,none,none,f_value,3.500,6432,0.048196517412935326,4.481965174129353,0.0,17.927860696517413,,,150000,baseline,private,
<SOURCE_VECSTRAIGHT_REPO>/hetzner-results/phase3_vecstraight_comm_history_factorial_without_comm_full_history_15seeds_hetzner_20260330par24/train/cond2_seed1515.pt,cond2,1515,0,9001,greedy,none,none,none,none,f_value,5.000,6363,0.6441144114411441,14.305830583058306,0.16627377023416628,57.223322332233224,,,150000,baseline,private,
<SOURCE_VECSTRAIGHT_REPO>/hetzner-results/phase3_vecstraight_comm_history_factorial_without_comm_full_history_15seeds_hetzner_20260330par24/train/cond2_seed1515_ep25000.pt,cond2,1515,0,9001,greedy,none,none,none,none,regime,competitive,5309,0.004473535505744961,3.99105292898851,0.0,15.96421171595404,,,25000,baseline,private,
<SOURCE_VECSTRAIGHT_REPO>/hetzner-results/phase3_vecstraight_comm_history_factorial_without_comm_full_history_15seeds_hetzner_20260330par24/train/cond2_seed1515_ep25000.pt,cond2,1515,0,9001,greedy,none,none,none,none,regime,cooperative,6363,0.6415998742731416,14.265597988370265,0.006757818639006758,57.06239195348106,,,25000,baseline,private,
<SOURCE_VECSTRAIGHT_REPO>/hetzner-results/phase3_vecstraight_comm_history_factorial_without_comm_full_history_15seeds_hetzner_20260330par24/train/cond2_seed1515_ep25000.pt,cond2,1515,0,9001,greedy,none,none,none,none,regime,mixed,18328,0.15728666521169796,5.451740506329114,0.0007638585770405937,21.806962025316455,,,25000,baseline,private,
<SOURCE_VECSTRAIGHT_REPO>/hetzner-results/phase3_vecstraight_comm_history_factorial_without_comm_full_history_15seeds_hetzner_20260330par24/train/cond2_seed1515_ep25000.pt,cond2,1515,0,9001,greedy,none,none,none,none,f_value,0.500,5309,0.004473535505744961,3.99105292898851,0.0,15.96421171595404,,,25000,baseline,private,
<SOURCE_VECSTRAIGHT_REPO>/hetzner-results/phase3_vecstraight_comm_history_factorial_without_comm_full_history_15seeds_hetzner_20260330par24/train/cond2_seed1515_ep25000.pt,cond2,1515,0,9001,greedy,none,none,none,none,f_value,1.500,5852,0.0011961722488038277,4.002392344497608,0.0,16.00956937799043,,,25000,baseline,private,
<SOURCE_VECSTRAIGHT_REPO>/hetzner-results/phase3_vecstraight_comm_history_factorial_without_comm_full_history_15seeds_hetzner_20260330par24/train/cond2_seed1515_ep25000.pt,cond2,1515,0,9001,greedy,none,none,none,none,f_value,2.500,6044,0.08951025810721376,4.537061548643282,0.0,18.14824619457313,,,25000,baseline,private,
<SOURCE_VECSTRAIGHT_REPO>/hetzner-results/phase3_vecstraight_comm_history_factorial_without_comm_full_history_15seeds_hetzner_20260330par24/train/cond2_seed1515_ep25000.pt,cond2,1515,0,9001,greedy,none,none,none,none,f_value,3.500,6432,0.36298973880597013,7.629897388059701,0.0021766169154228856,30.519589552238806,,,25000,baseline,private,
<SOURCE_VECSTRAIGHT_REPO>/hetzner-results/phase3_vecstraight_comm_history_factorial_without_comm_full_history_15seeds_hetzner_20260330par24/train/cond2_seed1515_ep25000.pt,cond2,1515,0,9001,greedy,none,none,none,none,f_value,5.000,6363,0.6415998742731416,14.265597988370265,0.006757818639006758,57.06239195348106,,,25000,baseline,private,
<SOURCE_VECSTRAIGHT_REPO>/hetzner-results/phase3_vecstraight_comm_history_factorial_without_comm_full_history_15seeds_hetzner_20260330par24/train/cond2_seed1515_ep50000.pt,cond2,1515,0,9001,greedy,none,none,none,none,regime,competitive,5309,0.06738557167074778,3.8652288566585042,0.0,15.460915426634017,,,50000,baseline,private,
<SOURCE_VECSTRAIGHT_REPO>/hetzner-results/phase3_vecstraight_comm_history_factorial_without_comm_full_history_15seeds_hetzner_20260330par24/train/cond2_seed1515_ep50000.pt,cond2,1515,0,9001,greedy,none,none,none,none,regime,cooperative,6363,0.6842684268426843,14.948294829482949,0.08062234794908062,59.793179317931795,,,50000,baseline,private,
<SOURCE_VECSTRAIGHT_REPO>/hetzner-results/phase3_vecstraight_comm_history_factorial_without_comm_full_history_15seeds_hetzner_20260330par24/train/cond2_seed1515_ep50000.pt,cond2,1515,0,9001,greedy,none,none,none,none,regime,mixed,18328,0.1725229157573112,5.526353120907901,0.0026735050196420775,22.105412483631603,,,50000,baseline,private,
<SOURCE_VECSTRAIGHT_REPO>/hetzner-results/phase3_vecstraight_comm_history_factorial_without_comm_full_history_15seeds_hetzner_20260330par24/train/cond2_seed1515_ep50000.pt,cond2,1515,0,9001,greedy,none,none,none,none,f_value,0.500,5309,0.06738557167074778,3.8652288566585042,0.0,15.460915426634017,,,50000,baseline,private,
<SOURCE_VECSTRAIGHT_REPO>/hetzner-results/phase3_vecstraight_comm_history_factorial_without_comm_full_history_15seeds_hetzner_20260330par24/train/cond2_seed1515_ep50000.pt,cond2,1515,0,9001,greedy,none,none,none,none,f_value,1.500,5852,0.017643540669856458,4.035287081339713,0.0,16.141148325358852,,,50000,baseline,private,
<SOURCE_VECSTRAIGHT_REPO>/hetzner-results/phase3_vecstraight_comm_history_factorial_without_comm_full_history_15seeds_hetzner_20260330par24/train/cond2_seed1515_ep50000.pt,cond2,1515,0,9001,greedy,none,none,none,none,f_value,2.500,6044,0.11660324288550629,4.699619457313037,0.0,18.79847782925215,,,50000,baseline,private,
<SOURCE_VECSTRAIGHT_REPO>/hetzner-results/phase3_vecstraight_comm_history_factorial_without_comm_full_history_15seeds_hetzner_20260330par24/train/cond2_seed1515_ep50000.pt,cond2,1515,0,9001,greedy,none,none,none,none,f_value,3.500,6432,0.3659825870646766,7.659825870646766,0.0076181592039800995,30.639303482587064,,,50000,baseline,private,
<SOURCE_VECSTRAIGHT_REPO>/hetzner-results/phase3_vecstraight_comm_history_factorial_without_comm_full_history_15seeds_hetzner_20260330par24/train/cond2_seed1515_ep50000.pt,cond2,1515,0,9001,greedy,none,none,none,none,f_value,5.000,6363,0.6842684268426843,14.948294829482949,0.08062234794908062,59.793179317931795,,,50000,baseline,private,
<SOURCE_VECSTRAIGHT_REPO>/hetzner-results/phase3_vecstraight_comm_history_factorial_without_comm_full_history_15seeds_hetzner_20260330par24/train/cond2_seed1616_ep100000.pt,cond2,1616,0,9001,greedy,none,none,none,none,regime,competitive,5309,0.0,4.0,0.0,16.0,,,100000,baseline,private,
<SOURCE_VECSTRAIGHT_REPO>/hetzner-results/phase3_vecstraight_comm_history_factorial_without_comm_full_history_15seeds_hetzner_20260330par24/train/cond2_seed1616_ep100000.pt,cond2,1616,0,9001,greedy,none,none,none,none,regime,cooperative,6363,0.5246738959610246,12.394782335376394,0.02435957881502436,49.57912934150558,,,100000,baseline,private,
<SOURCE_VECSTRAIGHT_REPO>/hetzner-results/phase3_vecstraight_comm_history_factorial_without_comm_full_history_15seeds_hetzner_20260330par24/train/cond2_seed1616_ep100000.pt,cond2,1616,0,9001,greedy,none,none,none,none,regime,mixed,18328,0.027389786119598428,4.273461370580533,0.0,17.09384548232213,,,100000,baseline,private,
<SOURCE_VECSTRAIGHT_REPO>/hetzner-results/phase3_vecstraight_comm_history_factorial_without_comm_full_history_15seeds_hetzner_20260330par24/train/cond2_seed1616_ep100000.pt,cond2,1616,0,9001,greedy,none,none,none,none,f_value,0.500,5309,0.0,4.0,0.0,16.0,,,100000,baseline,private,
<SOURCE_VECSTRAIGHT_REPO>/hetzner-results/phase3_vecstraight_comm_history_factorial_without_comm_full_history_15seeds_hetzner_20260330par24/train/cond2_seed1616_ep100000.pt,cond2,1616,0,9001,greedy,none,none,none,none,f_value,1.500,5852,0.0,4.0,0.0,16.0,,,100000,baseline,private,
<SOURCE_VECSTRAIGHT_REPO>/hetzner-results/phase3_vecstraight_comm_history_factorial_without_comm_full_history_15seeds_hetzner_20260330par24/train/cond2_seed1616_ep100000.pt,cond2,1616,0,9001,greedy,none,none,none,none,f_value,2.500,6044,0.00033090668431502316,4.00198544010589,0.0,16.00794176042356,,,100000,baseline,private,
<SOURCE_VECSTRAIGHT_REPO>/hetzner-results/phase3_vecstraight_comm_history_factorial_without_comm_full_history_15seeds_hetzner_20260330par24/train/cond2_seed1616_ep100000.pt,cond2,1616,0,9001,greedy,none,none,none,none,f_value,3.500,6432,0.07773631840796019,4.777363184079602,0.0,19.109452736318406,,,100000,baseline,private,
<SOURCE_VECSTRAIGHT_REPO>/hetzner-results/phase3_vecstraight_comm_history_factorial_without_comm_full_history_15seeds_hetzner_20260330par24/train/cond2_seed1616_ep100000.pt,cond2,1616,0,9001,greedy,none,none,none,none,f_value,5.000,6363,0.5246738959610246,12.394782335376394,0.02435957881502436,49.57912934150558,,,100000,baseline,private,
<SOURCE_VECSTRAIGHT_REPO>/hetzner-results/phase3_vecstraight_comm_history_factorial_without_comm_full_history_15seeds_hetzner_20260330par24/train/cond2_seed1616.pt,cond2,1616,0,9001,greedy,none,none,none,none,regime,competitive,5309,0.0,4.0,0.0,16.0,,,150000,baseline,private,
<SOURCE_VECSTRAIGHT_REPO>/hetzner-results/phase3_vecstraight_comm_history_factorial_without_comm_full_history_15seeds_hetzner_20260330par24/train/cond2_seed1616.pt,cond2,1616,0,9001,greedy,none,none,none,none,regime,cooperative,6363,0.4952066635234952,11.923306616375923,0.011001100110011002,47.69322646550369,,,150000,baseline,private,
<SOURCE_VECSTRAIGHT_REPO>/hetzner-results/phase3_vecstraight_comm_history_factorial_without_comm_full_history_15seeds_hetzner_20260330par24/train/cond2_seed1616.pt,cond2,1616,0,9001,greedy,none,none,none,none,regime,mixed,18328,0.009780117852466172,4.09774661719773,0.0,16.39098646879092,,,150000,baseline,private,
<SOURCE_VECSTRAIGHT_REPO>/hetzner-results/phase3_vecstraight_comm_history_factorial_without_comm_full_history_15seeds_hetzner_20260330par24/train/cond2_seed1616.pt,cond2,1616,0,9001,greedy,none,none,none,none,f_value,0.500,5309,0.0,4.0,0.0,16.0,,,150000,baseline,private,
<SOURCE_VECSTRAIGHT_REPO>/hetzner-results/phase3_vecstraight_comm_history_factorial_without_comm_full_history_15seeds_hetzner_20260330par24/train/cond2_seed1616.pt,cond2,1616,0,9001,greedy,none,none,none,none,f_value,1.500,5852,0.0,4.0,0.0,16.0,,,150000,baseline,private,
<SOURCE_VECSTRAIGHT_REPO>/hetzner-results/phase3_vecstraight_comm_history_factorial_without_comm_full_history_15seeds_hetzner_20260330par24/train/cond2_seed1616.pt,cond2,1616,0,9001,greedy,none,none,none,none,f_value,2.500,6044,4.1363335539377896e-05,4.000248180013236,0.0,16.000992720052945,,,150000,baseline,private,
<SOURCE_VECSTRAIGHT_REPO>/hetzner-results/phase3_vecstraight_comm_history_factorial_without_comm_full_history_15seeds_hetzner_20260330par24/train/cond2_seed1616.pt,cond2,1616,0,9001,greedy,none,none,none,none,f_value,3.500,6432,0.027829601990049753,4.278296019900497,0.0,17.11318407960199,,,150000,baseline,private,
<SOURCE_VECSTRAIGHT_REPO>/hetzner-results/phase3_vecstraight_comm_history_factorial_without_comm_full_history_15seeds_hetzner_20260330par24/train/cond2_seed1616.pt,cond2,1616,0,9001,greedy,none,none,none,none,f_value,5.000,6363,0.4952066635234952,11.923306616375923,0.011001100110011002,47.69322646550369,,,150000,baseline,private,
<SOURCE_VECSTRAIGHT_REPO>/hetzner-results/phase3_vecstraight_comm_history_factorial_without_comm_full_history_15seeds_hetzner_20260330par24/train/cond2_seed1616_ep25000.pt,cond2,1616,0,9001,greedy,none,none,none,none,regime,competitive,5309,0.0,4.0,0.0,16.0,,,25000,baseline,private,
<SOURCE_VECSTRAIGHT_REPO>/hetzner-results/phase3_vecstraight_comm_history_factorial_without_comm_full_history_15seeds_hetzner_20260330par24/train/cond2_seed1616_ep25000.pt,cond2,1616,0,9001,greedy,none,none,none,none,regime,cooperative,6363,0.3514065692283514,9.622505107653623,0.0,38.49002043061449,,,25000,baseline,private,
<SOURCE_VECSTRAIGHT_REPO>/hetzner-results/phase3_vecstraight_comm_history_factorial_without_comm_full_history_15seeds_hetzner_20260330par24/train/cond2_seed1616_ep25000.pt,cond2,1616,0,9001,greedy,none,none,none,none,regime,mixed,18328,0.07710879528590135,4.763340244434745,0.0,19.05336097773898,,,25000,baseline,private,
<SOURCE_VECSTRAIGHT_REPO>/hetzner-results/phase3_vecstraight_comm_history_factorial_without_comm_full_history_15seeds_hetzner_20260330par24/train/cond2_seed1616_ep25000.pt,cond2,1616,0,9001,greedy,none,none,none,none,f_value,0.500,5309,0.0,4.0,0.0,16.0,,,25000,baseline,private,
<SOURCE_VECSTRAIGHT_REPO>/hetzner-results/phase3_vecstraight_comm_history_factorial_without_comm_full_history_15seeds_hetzner_20260330par24/train/cond2_seed1616_ep25000.pt,cond2,1616,0,9001,greedy,none,none,none,none,f_value,1.500,5852,4.2720437457279566e-05,4.000085440874915,0.0,16.00034176349966,,,25000,baseline,private,
<SOURCE_VECSTRAIGHT_REPO>/hetzner-results/phase3_vecstraight_comm_history_factorial_without_comm_full_history_15seeds_hetzner_20260330par24/train/cond2_seed1616_ep25000.pt,cond2,1616,0,9001,greedy,none,none,none,none,f_value,2.500,6044,0.005790866975512905,4.034745201853077,0.0,16.13898080741231,,,25000,baseline,private,
<SOURCE_VECSTRAIGHT_REPO>/hetzner-results/phase3_vecstraight_comm_history_factorial_without_comm_full_history_15seeds_hetzner_20260330par24/train/cond2_seed1616_ep25000.pt,cond2,1616,0,9001,greedy,none,none,none,none,f_value,3.500,6432,0.2142412935323383,6.142412935323383,0.0,24.569651741293534,,,25000,baseline,private,
<SOURCE_VECSTRAIGHT_REPO>/hetzner-results/phase3_vecstraight_comm_history_factorial_without_comm_full_history_15seeds_hetzner_20260330par24/train/cond2_seed1616_ep25000.pt,cond2,1616,0,9001,greedy,none,none,none,none,f_value,5.000,6363,0.3514065692283514,9.622505107653623,0.0,38.49002043061449,,,25000,baseline,private,
<SOURCE_VECSTRAIGHT_REPO>/hetzner-results/phase3_vecstraight_comm_history_factorial_without_comm_full_history_15seeds_hetzner_20260330par24/train/cond2_seed1616_ep50000.pt,cond2,1616,0,9001,greedy,none,none,none,none,regime,competitive,5309,0.0015068751177246186,3.996986249764551,0.0,15.987944999058204,,,50000,baseline,private,
<SOURCE_VECSTRAIGHT_REPO>/hetzner-results/phase3_vecstraight_comm_history_factorial_without_comm_full_history_15seeds_hetzner_20260330par24/train/cond2_seed1616_ep50000.pt,cond2,1616,0,9001,greedy,none,none,none,none,regime,cooperative,6363,0.6872544397296872,14.996071035674996,0.23998114097124,59.984284142699984,,,50000,baseline,private,
<SOURCE_VECSTRAIGHT_REPO>/hetzner-results/phase3_vecstraight_comm_history_factorial_without_comm_full_history_15seeds_hetzner_20260330par24/train/cond2_seed1616_ep50000.pt,cond2,1616,0,9001,greedy,none,none,none,none,regime,mixed,18328,0.28807016586643386,6.54618616324749,0.032900480139676995,26.18474465298996,,,50000,baseline,private,
<SOURCE_VECSTRAIGHT_REPO>/hetzner-results/phase3_vecstraight_comm_history_factorial_without_comm_full_history_15seeds_hetzner_20260330par24/train/cond2_seed1616_ep50000.pt,cond2,1616,0,9001,greedy,none,none,none,none,f_value,0.500,5309,0.0015068751177246186,3.996986249764551,0.0,15.987944999058204,,,50000,baseline,private,
<SOURCE_VECSTRAIGHT_REPO>/hetzner-results/phase3_vecstraight_comm_history_factorial_without_comm_full_history_15seeds_hetzner_20260330par24/train/cond2_seed1616_ep50000.pt,cond2,1616,0,9001,greedy,none,none,none,none,f_value,1.500,5852,0.007134313055365687,4.014268626110732,0.0,16.057074504442927,,,50000,baseline,private,
<SOURCE_VECSTRAIGHT_REPO>/hetzner-results/phase3_vecstraight_comm_history_factorial_without_comm_full_history_15seeds_hetzner_20260330par24/train/cond2_seed1616_ep50000.pt,cond2,1616,0,9001,greedy,none,none,none,none,f_value,2.500,6044,0.23978325612177365,5.438699536730642,0.0006618133686300463,21.754798146922568,,,50000,baseline,private,
<SOURCE_VECSTRAIGHT_REPO>/hetzner-results/phase3_vecstraight_comm_history_factorial_without_comm_full_history_15seeds_hetzner_20260330par24/train/cond2_seed1616_ep50000.pt,cond2,1616,0,9001,greedy,none,none,none,none,f_value,3.500,6432,0.5890469527363185,9.890469527363184,0.09312810945273632,39.561878109452735,,,50000,baseline,private,
<SOURCE_VECSTRAIGHT_REPO>/hetzner-results/phase3_vecstraight_comm_history_factorial_without_comm_full_history_15seeds_hetzner_20260330par24/train/cond2_seed1616_ep50000.pt,cond2,1616,0,9001,greedy,none,none,none,none,f_value,5.000,6363,0.6872544397296872,14.996071035674996,0.23998114097124,59.984284142699984,,,50000,baseline,private,
<SOURCE_VECSTRAIGHT_REPO>/hetzner-results/phase3_vecstraight_comm_history_factorial_without_comm_full_history_15seeds_hetzner_20260330par24/train/cond2_seed202_ep100000.pt,cond2,202,0,9001,greedy,none,none,none,none,regime,competitive,5309,0.0,4.0,0.0,16.0,,,100000,baseline,private,
<SOURCE_VECSTRAIGHT_REPO>/hetzner-results/phase3_vecstraight_comm_history_factorial_without_comm_full_history_15seeds_hetzner_20260330par24/train/cond2_seed202_ep100000.pt,cond2,202,0,9001,greedy,none,none,none,none,regime,cooperative,6363,0.25055005500550054,8.008800880088009,0.0,32.035203520352034,,,100000,baseline,private,
<SOURCE_VECSTRAIGHT_REPO>/hetzner-results/phase3_vecstraight_comm_history_factorial_without_comm_full_history_15seeds_hetzner_20260330par24/train/cond2_seed202_ep100000.pt,cond2,202,0,9001,greedy,none,none,none,none,regime,mixed,18328,0.05156045395024007,4.504583151462244,0.0,18.018332605848975,,,100000,baseline,private,
<SOURCE_VECSTRAIGHT_REPO>/hetzner-results/phase3_vecstraight_comm_history_factorial_without_comm_full_history_15seeds_hetzner_20260330par24/train/cond2_seed202_ep100000.pt,cond2,202,0,9001,greedy,none,none,none,none,f_value,0.500,5309,0.0,4.0,0.0,16.0,,,100000,baseline,private,
<SOURCE_VECSTRAIGHT_REPO>/hetzner-results/phase3_vecstraight_comm_history_factorial_without_comm_full_history_15seeds_hetzner_20260330par24/train/cond2_seed202_ep100000.pt,cond2,202,0,9001,greedy,none,none,none,none,f_value,1.500,5852,4.2720437457279566e-05,4.000085440874915,0.0,16.00034176349966,,,100000,baseline,private,
<SOURCE_VECSTRAIGHT_REPO>/hetzner-results/phase3_vecstraight_comm_history_factorial_without_comm_full_history_15seeds_hetzner_20260330par24/train/cond2_seed202_ep100000.pt,cond2,202,0,9001,greedy,none,none,none,none,f_value,2.500,6044,0.00827266710787558,4.0496360026472535,0.0,16.198544010589014,,,100000,baseline,private,
<SOURCE_VECSTRAIGHT_REPO>/hetzner-results/phase3_vecstraight_comm_history_factorial_without_comm_full_history_15seeds_hetzner_20260330par24/train/cond2_seed202_ep100000.pt,cond2,202,0,9001,greedy,none,none,none,none,f_value,3.500,6432,0.13910914179104478,5.391091417910448,0.0,21.56436567164179,,,100000,baseline,private,
<SOURCE_VECSTRAIGHT_REPO>/hetzner-results/phase3_vecstraight_comm_history_factorial_without_comm_full_history_15seeds_hetzner_20260330par24/train/cond2_seed202_ep100000.pt,cond2,202,0,9001,greedy,none,none,none,none,f_value,5.000,6363,0.25055005500550054,8.008800880088009,0.0,32.035203520352034,,,100000,baseline,private,
<SOURCE_VECSTRAIGHT_REPO>/hetzner-results/phase3_vecstraight_comm_history_factorial_without_comm_full_history_15seeds_hetzner_20260330par24/train/cond2_seed202.pt,cond2,202,0,9001,greedy,none,none,none,none,regime,competitive,5309,0.0,4.0,0.0,16.0,,,150000,baseline,private,
<SOURCE_VECSTRAIGHT_REPO>/hetzner-results/phase3_vecstraight_comm_history_factorial_without_comm_full_history_15seeds_hetzner_20260330par24/train/cond2_seed202.pt,cond2,202,0,9001,greedy,none,none,none,none,regime,cooperative,6363,0.4136020744931636,10.617633191890617,0.03473204463303473,42.47053276756247,,,150000,baseline,private,
<SOURCE_VECSTRAIGHT_REPO>/hetzner-results/phase3_vecstraight_comm_history_factorial_without_comm_full_history_15seeds_hetzner_20260330par24/train/cond2_seed202.pt,cond2,202,0,9001,greedy,none,none,none,none,regime,mixed,18328,0.019260148406809254,4.191182889567874,0.0,16.764731558271496,,,150000,baseline,private,
<SOURCE_VECSTRAIGHT_REPO>/hetzner-results/phase3_vecstraight_comm_history_factorial_without_comm_full_history_15seeds_hetzner_20260330par24/train/cond2_seed202.pt,cond2,202,0,9001,greedy,none,none,none,none,f_value,0.500,5309,0.0,4.0,0.0,16.0,,,150000,baseline,private,
<SOURCE_VECSTRAIGHT_REPO>/hetzner-results/phase3_vecstraight_comm_history_factorial_without_comm_full_history_15seeds_hetzner_20260330par24/train/cond2_seed202.pt,cond2,202,0,9001,greedy,none,none,none,none,f_value,1.500,5852,0.0002136021872863978,4.0004272043745726,0.0,16.00170881749829,,,150000,baseline,private,
<SOURCE_VECSTRAIGHT_REPO>/hetzner-results/phase3_vecstraight_comm_history_factorial_without_comm_full_history_15seeds_hetzner_20260330par24/train/cond2_seed202.pt,cond2,202,0,9001,greedy,none,none,none,none,f_value,2.500,6044,0.0006618133686300463,4.003970880211781,0.0,16.015883520847122,,,150000,baseline,private,
<SOURCE_VECSTRAIGHT_REPO>/hetzner-results/phase3_vecstraight_comm_history_factorial_without_comm_full_history_15seeds_hetzner_20260330par24/train/cond2_seed202.pt,cond2,202,0,9001,greedy,none,none,none,none,f_value,3.500,6432,0.05406560945273632,4.540656094527363,0.0,18.162624378109452,,,150000,baseline,private,
<SOURCE_VECSTRAIGHT_REPO>/hetzner-results/phase3_vecstraight_comm_history_factorial_without_comm_full_history_15seeds_hetzner_20260330par24/train/cond2_seed202.pt,cond2,202,0,9001,greedy,none,none,none,none,f_value,5.000,6363,0.4136020744931636,10.617633191890617,0.03473204463303473,42.47053276756247,,,150000,baseline,private,
<SOURCE_VECSTRAIGHT_REPO>/hetzner-results/phase3_vecstraight_comm_history_factorial_without_comm_full_history_15seeds_hetzner_20260330par24/train/cond2_seed202_ep25000.pt,cond2,202,0,9001,greedy,none,none,none,none,regime,competitive,5309,0.050527406291203614,3.898945187417593,0.0,15.595780749670372,,,25000,baseline,private,
<SOURCE_VECSTRAIGHT_REPO>/hetzner-results/phase3_vecstraight_comm_history_factorial_without_comm_full_history_15seeds_hetzner_20260330par24/train/cond2_seed202_ep25000.pt,cond2,202,0,9001,greedy,none,none,none,none,regime,cooperative,6363,0.7487820210592487,15.98051233694798,0.32924721043532923,63.92204934779192,,,25000,baseline,private,
<SOURCE_VECSTRAIGHT_REPO>/hetzner-results/phase3_vecstraight_comm_history_factorial_without_comm_full_history_15seeds_hetzner_20260330par24/train/cond2_seed202_ep25000.pt,cond2,202,0,9001,greedy,none,none,none,none,regime,mixed,18328,0.36951658664338716,7.232976865997381,0.08096900916630292,28.931907463989525,,,25000,baseline,private,
<SOURCE_VECSTRAIGHT_REPO>/hetzner-results/phase3_vecstraight_comm_history_factorial_without_comm_full_history_15seeds_hetzner_20260330par24/train/cond2_seed202_ep25000.pt,cond2,202,0,9001,greedy,none,none,none,none,f_value,0.500,5309,0.050527406291203614,3.898945187417593,0.0,15.595780749670372,,,25000,baseline,private,
<SOURCE_VECSTRAIGHT_REPO>/hetzner-results/phase3_vecstraight_comm_history_factorial_without_comm_full_history_15seeds_hetzner_20260330par24/train/cond2_seed202_ep25000.pt,cond2,202,0,9001,greedy,none,none,none,none,f_value,1.500,5852,0.020035885167464115,4.0400717703349285,0.0,16.160287081339714,,,25000,baseline,private,
<SOURCE_VECSTRAIGHT_REPO>/hetzner-results/phase3_vecstraight_comm_history_factorial_without_comm_full_history_15seeds_hetzner_20260330par24/train/cond2_seed202_ep25000.pt,cond2,202,0,9001,greedy,none,none,none,none,f_value,2.500,6044,0.3115900066181337,5.869540039708802,0.0004963600264725347,23.47816015883521,,,25000,baseline,private,
<SOURCE_VECSTRAIGHT_REPO>/hetzner-results/phase3_vecstraight_comm_history_factorial_without_comm_full_history_15seeds_hetzner_20260330par24/train/cond2_seed202_ep25000.pt,cond2,202,0,9001,greedy,none,none,none,none,f_value,3.500,6432,0.7419154228855721,11.41915422885572,0.23025497512437812,45.67661691542288,,,25000,baseline,private,
<SOURCE_VECSTRAIGHT_REPO>/hetzner-results/phase3_vecstraight_comm_history_factorial_without_comm_full_history_15seeds_hetzner_20260330par24/train/cond2_seed202_ep25000.pt,cond2,202,0,9001,greedy,none,none,none,none,f_value,5.000,6363,0.7487820210592487,15.98051233694798,0.32924721043532923,63.92204934779192,,,25000,baseline,private,
<SOURCE_VECSTRAIGHT_REPO>/hetzner-results/phase3_vecstraight_comm_history_factorial_without_comm_full_history_15seeds_hetzner_20260330par24/train/cond2_seed202_ep50000.pt,cond2,202,0,9001,greedy,none,none,none,none,regime,competitive,5309,0.007298926351478621,3.9854021472970427,0.0,15.94160858918817,,,50000,baseline,private,
<SOURCE_VECSTRAIGHT_REPO>/hetzner-results/phase3_vecstraight_comm_history_factorial_without_comm_full_history_15seeds_hetzner_20260330par24/train/cond2_seed202_ep50000.pt,cond2,202,0,9001,greedy,none,none,none,none,regime,cooperative,6363,0.37513751375137516,10.002200220022003,0.01603017444601603,40.00880088008801,,,50000,baseline,private,
<SOURCE_VECSTRAIGHT_REPO>/hetzner-results/phase3_vecstraight_comm_history_factorial_without_comm_full_history_15seeds_hetzner_20260330par24/train/cond2_seed202_ep50000.pt,cond2,202,0,9001,greedy,none,none,none,none,regime,mixed,18328,0.19819402007856832,5.730576167612396,0.0,22.922304670449584,,,50000,baseline,private,
<SOURCE_VECSTRAIGHT_REPO>/hetzner-results/phase3_vecstraight_comm_history_factorial_without_comm_full_history_15seeds_hetzner_20260330par24/train/cond2_seed202_ep50000.pt,cond2,202,0,9001,greedy,none,none,none,none,f_value,0.500,5309,0.007298926351478621,3.9854021472970427,0.0,15.94160858918817,,,50000,baseline,private,
<SOURCE_VECSTRAIGHT_REPO>/hetzner-results/phase3_vecstraight_comm_history_factorial_without_comm_full_history_15seeds_hetzner_20260330par24/train/cond2_seed202_ep50000.pt,cond2,202,0,9001,greedy,none,none,none,none,f_value,1.500,5852,0.008501367053998633,4.017002734107997,0.0,16.06801093643199,,,50000,baseline,private,
<SOURCE_VECSTRAIGHT_REPO>/hetzner-results/phase3_vecstraight_comm_history_factorial_without_comm_full_history_15seeds_hetzner_20260330par24/train/cond2_seed202_ep50000.pt,cond2,202,0,9001,greedy,none,none,none,none,f_value,2.500,6044,0.17409827928524158,5.04458967571145,0.0,20.1783587028458,,,50000,baseline,private,
<SOURCE_VECSTRAIGHT_REPO>/hetzner-results/phase3_vecstraight_comm_history_factorial_without_comm_full_history_15seeds_hetzner_20260330par24/train/cond2_seed202_ep50000.pt,cond2,202,0,9001,greedy,none,none,none,none,f_value,3.500,6432,0.39342350746268656,7.934235074626866,0.0,31.736940298507463,,,50000,baseline,private,
<SOURCE_VECSTRAIGHT_REPO>/hetzner-results/phase3_vecstraight_comm_history_factorial_without_comm_full_history_15seeds_hetzner_20260330par24/train/cond2_seed202_ep50000.pt,cond2,202,0,9001,greedy,none,none,none,none,f_value,5.000,6363,0.37513751375137516,10.002200220022003,0.01603017444601603,40.00880088008801,,,50000,baseline,private,
<SOURCE_VECSTRAIGHT_REPO>/hetzner-results/phase3_vecstraight_comm_history_factorial_without_comm_full_history_15seeds_hetzner_20260330par24/train/cond2_seed303_ep100000.pt,cond2,303,0,9001,greedy,none,none,none,none,regime,competitive,5309,0.0011772461857223583,3.997645507628555,0.0,15.99058203051422,,,100000,baseline,private,
<SOURCE_VECSTRAIGHT_REPO>/hetzner-results/phase3_vecstraight_comm_history_factorial_without_comm_full_history_15seeds_hetzner_20260330par24/train/cond2_seed303_ep100000.pt,cond2,303,0,9001,greedy,none,none,none,none,regime,cooperative,6363,0.7635156372780135,16.216250196448215,0.2527109853842527,64.86500078579286,,,100000,baseline,private,
<SOURCE_VECSTRAIGHT_REPO>/hetzner-results/phase3_vecstraight_comm_history_factorial_without_comm_full_history_15seeds_hetzner_20260330par24/train/cond2_seed303_ep100000.pt,cond2,303,0,9001,greedy,none,none,none,none,regime,mixed,18328,0.21588553033609778,5.9363542121344395,0.002455259711916194,23.745416848537758,,,100000,baseline,private,
<SOURCE_VECSTRAIGHT_REPO>/hetzner-results/phase3_vecstraight_comm_history_factorial_without_comm_full_history_15seeds_hetzner_20260330par24/train/cond2_seed303_ep100000.pt,cond2,303,0,9001,greedy,none,none,none,none,f_value,0.500,5309,0.0011772461857223583,3.997645507628555,0.0,15.99058203051422,,,100000,baseline,private,
<SOURCE_VECSTRAIGHT_REPO>/hetzner-results/phase3_vecstraight_comm_history_factorial_without_comm_full_history_15seeds_hetzner_20260330par24/train/cond2_seed303_ep100000.pt,cond2,303,0,9001,greedy,none,none,none,none,f_value,1.500,5852,0.007476076555023923,4.014952153110048,0.0,16.059808612440193,,,100000,baseline,private,
<SOURCE_VECSTRAIGHT_REPO>/hetzner-results/phase3_vecstraight_comm_history_factorial_without_comm_full_history_15seeds_hetzner_20260330par24/train/cond2_seed303_ep100000.pt,cond2,303,0,9001,greedy,none,none,none,none,f_value,2.500,6044,0.1542025148908008,4.925215089344805,0.0,19.70086035737922,,,100000,baseline,private,
<SOURCE_VECSTRAIGHT_REPO>/hetzner-results/phase3_vecstraight_comm_history_factorial_without_comm_full_history_15seeds_hetzner_20260330par24/train/cond2_seed303_ep100000.pt,cond2,303,0,9001,greedy,none,none,none,none,f_value,3.500,6432,0.4634639303482587,8.634639303482587,0.006996268656716418,34.538557213930346,,,100000,baseline,private,
<SOURCE_VECSTRAIGHT_REPO>/hetzner-results/phase3_vecstraight_comm_history_factorial_without_comm_full_history_15seeds_hetzner_20260330par24/train/cond2_seed303_ep100000.pt,cond2,303,0,9001,greedy,none,none,none,none,f_value,5.000,6363,0.7635156372780135,16.216250196448215,0.2527109853842527,64.86500078579286,,,100000,baseline,private,
<SOURCE_VECSTRAIGHT_REPO>/hetzner-results/phase3_vecstraight_comm_history_factorial_without_comm_full_history_15seeds_hetzner_20260330par24/train/cond2_seed303.pt,cond2,303,0,9001,greedy,none,none,none,none,regime,competitive,5309,0.0,4.0,0.0,16.0,,,150000,baseline,private,
<SOURCE_VECSTRAIGHT_REPO>/hetzner-results/phase3_vecstraight_comm_history_factorial_without_comm_full_history_15seeds_hetzner_20260330par24/train/cond2_seed303.pt,cond2,303,0,9001,greedy,none,none,none,none,regime,cooperative,6363,0.59999214207135,13.5998742731416,0.11283985541411284,54.3994970925664,,,150000,baseline,private,
<SOURCE_VECSTRAIGHT_REPO>/hetzner-results/phase3_vecstraight_comm_history_factorial_without_comm_full_history_15seeds_hetzner_20260330par24/train/cond2_seed303.pt,cond2,303,0,9001,greedy,none,none,none,none,regime,mixed,18328,0.22891204714098648,6.235104757747709,0.04015713662156264,24.940419030990835,,,150000,baseline,private,
<SOURCE_VECSTRAIGHT_REPO>/hetzner-results/phase3_vecstraight_comm_history_factorial_without_comm_full_history_15seeds_hetzner_20260330par24/train/cond2_seed303.pt,cond2,303,0,9001,greedy,none,none,none,none,f_value,0.500,5309,0.0,4.0,0.0,16.0,,,150000,baseline,private,
<SOURCE_VECSTRAIGHT_REPO>/hetzner-results/phase3_vecstraight_comm_history_factorial_without_comm_full_history_15seeds_hetzner_20260330par24/train/cond2_seed303.pt,cond2,303,0,9001,greedy,none,none,none,none,f_value,1.500,5852,0.00038448393711551607,4.000768967874231,0.0,16.003075871496925,,,150000,baseline,private,
<SOURCE_VECSTRAIGHT_REPO>/hetzner-results/phase3_vecstraight_comm_history_factorial_without_comm_full_history_15seeds_hetzner_20260330par24/train/cond2_seed303.pt,cond2,303,0,9001,greedy,none,none,none,none,f_value,2.500,6044,0.04020516214427532,4.241230972865652,0.0,16.964923891462607,,,150000,baseline,private,
<SOURCE_VECSTRAIGHT_REPO>/hetzner-results/phase3_vecstraight_comm_history_factorial_without_comm_full_history_15seeds_hetzner_20260330par24/train/cond2_seed303.pt,cond2,303,0,9001,greedy,none,none,none,none,f_value,3.500,6432,0.6141557835820896,10.141557835820896,0.11442786069651742,40.56623134328358,,,150000,baseline,private,
<SOURCE_VECSTRAIGHT_REPO>/hetzner-results/phase3_vecstraight_comm_history_factorial_without_comm_full_history_15seeds_hetzner_20260330par24/train/cond2_seed303.pt,cond2,303,0,9001,greedy,none,none,none,none,f_value,5.000,6363,0.59999214207135,13.5998742731416,0.11283985541411284,54.3994970925664,,,150000,baseline,private,
<SOURCE_VECSTRAIGHT_REPO>/hetzner-results/phase3_vecstraight_comm_history_factorial_without_comm_full_history_15seeds_hetzner_20260330par24/train/cond2_seed303_ep25000.pt,cond2,303,0,9001,greedy,none,none,none,none,regime,competitive,5309,0.01205500094179695,3.975889998116406,0.0,15.903559992465624,,,25000,baseline,private,
<SOURCE_VECSTRAIGHT_REPO>/hetzner-results/phase3_vecstraight_comm_history_factorial_without_comm_full_history_15seeds_hetzner_20260330par24/train/cond2_seed303_ep25000.pt,cond2,303,0,9001,greedy,none,none,none,none,regime,cooperative,6363,0.7324375294672324,15.719000471475718,0.2215935879302216,62.87600188590287,,,25000,baseline,private,
<SOURCE_VECSTRAIGHT_REPO>/hetzner-results/phase3_vecstraight_comm_history_factorial_without_comm_full_history_15seeds_hetzner_20260330par24/train/cond2_seed303_ep25000.pt,cond2,303,0,9001,greedy,none,none,none,none,regime,mixed,18328,0.2418840026189437,6.123663247490179,0.004092099519860323,24.494652989960716,,,25000,baseline,private,
<SOURCE_VECSTRAIGHT_REPO>/hetzner-results/phase3_vecstraight_comm_history_factorial_without_comm_full_history_15seeds_hetzner_20260330par24/train/cond2_seed303_ep25000.pt,cond2,303,0,9001,greedy,none,none,none,none,f_value,0.500,5309,0.01205500094179695,3.975889998116406,0.0,15.903559992465624,,,25000,baseline,private,
<SOURCE_VECSTRAIGHT_REPO>/hetzner-results/phase3_vecstraight_comm_history_factorial_without_comm_full_history_15seeds_hetzner_20260330par24/train/cond2_seed303_ep25000.pt,cond2,303,0,9001,greedy,none,none,none,none,f_value,1.500,5852,0.007689678742310321,4.015379357484621,0.0,16.061517429938483,,,25000,baseline,private,
<SOURCE_VECSTRAIGHT_REPO>/hetzner-results/phase3_vecstraight_comm_history_factorial_without_comm_full_history_15seeds_hetzner_20260330par24/train/cond2_seed303_ep25000.pt,cond2,303,0,9001,greedy,none,none,none,none,f_value,2.500,6044,0.20888484447385838,5.25330906684315,0.0,21.0132362673726,,,25000,baseline,private,
<SOURCE_VECSTRAIGHT_REPO>/hetzner-results/phase3_vecstraight_comm_history_factorial_without_comm_full_history_15seeds_hetzner_20260330par24/train/cond2_seed303_ep25000.pt,cond2,303,0,9001,greedy,none,none,none,none,f_value,3.500,6432,0.4859685945273632,8.859685945273633,0.01166044776119403,35.43874378109453,,,25000,baseline,private,
<SOURCE_VECSTRAIGHT_REPO>/hetzner-results/phase3_vecstraight_comm_history_factorial_without_comm_full_history_15seeds_hetzner_20260330par24/train/cond2_seed303_ep25000.pt,cond2,303,0,9001,greedy,none,none,none,none,f_value,5.000,6363,0.7324375294672324,15.719000471475718,0.2215935879302216,62.87600188590287,,,25000,baseline,private,
<SOURCE_VECSTRAIGHT_REPO>/hetzner-results/phase3_vecstraight_comm_history_factorial_without_comm_full_history_15seeds_hetzner_20260330par24/train/cond2_seed303_ep50000.pt,cond2,303,0,9001,greedy,none,none,none,none,regime,competitive,5309,0.05113957430777924,3.8977208513844417,0.0,15.590883405537767,,,50000,baseline,private,
<SOURCE_VECSTRAIGHT_REPO>/hetzner-results/phase3_vecstraight_comm_history_factorial_without_comm_full_history_15seeds_hetzner_20260330par24/train/cond2_seed303_ep50000.pt,cond2,303,0,9001,greedy,none,none,none,none,regime,cooperative,6363,0.4892346377494892,11.827754203991828,0.028602860286028604,47.311016815967314,,,50000,baseline,private,
<SOURCE_VECSTRAIGHT_REPO>/hetzner-results/phase3_vecstraight_comm_history_factorial_without_comm_full_history_15seeds_hetzner_20260330par24/train/cond2_seed303_ep50000.pt,cond2,303,0,9001,greedy,none,none,none,none,regime,mixed,18328,0.190800960279354,5.800250982103885,0.015495416848537757,23.20100392841554,,,50000,baseline,private,
<SOURCE_VECSTRAIGHT_REPO>/hetzner-results/phase3_vecstraight_comm_history_factorial_without_comm_full_history_15seeds_hetzner_20260330par24/train/cond2_seed303_ep50000.pt,cond2,303,0,9001,greedy,none,none,none,none,f_value,0.500,5309,0.05113957430777924,3.8977208513844417,0.0,15.590883405537767,,,50000,baseline,private,
<SOURCE_VECSTRAIGHT_REPO>/hetzner-results/phase3_vecstraight_comm_history_factorial_without_comm_full_history_15seeds_hetzner_20260330par24/train/cond2_seed303_ep50000.pt,cond2,303,0,9001,greedy,none,none,none,none,f_value,1.500,5852,0.004143882433356117,4.008287764866712,0.0,16.03315105946685,,,50000,baseline,private,
<SOURCE_VECSTRAIGHT_REPO>/hetzner-results/phase3_vecstraight_comm_history_factorial_without_comm_full_history_15seeds_hetzner_20260330par24/train/cond2_seed303_ep50000.pt,cond2,303,0,9001,greedy,none,none,none,none,f_value,2.500,6044,0.07366810059563203,4.442008603573792,0.00033090668431502316,17.76803441429517,,,50000,baseline,private,
<SOURCE_VECSTRAIGHT_REPO>/hetzner-results/phase3_vecstraight_comm_history_factorial_without_comm_full_history_15seeds_hetzner_20260330par24/train/cond2_seed303_ep50000.pt,cond2,303,0,9001,greedy,none,none,none,none,f_value,3.500,6432,0.470693407960199,8.70693407960199,0.043843283582089554,34.82773631840796,,,50000,baseline,private,
<SOURCE_VECSTRAIGHT_REPO>/hetzner-results/phase3_vecstraight_comm_history_factorial_without_comm_full_history_15seeds_hetzner_20260330par24/train/cond2_seed303_ep50000.pt,cond2,303,0,9001,greedy,none,none,none,none,f_value,5.000,6363,0.4892346377494892,11.827754203991828,0.028602860286028604,47.311016815967314,,,50000,baseline,private,
<SOURCE_VECSTRAIGHT_REPO>/hetzner-results/phase3_vecstraight_comm_history_factorial_without_comm_full_history_15seeds_hetzner_20260330par24/train/cond2_seed404_ep100000.pt,cond2,404,0,9001,greedy,none,none,none,none,regime,competitive,5309,0.0017894142022979846,3.996421171595404,0.0,15.985684686381616,,,100000,baseline,private,
<SOURCE_VECSTRAIGHT_REPO>/hetzner-results/phase3_vecstraight_comm_history_factorial_without_comm_full_history_15seeds_hetzner_20260330par24/train/cond2_seed404_ep100000.pt,cond2,404,0,9001,greedy,none,none,none,none,regime,cooperative,6363,0.47595473833097596,11.615275813295614,0.0,46.46110325318246,,,100000,baseline,private,
<SOURCE_VECSTRAIGHT_REPO>/hetzner-results/phase3_vecstraight_comm_history_factorial_without_comm_full_history_15seeds_hetzner_20260330par24/train/cond2_seed404_ep100000.pt,cond2,404,0,9001,greedy,none,none,none,none,regime,mixed,18328,0.23172195547795724,6.046595373199477,0.0,24.186381492797906,,,100000,baseline,private,
<SOURCE_VECSTRAIGHT_REPO>/hetzner-results/phase3_vecstraight_comm_history_factorial_without_comm_full_history_15seeds_hetzner_20260330par24/train/cond2_seed404_ep100000.pt,cond2,404,0,9001,greedy,none,none,none,none,f_value,0.500,5309,0.0017894142022979846,3.996421171595404,0.0,15.985684686381616,,,100000,baseline,private,
<SOURCE_VECSTRAIGHT_REPO>/hetzner-results/phase3_vecstraight_comm_history_factorial_without_comm_full_history_15seeds_hetzner_20260330par24/train/cond2_seed404_ep100000.pt,cond2,404,0,9001,greedy,none,none,none,none,f_value,1.500,5852,0.006536226930963773,4.013072453861928,0.0,16.05228981544771,,,100000,baseline,private,
<SOURCE_VECSTRAIGHT_REPO>/hetzner-results/phase3_vecstraight_comm_history_factorial_without_comm_full_history_15seeds_hetzner_20260330par24/train/cond2_seed404_ep100000.pt,cond2,404,0,9001,greedy,none,none,none,none,f_value,2.500,6044,0.19250496360026473,5.155029781601589,0.0,20.620119126406355,,,100000,baseline,private,
<SOURCE_VECSTRAIGHT_REPO>/hetzner-results/phase3_vecstraight_comm_history_factorial_without_comm_full_history_15seeds_hetzner_20260330par24/train/cond2_seed404_ep100000.pt,cond2,404,0,9001,greedy,none,none,none,none,f_value,3.500,6432,0.4734530472636816,8.734530472636816,0.0,34.938121890547265,,,100000,baseline,private,
<SOURCE_VECSTRAIGHT_REPO>/hetzner-results/phase3_vecstraight_comm_history_factorial_without_comm_full_history_15seeds_hetzner_20260330par24/train/cond2_seed404_ep100000.pt,cond2,404,0,9001,greedy,none,none,none,none,f_value,5.000,6363,0.47595473833097596,11.615275813295614,0.0,46.46110325318246,,,100000,baseline,private,
<SOURCE_VECSTRAIGHT_REPO>/hetzner-results/phase3_vecstraight_comm_history_factorial_without_comm_full_history_15seeds_hetzner_20260330par24/train/cond2_seed404.pt,cond2,404,0,9001,greedy,none,none,none,none,regime,competitive,5309,0.00037671877943115466,3.9992465624411375,0.0,15.99698624976455,,,150000,baseline,private,
<SOURCE_VECSTRAIGHT_REPO>/hetzner-results/phase3_vecstraight_comm_history_factorial_without_comm_full_history_15seeds_hetzner_20260330par24/train/cond2_seed404.pt,cond2,404,0,9001,greedy,none,none,none,none,regime,cooperative,6363,0.6227801351563728,13.964482162501964,0.04903347477604903,55.85792865000786,,,150000,baseline,private,
<SOURCE_VECSTRAIGHT_REPO>/hetzner-results/phase3_vecstraight_comm_history_factorial_without_comm_full_history_15seeds_hetzner_20260330par24/train/cond2_seed404.pt,cond2,404,0,9001,greedy,none,none,none,none,regime,mixed,18328,0.21739960715844608,6.123472282845919,0.02531645569620253,24.493889131383675,,,150000,baseline,private,
<SOURCE_VECSTRAIGHT_REPO>/hetzner-results/phase3_vecstraight_comm_history_factorial_without_comm_full_history_15seeds_hetzner_20260330par24/train/cond2_seed404.pt,cond2,404,0,9001,greedy,none,none,none,none,f_value,0.500,5309,0.00037671877943115466,3.9992465624411375,0.0,15.99698624976455,,,150000,baseline,private,
<SOURCE_VECSTRAIGHT_REPO>/hetzner-results/phase3_vecstraight_comm_history_factorial_without_comm_full_history_15seeds_hetzner_20260330par24/train/cond2_seed404.pt,cond2,404,0,9001,greedy,none,none,none,none,f_value,1.500,5852,0.002306903622693096,4.004613807245386,0.0,16.018455228981544,,,150000,baseline,private,
<SOURCE_VECSTRAIGHT_REPO>/hetzner-results/phase3_vecstraight_comm_history_factorial_without_comm_full_history_15seeds_hetzner_20260330par24/train/cond2_seed404.pt,cond2,404,0,9001,greedy,none,none,none,none,f_value,2.500,6044,0.03383520847121112,4.203011250827267,0.00033090668431502316,16.812045003309066,,,150000,baseline,private,
<SOURCE_VECSTRAIGHT_REPO>/hetzner-results/phase3_vecstraight_comm_history_factorial_without_comm_full_history_15seeds_hetzner_20260330par24/train/cond2_seed404.pt,cond2,404,0,9001,greedy,none,none,none,none,f_value,3.500,6432,0.5855876865671642,9.855876865671641,0.07182835820895522,39.423507462686565,,,150000,baseline,private,
<SOURCE_VECSTRAIGHT_REPO>/hetzner-results/phase3_vecstraight_comm_history_factorial_without_comm_full_history_15seeds_hetzner_20260330par24/train/cond2_seed404.pt,cond2,404,0,9001,greedy,none,none,none,none,f_value,5.000,6363,0.6227801351563728,13.964482162501964,0.04903347477604903,55.85792865000786,,,150000,baseline,private,
<SOURCE_VECSTRAIGHT_REPO>/hetzner-results/phase3_vecstraight_comm_history_factorial_without_comm_full_history_15seeds_hetzner_20260330par24/train/cond2_seed404_ep25000.pt,cond2,404,0,9001,greedy,none,none,none,none,regime,competitive,5309,0.0073931060463364095,3.9852137879073273,0.0,15.940855151629309,,,25000,baseline,private,
<SOURCE_VECSTRAIGHT_REPO>/hetzner-results/phase3_vecstraight_comm_history_factorial_without_comm_full_history_15seeds_hetzner_20260330par24/train/cond2_seed404_ep25000.pt,cond2,404,0,9001,greedy,none,none,none,none,regime,cooperative,6363,0.35223165173660226,9.635706427785635,0.0003143171460003143,38.54282571114254,,,25000,baseline,private,
<SOURCE_VECSTRAIGHT_REPO>/hetzner-results/phase3_vecstraight_comm_history_factorial_without_comm_full_history_15seeds_hetzner_20260330par24/train/cond2_seed404_ep25000.pt,cond2,404,0,9001,greedy,none,none,none,none,regime,mixed,18328,0.0401298559580969,4.365124399825404,0.0,17.460497599301615,,,25000,baseline,private,
<SOURCE_VECSTRAIGHT_REPO>/hetzner-results/phase3_vecstraight_comm_history_factorial_without_comm_full_history_15seeds_hetzner_20260330par24/train/cond2_seed404_ep25000.pt,cond2,404,0,9001,greedy,none,none,none,none,f_value,0.500,5309,0.0073931060463364095,3.9852137879073273,0.0,15.940855151629309,,,25000,baseline,private,
<SOURCE_VECSTRAIGHT_REPO>/hetzner-results/phase3_vecstraight_comm_history_factorial_without_comm_full_history_15seeds_hetzner_20260330par24/train/cond2_seed404_ep25000.pt,cond2,404,0,9001,greedy,none,none,none,none,f_value,1.500,5852,0.0005553656869446344,4.001110731373889,0.0,16.004442925495557,,,25000,baseline,private,
<SOURCE_VECSTRAIGHT_REPO>/hetzner-results/phase3_vecstraight_comm_history_factorial_without_comm_full_history_15seeds_hetzner_20260330par24/train/cond2_seed404_ep25000.pt,cond2,404,0,9001,greedy,none,none,none,none,f_value,2.500,6044,0.02634844473858372,4.158090668431503,0.0,16.63236267372601,,,25000,baseline,private,
<SOURCE_VECSTRAIGHT_REPO>/hetzner-results/phase3_vecstraight_comm_history_factorial_without_comm_full_history_15seeds_hetzner_20260330par24/train/cond2_seed404_ep25000.pt,cond2,404,0,9001,greedy,none,none,none,none,f_value,3.500,6432,0.08908582089552239,4.8908582089552235,0.0,19.563432835820894,,,25000,baseline,private,
<SOURCE_VECSTRAIGHT_REPO>/hetzner-results/phase3_vecstraight_comm_history_factorial_without_comm_full_history_15seeds_hetzner_20260330par24/train/cond2_seed404_ep25000.pt,cond2,404,0,9001,greedy,none,none,none,none,f_value,5.000,6363,0.35223165173660226,9.635706427785635,0.0003143171460003143,38.54282571114254,,,25000,baseline,private,
<SOURCE_VECSTRAIGHT_REPO>/hetzner-results/phase3_vecstraight_comm_history_factorial_without_comm_full_history_15seeds_hetzner_20260330par24/train/cond2_seed404_ep50000.pt,cond2,404,0,9001,greedy,none,none,none,none,regime,competitive,5309,0.025475607459031834,3.9490487850819362,0.0,15.796195140327745,,,50000,baseline,private,
<SOURCE_VECSTRAIGHT_REPO>/hetzner-results/phase3_vecstraight_comm_history_factorial_without_comm_full_history_15seeds_hetzner_20260330par24/train/cond2_seed404_ep50000.pt,cond2,404,0,9001,greedy,none,none,none,none,regime,cooperative,6363,0.7673660223165174,16.277856357064277,0.28775734716328777,65.1114254282571,,,50000,baseline,private,
<SOURCE_VECSTRAIGHT_REPO>/hetzner-results/phase3_vecstraight_comm_history_factorial_without_comm_full_history_15seeds_hetzner_20260330par24/train/cond2_seed404_ep50000.pt,cond2,404,0,9001,greedy,none,none,none,none,regime,mixed,18328,0.20411392405063292,5.82011130510694,0.0012003491924923613,23.28044522042776,,,50000,baseline,private,
<SOURCE_VECSTRAIGHT_REPO>/hetzner-results/phase3_vecstraight_comm_history_factorial_without_comm_full_history_15seeds_hetzner_20260330par24/train/cond2_seed404_ep50000.pt,cond2,404,0,9001,greedy,none,none,none,none,f_value,0.500,5309,0.025475607459031834,3.9490487850819362,0.0,15.796195140327745,,,50000,baseline,private,
<SOURCE_VECSTRAIGHT_REPO>/hetzner-results/phase3_vecstraight_comm_history_factorial_without_comm_full_history_15seeds_hetzner_20260330par24/train/cond2_seed404_ep50000.pt,cond2,404,0,9001,greedy,none,none,none,none,f_value,1.500,5852,0.017002734107997266,4.0340054682159945,0.0,16.136021872863978,,,50000,baseline,private,
<SOURCE_VECSTRAIGHT_REPO>/hetzner-results/phase3_vecstraight_comm_history_factorial_without_comm_full_history_15seeds_hetzner_20260330par24/train/cond2_seed404_ep50000.pt,cond2,404,0,9001,greedy,none,none,none,none,f_value,2.500,6044,0.13463765718067505,4.80782594308405,0.0,19.2313037723362,,,50000,baseline,private,
<SOURCE_VECSTRAIGHT_REPO>/hetzner-results/phase3_vecstraight_comm_history_factorial_without_comm_full_history_15seeds_hetzner_20260330par24/train/cond2_seed404_ep50000.pt,cond2,404,0,9001,greedy,none,none,none,none,f_value,3.500,6432,0.4396377487562189,8.396377487562189,0.003420398009950249,33.585509950248756,,,50000,baseline,private,
<SOURCE_VECSTRAIGHT_REPO>/hetzner-results/phase3_vecstraight_comm_history_factorial_without_comm_full_history_15seeds_hetzner_20260330par24/train/cond2_seed404_ep50000.pt,cond2,404,0,9001,greedy,none,none,none,none,f_value,5.000,6363,0.7673660223165174,16.277856357064277,0.28775734716328777,65.1114254282571,,,50000,baseline,private,
<SOURCE_VECSTRAIGHT_REPO>/hetzner-results/phase3_vecstraight_comm_history_factorial_without_comm_full_history_15seeds_hetzner_20260330par24/train/cond2_seed505_ep100000.pt,cond2,505,0,9001,greedy,none,none,none,none,regime,competitive,5309,0.0,4.0,0.0,16.0,,,100000,baseline,private,
<SOURCE_VECSTRAIGHT_REPO>/hetzner-results/phase3_vecstraight_comm_history_factorial_without_comm_full_history_15seeds_hetzner_20260330par24/train/cond2_seed505_ep100000.pt,cond2,505,0,9001,greedy,none,none,none,none,regime,cooperative,6363,0.35635706427785635,9.701713028445702,0.002043061449002043,38.80685211378281,,,100000,baseline,private,
<SOURCE_VECSTRAIGHT_REPO>/hetzner-results/phase3_vecstraight_comm_history_factorial_without_comm_full_history_15seeds_hetzner_20260330par24/train/cond2_seed505_ep100000.pt,cond2,505,0,9001,greedy,none,none,none,none,regime,mixed,18328,0.03995253164556962,4.396960934089917,0.0,17.58784373635967,,,100000,baseline,private,
<SOURCE_VECSTRAIGHT_REPO>/hetzner-results/phase3_vecstraight_comm_history_factorial_without_comm_full_history_15seeds_hetzner_20260330par24/train/cond2_seed505_ep100000.pt,cond2,505,0,9001,greedy,none,none,none,none,f_value,0.500,5309,0.0,4.0,0.0,16.0,,,100000,baseline,private,
<SOURCE_VECSTRAIGHT_REPO>/hetzner-results/phase3_vecstraight_comm_history_factorial_without_comm_full_history_15seeds_hetzner_20260330par24/train/cond2_seed505_ep100000.pt,cond2,505,0,9001,greedy,none,none,none,none,f_value,1.500,5852,0.0,4.0,0.0,16.0,,,100000,baseline,private,
<SOURCE_VECSTRAIGHT_REPO>/hetzner-results/phase3_vecstraight_comm_history_factorial_without_comm_full_history_15seeds_hetzner_20260330par24/train/cond2_seed505_ep100000.pt,cond2,505,0,9001,greedy,none,none,none,none,f_value,2.500,6044,0.0019440767703507611,4.011664460622105,0.0,16.04665784248842,,,100000,baseline,private,
<SOURCE_VECSTRAIGHT_REPO>/hetzner-results/phase3_vecstraight_comm_history_factorial_without_comm_full_history_15seeds_hetzner_20260330par24/train/cond2_seed505_ep100000.pt,cond2,505,0,9001,greedy,none,none,none,none,f_value,3.500,6432,0.11201803482587065,5.120180348258707,0.0,20.480721393034827,,,100000,baseline,private,
<SOURCE_VECSTRAIGHT_REPO>/hetzner-results/phase3_vecstraight_comm_history_factorial_without_comm_full_history_15seeds_hetzner_20260330par24/train/cond2_seed505_ep100000.pt,cond2,505,0,9001,greedy,none,none,none,none,f_value,5.000,6363,0.35635706427785635,9.701713028445702,0.002043061449002043,38.80685211378281,,,100000,baseline,private,
<SOURCE_VECSTRAIGHT_REPO>/hetzner-results/phase3_vecstraight_comm_history_factorial_without_comm_full_history_15seeds_hetzner_20260330par24/train/cond2_seed505.pt,cond2,505,0,9001,greedy,none,none,none,none,regime,competitive,5309,0.0,4.0,0.0,16.0,,,150000,baseline,private,
<SOURCE_VECSTRAIGHT_REPO>/hetzner-results/phase3_vecstraight_comm_history_factorial_without_comm_full_history_15seeds_hetzner_20260330par24/train/cond2_seed505.pt,cond2,505,0,9001,greedy,none,none,none,none,regime,cooperative,6363,0.4614961496149615,11.383938393839385,0.034103410341034104,45.53575357535754,,,150000,baseline,private,
<SOURCE_VECSTRAIGHT_REPO>/hetzner-results/phase3_vecstraight_comm_history_factorial_without_comm_full_history_15seeds_hetzner_20260330par24/train/cond2_seed505.pt,cond2,505,0,9001,greedy,none,none,none,none,regime,mixed,18328,0.010025643823657792,4.100201876909646,0.0,16.400807507638586,,,150000,baseline,private,
<SOURCE_VECSTRAIGHT_REPO>/hetzner-results/phase3_vecstraight_comm_history_factorial_without_comm_full_history_15seeds_hetzner_20260330par24/train/cond2_seed505.pt,cond2,505,0,9001,greedy,none,none,none,none,f_value,0.500,5309,0.0,4.0,0.0,16.0,,,150000,baseline,private,
<SOURCE_VECSTRAIGHT_REPO>/hetzner-results/phase3_vecstraight_comm_history_factorial_without_comm_full_history_15seeds_hetzner_20260330par24/train/cond2_seed505.pt,cond2,505,0,9001,greedy,none,none,none,none,f_value,1.500,5852,0.0,4.0,0.0,16.0,,,150000,baseline,private,
<SOURCE_VECSTRAIGHT_REPO>/hetzner-results/phase3_vecstraight_comm_history_factorial_without_comm_full_history_15seeds_hetzner_20260330par24/train/cond2_seed505.pt,cond2,505,0,9001,greedy,none,none,none,none,f_value,2.500,6044,4.1363335539377896e-05,4.000248180013236,0.0,16.000992720052945,,,150000,baseline,private,
<SOURCE_VECSTRAIGHT_REPO>/hetzner-results/phase3_vecstraight_comm_history_factorial_without_comm_full_history_15seeds_hetzner_20260330par24/train/cond2_seed505.pt,cond2,505,0,9001,greedy,none,none,none,none,f_value,3.500,6432,0.028529228855721393,4.285292288557214,0.0,17.141169154228855,,,150000,baseline,private,
<SOURCE_VECSTRAIGHT_REPO>/hetzner-results/phase3_vecstraight_comm_history_factorial_without_comm_full_history_15seeds_hetzner_20260330par24/train/cond2_seed505.pt,cond2,505,0,9001,greedy,none,none,none,none,f_value,5.000,6363,0.4614961496149615,11.383938393839385,0.034103410341034104,45.53575357535754,,,150000,baseline,private,
<SOURCE_VECSTRAIGHT_REPO>/hetzner-results/phase3_vecstraight_comm_history_factorial_without_comm_full_history_15seeds_hetzner_20260330par24/train/cond2_seed505_ep25000.pt,cond2,505,0,9001,greedy,none,none,none,none,regime,competitive,5309,0.018082501412695424,3.963834997174609,0.0,15.855339988698436,,,25000,baseline,private,
<SOURCE_VECSTRAIGHT_REPO>/hetzner-results/phase3_vecstraight_comm_history_factorial_without_comm_full_history_15seeds_hetzner_20260330par24/train/cond2_seed505_ep25000.pt,cond2,505,0,9001,greedy,none,none,none,none,regime,cooperative,6363,0.8662187647336163,17.85950023573786,0.471004243281471,71.43800094295143,,,25000,baseline,private,
<SOURCE_VECSTRAIGHT_REPO>/hetzner-results/phase3_vecstraight_comm_history_factorial_without_comm_full_history_15seeds_hetzner_20260330par24/train/cond2_seed505_ep25000.pt,cond2,505,0,9001,greedy,none,none,none,none,regime,mixed,18328,0.22694783937145352,6.0275534701003926,0.01178524661719773,24.11021388040157,,,25000,baseline,private,
<SOURCE_VECSTRAIGHT_REPO>/hetzner-results/phase3_vecstraight_comm_history_factorial_without_comm_full_history_15seeds_hetzner_20260330par24/train/cond2_seed505_ep25000.pt,cond2,505,0,9001,greedy,none,none,none,none,f_value,0.500,5309,0.018082501412695424,3.963834997174609,0.0,15.855339988698436,,,25000,baseline,private,
<SOURCE_VECSTRAIGHT_REPO>/hetzner-results/phase3_vecstraight_comm_history_factorial_without_comm_full_history_15seeds_hetzner_20260330par24/train/cond2_seed505_ep25000.pt,cond2,505,0,9001,greedy,none,none,none,none,f_value,1.500,5852,0.012260765550239234,4.024521531100478,0.0,16.098086124401913,,,25000,baseline,private,
<SOURCE_VECSTRAIGHT_REPO>/hetzner-results/phase3_vecstraight_comm_history_factorial_without_comm_full_history_15seeds_hetzner_20260330par24/train/cond2_seed505_ep25000.pt,cond2,505,0,9001,greedy,none,none,none,none,f_value,2.500,6044,0.15966247518199866,4.957974851091992,0.0,19.831899404367967,,,25000,baseline,private,
<SOURCE_VECSTRAIGHT_REPO>/hetzner-results/phase3_vecstraight_comm_history_factorial_without_comm_full_history_15seeds_hetzner_20260330par24/train/cond2_seed505_ep25000.pt,cond2,505,0,9001,greedy,none,none,none,none,f_value,3.500,6432,0.4855021766169154,8.855021766169154,0.033582089552238806,35.420087064676615,,,25000,baseline,private,
<SOURCE_VECSTRAIGHT_REPO>/hetzner-results/phase3_vecstraight_comm_history_factorial_without_comm_full_history_15seeds_hetzner_20260330par24/train/cond2_seed505_ep25000.pt,cond2,505,0,9001,greedy,none,none,none,none,f_value,5.000,6363,0.8662187647336163,17.85950023573786,0.471004243281471,71.43800094295143,,,25000,baseline,private,
<SOURCE_VECSTRAIGHT_REPO>/hetzner-results/phase3_vecstraight_comm_history_factorial_without_comm_full_history_15seeds_hetzner_20260330par24/train/cond2_seed505_ep50000.pt,cond2,505,0,9001,greedy,none,none,none,none,regime,competitive,5309,0.001130156338293464,3.997739687323413,0.0,15.990958749293652,,,50000,baseline,private,
<SOURCE_VECSTRAIGHT_REPO>/hetzner-results/phase3_vecstraight_comm_history_factorial_without_comm_full_history_15seeds_hetzner_20260330par24/train/cond2_seed505_ep50000.pt,cond2,505,0,9001,greedy,none,none,none,none,regime,cooperative,6363,0.6377494892346377,14.203991827754203,0.11582586830111583,56.81596731101681,,,50000,baseline,private,
<SOURCE_VECSTRAIGHT_REPO>/hetzner-results/phase3_vecstraight_comm_history_factorial_without_comm_full_history_15seeds_hetzner_20260330par24/train/cond2_seed505_ep50000.pt,cond2,505,0,9001,greedy,none,none,none,none,regime,mixed,18328,0.18328513749454386,5.614005892623308,0.0010912265386294195,22.456023570493233,,,50000,baseline,private,
<SOURCE_VECSTRAIGHT_REPO>/hetzner-results/phase3_vecstraight_comm_history_factorial_without_comm_full_history_15seeds_hetzner_20260330par24/train/cond2_seed505_ep50000.pt,cond2,505,0,9001,greedy,none,none,none,none,f_value,0.500,5309,0.001130156338293464,3.997739687323413,0.0,15.990958749293652,,,50000,baseline,private,
<SOURCE_VECSTRAIGHT_REPO>/hetzner-results/phase3_vecstraight_comm_history_factorial_without_comm_full_history_15seeds_hetzner_20260330par24/train/cond2_seed505_ep50000.pt,cond2,505,0,9001,greedy,none,none,none,none,f_value,1.500,5852,0.006493506493506494,4.012987012987013,0.0,16.051948051948052,,,50000,baseline,private,
<SOURCE_VECSTRAIGHT_REPO>/hetzner-results/phase3_vecstraight_comm_history_factorial_without_comm_full_history_15seeds_hetzner_20260330par24/train/cond2_seed505_ep50000.pt,cond2,505,0,9001,greedy,none,none,none,none,f_value,2.500,6044,0.15333388484447386,4.920003309066844,0.0,19.680013236267374,,,50000,baseline,private,
<SOURCE_VECSTRAIGHT_REPO>/hetzner-results/phase3_vecstraight_comm_history_factorial_without_comm_full_history_15seeds_hetzner_20260330par24/train/cond2_seed505_ep50000.pt,cond2,505,0,9001,greedy,none,none,none,none,f_value,3.500,6432,0.3722792288557214,7.722792288557214,0.003109452736318408,30.891169154228855,,,50000,baseline,private,
<SOURCE_VECSTRAIGHT_REPO>/hetzner-results/phase3_vecstraight_comm_history_factorial_without_comm_full_history_15seeds_hetzner_20260330par24/train/cond2_seed505_ep50000.pt,cond2,505,0,9001,greedy,none,none,none,none,f_value,5.000,6363,0.6377494892346377,14.203991827754203,0.11582586830111583,56.81596731101681,,,50000,baseline,private,
<SOURCE_VECSTRAIGHT_REPO>/hetzner-results/phase3_vecstraight_comm_history_factorial_without_comm_full_history_15seeds_hetzner_20260330par24/train/cond2_seed606_ep100000.pt,cond2,606,0,9001,greedy,none,none,none,none,regime,competitive,5309,0.0025899416085891883,3.9948201167828215,0.0,15.979280467131286,,,100000,baseline,private,
<SOURCE_VECSTRAIGHT_REPO>/hetzner-results/phase3_vecstraight_comm_history_factorial_without_comm_full_history_15seeds_hetzner_20260330par24/train/cond2_seed606_ep100000.pt,cond2,606,0,9001,greedy,none,none,none,none,regime,cooperative,6363,0.6688275970454188,14.701241552726701,0.1548011944051548,58.804966210906805,,,100000,baseline,private,
<SOURCE_VECSTRAIGHT_REPO>/hetzner-results/phase3_vecstraight_comm_history_factorial_without_comm_full_history_15seeds_hetzner_20260330par24/train/cond2_seed606_ep100000.pt,cond2,606,0,9001,greedy,none,none,none,none,regime,mixed,18328,0.26304015713662154,6.383511567001309,0.002455259711916194,25.534046268005238,,,100000,baseline,private,
<SOURCE_VECSTRAIGHT_REPO>/hetzner-results/phase3_vecstraight_comm_history_factorial_without_comm_full_history_15seeds_hetzner_20260330par24/train/cond2_seed606_ep100000.pt,cond2,606,0,9001,greedy,none,none,none,none,f_value,0.500,5309,0.0025899416085891883,3.9948201167828215,0.0,15.979280467131286,,,100000,baseline,private,
<SOURCE_VECSTRAIGHT_REPO>/hetzner-results/phase3_vecstraight_comm_history_factorial_without_comm_full_history_15seeds_hetzner_20260330par24/train/cond2_seed606_ep100000.pt,cond2,606,0,9001,greedy,none,none,none,none,f_value,1.500,5852,0.007006151742993848,4.014012303485988,0.0,16.05604921394395,,,100000,baseline,private,
<SOURCE_VECSTRAIGHT_REPO>/hetzner-results/phase3_vecstraight_comm_history_factorial_without_comm_full_history_15seeds_hetzner_20260330par24/train/cond2_seed606_ep100000.pt,cond2,606,0,9001,greedy,none,none,none,none,f_value,2.500,6044,0.17360191925876903,5.041611515552614,0.0006618133686300463,20.166446062210458,,,100000,baseline,private,
<SOURCE_VECSTRAIGHT_REPO>/hetzner-results/phase3_vecstraight_comm_history_factorial_without_comm_full_history_15seeds_hetzner_20260330par24/train/cond2_seed606_ep100000.pt,cond2,606,0,9001,greedy,none,none,none,none,f_value,3.500,6432,0.580029539800995,9.80029539800995,0.006374378109452736,39.2011815920398,,,100000,baseline,private,
<SOURCE_VECSTRAIGHT_REPO>/hetzner-results/phase3_vecstraight_comm_history_factorial_without_comm_full_history_15seeds_hetzner_20260330par24/train/cond2_seed606_ep100000.pt,cond2,606,0,9001,greedy,none,none,none,none,f_value,5.000,6363,0.6688275970454188,14.701241552726701,0.1548011944051548,58.804966210906805,,,100000,baseline,private,
<SOURCE_VECSTRAIGHT_REPO>/hetzner-results/phase3_vecstraight_comm_history_factorial_without_comm_full_history_15seeds_hetzner_20260330par24/train/cond2_seed606.pt,cond2,606,0,9001,greedy,none,none,none,none,regime,competitive,5309,0.00018835938971557733,3.9996232812205688,0.0,15.998493124882275,,,150000,baseline,private,
<SOURCE_VECSTRAIGHT_REPO>/hetzner-results/phase3_vecstraight_comm_history_factorial_without_comm_full_history_15seeds_hetzner_20260330par24/train/cond2_seed606.pt,cond2,606,0,9001,greedy,none,none,none,none,regime,cooperative,6363,0.7136570799937136,15.418513279899418,0.2787993085022788,61.67405311959767,,,150000,baseline,private,
<SOURCE_VECSTRAIGHT_REPO>/hetzner-results/phase3_vecstraight_comm_history_factorial_without_comm_full_history_15seeds_hetzner_20260330par24/train/cond2_seed606.pt,cond2,606,0,9001,greedy,none,none,none,none,regime,mixed,18328,0.24836316019205587,6.3780008729812305,0.06869271060672195,25.512003491924922,,,150000,baseline,private,
<SOURCE_VECSTRAIGHT_REPO>/hetzner-results/phase3_vecstraight_comm_history_factorial_without_comm_full_history_15seeds_hetzner_20260330par24/train/cond2_seed606.pt,cond2,606,0,9001,greedy,none,none,none,none,f_value,0.500,5309,0.00018835938971557733,3.9996232812205688,0.0,15.998493124882275,,,150000,baseline,private,
<SOURCE_VECSTRAIGHT_REPO>/hetzner-results/phase3_vecstraight_comm_history_factorial_without_comm_full_history_15seeds_hetzner_20260330par24/train/cond2_seed606.pt,cond2,606,0,9001,greedy,none,none,none,none,f_value,1.500,5852,0.002734107997265892,4.005468215994532,0.0,16.02187286397813,,,150000,baseline,private,
<SOURCE_VECSTRAIGHT_REPO>/hetzner-results/phase3_vecstraight_comm_history_factorial_without_comm_full_history_15seeds_hetzner_20260330par24/train/cond2_seed606.pt,cond2,606,0,9001,greedy,none,none,none,none,f_value,2.500,6044,0.07478491065519524,4.448709463931172,0.00016545334215751158,17.794837855724687,,,150000,baseline,private,
<SOURCE_VECSTRAIGHT_REPO>/hetzner-results/phase3_vecstraight_comm_history_factorial_without_comm_full_history_15seeds_hetzner_20260330par24/train/cond2_seed606.pt,cond2,606,0,9001,greedy,none,none,none,none,f_value,3.500,6432,0.6349502487562189,10.349502487562189,0.19558457711442787,41.398009950248756,,,150000,baseline,private,
<SOURCE_VECSTRAIGHT_REPO>/hetzner-results/phase3_vecstraight_comm_history_factorial_without_comm_full_history_15seeds_hetzner_20260330par24/train/cond2_seed606.pt,cond2,606,0,9001,greedy,none,none,none,none,f_value,5.000,6363,0.7136570799937136,15.418513279899418,0.2787993085022788,61.67405311959767,,,150000,baseline,private,
<SOURCE_VECSTRAIGHT_REPO>/hetzner-results/phase3_vecstraight_comm_history_factorial_without_comm_full_history_15seeds_hetzner_20260330par24/train/cond2_seed606_ep25000.pt,cond2,606,0,9001,greedy,none,none,none,none,regime,competitive,5309,0.0017423243548690902,3.996515351290262,0.0,15.986061405161047,,,25000,baseline,private,
<SOURCE_VECSTRAIGHT_REPO>/hetzner-results/phase3_vecstraight_comm_history_factorial_without_comm_full_history_15seeds_hetzner_20260330par24/train/cond2_seed606_ep25000.pt,cond2,606,0,9001,greedy,none,none,none,none,regime,cooperative,6363,0.5955131227408456,13.528209963853529,0.18764733616218765,54.112839855414116,,,25000,baseline,private,
<SOURCE_VECSTRAIGHT_REPO>/hetzner-results/phase3_vecstraight_comm_history_factorial_without_comm_full_history_15seeds_hetzner_20260330par24/train/cond2_seed606_ep25000.pt,cond2,606,0,9001,greedy,none,none,none,none,regime,mixed,18328,0.1849628982976866,5.653317328677433,0.00223701440419031,22.613269314709733,,,25000,baseline,private,
<SOURCE_VECSTRAIGHT_REPO>/hetzner-results/phase3_vecstraight_comm_history_factorial_without_comm_full_history_15seeds_hetzner_20260330par24/train/cond2_seed606_ep25000.pt,cond2,606,0,9001,greedy,none,none,none,none,f_value,0.500,5309,0.0017423243548690902,3.996515351290262,0.0,15.986061405161047,,,25000,baseline,private,
<SOURCE_VECSTRAIGHT_REPO>/hetzner-results/phase3_vecstraight_comm_history_factorial_without_comm_full_history_15seeds_hetzner_20260330par24/train/cond2_seed606_ep25000.pt,cond2,606,0,9001,greedy,none,none,none,none,f_value,1.500,5852,0.01465311004784689,4.029306220095694,0.0,16.117224880382775,,,25000,baseline,private,
<SOURCE_VECSTRAIGHT_REPO>/hetzner-results/phase3_vecstraight_comm_history_factorial_without_comm_full_history_15seeds_hetzner_20260330par24/train/cond2_seed606_ep25000.pt,cond2,606,0,9001,greedy,none,none,none,none,f_value,2.500,6044,0.12045003309066843,4.72270019854401,0.0,18.89080079417604,,,25000,baseline,private,
<SOURCE_VECSTRAIGHT_REPO>/hetzner-results/phase3_vecstraight_comm_history_factorial_without_comm_full_history_15seeds_hetzner_20260330par24/train/cond2_seed606_ep25000.pt,cond2,606,0,9001,greedy,none,none,none,none,f_value,3.500,6432,0.4005363805970149,8.005363805970148,0.006374378109452736,32.021455223880594,,,25000,baseline,private,
<SOURCE_VECSTRAIGHT_REPO>/hetzner-results/phase3_vecstraight_comm_history_factorial_without_comm_full_history_15seeds_hetzner_20260330par24/train/cond2_seed606_ep25000.pt,cond2,606,0,9001,greedy,none,none,none,none,f_value,5.000,6363,0.5955131227408456,13.528209963853529,0.18764733616218765,54.112839855414116,,,25000,baseline,private,
<SOURCE_VECSTRAIGHT_REPO>/hetzner-results/phase3_vecstraight_comm_history_factorial_without_comm_full_history_15seeds_hetzner_20260330par24/train/cond2_seed606_ep50000.pt,cond2,606,0,9001,greedy,none,none,none,none,regime,competitive,5309,0.005462422301751742,3.9890751553964967,0.0,15.956300621585987,,,50000,baseline,private,
<SOURCE_VECSTRAIGHT_REPO>/hetzner-results/phase3_vecstraight_comm_history_factorial_without_comm_full_history_15seeds_hetzner_20260330par24/train/cond2_seed606_ep50000.pt,cond2,606,0,9001,greedy,none,none,none,none,regime,cooperative,6363,0.5593666509508094,12.94986641521295,0.042275656137042275,51.7994656608518,,,50000,baseline,private,
<SOURCE_VECSTRAIGHT_REPO>/hetzner-results/phase3_vecstraight_comm_history_factorial_without_comm_full_history_15seeds_hetzner_20260330par24/train/cond2_seed606_ep50000.pt,cond2,606,0,9001,greedy,none,none,none,none,regime,mixed,18328,0.4302979048450458,7.391095591444784,0.06509166302924486,29.564382365779135,,,50000,baseline,private,
<SOURCE_VECSTRAIGHT_REPO>/hetzner-results/phase3_vecstraight_comm_history_factorial_without_comm_full_history_15seeds_hetzner_20260330par24/train/cond2_seed606_ep50000.pt,cond2,606,0,9001,greedy,none,none,none,none,f_value,0.500,5309,0.005462422301751742,3.9890751553964967,0.0,15.956300621585987,,,50000,baseline,private,
<SOURCE_VECSTRAIGHT_REPO>/hetzner-results/phase3_vecstraight_comm_history_factorial_without_comm_full_history_15seeds_hetzner_20260330par24/train/cond2_seed606_ep50000.pt,cond2,606,0,9001,greedy,none,none,none,none,f_value,1.500,5852,0.07497436773752564,4.149948735475051,0.00017088174982911826,16.599794941900203,,,50000,baseline,private,
<SOURCE_VECSTRAIGHT_REPO>/hetzner-results/phase3_vecstraight_comm_history_factorial_without_comm_full_history_15seeds_hetzner_20260330par24/train/cond2_seed606_ep50000.pt,cond2,606,0,9001,greedy,none,none,none,none,f_value,2.500,6044,0.5461201191264063,7.276720714758438,0.0670086035737922,29.106882859033753,,,50000,baseline,private,
<SOURCE_VECSTRAIGHT_REPO>/hetzner-results/phase3_vecstraight_comm_history_factorial_without_comm_full_history_15seeds_hetzner_20260330par24/train/cond2_seed606_ep50000.pt,cond2,606,0,9001,greedy,none,none,none,none,f_value,3.500,6432,0.6447450248756219,10.447450248756219,0.12235696517412935,41.789800995024876,,,50000,baseline,private,
<SOURCE_VECSTRAIGHT_REPO>/hetzner-results/phase3_vecstraight_comm_history_factorial_without_comm_full_history_15seeds_hetzner_20260330par24/train/cond2_seed606_ep50000.pt,cond2,606,0,9001,greedy,none,none,none,none,f_value,5.000,6363,0.5593666509508094,12.94986641521295,0.042275656137042275,51.7994656608518,,,50000,baseline,private,
<SOURCE_VECSTRAIGHT_REPO>/hetzner-results/phase3_vecstraight_comm_history_factorial_without_comm_full_history_15seeds_hetzner_20260330par24/train/cond2_seed707_ep100000.pt,cond2,707,0,9001,greedy,none,none,none,none,regime,competitive,5309,0.0022132228291580334,3.995573554341684,0.0,15.982294217366736,,,100000,baseline,private,
<SOURCE_VECSTRAIGHT_REPO>/hetzner-results/phase3_vecstraight_comm_history_factorial_without_comm_full_history_15seeds_hetzner_20260330par24/train/cond2_seed707_ep100000.pt,cond2,707,0,9001,greedy,none,none,none,none,regime,cooperative,6363,0.6108753732516109,13.774005972025774,0.23243752946723245,55.0960238881031,,,100000,baseline,private,
<SOURCE_VECSTRAIGHT_REPO>/hetzner-results/phase3_vecstraight_comm_history_factorial_without_comm_full_history_15seeds_hetzner_20260330par24/train/cond2_seed707_ep100000.pt,cond2,707,0,9001,greedy,none,none,none,none,regime,mixed,18328,0.1972255565255347,5.805843518114361,0.005947184635530336,23.223374072457442,,,100000,baseline,private,
<SOURCE_VECSTRAIGHT_REPO>/hetzner-results/phase3_vecstraight_comm_history_factorial_without_comm_full_history_15seeds_hetzner_20260330par24/train/cond2_seed707_ep100000.pt,cond2,707,0,9001,greedy,none,none,none,none,f_value,0.500,5309,0.0022132228291580334,3.995573554341684,0.0,15.982294217366736,,,100000,baseline,private,
<SOURCE_VECSTRAIGHT_REPO>/hetzner-results/phase3_vecstraight_comm_history_factorial_without_comm_full_history_15seeds_hetzner_20260330par24/train/cond2_seed707_ep100000.pt,cond2,707,0,9001,greedy,none,none,none,none,f_value,1.500,5852,0.010252904989747095,4.020505809979494,0.0,16.082023239917977,,,100000,baseline,private,
<SOURCE_VECSTRAIGHT_REPO>/hetzner-results/phase3_vecstraight_comm_history_factorial_without_comm_full_history_15seeds_hetzner_20260330par24/train/cond2_seed707_ep100000.pt,cond2,707,0,9001,greedy,none,none,none,none,f_value,2.500,6044,0.1063037723362012,4.6378226340172075,0.0,18.55129053606883,,,100000,baseline,private,
<SOURCE_VECSTRAIGHT_REPO>/hetzner-results/phase3_vecstraight_comm_history_factorial_without_comm_full_history_15seeds_hetzner_20260330par24/train/cond2_seed707_ep100000.pt,cond2,707,0,9001,greedy,none,none,none,none,f_value,3.500,6432,0.4527751865671642,8.527751865671641,0.016946517412935323,34.111007462686565,,,100000,baseline,private,
<SOURCE_VECSTRAIGHT_REPO>/hetzner-results/phase3_vecstraight_comm_history_factorial_without_comm_full_history_15seeds_hetzner_20260330par24/train/cond2_seed707_ep100000.pt,cond2,707,0,9001,greedy,none,none,none,none,f_value,5.000,6363,0.6108753732516109,13.774005972025774,0.23243752946723245,55.0960238881031,,,100000,baseline,private,
<SOURCE_VECSTRAIGHT_REPO>/hetzner-results/phase3_vecstraight_comm_history_factorial_without_comm_full_history_15seeds_hetzner_20260330par24/train/cond2_seed707.pt,cond2,707,0,9001,greedy,none,none,none,none,regime,competitive,5309,0.0,4.0,0.0,16.0,,,150000,baseline,private,
<SOURCE_VECSTRAIGHT_REPO>/hetzner-results/phase3_vecstraight_comm_history_factorial_without_comm_full_history_15seeds_hetzner_20260330par24/train/cond2_seed707.pt,cond2,707,0,9001,greedy,none,none,none,none,regime,cooperative,6363,0.6516187333019016,14.425899732830425,0.11393996542511393,57.7035989313217,,,150000,baseline,private,
<SOURCE_VECSTRAIGHT_REPO>/hetzner-results/phase3_vecstraight_comm_history_factorial_without_comm_full_history_15seeds_hetzner_20260330par24/train/cond2_seed707.pt,cond2,707,0,9001,greedy,none,none,none,none,regime,mixed,18328,0.016668485377564383,4.163083806198166,0.0,16.652335224792665,,,150000,baseline,private,
<SOURCE_VECSTRAIGHT_REPO>/hetzner-results/phase3_vecstraight_comm_history_factorial_without_comm_full_history_15seeds_hetzner_20260330par24/train/cond2_seed707.pt,cond2,707,0,9001,greedy,none,none,none,none,f_value,0.500,5309,0.0,4.0,0.0,16.0,,,150000,baseline,private,
<SOURCE_VECSTRAIGHT_REPO>/hetzner-results/phase3_vecstraight_comm_history_factorial_without_comm_full_history_15seeds_hetzner_20260330par24/train/cond2_seed707.pt,cond2,707,0,9001,greedy,none,none,none,none,f_value,1.500,5852,0.00017088174982911826,4.000341763499658,0.0,16.00136705399863,,,150000,baseline,private,
<SOURCE_VECSTRAIGHT_REPO>/hetzner-results/phase3_vecstraight_comm_history_factorial_without_comm_full_history_15seeds_hetzner_20260330par24/train/cond2_seed707.pt,cond2,707,0,9001,greedy,none,none,none,none,f_value,2.500,6044,0.002399073461283918,4.0143944407677035,0.0,16.057577763070814,,,150000,baseline,private,
<SOURCE_VECSTRAIGHT_REPO>/hetzner-results/phase3_vecstraight_comm_history_factorial_without_comm_full_history_15seeds_hetzner_20260330par24/train/cond2_seed707.pt,cond2,707,0,9001,greedy,none,none,none,none,f_value,3.500,6432,0.04508706467661692,4.450870646766169,0.0,17.803482587064675,,,150000,baseline,private,
<SOURCE_VECSTRAIGHT_REPO>/hetzner-results/phase3_vecstraight_comm_history_factorial_without_comm_full_history_15seeds_hetzner_20260330par24/train/cond2_seed707.pt,cond2,707,0,9001,greedy,none,none,none,none,f_value,5.000,6363,0.6516187333019016,14.425899732830425,0.11393996542511393,57.7035989313217,,,150000,baseline,private,
<SOURCE_VECSTRAIGHT_REPO>/hetzner-results/phase3_vecstraight_comm_history_factorial_without_comm_full_history_15seeds_hetzner_20260330par24/train/cond2_seed707_ep25000.pt,cond2,707,0,9001,greedy,none,none,none,none,regime,competitive,5309,0.0038142776417404408,3.992371444716519,0.0,15.969485778866076,,,25000,baseline,private,
<SOURCE_VECSTRAIGHT_REPO>/hetzner-results/phase3_vecstraight_comm_history_factorial_without_comm_full_history_15seeds_hetzner_20260330par24/train/cond2_seed707_ep25000.pt,cond2,707,0,9001,greedy,none,none,none,none,regime,cooperative,6363,0.5111582586830111,12.178532138928178,0.0006286342920006286,48.71412855571271,,,25000,baseline,private,
<SOURCE_VECSTRAIGHT_REPO>/hetzner-results/phase3_vecstraight_comm_history_factorial_without_comm_full_history_15seeds_hetzner_20260330par24/train/cond2_seed707_ep25000.pt,cond2,707,0,9001,greedy,none,none,none,none,regime,mixed,18328,0.13969063727629855,5.345291357485814,0.0,21.381165429943255,,,25000,baseline,private,
<SOURCE_VECSTRAIGHT_REPO>/hetzner-results/phase3_vecstraight_comm_history_factorial_without_comm_full_history_15seeds_hetzner_20260330par24/train/cond2_seed707_ep25000.pt,cond2,707,0,9001,greedy,none,none,none,none,f_value,0.500,5309,0.0038142776417404408,3.992371444716519,0.0,15.969485778866076,,,25000,baseline,private,
<SOURCE_VECSTRAIGHT_REPO>/hetzner-results/phase3_vecstraight_comm_history_factorial_without_comm_full_history_15seeds_hetzner_20260330par24/train/cond2_seed707_ep25000.pt,cond2,707,0,9001,greedy,none,none,none,none,f_value,1.500,5852,0.0022641831852358166,4.004528366370471,0.0,16.018113465481886,,,25000,baseline,private,
<SOURCE_VECSTRAIGHT_REPO>/hetzner-results/phase3_vecstraight_comm_history_factorial_without_comm_full_history_15seeds_hetzner_20260330par24/train/cond2_seed707_ep25000.pt,cond2,707,0,9001,greedy,none,none,none,none,f_value,2.500,6044,0.03474520185307743,4.208471211118464,0.0,16.833884844473857,,,25000,baseline,private,
<SOURCE_VECSTRAIGHT_REPO>/hetzner-results/phase3_vecstraight_comm_history_factorial_without_comm_full_history_15seeds_hetzner_20260330par24/train/cond2_seed707_ep25000.pt,cond2,707,0,9001,greedy,none,none,none,none,f_value,3.500,6432,0.363339552238806,7.63339552238806,0.0,30.53358208955224,,,25000,baseline,private,
<SOURCE_VECSTRAIGHT_REPO>/hetzner-results/phase3_vecstraight_comm_history_factorial_without_comm_full_history_15seeds_hetzner_20260330par24/train/cond2_seed707_ep25000.pt,cond2,707,0,9001,greedy,none,none,none,none,f_value,5.000,6363,0.5111582586830111,12.178532138928178,0.0006286342920006286,48.71412855571271,,,25000,baseline,private,
<SOURCE_VECSTRAIGHT_REPO>/hetzner-results/phase3_vecstraight_comm_history_factorial_without_comm_full_history_15seeds_hetzner_20260330par24/train/cond2_seed707_ep50000.pt,cond2,707,0,9001,greedy,none,none,none,none,regime,competitive,5309,0.035317385571670745,3.9293652288566583,0.0,15.717460915426633,,,50000,baseline,private,
<SOURCE_VECSTRAIGHT_REPO>/hetzner-results/phase3_vecstraight_comm_history_factorial_without_comm_full_history_15seeds_hetzner_20260330par24/train/cond2_seed707_ep50000.pt,cond2,707,0,9001,greedy,none,none,none,none,regime,cooperative,6363,0.45552412384095553,11.288385981455288,0.08203677510608204,45.153543925821154,,,50000,baseline,private,
<SOURCE_VECSTRAIGHT_REPO>/hetzner-results/phase3_vecstraight_comm_history_factorial_without_comm_full_history_15seeds_hetzner_20260330par24/train/cond2_seed707_ep50000.pt,cond2,707,0,9001,greedy,none,none,none,none,regime,mixed,18328,0.04795940637276298,4.4663902226102135,0.0,17.865560890440854,,,50000,baseline,private,
<SOURCE_VECSTRAIGHT_REPO>/hetzner-results/phase3_vecstraight_comm_history_factorial_without_comm_full_history_15seeds_hetzner_20260330par24/train/cond2_seed707_ep50000.pt,cond2,707,0,9001,greedy,none,none,none,none,f_value,0.500,5309,0.035317385571670745,3.9293652288566583,0.0,15.717460915426633,,,50000,baseline,private,
<SOURCE_VECSTRAIGHT_REPO>/hetzner-results/phase3_vecstraight_comm_history_factorial_without_comm_full_history_15seeds_hetzner_20260330par24/train/cond2_seed707_ep50000.pt,cond2,707,0,9001,greedy,none,none,none,none,f_value,1.500,5852,0.0007689678742310321,4.001537935748462,0.0,16.006151742993847,,,50000,baseline,private,
<SOURCE_VECSTRAIGHT_REPO>/hetzner-results/phase3_vecstraight_comm_history_factorial_without_comm_full_history_15seeds_hetzner_20260330par24/train/cond2_seed707_ep50000.pt,cond2,707,0,9001,greedy,none,none,none,none,f_value,2.500,6044,0.008520847121111846,4.051125082726671,0.0,16.204500330906683,,,50000,baseline,private,
<SOURCE_VECSTRAIGHT_REPO>/hetzner-results/phase3_vecstraight_comm_history_factorial_without_comm_full_history_15seeds_hetzner_20260330par24/train/cond2_seed707_ep50000.pt,cond2,707,0,9001,greedy,none,none,none,none,f_value,3.500,6432,0.12795398009950248,5.279539800995025,0.0,21.1181592039801,,,50000,baseline,private,
<SOURCE_VECSTRAIGHT_REPO>/hetzner-results/phase3_vecstraight_comm_history_factorial_without_comm_full_history_15seeds_hetzner_20260330par24/train/cond2_seed707_ep50000.pt,cond2,707,0,9001,greedy,none,none,none,none,f_value,5.000,6363,0.45552412384095553,11.288385981455288,0.08203677510608204,45.153543925821154,,,50000,baseline,private,
<SOURCE_VECSTRAIGHT_REPO>/hetzner-results/phase3_vecstraight_comm_history_factorial_without_comm_full_history_15seeds_hetzner_20260330par24/train/cond2_seed808_ep100000.pt,cond2,808,0,9001,greedy,none,none,none,none,regime,competitive,5309,0.0,4.0,0.0,16.0,,,100000,baseline,private,
<SOURCE_VECSTRAIGHT_REPO>/hetzner-results/phase3_vecstraight_comm_history_factorial_without_comm_full_history_15seeds_hetzner_20260330par24/train/cond2_seed808_ep100000.pt,cond2,808,0,9001,greedy,none,none,none,none,regime,cooperative,6363,0.5128870029860129,12.206192047776206,0.10246738959610246,48.82476819110482,,,100000,baseline,private,
<SOURCE_VECSTRAIGHT_REPO>/hetzner-results/phase3_vecstraight_comm_history_factorial_without_comm_full_history_15seeds_hetzner_20260330par24/train/cond2_seed808_ep100000.pt,cond2,808,0,9001,greedy,none,none,none,none,regime,mixed,18328,0.03895678742907027,4.3835661283282406,0.0,17.534264513312962,,,100000,baseline,private,
<SOURCE_VECSTRAIGHT_REPO>/hetzner-results/phase3_vecstraight_comm_history_factorial_without_comm_full_history_15seeds_hetzner_20260330par24/train/cond2_seed808_ep100000.pt,cond2,808,0,9001,greedy,none,none,none,none,f_value,0.500,5309,0.0,4.0,0.0,16.0,,,100000,baseline,private,
<SOURCE_VECSTRAIGHT_REPO>/hetzner-results/phase3_vecstraight_comm_history_factorial_without_comm_full_history_15seeds_hetzner_20260330par24/train/cond2_seed808_ep100000.pt,cond2,808,0,9001,greedy,none,none,none,none,f_value,1.500,5852,4.2720437457279566e-05,4.000085440874915,0.0,16.00034176349966,,,100000,baseline,private,
<SOURCE_VECSTRAIGHT_REPO>/hetzner-results/phase3_vecstraight_comm_history_factorial_without_comm_full_history_15seeds_hetzner_20260330par24/train/cond2_seed808_ep100000.pt,cond2,808,0,9001,greedy,none,none,none,none,f_value,2.500,6044,0.004467240238252812,4.026803441429517,0.0,16.10721376571807,,,100000,baseline,private,
<SOURCE_VECSTRAIGHT_REPO>/hetzner-results/phase3_vecstraight_comm_history_factorial_without_comm_full_history_15seeds_hetzner_20260330par24/train/cond2_seed808_ep100000.pt,cond2,808,0,9001,greedy,none,none,none,none,f_value,3.500,6432,0.10677083333333333,5.067708333333333,0.0,20.270833333333332,,,100000,baseline,private,
<SOURCE_VECSTRAIGHT_REPO>/hetzner-results/phase3_vecstraight_comm_history_factorial_without_comm_full_history_15seeds_hetzner_20260330par24/train/cond2_seed808_ep100000.pt,cond2,808,0,9001,greedy,none,none,none,none,f_value,5.000,6363,0.5128870029860129,12.206192047776206,0.10246738959610246,48.82476819110482,,,100000,baseline,private,
<SOURCE_VECSTRAIGHT_REPO>/hetzner-results/phase3_vecstraight_comm_history_factorial_without_comm_full_history_15seeds_hetzner_20260330par24/train/cond2_seed808.pt,cond2,808,0,9001,greedy,none,none,none,none,regime,competitive,5309,4.708984742889433e-05,3.999905820305142,0.0,15.999623281220568,,,150000,baseline,private,
<SOURCE_VECSTRAIGHT_REPO>/hetzner-results/phase3_vecstraight_comm_history_factorial_without_comm_full_history_15seeds_hetzner_20260330par24/train/cond2_seed808.pt,cond2,808,0,9001,greedy,none,none,none,none,regime,cooperative,6363,0.6039603960396039,13.663366336633663,0.1063963539211064,54.65346534653465,,,150000,baseline,private,
<SOURCE_VECSTRAIGHT_REPO>/hetzner-results/phase3_vecstraight_comm_history_factorial_without_comm_full_history_15seeds_hetzner_20260330par24/train/cond2_seed808.pt,cond2,808,0,9001,greedy,none,none,none,none,regime,mixed,18328,0.1879637712789175,5.8062527280663465,0.009220864251418595,23.225010912265386,,,150000,baseline,private,
<SOURCE_VECSTRAIGHT_REPO>/hetzner-results/phase3_vecstraight_comm_history_factorial_without_comm_full_history_15seeds_hetzner_20260330par24/train/cond2_seed808.pt,cond2,808,0,9001,greedy,none,none,none,none,f_value,0.500,5309,4.708984742889433e-05,3.999905820305142,0.0,15.999623281220568,,,150000,baseline,private,
<SOURCE_VECSTRAIGHT_REPO>/hetzner-results/phase3_vecstraight_comm_history_factorial_without_comm_full_history_15seeds_hetzner_20260330par24/train/cond2_seed808.pt,cond2,808,0,9001,greedy,none,none,none,none,f_value,1.500,5852,0.0009398496240601503,4.0018796992481205,0.0,16.007518796992482,,,150000,baseline,private,
<SOURCE_VECSTRAIGHT_REPO>/hetzner-results/phase3_vecstraight_comm_history_factorial_without_comm_full_history_15seeds_hetzner_20260330par24/train/cond2_seed808.pt,cond2,808,0,9001,greedy,none,none,none,none,f_value,2.500,6044,0.05381369953673064,4.322882197220384,0.00016545334215751158,17.291528788881536,,,150000,baseline,private,
<SOURCE_VECSTRAIGHT_REPO>/hetzner-results/phase3_vecstraight_comm_history_factorial_without_comm_full_history_15seeds_hetzner_20260330par24/train/cond2_seed808.pt,cond2,808,0,9001,greedy,none,none,none,none,f_value,3.500,6432,0.4841806592039801,8.8418065920398,0.026119402985074626,35.3672263681592,,,150000,baseline,private,
<SOURCE_VECSTRAIGHT_REPO>/hetzner-results/phase3_vecstraight_comm_history_factorial_without_comm_full_history_15seeds_hetzner_20260330par24/train/cond2_seed808.pt,cond2,808,0,9001,greedy,none,none,none,none,f_value,5.000,6363,0.6039603960396039,13.663366336633663,0.1063963539211064,54.65346534653465,,,150000,baseline,private,
<SOURCE_VECSTRAIGHT_REPO>/hetzner-results/phase3_vecstraight_comm_history_factorial_without_comm_full_history_15seeds_hetzner_20260330par24/train/cond2_seed808_ep25000.pt,cond2,808,0,9001,greedy,none,none,none,none,regime,competitive,5309,0.0011772461857223583,3.997645507628555,0.0,15.99058203051422,,,25000,baseline,private,
<SOURCE_VECSTRAIGHT_REPO>/hetzner-results/phase3_vecstraight_comm_history_factorial_without_comm_full_history_15seeds_hetzner_20260330par24/train/cond2_seed808_ep25000.pt,cond2,808,0,9001,greedy,none,none,none,none,regime,cooperative,6363,0.422992299229923,10.767876787678768,0.002828854314002829,43.07150715071507,,,25000,baseline,private,
<SOURCE_VECSTRAIGHT_REPO>/hetzner-results/phase3_vecstraight_comm_history_factorial_without_comm_full_history_15seeds_hetzner_20260330par24/train/cond2_seed808_ep25000.pt,cond2,808,0,9001,greedy,none,none,none,none,regime,mixed,18328,0.17417339589698821,5.639704277608032,0.006656481885639459,22.558817110432127,,,25000,baseline,private,
<SOURCE_VECSTRAIGHT_REPO>/hetzner-results/phase3_vecstraight_comm_history_factorial_without_comm_full_history_15seeds_hetzner_20260330par24/train/cond2_seed808_ep25000.pt,cond2,808,0,9001,greedy,none,none,none,none,f_value,0.500,5309,0.0011772461857223583,3.997645507628555,0.0,15.99058203051422,,,25000,baseline,private,
<SOURCE_VECSTRAIGHT_REPO>/hetzner-results/phase3_vecstraight_comm_history_factorial_without_comm_full_history_15seeds_hetzner_20260330par24/train/cond2_seed808_ep25000.pt,cond2,808,0,9001,greedy,none,none,none,none,f_value,1.500,5852,0.001153451811346548,4.002306903622693,0.0,16.009227614490772,,,25000,baseline,private,
<SOURCE_VECSTRAIGHT_REPO>/hetzner-results/phase3_vecstraight_comm_history_factorial_without_comm_full_history_15seeds_hetzner_20260330par24/train/cond2_seed808_ep25000.pt,cond2,808,0,9001,greedy,none,none,none,none,f_value,2.500,6044,0.07511581733951025,4.450694904037062,0.0,17.802779616148246,,,25000,baseline,private,
<SOURCE_VECSTRAIGHT_REPO>/hetzner-results/phase3_vecstraight_comm_history_factorial_without_comm_full_history_15seeds_hetzner_20260330par24/train/cond2_seed808_ep25000.pt,cond2,808,0,9001,greedy,none,none,none,none,f_value,3.500,6432,0.42467350746268656,8.246735074626866,0.01896766169154229,32.98694029850746,,,25000,baseline,private,
<SOURCE_VECSTRAIGHT_REPO>/hetzner-results/phase3_vecstraight_comm_history_factorial_without_comm_full_history_15seeds_hetzner_20260330par24/train/cond2_seed808_ep25000.pt,cond2,808,0,9001,greedy,none,none,none,none,f_value,5.000,6363,0.422992299229923,10.767876787678768,0.002828854314002829,43.07150715071507,,,25000,baseline,private,
<SOURCE_VECSTRAIGHT_REPO>/hetzner-results/phase3_vecstraight_comm_history_factorial_without_comm_full_history_15seeds_hetzner_20260330par24/train/cond2_seed808_ep50000.pt,cond2,808,0,9001,greedy,none,none,none,none,regime,competitive,5309,0.05090412507063477,3.8981917498587304,0.0,15.592766999434922,,,50000,baseline,private,
<SOURCE_VECSTRAIGHT_REPO>/hetzner-results/phase3_vecstraight_comm_history_factorial_without_comm_full_history_15seeds_hetzner_20260330par24/train/cond2_seed808_ep50000.pt,cond2,808,0,9001,greedy,none,none,none,none,regime,cooperative,6363,0.4351720886374352,10.962753418198963,0.04023259468804023,43.85101367279585,,,50000,baseline,private,
<SOURCE_VECSTRAIGHT_REPO>/hetzner-results/phase3_vecstraight_comm_history_factorial_without_comm_full_history_15seeds_hetzner_20260330par24/train/cond2_seed808_ep50000.pt,cond2,808,0,9001,greedy,none,none,none,none,regime,mixed,18328,0.051274006983849846,4.455068747271934,0.0,17.820274989087736,,,50000,baseline,private,
<SOURCE_VECSTRAIGHT_REPO>/hetzner-results/phase3_vecstraight_comm_history_factorial_without_comm_full_history_15seeds_hetzner_20260330par24/train/cond2_seed808_ep50000.pt,cond2,808,0,9001,greedy,none,none,none,none,f_value,0.500,5309,0.05090412507063477,3.8981917498587304,0.0,15.592766999434922,,,50000,baseline,private,
<SOURCE_VECSTRAIGHT_REPO>/hetzner-results/phase3_vecstraight_comm_history_factorial_without_comm_full_history_15seeds_hetzner_20260330par24/train/cond2_seed808_ep50000.pt,cond2,808,0,9001,greedy,none,none,none,none,f_value,1.500,5852,0.011150034176349966,4.0223000683527,0.0,16.0892002734108,,,50000,baseline,private,
<SOURCE_VECSTRAIGHT_REPO>/hetzner-results/phase3_vecstraight_comm_history_factorial_without_comm_full_history_15seeds_hetzner_20260330par24/train/cond2_seed808_ep50000.pt,cond2,808,0,9001,greedy,none,none,none,none,f_value,2.500,6044,0.022129384513567173,4.132776307081403,0.0,16.53110522832561,,,50000,baseline,private,
<SOURCE_VECSTRAIGHT_REPO>/hetzner-results/phase3_vecstraight_comm_history_factorial_without_comm_full_history_15seeds_hetzner_20260330par24/train/cond2_seed808_ep50000.pt,cond2,808,0,9001,greedy,none,none,none,none,f_value,3.500,6432,0.11516635572139304,5.15166355721393,0.0,20.60665422885572,,,50000,baseline,private,
<SOURCE_VECSTRAIGHT_REPO>/hetzner-results/phase3_vecstraight_comm_history_factorial_without_comm_full_history_15seeds_hetzner_20260330par24/train/cond2_seed808_ep50000.pt,cond2,808,0,9001,greedy,none,none,none,none,f_value,5.000,6363,0.4351720886374352,10.962753418198963,0.04023259468804023,43.85101367279585,,,50000,baseline,private,
<SOURCE_VECSTRAIGHT_REPO>/hetzner-results/phase3_vecstraight_comm_history_factorial_without_comm_full_history_15seeds_hetzner_20260330par24/train/cond2_seed909_ep100000.pt,cond2,909,0,9001,greedy,none,none,none,none,regime,competitive,5309,0.006027500470898475,3.987944999058203,0.0,15.951779996232812,,,100000,baseline,private,
<SOURCE_VECSTRAIGHT_REPO>/hetzner-results/phase3_vecstraight_comm_history_factorial_without_comm_full_history_15seeds_hetzner_20260330par24/train/cond2_seed909_ep100000.pt,cond2,909,0,9001,greedy,none,none,none,none,regime,cooperative,6363,0.36975483262611974,9.916077322017916,0.0,39.664309288071664,,,100000,baseline,private,
<SOURCE_VECSTRAIGHT_REPO>/hetzner-results/phase3_vecstraight_comm_history_factorial_without_comm_full_history_15seeds_hetzner_20260330par24/train/cond2_seed909_ep100000.pt,cond2,909,0,9001,greedy,none,none,none,none,regime,mixed,18328,0.019614797031863813,4.1455696202531644,0.0,16.582278481012658,,,100000,baseline,private,
<SOURCE_VECSTRAIGHT_REPO>/hetzner-results/phase3_vecstraight_comm_history_factorial_without_comm_full_history_15seeds_hetzner_20260330par24/train/cond2_seed909_ep100000.pt,cond2,909,0,9001,greedy,none,none,none,none,f_value,0.500,5309,0.006027500470898475,3.987944999058203,0.0,15.951779996232812,,,100000,baseline,private,
<SOURCE_VECSTRAIGHT_REPO>/hetzner-results/phase3_vecstraight_comm_history_factorial_without_comm_full_history_15seeds_hetzner_20260330par24/train/cond2_seed909_ep100000.pt,cond2,909,0,9001,greedy,none,none,none,none,f_value,1.500,5852,0.01666097060833903,4.033321941216678,0.0,16.13328776486671,,,100000,baseline,private,
<SOURCE_VECSTRAIGHT_REPO>/hetzner-results/phase3_vecstraight_comm_history_factorial_without_comm_full_history_15seeds_hetzner_20260330par24/train/cond2_seed909_ep100000.pt,cond2,909,0,9001,greedy,none,none,none,none,f_value,2.500,6044,0.0060804103242885505,4.036482461945731,0.0,16.145929847782924,,,100000,baseline,private,
<SOURCE_VECSTRAIGHT_REPO>/hetzner-results/phase3_vecstraight_comm_history_factorial_without_comm_full_history_15seeds_hetzner_20260330par24/train/cond2_seed909_ep100000.pt,cond2,909,0,9001,greedy,none,none,none,none,f_value,3.500,6432,0.03502021144278607,4.35020211442786,0.0,17.40080845771144,,,100000,baseline,private,
<SOURCE_VECSTRAIGHT_REPO>/hetzner-results/phase3_vecstraight_comm_history_factorial_without_comm_full_history_15seeds_hetzner_20260330par24/train/cond2_seed909_ep100000.pt,cond2,909,0,9001,greedy,none,none,none,none,f_value,5.000,6363,0.36975483262611974,9.916077322017916,0.0,39.664309288071664,,,100000,baseline,private,
<SOURCE_VECSTRAIGHT_REPO>/hetzner-results/phase3_vecstraight_comm_history_factorial_without_comm_full_history_15seeds_hetzner_20260330par24/train/cond2_seed909.pt,cond2,909,0,9001,greedy,none,none,none,none,regime,competitive,5309,0.004661894895460539,3.990676210209079,0.0,15.962704840836317,,,150000,baseline,private,
<SOURCE_VECSTRAIGHT_REPO>/hetzner-results/phase3_vecstraight_comm_history_factorial_without_comm_full_history_15seeds_hetzner_20260330par24/train/cond2_seed909.pt,cond2,909,0,9001,greedy,none,none,none,none,regime,cooperative,6363,0.442990727644193,11.087851642307088,0.0,44.35140656922835,,,150000,baseline,private,
<SOURCE_VECSTRAIGHT_REPO>/hetzner-results/phase3_vecstraight_comm_history_factorial_without_comm_full_history_15seeds_hetzner_20260330par24/train/cond2_seed909.pt,cond2,909,0,9001,greedy,none,none,none,none,regime,mixed,18328,0.10168867306852902,5.0025371017023135,0.0,20.010148406809254,,,150000,baseline,private,
<SOURCE_VECSTRAIGHT_REPO>/hetzner-results/phase3_vecstraight_comm_history_factorial_without_comm_full_history_15seeds_hetzner_20260330par24/train/cond2_seed909.pt,cond2,909,0,9001,greedy,none,none,none,none,f_value,0.500,5309,0.004661894895460539,3.990676210209079,0.0,15.962704840836317,,,150000,baseline,private,
<SOURCE_VECSTRAIGHT_REPO>/hetzner-results/phase3_vecstraight_comm_history_factorial_without_comm_full_history_15seeds_hetzner_20260330par24/train/cond2_seed909.pt,cond2,909,0,9001,greedy,none,none,none,none,f_value,1.500,5852,0.0004272043745727956,4.000854408749146,0.0,16.003417634996584,,,150000,baseline,private,
<SOURCE_VECSTRAIGHT_REPO>/hetzner-results/phase3_vecstraight_comm_history_factorial_without_comm_full_history_15seeds_hetzner_20260330par24/train/cond2_seed909.pt,cond2,909,0,9001,greedy,none,none,none,none,f_value,2.500,6044,0.01005129053606883,4.060307743216413,0.0,16.24123097286565,,,150000,baseline,private,
<SOURCE_VECSTRAIGHT_REPO>/hetzner-results/phase3_vecstraight_comm_history_factorial_without_comm_full_history_15seeds_hetzner_20260330par24/train/cond2_seed909.pt,cond2,909,0,9001,greedy,none,none,none,none,f_value,3.500,6432,0.27992848258706465,6.799284825870647,0.0,27.197139303482587,,,150000,baseline,private,
<SOURCE_VECSTRAIGHT_REPO>/hetzner-results/phase3_vecstraight_comm_history_factorial_without_comm_full_history_15seeds_hetzner_20260330par24/train/cond2_seed909.pt,cond2,909,0,9001,greedy,none,none,none,none,f_value,5.000,6363,0.442990727644193,11.087851642307088,0.0,44.35140656922835,,,150000,baseline,private,
<SOURCE_VECSTRAIGHT_REPO>/hetzner-results/phase3_vecstraight_comm_history_factorial_without_comm_full_history_15seeds_hetzner_20260330par24/train/cond2_seed909_ep25000.pt,cond2,909,0,9001,greedy,none,none,none,none,regime,competitive,5309,0.01737615370126201,3.965247692597476,0.0,15.860990770389904,,,25000,baseline,private,
<SOURCE_VECSTRAIGHT_REPO>/hetzner-results/phase3_vecstraight_comm_history_factorial_without_comm_full_history_15seeds_hetzner_20260330par24/train/cond2_seed909_ep25000.pt,cond2,909,0,9001,greedy,none,none,none,none,regime,cooperative,6363,0.6297736916548797,14.076379066478076,0.019644821625019643,56.3055162659123,,,25000,baseline,private,
<SOURCE_VECSTRAIGHT_REPO>/hetzner-results/phase3_vecstraight_comm_history_factorial_without_comm_full_history_15seeds_hetzner_20260330par24/train/cond2_seed909_ep25000.pt,cond2,909,0,9001,greedy,none,none,none,none,regime,mixed,18328,0.4671950021824531,7.87557289393278,0.18676342208642513,31.50229157573112,,,25000,baseline,private,
<SOURCE_VECSTRAIGHT_REPO>/hetzner-results/phase3_vecstraight_comm_history_factorial_without_comm_full_history_15seeds_hetzner_20260330par24/train/cond2_seed909_ep25000.pt,cond2,909,0,9001,greedy,none,none,none,none,f_value,0.500,5309,0.01737615370126201,3.965247692597476,0.0,15.860990770389904,,,25000,baseline,private,
<SOURCE_VECSTRAIGHT_REPO>/hetzner-results/phase3_vecstraight_comm_history_factorial_without_comm_full_history_15seeds_hetzner_20260330par24/train/cond2_seed909_ep25000.pt,cond2,909,0,9001,greedy,none,none,none,none,f_value,1.500,5852,0.015293916609706084,4.030587833219412,0.000683526999316473,16.12235133287765,,,25000,baseline,private,
<SOURCE_VECSTRAIGHT_REPO>/hetzner-results/phase3_vecstraight_comm_history_factorial_without_comm_full_history_15seeds_hetzner_20260330par24/train/cond2_seed909_ep25000.pt,cond2,909,0,9001,greedy,none,none,none,none,f_value,2.500,6044,0.5741230972865652,7.444738583719391,0.2615817339510258,29.778954334877564,,,25000,baseline,private,
<SOURCE_VECSTRAIGHT_REPO>/hetzner-results/phase3_vecstraight_comm_history_factorial_without_comm_full_history_15seeds_hetzner_20260330par24/train/cond2_seed909_ep25000.pt,cond2,909,0,9001,greedy,none,none,none,none,f_value,3.500,6432,0.7778684701492538,11.778684701492537,0.2857587064676617,47.11473880597015,,,25000,baseline,private,
<SOURCE_VECSTRAIGHT_REPO>/hetzner-results/phase3_vecstraight_comm_history_factorial_without_comm_full_history_15seeds_hetzner_20260330par24/train/cond2_seed909_ep25000.pt,cond2,909,0,9001,greedy,none,none,none,none,f_value,5.000,6363,0.6297736916548797,14.076379066478076,0.019644821625019643,56.3055162659123,,,25000,baseline,private,
<SOURCE_VECSTRAIGHT_REPO>/hetzner-results/phase3_vecstraight_comm_history_factorial_without_comm_full_history_15seeds_hetzner_20260330par24/train/cond2_seed909_ep50000.pt,cond2,909,0,9001,greedy,none,none,none,none,regime,competitive,5309,0.0091354304012055,3.981729139197589,0.0,15.926916556790356,,,50000,baseline,private,
<SOURCE_VECSTRAIGHT_REPO>/hetzner-results/phase3_vecstraight_comm_history_factorial_without_comm_full_history_15seeds_hetzner_20260330par24/train/cond2_seed909_ep50000.pt,cond2,909,0,9001,greedy,none,none,none,none,regime,cooperative,6363,0.826968411126827,17.23149457802923,0.45041647021845044,68.92597831211692,,,50000,baseline,private,
<SOURCE_VECSTRAIGHT_REPO>/hetzner-results/phase3_vecstraight_comm_history_factorial_without_comm_full_history_15seeds_hetzner_20260330par24/train/cond2_seed909_ep50000.pt,cond2,909,0,9001,greedy,none,none,none,none,regime,mixed,18328,0.20274989087734613,5.613542121344391,0.003546486250545613,22.454168485377565,,,50000,baseline,private,
<SOURCE_VECSTRAIGHT_REPO>/hetzner-results/phase3_vecstraight_comm_history_factorial_without_comm_full_history_15seeds_hetzner_20260330par24/train/cond2_seed909_ep50000.pt,cond2,909,0,9001,greedy,none,none,none,none,f_value,0.500,5309,0.0091354304012055,3.981729139197589,0.0,15.926916556790356,,,50000,baseline,private,
<SOURCE_VECSTRAIGHT_REPO>/hetzner-results/phase3_vecstraight_comm_history_factorial_without_comm_full_history_15seeds_hetzner_20260330par24/train/cond2_seed909_ep50000.pt,cond2,909,0,9001,greedy,none,none,none,none,f_value,1.500,5852,0.07403451811346548,4.148069036226931,0.0,16.592276144907725,,,50000,baseline,private,
<SOURCE_VECSTRAIGHT_REPO>/hetzner-results/phase3_vecstraight_comm_history_factorial_without_comm_full_history_15seeds_hetzner_20260330par24/train/cond2_seed909_ep50000.pt,cond2,909,0,9001,greedy,none,none,none,none,f_value,2.500,6044,0.17045830575777632,5.022749834546658,0.0,20.09099933818663,,,50000,baseline,private,
<SOURCE_VECSTRAIGHT_REPO>/hetzner-results/phase3_vecstraight_comm_history_factorial_without_comm_full_history_15seeds_hetzner_20260330par24/train/cond2_seed909_ep50000.pt,cond2,909,0,9001,greedy,none,none,none,none,f_value,3.500,6432,0.3502021144278607,7.502021144278607,0.010105721393034827,30.008084577114428,,,50000,baseline,private,
<SOURCE_VECSTRAIGHT_REPO>/hetzner-results/phase3_vecstraight_comm_history_factorial_without_comm_full_history_15seeds_hetzner_20260330par24/train/cond2_seed909_ep50000.pt,cond2,909,0,9001,greedy,none,none,none,none,f_value,5.000,6363,0.826968411126827,17.23149457802923,0.45041647021845044,68.92597831211692,,,50000,baseline,private,
