checkpoint,condition,train_seed,eval_seed,eval_policy,ablation,history_intervention,sender_remap,cross_play,sender_id,summary,fhat_bin,action,n_obs,p_message_1,checkpoint_episode,suite_kind,observability_mode,public_signal_sigma
<SOURCE_VECSTRAIGHT_REPO>/remote-results/phase3_vecstraight_clean_msgsource_learned_15seeds_remote_20260410/train/cond1_seed101.pt,cond1,101,9001,greedy,none,none,none,none,agent_0,p_msg1_given_fhat,1.5<=fhat<2.5,,6008,0.05193075898801598,150000,comm,private,
<SOURCE_VECSTRAIGHT_REPO>/remote-results/phase3_vecstraight_clean_msgsource_learned_15seeds_remote_20260410/train/cond1_seed101.pt,cond1,101,9001,greedy,none,none,none,none,agent_0,p_msg1_given_fhat,2.5<=fhat<3.5,,6306,0.26117982873453854,150000,comm,private,
<SOURCE_VECSTRAIGHT_REPO>/remote-results/phase3_vecstraight_clean_msgsource_learned_15seeds_remote_20260410/train/cond1_seed101.pt,cond1,101,9001,greedy,none,none,none,none,agent_0,p_msg1_given_fhat,3.5<=fhat<4.5,,4259,0.24677154261563747,150000,comm,private,
<SOURCE_VECSTRAIGHT_REPO>/remote-results/phase3_vecstraight_clean_msgsource_learned_15seeds_remote_20260410/train/cond1_seed101.pt,cond1,101,9001,greedy,none,none,none,none,agent_0,p_msg1_given_fhat,fhat<1.5,,8295,0.6816154309825196,150000,comm,private,
<SOURCE_VECSTRAIGHT_REPO>/remote-results/phase3_vecstraight_clean_msgsource_learned_15seeds_remote_20260410/train/cond1_seed101.pt,cond1,101,9001,greedy,none,none,none,none,agent_0,p_msg1_given_fhat,fhat>=4.5,,5132,0.4567420109119252,150000,comm,private,
<SOURCE_VECSTRAIGHT_REPO>/remote-results/phase3_vecstraight_clean_msgsource_learned_15seeds_remote_20260410/train/cond1_seed101.pt,cond1,101,9001,greedy,none,none,none,none,agent_1,p_msg1_given_fhat,1.5<=fhat<2.5,,6070,0.4171334431630972,150000,comm,private,
<SOURCE_VECSTRAIGHT_REPO>/remote-results/phase3_vecstraight_clean_msgsource_learned_15seeds_remote_20260410/train/cond1_seed101.pt,cond1,101,9001,greedy,none,none,none,none,agent_1,p_msg1_given_fhat,2.5<=fhat<3.5,,6329,0.7367672618107126,150000,comm,private,
<SOURCE_VECSTRAIGHT_REPO>/remote-results/phase3_vecstraight_clean_msgsource_learned_15seeds_remote_20260410/train/cond1_seed101.pt,cond1,101,9001,greedy,none,none,none,none,agent_1,p_msg1_given_fhat,3.5<=fhat<4.5,,4303,0.6490820357889844,150000,comm,private,
<SOURCE_VECSTRAIGHT_REPO>/remote-results/phase3_vecstraight_clean_msgsource_learned_15seeds_remote_20260410/train/cond1_seed101.pt,cond1,101,9001,greedy,none,none,none,none,agent_1,p_msg1_given_fhat,fhat<1.5,,8194,0.6885525994630217,150000,comm,private,
<SOURCE_VECSTRAIGHT_REPO>/remote-results/phase3_vecstraight_clean_msgsource_learned_15seeds_remote_20260410/train/cond1_seed101.pt,cond1,101,9001,greedy,none,none,none,none,agent_1,p_msg1_given_fhat,fhat>=4.5,,5104,0.6471394984326019,150000,comm,private,
<SOURCE_VECSTRAIGHT_REPO>/remote-results/phase3_vecstraight_clean_msgsource_learned_15seeds_remote_20260410/train/cond1_seed101.pt,cond1,101,9001,greedy,none,none,none,none,agent_2,p_msg1_given_fhat,1.5<=fhat<2.5,,6037,0.16299486499917176,150000,comm,private,
<SOURCE_VECSTRAIGHT_REPO>/remote-results/phase3_vecstraight_clean_msgsource_learned_15seeds_remote_20260410/train/cond1_seed101.pt,cond1,101,9001,greedy,none,none,none,none,agent_2,p_msg1_given_fhat,2.5<=fhat<3.5,,6353,0.41696836140406107,150000,comm,private,
<SOURCE_VECSTRAIGHT_REPO>/remote-results/phase3_vecstraight_clean_msgsource_learned_15seeds_remote_20260410/train/cond1_seed101.pt,cond1,101,9001,greedy,none,none,none,none,agent_2,p_msg1_given_fhat,3.5<=fhat<4.5,,4191,0.5032211882605584,150000,comm,private,
<SOURCE_VECSTRAIGHT_REPO>/remote-results/phase3_vecstraight_clean_msgsource_learned_15seeds_remote_20260410/train/cond1_seed101.pt,cond1,101,9001,greedy,none,none,none,none,agent_2,p_msg1_given_fhat,fhat<1.5,,8255,0.8307692307692308,150000,comm,private,
<SOURCE_VECSTRAIGHT_REPO>/remote-results/phase3_vecstraight_clean_msgsource_learned_15seeds_remote_20260410/train/cond1_seed101.pt,cond1,101,9001,greedy,none,none,none,none,agent_2,p_msg1_given_fhat,fhat>=4.5,,5164,0.27556158017041055,150000,comm,private,
<SOURCE_VECSTRAIGHT_REPO>/remote-results/phase3_vecstraight_clean_msgsource_learned_15seeds_remote_20260410/train/cond1_seed101.pt,cond1,101,9001,greedy,none,none,none,none,agent_3,p_msg1_given_fhat,1.5<=fhat<2.5,,6013,0.3191418593048395,150000,comm,private,
<SOURCE_VECSTRAIGHT_REPO>/remote-results/phase3_vecstraight_clean_msgsource_learned_15seeds_remote_20260410/train/cond1_seed101.pt,cond1,101,9001,greedy,none,none,none,none,agent_3,p_msg1_given_fhat,2.5<=fhat<3.5,,6316,0.4556681443951868,150000,comm,private,
<SOURCE_VECSTRAIGHT_REPO>/remote-results/phase3_vecstraight_clean_msgsource_learned_15seeds_remote_20260410/train/cond1_seed101.pt,cond1,101,9001,greedy,none,none,none,none,agent_3,p_msg1_given_fhat,3.5<=fhat<4.5,,4308,0.33913649025069637,150000,comm,private,
<SOURCE_VECSTRAIGHT_REPO>/remote-results/phase3_vecstraight_clean_msgsource_learned_15seeds_remote_20260410/train/cond1_seed101.pt,cond1,101,9001,greedy,none,none,none,none,agent_3,p_msg1_given_fhat,fhat<1.5,,8261,0.08388814913448735,150000,comm,private,
<SOURCE_VECSTRAIGHT_REPO>/remote-results/phase3_vecstraight_clean_msgsource_learned_15seeds_remote_20260410/train/cond1_seed101.pt,cond1,101,9001,greedy,none,none,none,none,agent_3,p_msg1_given_fhat,fhat>=4.5,,5102,0.515484123872991,150000,comm,private,
<SOURCE_VECSTRAIGHT_REPO>/remote-results/phase3_vecstraight_clean_msgsource_learned_15seeds_remote_20260410/train/cond1_seed101.pt,cond1,101,9001,greedy,none,none,none,none,agent_0,p_msg1_given_action,,0,19758,0.3155683773661302,150000,comm,private,
<SOURCE_VECSTRAIGHT_REPO>/remote-results/phase3_vecstraight_clean_msgsource_learned_15seeds_remote_20260410/train/cond1_seed101.pt,cond1,101,9001,greedy,none,none,none,none,agent_0,p_msg1_given_action,,1,10242,0.46602226127709434,150000,comm,private,
<SOURCE_VECSTRAIGHT_REPO>/remote-results/phase3_vecstraight_clean_msgsource_learned_15seeds_remote_20260410/train/cond1_seed101.pt,cond1,101,9001,greedy,none,none,none,none,agent_1,p_msg1_given_action,,0,14472,0.599640685461581,150000,comm,private,
<SOURCE_VECSTRAIGHT_REPO>/remote-results/phase3_vecstraight_clean_msgsource_learned_15seeds_remote_20260410/train/cond1_seed101.pt,cond1,101,9001,greedy,none,none,none,none,agent_1,p_msg1_given_action,,1,15528,0.6604198866563628,150000,comm,private,
<SOURCE_VECSTRAIGHT_REPO>/remote-results/phase3_vecstraight_clean_msgsource_learned_15seeds_remote_20260410/train/cond1_seed101.pt,cond1,101,9001,greedy,none,none,none,none,agent_2,p_msg1_given_action,,0,13797,0.510690729868812,150000,comm,private,
<SOURCE_VECSTRAIGHT_REPO>/remote-results/phase3_vecstraight_clean_msgsource_learned_15seeds_remote_20260410/train/cond1_seed101.pt,cond1,101,9001,greedy,none,none,none,none,agent_2,p_msg1_given_action,,1,16203,0.4305992717398013,150000,comm,private,
<SOURCE_VECSTRAIGHT_REPO>/remote-results/phase3_vecstraight_clean_msgsource_learned_15seeds_remote_20260410/train/cond1_seed101.pt,cond1,101,9001,greedy,none,none,none,none,agent_3,p_msg1_given_action,,0,13946,0.14312347626559588,150000,comm,private,
<SOURCE_VECSTRAIGHT_REPO>/remote-results/phase3_vecstraight_clean_msgsource_learned_15seeds_remote_20260410/train/cond1_seed101.pt,cond1,101,9001,greedy,none,none,none,none,agent_3,p_msg1_given_action,,1,16054,0.47246792076741,150000,comm,private,
<SOURCE_VECSTRAIGHT_REPO>/remote-results/phase3_vecstraight_clean_msgsource_learned_15seeds_remote_20260410/train/cond1_seed1111.pt,cond1,1111,9001,greedy,none,none,none,none,agent_0,p_msg1_given_fhat,1.5<=fhat<2.5,,6008,0.0492676431424767,150000,comm,private,
<SOURCE_VECSTRAIGHT_REPO>/remote-results/phase3_vecstraight_clean_msgsource_learned_15seeds_remote_20260410/train/cond1_seed1111.pt,cond1,1111,9001,greedy,none,none,none,none,agent_0,p_msg1_given_fhat,2.5<=fhat<3.5,,6306,0.5152235965746907,150000,comm,private,
<SOURCE_VECSTRAIGHT_REPO>/remote-results/phase3_vecstraight_clean_msgsource_learned_15seeds_remote_20260410/train/cond1_seed1111.pt,cond1,1111,9001,greedy,none,none,none,none,agent_0,p_msg1_given_fhat,3.5<=fhat<4.5,,4259,0.9323784926038976,150000,comm,private,
<SOURCE_VECSTRAIGHT_REPO>/remote-results/phase3_vecstraight_clean_msgsource_learned_15seeds_remote_20260410/train/cond1_seed1111.pt,cond1,1111,9001,greedy,none,none,none,none,agent_0,p_msg1_given_fhat,fhat<1.5,,8295,0.010608800482218204,150000,comm,private,
<SOURCE_VECSTRAIGHT_REPO>/remote-results/phase3_vecstraight_clean_msgsource_learned_15seeds_remote_20260410/train/cond1_seed1111.pt,cond1,1111,9001,greedy,none,none,none,none,agent_0,p_msg1_given_fhat,fhat>=4.5,,5132,0.9764224473889321,150000,comm,private,
<SOURCE_VECSTRAIGHT_REPO>/remote-results/phase3_vecstraight_clean_msgsource_learned_15seeds_remote_20260410/train/cond1_seed1111.pt,cond1,1111,9001,greedy,none,none,none,none,agent_1,p_msg1_given_fhat,1.5<=fhat<2.5,,6070,0.0011532125205930808,150000,comm,private,
<SOURCE_VECSTRAIGHT_REPO>/remote-results/phase3_vecstraight_clean_msgsource_learned_15seeds_remote_20260410/train/cond1_seed1111.pt,cond1,1111,9001,greedy,none,none,none,none,agent_1,p_msg1_given_fhat,2.5<=fhat<3.5,,6329,0.2888291989255807,150000,comm,private,
<SOURCE_VECSTRAIGHT_REPO>/remote-results/phase3_vecstraight_clean_msgsource_learned_15seeds_remote_20260410/train/cond1_seed1111.pt,cond1,1111,9001,greedy,none,none,none,none,agent_1,p_msg1_given_fhat,3.5<=fhat<4.5,,4303,0.35347432024169184,150000,comm,private,
<SOURCE_VECSTRAIGHT_REPO>/remote-results/phase3_vecstraight_clean_msgsource_learned_15seeds_remote_20260410/train/cond1_seed1111.pt,cond1,1111,9001,greedy,none,none,none,none,agent_1,p_msg1_given_fhat,fhat<1.5,,8194,0.0,150000,comm,private,
<SOURCE_VECSTRAIGHT_REPO>/remote-results/phase3_vecstraight_clean_msgsource_learned_15seeds_remote_20260410/train/cond1_seed1111.pt,cond1,1111,9001,greedy,none,none,none,none,agent_1,p_msg1_given_fhat,fhat>=4.5,,5104,0.009992163009404389,150000,comm,private,
<SOURCE_VECSTRAIGHT_REPO>/remote-results/phase3_vecstraight_clean_msgsource_learned_15seeds_remote_20260410/train/cond1_seed1111.pt,cond1,1111,9001,greedy,none,none,none,none,agent_2,p_msg1_given_fhat,1.5<=fhat<2.5,,6037,0.8265694881563691,150000,comm,private,
<SOURCE_VECSTRAIGHT_REPO>/remote-results/phase3_vecstraight_clean_msgsource_learned_15seeds_remote_20260410/train/cond1_seed1111.pt,cond1,1111,9001,greedy,none,none,none,none,agent_2,p_msg1_given_fhat,2.5<=fhat<3.5,,6353,0.8861954981898316,150000,comm,private,
<SOURCE_VECSTRAIGHT_REPO>/remote-results/phase3_vecstraight_clean_msgsource_learned_15seeds_remote_20260410/train/cond1_seed1111.pt,cond1,1111,9001,greedy,none,none,none,none,agent_2,p_msg1_given_fhat,3.5<=fhat<4.5,,4191,1.0,150000,comm,private,
<SOURCE_VECSTRAIGHT_REPO>/remote-results/phase3_vecstraight_clean_msgsource_learned_15seeds_remote_20260410/train/cond1_seed1111.pt,cond1,1111,9001,greedy,none,none,none,none,agent_2,p_msg1_given_fhat,fhat<1.5,,8255,0.3804966686856451,150000,comm,private,
<SOURCE_VECSTRAIGHT_REPO>/remote-results/phase3_vecstraight_clean_msgsource_learned_15seeds_remote_20260410/train/cond1_seed1111.pt,cond1,1111,9001,greedy,none,none,none,none,agent_2,p_msg1_given_fhat,fhat>=4.5,,5164,1.0,150000,comm,private,
<SOURCE_VECSTRAIGHT_REPO>/remote-results/phase3_vecstraight_clean_msgsource_learned_15seeds_remote_20260410/train/cond1_seed1111.pt,cond1,1111,9001,greedy,none,none,none,none,agent_3,p_msg1_given_fhat,1.5<=fhat<2.5,,6013,0.9880259437884583,150000,comm,private,
<SOURCE_VECSTRAIGHT_REPO>/remote-results/phase3_vecstraight_clean_msgsource_learned_15seeds_remote_20260410/train/cond1_seed1111.pt,cond1,1111,9001,greedy,none,none,none,none,agent_3,p_msg1_given_fhat,2.5<=fhat<3.5,,6316,1.0,150000,comm,private,
<SOURCE_VECSTRAIGHT_REPO>/remote-results/phase3_vecstraight_clean_msgsource_learned_15seeds_remote_20260410/train/cond1_seed1111.pt,cond1,1111,9001,greedy,none,none,none,none,agent_3,p_msg1_given_fhat,3.5<=fhat<4.5,,4308,0.995125348189415,150000,comm,private,
<SOURCE_VECSTRAIGHT_REPO>/remote-results/phase3_vecstraight_clean_msgsource_learned_15seeds_remote_20260410/train/cond1_seed1111.pt,cond1,1111,9001,greedy,none,none,none,none,agent_3,p_msg1_given_fhat,fhat<1.5,,8261,0.34269458903280475,150000,comm,private,
<SOURCE_VECSTRAIGHT_REPO>/remote-results/phase3_vecstraight_clean_msgsource_learned_15seeds_remote_20260410/train/cond1_seed1111.pt,cond1,1111,9001,greedy,none,none,none,none,agent_3,p_msg1_given_fhat,fhat>=4.5,,5102,0.8181105448843591,150000,comm,private,
<SOURCE_VECSTRAIGHT_REPO>/remote-results/phase3_vecstraight_clean_msgsource_learned_15seeds_remote_20260410/train/cond1_seed1111.pt,cond1,1111,9001,greedy,none,none,none,none,agent_0,p_msg1_given_action,,0,26198,0.33643789602259716,150000,comm,private,
<SOURCE_VECSTRAIGHT_REPO>/remote-results/phase3_vecstraight_clean_msgsource_learned_15seeds_remote_20260410/train/cond1_seed1111.pt,cond1,1111,9001,greedy,none,none,none,none,agent_0,p_msg1_given_action,,1,3802,0.9997369805365597,150000,comm,private,
<SOURCE_VECSTRAIGHT_REPO>/remote-results/phase3_vecstraight_clean_msgsource_learned_15seeds_remote_20260410/train/cond1_seed1111.pt,cond1,1111,9001,greedy,none,none,none,none,agent_1,p_msg1_given_action,,0,19201,0.0008853705536169992,150000,comm,private,
<SOURCE_VECSTRAIGHT_REPO>/remote-results/phase3_vecstraight_clean_msgsource_learned_15seeds_remote_20260410/train/cond1_seed1111.pt,cond1,1111,9001,greedy,none,none,none,none,agent_1,p_msg1_given_action,,1,10799,0.3139179553662376,150000,comm,private,
<SOURCE_VECSTRAIGHT_REPO>/remote-results/phase3_vecstraight_clean_msgsource_learned_15seeds_remote_20260410/train/cond1_seed1111.pt,cond1,1111,9001,greedy,none,none,none,none,agent_2,p_msg1_given_action,,0,16732,0.6115825962228066,150000,comm,private,
<SOURCE_VECSTRAIGHT_REPO>/remote-results/phase3_vecstraight_clean_msgsource_learned_15seeds_remote_20260410/train/cond1_seed1111.pt,cond1,1111,9001,greedy,none,none,none,none,agent_2,p_msg1_given_action,,1,13268,0.9709828157974073,150000,comm,private,
<SOURCE_VECSTRAIGHT_REPO>/remote-results/phase3_vecstraight_clean_msgsource_learned_15seeds_remote_20260410/train/cond1_seed1111.pt,cond1,1111,9001,greedy,none,none,none,none,agent_3,p_msg1_given_action,,0,23298,0.7406215125761868,150000,comm,private,
<SOURCE_VECSTRAIGHT_REPO>/remote-results/phase3_vecstraight_clean_msgsource_learned_15seeds_remote_20260410/train/cond1_seed1111.pt,cond1,1111,9001,greedy,none,none,none,none,agent_3,p_msg1_given_action,,1,6702,0.9391226499552372,150000,comm,private,
<SOURCE_VECSTRAIGHT_REPO>/remote-results/phase3_vecstraight_clean_msgsource_learned_15seeds_remote_20260410/train/cond1_seed1212.pt,cond1,1212,9001,greedy,none,none,none,none,agent_0,p_msg1_given_fhat,1.5<=fhat<2.5,,6008,0.0790612516644474,150000,comm,private,
<SOURCE_VECSTRAIGHT_REPO>/remote-results/phase3_vecstraight_clean_msgsource_learned_15seeds_remote_20260410/train/cond1_seed1212.pt,cond1,1212,9001,greedy,none,none,none,none,agent_0,p_msg1_given_fhat,2.5<=fhat<3.5,,6306,0.4202346971138598,150000,comm,private,
<SOURCE_VECSTRAIGHT_REPO>/remote-results/phase3_vecstraight_clean_msgsource_learned_15seeds_remote_20260410/train/cond1_seed1212.pt,cond1,1212,9001,greedy,none,none,none,none,agent_0,p_msg1_given_fhat,3.5<=fhat<4.5,,4259,0.4315567034515144,150000,comm,private,
<SOURCE_VECSTRAIGHT_REPO>/remote-results/phase3_vecstraight_clean_msgsource_learned_15seeds_remote_20260410/train/cond1_seed1212.pt,cond1,1212,9001,greedy,none,none,none,none,agent_0,p_msg1_given_fhat,fhat<1.5,,8295,0.011573236889692586,150000,comm,private,
<SOURCE_VECSTRAIGHT_REPO>/remote-results/phase3_vecstraight_clean_msgsource_learned_15seeds_remote_20260410/train/cond1_seed1212.pt,cond1,1212,9001,greedy,none,none,none,none,agent_0,p_msg1_given_fhat,fhat>=4.5,,5132,0.2554559625876851,150000,comm,private,
<SOURCE_VECSTRAIGHT_REPO>/remote-results/phase3_vecstraight_clean_msgsource_learned_15seeds_remote_20260410/train/cond1_seed1212.pt,cond1,1212,9001,greedy,none,none,none,none,agent_1,p_msg1_given_fhat,1.5<=fhat<2.5,,6070,0.8568369028006589,150000,comm,private,
<SOURCE_VECSTRAIGHT_REPO>/remote-results/phase3_vecstraight_clean_msgsource_learned_15seeds_remote_20260410/train/cond1_seed1212.pt,cond1,1212,9001,greedy,none,none,none,none,agent_1,p_msg1_given_fhat,2.5<=fhat<3.5,,6329,0.5338916100489809,150000,comm,private,
<SOURCE_VECSTRAIGHT_REPO>/remote-results/phase3_vecstraight_clean_msgsource_learned_15seeds_remote_20260410/train/cond1_seed1212.pt,cond1,1212,9001,greedy,none,none,none,none,agent_1,p_msg1_given_fhat,3.5<=fhat<4.5,,4303,0.10829653729955845,150000,comm,private,
<SOURCE_VECSTRAIGHT_REPO>/remote-results/phase3_vecstraight_clean_msgsource_learned_15seeds_remote_20260410/train/cond1_seed1212.pt,cond1,1212,9001,greedy,none,none,none,none,agent_1,p_msg1_given_fhat,fhat<1.5,,8194,0.25433243836953867,150000,comm,private,
<SOURCE_VECSTRAIGHT_REPO>/remote-results/phase3_vecstraight_clean_msgsource_learned_15seeds_remote_20260410/train/cond1_seed1212.pt,cond1,1212,9001,greedy,none,none,none,none,agent_1,p_msg1_given_fhat,fhat>=4.5,,5104,0.0,150000,comm,private,
<SOURCE_VECSTRAIGHT_REPO>/remote-results/phase3_vecstraight_clean_msgsource_learned_15seeds_remote_20260410/train/cond1_seed1212.pt,cond1,1212,9001,greedy,none,none,none,none,agent_2,p_msg1_given_fhat,1.5<=fhat<2.5,,6037,0.9998343548119927,150000,comm,private,
<SOURCE_VECSTRAIGHT_REPO>/remote-results/phase3_vecstraight_clean_msgsource_learned_15seeds_remote_20260410/train/cond1_seed1212.pt,cond1,1212,9001,greedy,none,none,none,none,agent_2,p_msg1_given_fhat,2.5<=fhat<3.5,,6353,0.8839918148906029,150000,comm,private,
<SOURCE_VECSTRAIGHT_REPO>/remote-results/phase3_vecstraight_clean_msgsource_learned_15seeds_remote_20260410/train/cond1_seed1212.pt,cond1,1212,9001,greedy,none,none,none,none,agent_2,p_msg1_given_fhat,3.5<=fhat<4.5,,4191,0.3583870198043426,150000,comm,private,
<SOURCE_VECSTRAIGHT_REPO>/remote-results/phase3_vecstraight_clean_msgsource_learned_15seeds_remote_20260410/train/cond1_seed1212.pt,cond1,1212,9001,greedy,none,none,none,none,agent_2,p_msg1_given_fhat,fhat<1.5,,8255,1.0,150000,comm,private,
<SOURCE_VECSTRAIGHT_REPO>/remote-results/phase3_vecstraight_clean_msgsource_learned_15seeds_remote_20260410/train/cond1_seed1212.pt,cond1,1212,9001,greedy,none,none,none,none,agent_2,p_msg1_given_fhat,fhat>=4.5,,5164,0.0023237800154918666,150000,comm,private,
<SOURCE_VECSTRAIGHT_REPO>/remote-results/phase3_vecstraight_clean_msgsource_learned_15seeds_remote_20260410/train/cond1_seed1212.pt,cond1,1212,9001,greedy,none,none,none,none,agent_3,p_msg1_given_fhat,1.5<=fhat<2.5,,6013,0.9552635955429902,150000,comm,private,
<SOURCE_VECSTRAIGHT_REPO>/remote-results/phase3_vecstraight_clean_msgsource_learned_15seeds_remote_20260410/train/cond1_seed1212.pt,cond1,1212,9001,greedy,none,none,none,none,agent_3,p_msg1_given_fhat,2.5<=fhat<3.5,,6316,0.7708993033565548,150000,comm,private,
<SOURCE_VECSTRAIGHT_REPO>/remote-results/phase3_vecstraight_clean_msgsource_learned_15seeds_remote_20260410/train/cond1_seed1212.pt,cond1,1212,9001,greedy,none,none,none,none,agent_3,p_msg1_given_fhat,3.5<=fhat<4.5,,4308,0.6836118848653667,150000,comm,private,
<SOURCE_VECSTRAIGHT_REPO>/remote-results/phase3_vecstraight_clean_msgsource_learned_15seeds_remote_20260410/train/cond1_seed1212.pt,cond1,1212,9001,greedy,none,none,none,none,agent_3,p_msg1_given_fhat,fhat<1.5,,8261,0.9985473913569786,150000,comm,private,
<SOURCE_VECSTRAIGHT_REPO>/remote-results/phase3_vecstraight_clean_msgsource_learned_15seeds_remote_20260410/train/cond1_seed1212.pt,cond1,1212,9001,greedy,none,none,none,none,agent_3,p_msg1_given_fhat,fhat>=4.5,,5102,0.2502940023520188,150000,comm,private,
<SOURCE_VECSTRAIGHT_REPO>/remote-results/phase3_vecstraight_clean_msgsource_learned_15seeds_remote_20260410/train/cond1_seed1212.pt,cond1,1212,9001,greedy,none,none,none,none,agent_0,p_msg1_given_action,,0,17480,0.027288329519450802,150000,comm,private,
<SOURCE_VECSTRAIGHT_REPO>/remote-results/phase3_vecstraight_clean_msgsource_learned_15seeds_remote_20260410/train/cond1_seed1212.pt,cond1,1212,9001,greedy,none,none,none,none,agent_0,p_msg1_given_action,,1,12520,0.47068690095846644,150000,comm,private,
<SOURCE_VECSTRAIGHT_REPO>/remote-results/phase3_vecstraight_clean_msgsource_learned_15seeds_remote_20260410/train/cond1_seed1212.pt,cond1,1212,9001,greedy,none,none,none,none,agent_1,p_msg1_given_action,,0,19948,0.5528373771806697,150000,comm,private,
<SOURCE_VECSTRAIGHT_REPO>/remote-results/phase3_vecstraight_clean_msgsource_learned_15seeds_remote_20260410/train/cond1_seed1212.pt,cond1,1212,9001,greedy,none,none,none,none,agent_1,p_msg1_given_action,,1,10052,0.010147234381217668,150000,comm,private,
<SOURCE_VECSTRAIGHT_REPO>/remote-results/phase3_vecstraight_clean_msgsource_learned_15seeds_remote_20260410/train/cond1_seed1212.pt,cond1,1212,9001,greedy,none,none,none,none,agent_2,p_msg1_given_action,,0,20627,0.8564987637562418,150000,comm,private,
<SOURCE_VECSTRAIGHT_REPO>/remote-results/phase3_vecstraight_clean_msgsource_learned_15seeds_remote_20260410/train/cond1_seed1212.pt,cond1,1212,9001,greedy,none,none,none,none,agent_2,p_msg1_given_action,,1,9373,0.4005121092499733,150000,comm,private,
<SOURCE_VECSTRAIGHT_REPO>/remote-results/phase3_vecstraight_clean_msgsource_learned_15seeds_remote_20260410/train/cond1_seed1212.pt,cond1,1212,9001,greedy,none,none,none,none,agent_3,p_msg1_given_action,,0,20581,0.9317331519362518,150000,comm,private,
<SOURCE_VECSTRAIGHT_REPO>/remote-results/phase3_vecstraight_clean_msgsource_learned_15seeds_remote_20260410/train/cond1_seed1212.pt,cond1,1212,9001,greedy,none,none,none,none,agent_3,p_msg1_given_action,,1,9419,0.41490604098099587,150000,comm,private,
<SOURCE_VECSTRAIGHT_REPO>/remote-results/phase3_vecstraight_clean_msgsource_learned_15seeds_remote_20260410/train/cond1_seed1313.pt,cond1,1313,9001,greedy,none,none,none,none,agent_0,p_msg1_given_fhat,1.5<=fhat<2.5,,6008,0.979693741677763,150000,comm,private,
<SOURCE_VECSTRAIGHT_REPO>/remote-results/phase3_vecstraight_clean_msgsource_learned_15seeds_remote_20260410/train/cond1_seed1313.pt,cond1,1313,9001,greedy,none,none,none,none,agent_0,p_msg1_given_fhat,2.5<=fhat<3.5,,6306,0.6417697431018078,150000,comm,private,
<SOURCE_VECSTRAIGHT_REPO>/remote-results/phase3_vecstraight_clean_msgsource_learned_15seeds_remote_20260410/train/cond1_seed1313.pt,cond1,1313,9001,greedy,none,none,none,none,agent_0,p_msg1_given_fhat,3.5<=fhat<4.5,,4259,0.5879314393050011,150000,comm,private,
<SOURCE_VECSTRAIGHT_REPO>/remote-results/phase3_vecstraight_clean_msgsource_learned_15seeds_remote_20260410/train/cond1_seed1313.pt,cond1,1313,9001,greedy,none,none,none,none,agent_0,p_msg1_given_fhat,fhat<1.5,,8295,0.991922845087402,150000,comm,private,
<SOURCE_VECSTRAIGHT_REPO>/remote-results/phase3_vecstraight_clean_msgsource_learned_15seeds_remote_20260410/train/cond1_seed1313.pt,cond1,1313,9001,greedy,none,none,none,none,agent_0,p_msg1_given_fhat,fhat>=4.5,,5132,0.4758378799688231,150000,comm,private,
<SOURCE_VECSTRAIGHT_REPO>/remote-results/phase3_vecstraight_clean_msgsource_learned_15seeds_remote_20260410/train/cond1_seed1313.pt,cond1,1313,9001,greedy,none,none,none,none,agent_1,p_msg1_given_fhat,1.5<=fhat<2.5,,6070,0.9108731466227348,150000,comm,private,
<SOURCE_VECSTRAIGHT_REPO>/remote-results/phase3_vecstraight_clean_msgsource_learned_15seeds_remote_20260410/train/cond1_seed1313.pt,cond1,1313,9001,greedy,none,none,none,none,agent_1,p_msg1_given_fhat,2.5<=fhat<3.5,,6329,0.5795544319797756,150000,comm,private,
<SOURCE_VECSTRAIGHT_REPO>/remote-results/phase3_vecstraight_clean_msgsource_learned_15seeds_remote_20260410/train/cond1_seed1313.pt,cond1,1313,9001,greedy,none,none,none,none,agent_1,p_msg1_given_fhat,3.5<=fhat<4.5,,4303,0.6088775273065303,150000,comm,private,
<SOURCE_VECSTRAIGHT_REPO>/remote-results/phase3_vecstraight_clean_msgsource_learned_15seeds_remote_20260410/train/cond1_seed1313.pt,cond1,1313,9001,greedy,none,none,none,none,agent_1,p_msg1_given_fhat,fhat<1.5,,8194,0.9886502318769832,150000,comm,private,
<SOURCE_VECSTRAIGHT_REPO>/remote-results/phase3_vecstraight_clean_msgsource_learned_15seeds_remote_20260410/train/cond1_seed1313.pt,cond1,1313,9001,greedy,none,none,none,none,agent_1,p_msg1_given_fhat,fhat>=4.5,,5104,0.23942006269592475,150000,comm,private,
<SOURCE_VECSTRAIGHT_REPO>/remote-results/phase3_vecstraight_clean_msgsource_learned_15seeds_remote_20260410/train/cond1_seed1313.pt,cond1,1313,9001,greedy,none,none,none,none,agent_2,p_msg1_given_fhat,1.5<=fhat<2.5,,6037,0.9748219314228922,150000,comm,private,
<SOURCE_VECSTRAIGHT_REPO>/remote-results/phase3_vecstraight_clean_msgsource_learned_15seeds_remote_20260410/train/cond1_seed1313.pt,cond1,1313,9001,greedy,none,none,none,none,agent_2,p_msg1_given_fhat,2.5<=fhat<3.5,,6353,0.9392413033212655,150000,comm,private,
<SOURCE_VECSTRAIGHT_REPO>/remote-results/phase3_vecstraight_clean_msgsource_learned_15seeds_remote_20260410/train/cond1_seed1313.pt,cond1,1313,9001,greedy,none,none,none,none,agent_2,p_msg1_given_fhat,3.5<=fhat<4.5,,4191,0.7644953471725126,150000,comm,private,
<SOURCE_VECSTRAIGHT_REPO>/remote-results/phase3_vecstraight_clean_msgsource_learned_15seeds_remote_20260410/train/cond1_seed1313.pt,cond1,1313,9001,greedy,none,none,none,none,agent_2,p_msg1_given_fhat,fhat<1.5,,8255,0.9445184736523319,150000,comm,private,
<SOURCE_VECSTRAIGHT_REPO>/remote-results/phase3_vecstraight_clean_msgsource_learned_15seeds_remote_20260410/train/cond1_seed1313.pt,cond1,1313,9001,greedy,none,none,none,none,agent_2,p_msg1_given_fhat,fhat>=4.5,,5164,0.7666537567776918,150000,comm,private,
<SOURCE_VECSTRAIGHT_REPO>/remote-results/phase3_vecstraight_clean_msgsource_learned_15seeds_remote_20260410/train/cond1_seed1313.pt,cond1,1313,9001,greedy,none,none,none,none,agent_3,p_msg1_given_fhat,1.5<=fhat<2.5,,6013,0.9481124230833194,150000,comm,private,
<SOURCE_VECSTRAIGHT_REPO>/remote-results/phase3_vecstraight_clean_msgsource_learned_15seeds_remote_20260410/train/cond1_seed1313.pt,cond1,1313,9001,greedy,none,none,none,none,agent_3,p_msg1_given_fhat,2.5<=fhat<3.5,,6316,0.2979734008866371,150000,comm,private,
<SOURCE_VECSTRAIGHT_REPO>/remote-results/phase3_vecstraight_clean_msgsource_learned_15seeds_remote_20260410/train/cond1_seed1313.pt,cond1,1313,9001,greedy,none,none,none,none,agent_3,p_msg1_given_fhat,3.5<=fhat<4.5,,4308,0.16620241411327763,150000,comm,private,
<SOURCE_VECSTRAIGHT_REPO>/remote-results/phase3_vecstraight_clean_msgsource_learned_15seeds_remote_20260410/train/cond1_seed1313.pt,cond1,1313,9001,greedy,none,none,none,none,agent_3,p_msg1_given_fhat,fhat<1.5,,8261,0.9992736956784893,150000,comm,private,
<SOURCE_VECSTRAIGHT_REPO>/remote-results/phase3_vecstraight_clean_msgsource_learned_15seeds_remote_20260410/train/cond1_seed1313.pt,cond1,1313,9001,greedy,none,none,none,none,agent_3,p_msg1_given_fhat,fhat>=4.5,,5102,0.20286162289298315,150000,comm,private,
<SOURCE_VECSTRAIGHT_REPO>/remote-results/phase3_vecstraight_clean_msgsource_learned_15seeds_remote_20260410/train/cond1_seed1313.pt,cond1,1313,9001,greedy,none,none,none,none,agent_0,p_msg1_given_action,,0,17390,0.8828637147786084,150000,comm,private,
<SOURCE_VECSTRAIGHT_REPO>/remote-results/phase3_vecstraight_clean_msgsource_learned_15seeds_remote_20260410/train/cond1_seed1313.pt,cond1,1313,9001,greedy,none,none,none,none,agent_0,p_msg1_given_action,,1,12610,0.6149088025376686,150000,comm,private,
<SOURCE_VECSTRAIGHT_REPO>/remote-results/phase3_vecstraight_clean_msgsource_learned_15seeds_remote_20260410/train/cond1_seed1313.pt,cond1,1313,9001,greedy,none,none,none,none,agent_1,p_msg1_given_action,,0,21420,0.8169934640522876,150000,comm,private,
<SOURCE_VECSTRAIGHT_REPO>/remote-results/phase3_vecstraight_clean_msgsource_learned_15seeds_remote_20260410/train/cond1_seed1313.pt,cond1,1313,9001,greedy,none,none,none,none,agent_1,p_msg1_given_action,,1,8580,0.42424242424242425,150000,comm,private,
<SOURCE_VECSTRAIGHT_REPO>/remote-results/phase3_vecstraight_clean_msgsource_learned_15seeds_remote_20260410/train/cond1_seed1313.pt,cond1,1313,9001,greedy,none,none,none,none,agent_2,p_msg1_given_action,,0,17039,0.9641997769822173,150000,comm,private,
<SOURCE_VECSTRAIGHT_REPO>/remote-results/phase3_vecstraight_clean_msgsource_learned_15seeds_remote_20260410/train/cond1_seed1313.pt,cond1,1313,9001,greedy,none,none,none,none,agent_2,p_msg1_given_action,,1,12961,0.8010955944757349,150000,comm,private,
<SOURCE_VECSTRAIGHT_REPO>/remote-results/phase3_vecstraight_clean_msgsource_learned_15seeds_remote_20260410/train/cond1_seed1313.pt,cond1,1313,9001,greedy,none,none,none,none,agent_3,p_msg1_given_action,,0,18849,0.8586662422409677,150000,comm,private,
<SOURCE_VECSTRAIGHT_REPO>/remote-results/phase3_vecstraight_clean_msgsource_learned_15seeds_remote_20260410/train/cond1_seed1313.pt,cond1,1313,9001,greedy,none,none,none,none,agent_3,p_msg1_given_action,,1,11151,0.12590799031476999,150000,comm,private,
<SOURCE_VECSTRAIGHT_REPO>/remote-results/phase3_vecstraight_clean_msgsource_learned_15seeds_remote_20260410/train/cond1_seed1414.pt,cond1,1414,9001,greedy,none,none,none,none,agent_0,p_msg1_given_fhat,1.5<=fhat<2.5,,6008,0.20938748335552596,150000,comm,private,
<SOURCE_VECSTRAIGHT_REPO>/remote-results/phase3_vecstraight_clean_msgsource_learned_15seeds_remote_20260410/train/cond1_seed1414.pt,cond1,1414,9001,greedy,none,none,none,none,agent_0,p_msg1_given_fhat,2.5<=fhat<3.5,,6306,0.4655883285759594,150000,comm,private,
<SOURCE_VECSTRAIGHT_REPO>/remote-results/phase3_vecstraight_clean_msgsource_learned_15seeds_remote_20260410/train/cond1_seed1414.pt,cond1,1414,9001,greedy,none,none,none,none,agent_0,p_msg1_given_fhat,3.5<=fhat<4.5,,4259,0.324489316741019,150000,comm,private,
<SOURCE_VECSTRAIGHT_REPO>/remote-results/phase3_vecstraight_clean_msgsource_learned_15seeds_remote_20260410/train/cond1_seed1414.pt,cond1,1414,9001,greedy,none,none,none,none,agent_0,p_msg1_given_fhat,fhat<1.5,,8295,0.9116335141651597,150000,comm,private,
<SOURCE_VECSTRAIGHT_REPO>/remote-results/phase3_vecstraight_clean_msgsource_learned_15seeds_remote_20260410/train/cond1_seed1414.pt,cond1,1414,9001,greedy,none,none,none,none,agent_0,p_msg1_given_fhat,fhat>=4.5,,5132,0.9078332034294622,150000,comm,private,
<SOURCE_VECSTRAIGHT_REPO>/remote-results/phase3_vecstraight_clean_msgsource_learned_15seeds_remote_20260410/train/cond1_seed1414.pt,cond1,1414,9001,greedy,none,none,none,none,agent_1,p_msg1_given_fhat,1.5<=fhat<2.5,,6070,0.9171334431630972,150000,comm,private,
<SOURCE_VECSTRAIGHT_REPO>/remote-results/phase3_vecstraight_clean_msgsource_learned_15seeds_remote_20260410/train/cond1_seed1414.pt,cond1,1414,9001,greedy,none,none,none,none,agent_1,p_msg1_given_fhat,2.5<=fhat<3.5,,6329,0.6760941696950545,150000,comm,private,
<SOURCE_VECSTRAIGHT_REPO>/remote-results/phase3_vecstraight_clean_msgsource_learned_15seeds_remote_20260410/train/cond1_seed1414.pt,cond1,1414,9001,greedy,none,none,none,none,agent_1,p_msg1_given_fhat,3.5<=fhat<4.5,,4303,0.8752033465024401,150000,comm,private,
<SOURCE_VECSTRAIGHT_REPO>/remote-results/phase3_vecstraight_clean_msgsource_learned_15seeds_remote_20260410/train/cond1_seed1414.pt,cond1,1414,9001,greedy,none,none,none,none,agent_1,p_msg1_given_fhat,fhat<1.5,,8194,0.8389065169636319,150000,comm,private,
<SOURCE_VECSTRAIGHT_REPO>/remote-results/phase3_vecstraight_clean_msgsource_learned_15seeds_remote_20260410/train/cond1_seed1414.pt,cond1,1414,9001,greedy,none,none,none,none,agent_1,p_msg1_given_fhat,fhat>=4.5,,5104,0.9780564263322884,150000,comm,private,
<SOURCE_VECSTRAIGHT_REPO>/remote-results/phase3_vecstraight_clean_msgsource_learned_15seeds_remote_20260410/train/cond1_seed1414.pt,cond1,1414,9001,greedy,none,none,none,none,agent_2,p_msg1_given_fhat,1.5<=fhat<2.5,,6037,0.07917839986748385,150000,comm,private,
<SOURCE_VECSTRAIGHT_REPO>/remote-results/phase3_vecstraight_clean_msgsource_learned_15seeds_remote_20260410/train/cond1_seed1414.pt,cond1,1414,9001,greedy,none,none,none,none,agent_2,p_msg1_given_fhat,2.5<=fhat<3.5,,6353,0.6902250905084212,150000,comm,private,
<SOURCE_VECSTRAIGHT_REPO>/remote-results/phase3_vecstraight_clean_msgsource_learned_15seeds_remote_20260410/train/cond1_seed1414.pt,cond1,1414,9001,greedy,none,none,none,none,agent_2,p_msg1_given_fhat,3.5<=fhat<4.5,,4191,0.5361488904795991,150000,comm,private,
<SOURCE_VECSTRAIGHT_REPO>/remote-results/phase3_vecstraight_clean_msgsource_learned_15seeds_remote_20260410/train/cond1_seed1414.pt,cond1,1414,9001,greedy,none,none,none,none,agent_2,p_msg1_given_fhat,fhat<1.5,,8255,0.005087825560266505,150000,comm,private,
<SOURCE_VECSTRAIGHT_REPO>/remote-results/phase3_vecstraight_clean_msgsource_learned_15seeds_remote_20260410/train/cond1_seed1414.pt,cond1,1414,9001,greedy,none,none,none,none,agent_2,p_msg1_given_fhat,fhat>=4.5,,5164,0.003292021688613478,150000,comm,private,
<SOURCE_VECSTRAIGHT_REPO>/remote-results/phase3_vecstraight_clean_msgsource_learned_15seeds_remote_20260410/train/cond1_seed1414.pt,cond1,1414,9001,greedy,none,none,none,none,agent_3,p_msg1_given_fhat,1.5<=fhat<2.5,,6013,0.9210044902710793,150000,comm,private,
<SOURCE_VECSTRAIGHT_REPO>/remote-results/phase3_vecstraight_clean_msgsource_learned_15seeds_remote_20260410/train/cond1_seed1414.pt,cond1,1414,9001,greedy,none,none,none,none,agent_3,p_msg1_given_fhat,2.5<=fhat<3.5,,6316,0.3663711209626346,150000,comm,private,
<SOURCE_VECSTRAIGHT_REPO>/remote-results/phase3_vecstraight_clean_msgsource_learned_15seeds_remote_20260410/train/cond1_seed1414.pt,cond1,1414,9001,greedy,none,none,none,none,agent_3,p_msg1_given_fhat,3.5<=fhat<4.5,,4308,0.032729805013927575,150000,comm,private,
<SOURCE_VECSTRAIGHT_REPO>/remote-results/phase3_vecstraight_clean_msgsource_learned_15seeds_remote_20260410/train/cond1_seed1414.pt,cond1,1414,9001,greedy,none,none,none,none,agent_3,p_msg1_given_fhat,fhat<1.5,,8261,0.21074930395835856,150000,comm,private,
<SOURCE_VECSTRAIGHT_REPO>/remote-results/phase3_vecstraight_clean_msgsource_learned_15seeds_remote_20260410/train/cond1_seed1414.pt,cond1,1414,9001,greedy,none,none,none,none,agent_3,p_msg1_given_fhat,fhat>=4.5,,5102,0.007252058016464132,150000,comm,private,
<SOURCE_VECSTRAIGHT_REPO>/remote-results/phase3_vecstraight_clean_msgsource_learned_15seeds_remote_20260410/train/cond1_seed1414.pt,cond1,1414,9001,greedy,none,none,none,none,agent_0,p_msg1_given_action,,0,16977,0.5119868056782706,150000,comm,private,
<SOURCE_VECSTRAIGHT_REPO>/remote-results/phase3_vecstraight_clean_msgsource_learned_15seeds_remote_20260410/train/cond1_seed1414.pt,cond1,1414,9001,greedy,none,none,none,none,agent_0,p_msg1_given_action,,1,13023,0.6991476618290716,150000,comm,private,
<SOURCE_VECSTRAIGHT_REPO>/remote-results/phase3_vecstraight_clean_msgsource_learned_15seeds_remote_20260410/train/cond1_seed1414.pt,cond1,1414,9001,greedy,none,none,none,none,agent_1,p_msg1_given_action,,0,15636,0.8809797902276797,150000,comm,private,
<SOURCE_VECSTRAIGHT_REPO>/remote-results/phase3_vecstraight_clean_msgsource_learned_15seeds_remote_20260410/train/cond1_seed1414.pt,cond1,1414,9001,greedy,none,none,none,none,agent_1,p_msg1_given_action,,1,14364,0.8147451963241437,150000,comm,private,
<SOURCE_VECSTRAIGHT_REPO>/remote-results/phase3_vecstraight_clean_msgsource_learned_15seeds_remote_20260410/train/cond1_seed1414.pt,cond1,1414,9001,greedy,none,none,none,none,agent_2,p_msg1_given_action,,0,17021,0.05328711591563363,150000,comm,private,
<SOURCE_VECSTRAIGHT_REPO>/remote-results/phase3_vecstraight_clean_msgsource_learned_15seeds_remote_20260410/train/cond1_seed1414.pt,cond1,1414,9001,greedy,none,none,none,none,agent_2,p_msg1_given_action,,1,12979,0.4824716850296633,150000,comm,private,
<SOURCE_VECSTRAIGHT_REPO>/remote-results/phase3_vecstraight_clean_msgsource_learned_15seeds_remote_20260410/train/cond1_seed1414.pt,cond1,1414,9001,greedy,none,none,none,none,agent_3,p_msg1_given_action,,0,14841,0.5368236641735732,150000,comm,private,
<SOURCE_VECSTRAIGHT_REPO>/remote-results/phase3_vecstraight_clean_msgsource_learned_15seeds_remote_20260410/train/cond1_seed1414.pt,cond1,1414,9001,greedy,none,none,none,none,agent_3,p_msg1_given_action,,1,15159,0.11900521142555577,150000,comm,private,
<SOURCE_VECSTRAIGHT_REPO>/remote-results/phase3_vecstraight_clean_msgsource_learned_15seeds_remote_20260410/train/cond1_seed1515.pt,cond1,1515,9001,greedy,none,none,none,none,agent_0,p_msg1_given_fhat,1.5<=fhat<2.5,,6008,0.9687083888149135,150000,comm,private,
<SOURCE_VECSTRAIGHT_REPO>/remote-results/phase3_vecstraight_clean_msgsource_learned_15seeds_remote_20260410/train/cond1_seed1515.pt,cond1,1515,9001,greedy,none,none,none,none,agent_0,p_msg1_given_fhat,2.5<=fhat<3.5,,6306,0.3937519822391373,150000,comm,private,
<SOURCE_VECSTRAIGHT_REPO>/remote-results/phase3_vecstraight_clean_msgsource_learned_15seeds_remote_20260410/train/cond1_seed1515.pt,cond1,1515,9001,greedy,none,none,none,none,agent_0,p_msg1_given_fhat,3.5<=fhat<4.5,,4259,0.009391876027236441,150000,comm,private,
<SOURCE_VECSTRAIGHT_REPO>/remote-results/phase3_vecstraight_clean_msgsource_learned_15seeds_remote_20260410/train/cond1_seed1515.pt,cond1,1515,9001,greedy,none,none,none,none,agent_0,p_msg1_given_fhat,fhat<1.5,,8295,0.9997588908981314,150000,comm,private,
<SOURCE_VECSTRAIGHT_REPO>/remote-results/phase3_vecstraight_clean_msgsource_learned_15seeds_remote_20260410/train/cond1_seed1515.pt,cond1,1515,9001,greedy,none,none,none,none,agent_0,p_msg1_given_fhat,fhat>=4.5,,5132,0.0,150000,comm,private,
<SOURCE_VECSTRAIGHT_REPO>/remote-results/phase3_vecstraight_clean_msgsource_learned_15seeds_remote_20260410/train/cond1_seed1515.pt,cond1,1515,9001,greedy,none,none,none,none,agent_1,p_msg1_given_fhat,1.5<=fhat<2.5,,6070,0.1871499176276771,150000,comm,private,
<SOURCE_VECSTRAIGHT_REPO>/remote-results/phase3_vecstraight_clean_msgsource_learned_15seeds_remote_20260410/train/cond1_seed1515.pt,cond1,1515,9001,greedy,none,none,none,none,agent_1,p_msg1_given_fhat,2.5<=fhat<3.5,,6329,0.6136830462948333,150000,comm,private,
<SOURCE_VECSTRAIGHT_REPO>/remote-results/phase3_vecstraight_clean_msgsource_learned_15seeds_remote_20260410/train/cond1_seed1515.pt,cond1,1515,9001,greedy,none,none,none,none,agent_1,p_msg1_given_fhat,3.5<=fhat<4.5,,4303,0.9528236114338834,150000,comm,private,
<SOURCE_VECSTRAIGHT_REPO>/remote-results/phase3_vecstraight_clean_msgsource_learned_15seeds_remote_20260410/train/cond1_seed1515.pt,cond1,1515,9001,greedy,none,none,none,none,agent_1,p_msg1_given_fhat,fhat<1.5,,8194,0.012082011227727606,150000,comm,private,
<SOURCE_VECSTRAIGHT_REPO>/remote-results/phase3_vecstraight_clean_msgsource_learned_15seeds_remote_20260410/train/cond1_seed1515.pt,cond1,1515,9001,greedy,none,none,none,none,agent_1,p_msg1_given_fhat,fhat>=4.5,,5104,0.9661050156739812,150000,comm,private,
<SOURCE_VECSTRAIGHT_REPO>/remote-results/phase3_vecstraight_clean_msgsource_learned_15seeds_remote_20260410/train/cond1_seed1515.pt,cond1,1515,9001,greedy,none,none,none,none,agent_2,p_msg1_given_fhat,1.5<=fhat<2.5,,6037,0.9991717740599636,150000,comm,private,
<SOURCE_VECSTRAIGHT_REPO>/remote-results/phase3_vecstraight_clean_msgsource_learned_15seeds_remote_20260410/train/cond1_seed1515.pt,cond1,1515,9001,greedy,none,none,none,none,agent_2,p_msg1_given_fhat,2.5<=fhat<3.5,,6353,0.694160239257044,150000,comm,private,
<SOURCE_VECSTRAIGHT_REPO>/remote-results/phase3_vecstraight_clean_msgsource_learned_15seeds_remote_20260410/train/cond1_seed1515.pt,cond1,1515,9001,greedy,none,none,none,none,agent_2,p_msg1_given_fhat,3.5<=fhat<4.5,,4191,0.767120019088523,150000,comm,private,
<SOURCE_VECSTRAIGHT_REPO>/remote-results/phase3_vecstraight_clean_msgsource_learned_15seeds_remote_20260410/train/cond1_seed1515.pt,cond1,1515,9001,greedy,none,none,none,none,agent_2,p_msg1_given_fhat,fhat<1.5,,8255,1.0,150000,comm,private,
<SOURCE_VECSTRAIGHT_REPO>/remote-results/phase3_vecstraight_clean_msgsource_learned_15seeds_remote_20260410/train/cond1_seed1515.pt,cond1,1515,9001,greedy,none,none,none,none,agent_2,p_msg1_given_fhat,fhat>=4.5,,5164,0.36192873741285825,150000,comm,private,
<SOURCE_VECSTRAIGHT_REPO>/remote-results/phase3_vecstraight_clean_msgsource_learned_15seeds_remote_20260410/train/cond1_seed1515.pt,cond1,1515,9001,greedy,none,none,none,none,agent_3,p_msg1_given_fhat,1.5<=fhat<2.5,,6013,0.050058207217694994,150000,comm,private,
<SOURCE_VECSTRAIGHT_REPO>/remote-results/phase3_vecstraight_clean_msgsource_learned_15seeds_remote_20260410/train/cond1_seed1515.pt,cond1,1515,9001,greedy,none,none,none,none,agent_3,p_msg1_given_fhat,2.5<=fhat<3.5,,6316,0.4517099430018999,150000,comm,private,
<SOURCE_VECSTRAIGHT_REPO>/remote-results/phase3_vecstraight_clean_msgsource_learned_15seeds_remote_20260410/train/cond1_seed1515.pt,cond1,1515,9001,greedy,none,none,none,none,agent_3,p_msg1_given_fhat,3.5<=fhat<4.5,,4308,0.39925719591457753,150000,comm,private,
<SOURCE_VECSTRAIGHT_REPO>/remote-results/phase3_vecstraight_clean_msgsource_learned_15seeds_remote_20260410/train/cond1_seed1515.pt,cond1,1515,9001,greedy,none,none,none,none,agent_3,p_msg1_given_fhat,fhat<1.5,,8261,0.10652463382157124,150000,comm,private,
<SOURCE_VECSTRAIGHT_REPO>/remote-results/phase3_vecstraight_clean_msgsource_learned_15seeds_remote_20260410/train/cond1_seed1515.pt,cond1,1515,9001,greedy,none,none,none,none,agent_3,p_msg1_given_fhat,fhat>=4.5,,5102,0.028420227361818894,150000,comm,private,
<SOURCE_VECSTRAIGHT_REPO>/remote-results/phase3_vecstraight_clean_msgsource_learned_15seeds_remote_20260410/train/cond1_seed1515.pt,cond1,1515,9001,greedy,none,none,none,none,agent_0,p_msg1_given_action,,0,20038,0.8264297834115181,150000,comm,private,
<SOURCE_VECSTRAIGHT_REPO>/remote-results/phase3_vecstraight_clean_msgsource_learned_15seeds_remote_20260410/train/cond1_seed1515.pt,cond1,1515,9001,greedy,none,none,none,none,agent_0,p_msg1_given_action,,1,9962,0.007628990162617948,150000,comm,private,
<SOURCE_VECSTRAIGHT_REPO>/remote-results/phase3_vecstraight_clean_msgsource_learned_15seeds_remote_20260410/train/cond1_seed1515.pt,cond1,1515,9001,greedy,none,none,none,none,agent_1,p_msg1_given_action,,0,14865,0.12976791120080727,150000,comm,private,
<SOURCE_VECSTRAIGHT_REPO>/remote-results/phase3_vecstraight_clean_msgsource_learned_15seeds_remote_20260410/train/cond1_seed1515.pt,cond1,1515,9001,greedy,none,none,none,none,agent_1,p_msg1_given_action,,1,15135,0.8074661380905187,150000,comm,private,
<SOURCE_VECSTRAIGHT_REPO>/remote-results/phase3_vecstraight_clean_msgsource_learned_15seeds_remote_20260410/train/cond1_seed1515.pt,cond1,1515,9001,greedy,none,none,none,none,agent_2,p_msg1_given_action,,0,16997,0.9113961287285992,150000,comm,private,
<SOURCE_VECSTRAIGHT_REPO>/remote-results/phase3_vecstraight_clean_msgsource_learned_15seeds_remote_20260410/train/cond1_seed1515.pt,cond1,1515,9001,greedy,none,none,none,none,agent_2,p_msg1_given_action,,1,13003,0.6375451818811043,150000,comm,private,
<SOURCE_VECSTRAIGHT_REPO>/remote-results/phase3_vecstraight_clean_msgsource_learned_15seeds_remote_20260410/train/cond1_seed1515.pt,cond1,1515,9001,greedy,none,none,none,none,agent_3,p_msg1_given_action,,0,22432,0.10449358059914408,150000,comm,private,
<SOURCE_VECSTRAIGHT_REPO>/remote-results/phase3_vecstraight_clean_msgsource_learned_15seeds_remote_20260410/train/cond1_seed1515.pt,cond1,1515,9001,greedy,none,none,none,none,agent_3,p_msg1_given_action,,1,7568,0.4697410147991543,150000,comm,private,
<SOURCE_VECSTRAIGHT_REPO>/remote-results/phase3_vecstraight_clean_msgsource_learned_15seeds_remote_20260410/train/cond1_seed1616.pt,cond1,1616,9001,greedy,none,none,none,none,agent_0,p_msg1_given_fhat,1.5<=fhat<2.5,,6008,0.9171105193075899,150000,comm,private,
<SOURCE_VECSTRAIGHT_REPO>/remote-results/phase3_vecstraight_clean_msgsource_learned_15seeds_remote_20260410/train/cond1_seed1616.pt,cond1,1616,9001,greedy,none,none,none,none,agent_0,p_msg1_given_fhat,2.5<=fhat<3.5,,6306,0.47209007294640026,150000,comm,private,
<SOURCE_VECSTRAIGHT_REPO>/remote-results/phase3_vecstraight_clean_msgsource_learned_15seeds_remote_20260410/train/cond1_seed1616.pt,cond1,1616,9001,greedy,none,none,none,none,agent_0,p_msg1_given_fhat,3.5<=fhat<4.5,,4259,0.3754402441887767,150000,comm,private,
<SOURCE_VECSTRAIGHT_REPO>/remote-results/phase3_vecstraight_clean_msgsource_learned_15seeds_remote_20260410/train/cond1_seed1616.pt,cond1,1616,9001,greedy,none,none,none,none,agent_0,p_msg1_given_fhat,fhat<1.5,,8295,0.9811934900542495,150000,comm,private,
<SOURCE_VECSTRAIGHT_REPO>/remote-results/phase3_vecstraight_clean_msgsource_learned_15seeds_remote_20260410/train/cond1_seed1616.pt,cond1,1616,9001,greedy,none,none,none,none,agent_0,p_msg1_given_fhat,fhat>=4.5,,5132,0.7266173031956352,150000,comm,private,
<SOURCE_VECSTRAIGHT_REPO>/remote-results/phase3_vecstraight_clean_msgsource_learned_15seeds_remote_20260410/train/cond1_seed1616.pt,cond1,1616,9001,greedy,none,none,none,none,agent_1,p_msg1_given_fhat,1.5<=fhat<2.5,,6070,0.06013179571663921,150000,comm,private,
<SOURCE_VECSTRAIGHT_REPO>/remote-results/phase3_vecstraight_clean_msgsource_learned_15seeds_remote_20260410/train/cond1_seed1616.pt,cond1,1616,9001,greedy,none,none,none,none,agent_1,p_msg1_given_fhat,2.5<=fhat<3.5,,6329,0.4277136988465792,150000,comm,private,
<SOURCE_VECSTRAIGHT_REPO>/remote-results/phase3_vecstraight_clean_msgsource_learned_15seeds_remote_20260410/train/cond1_seed1616.pt,cond1,1616,9001,greedy,none,none,none,none,agent_1,p_msg1_given_fhat,3.5<=fhat<4.5,,4303,0.4050662328607948,150000,comm,private,
<SOURCE_VECSTRAIGHT_REPO>/remote-results/phase3_vecstraight_clean_msgsource_learned_15seeds_remote_20260410/train/cond1_seed1616.pt,cond1,1616,9001,greedy,none,none,none,none,agent_1,p_msg1_given_fhat,fhat<1.5,,8194,0.07639736392482305,150000,comm,private,
<SOURCE_VECSTRAIGHT_REPO>/remote-results/phase3_vecstraight_clean_msgsource_learned_15seeds_remote_20260410/train/cond1_seed1616.pt,cond1,1616,9001,greedy,none,none,none,none,agent_1,p_msg1_given_fhat,fhat>=4.5,,5104,0.4263322884012539,150000,comm,private,
<SOURCE_VECSTRAIGHT_REPO>/remote-results/phase3_vecstraight_clean_msgsource_learned_15seeds_remote_20260410/train/cond1_seed1616.pt,cond1,1616,9001,greedy,none,none,none,none,agent_2,p_msg1_given_fhat,1.5<=fhat<2.5,,6037,0.0998840483683949,150000,comm,private,
<SOURCE_VECSTRAIGHT_REPO>/remote-results/phase3_vecstraight_clean_msgsource_learned_15seeds_remote_20260410/train/cond1_seed1616.pt,cond1,1616,9001,greedy,none,none,none,none,agent_2,p_msg1_given_fhat,2.5<=fhat<3.5,,6353,0.5654021722021092,150000,comm,private,
<SOURCE_VECSTRAIGHT_REPO>/remote-results/phase3_vecstraight_clean_msgsource_learned_15seeds_remote_20260410/train/cond1_seed1616.pt,cond1,1616,9001,greedy,none,none,none,none,agent_2,p_msg1_given_fhat,3.5<=fhat<4.5,,4191,0.6972083035075161,150000,comm,private,
<SOURCE_VECSTRAIGHT_REPO>/remote-results/phase3_vecstraight_clean_msgsource_learned_15seeds_remote_20260410/train/cond1_seed1616.pt,cond1,1616,9001,greedy,none,none,none,none,agent_2,p_msg1_given_fhat,fhat<1.5,,8255,0.040218049666868566,150000,comm,private,
<SOURCE_VECSTRAIGHT_REPO>/remote-results/phase3_vecstraight_clean_msgsource_learned_15seeds_remote_20260410/train/cond1_seed1616.pt,cond1,1616,9001,greedy,none,none,none,none,agent_2,p_msg1_given_fhat,fhat>=4.5,,5164,0.08675445391169635,150000,comm,private,
<SOURCE_VECSTRAIGHT_REPO>/remote-results/phase3_vecstraight_clean_msgsource_learned_15seeds_remote_20260410/train/cond1_seed1616.pt,cond1,1616,9001,greedy,none,none,none,none,agent_3,p_msg1_given_fhat,1.5<=fhat<2.5,,6013,0.03409279893563945,150000,comm,private,
<SOURCE_VECSTRAIGHT_REPO>/remote-results/phase3_vecstraight_clean_msgsource_learned_15seeds_remote_20260410/train/cond1_seed1616.pt,cond1,1616,9001,greedy,none,none,none,none,agent_3,p_msg1_given_fhat,2.5<=fhat<3.5,,6316,0.2612412919569348,150000,comm,private,
<SOURCE_VECSTRAIGHT_REPO>/remote-results/phase3_vecstraight_clean_msgsource_learned_15seeds_remote_20260410/train/cond1_seed1616.pt,cond1,1616,9001,greedy,none,none,none,none,agent_3,p_msg1_given_fhat,3.5<=fhat<4.5,,4308,0.6680594243268339,150000,comm,private,
<SOURCE_VECSTRAIGHT_REPO>/remote-results/phase3_vecstraight_clean_msgsource_learned_15seeds_remote_20260410/train/cond1_seed1616.pt,cond1,1616,9001,greedy,none,none,none,none,agent_3,p_msg1_given_fhat,fhat<1.5,,8261,0.010168260501149981,150000,comm,private,
<SOURCE_VECSTRAIGHT_REPO>/remote-results/phase3_vecstraight_clean_msgsource_learned_15seeds_remote_20260410/train/cond1_seed1616.pt,cond1,1616,9001,greedy,none,none,none,none,agent_3,p_msg1_given_fhat,fhat>=4.5,,5102,0.0448843590748726,150000,comm,private,
<SOURCE_VECSTRAIGHT_REPO>/remote-results/phase3_vecstraight_clean_msgsource_learned_15seeds_remote_20260410/train/cond1_seed1616.pt,cond1,1616,9001,greedy,none,none,none,none,agent_0,p_msg1_given_action,,0,19796,0.8729541321479086,150000,comm,private,
<SOURCE_VECSTRAIGHT_REPO>/remote-results/phase3_vecstraight_clean_msgsource_learned_15seeds_remote_20260410/train/cond1_seed1616.pt,cond1,1616,9001,greedy,none,none,none,none,agent_0,p_msg1_given_action,,1,10204,0.4579576636613093,150000,comm,private,
<SOURCE_VECSTRAIGHT_REPO>/remote-results/phase3_vecstraight_clean_msgsource_learned_15seeds_remote_20260410/train/cond1_seed1616.pt,cond1,1616,9001,greedy,none,none,none,none,agent_1,p_msg1_given_action,,0,20477,0.17009327538213606,150000,comm,private,
<SOURCE_VECSTRAIGHT_REPO>/remote-results/phase3_vecstraight_clean_msgsource_learned_15seeds_remote_20260410/train/cond1_seed1616.pt,cond1,1616,9001,greedy,none,none,none,none,agent_1,p_msg1_given_action,,1,9523,0.43410689908642236,150000,comm,private,
<SOURCE_VECSTRAIGHT_REPO>/remote-results/phase3_vecstraight_clean_msgsource_learned_15seeds_remote_20260410/train/cond1_seed1616.pt,cond1,1616,9001,greedy,none,none,none,none,agent_2,p_msg1_given_action,,0,25897,0.28095918446152063,150000,comm,private,
<SOURCE_VECSTRAIGHT_REPO>/remote-results/phase3_vecstraight_clean_msgsource_learned_15seeds_remote_20260410/train/cond1_seed1616.pt,cond1,1616,9001,greedy,none,none,none,none,agent_2,p_msg1_given_action,,1,4103,0.15135266877894224,150000,comm,private,
<SOURCE_VECSTRAIGHT_REPO>/remote-results/phase3_vecstraight_clean_msgsource_learned_15seeds_remote_20260410/train/cond1_seed1616.pt,cond1,1616,9001,greedy,none,none,none,none,agent_3,p_msg1_given_action,,0,21349,0.13911658625696754,150000,comm,private,
<SOURCE_VECSTRAIGHT_REPO>/remote-results/phase3_vecstraight_clean_msgsource_learned_15seeds_remote_20260410/train/cond1_seed1616.pt,cond1,1616,9001,greedy,none,none,none,none,agent_3,p_msg1_given_action,,1,8651,0.23997225754248064,150000,comm,private,
<SOURCE_VECSTRAIGHT_REPO>/remote-results/phase3_vecstraight_clean_msgsource_learned_15seeds_remote_20260410/train/cond1_seed202.pt,cond1,202,9001,greedy,none,none,none,none,agent_0,p_msg1_given_fhat,1.5<=fhat<2.5,,6008,0.1945739014647137,150000,comm,private,
<SOURCE_VECSTRAIGHT_REPO>/remote-results/phase3_vecstraight_clean_msgsource_learned_15seeds_remote_20260410/train/cond1_seed202.pt,cond1,202,9001,greedy,none,none,none,none,agent_0,p_msg1_given_fhat,2.5<=fhat<3.5,,6306,0.34776403425309227,150000,comm,private,
<SOURCE_VECSTRAIGHT_REPO>/remote-results/phase3_vecstraight_clean_msgsource_learned_15seeds_remote_20260410/train/cond1_seed202.pt,cond1,202,9001,greedy,none,none,none,none,agent_0,p_msg1_given_fhat,3.5<=fhat<4.5,,4259,0.2538154496360648,150000,comm,private,
<SOURCE_VECSTRAIGHT_REPO>/remote-results/phase3_vecstraight_clean_msgsource_learned_15seeds_remote_20260410/train/cond1_seed202.pt,cond1,202,9001,greedy,none,none,none,none,agent_0,p_msg1_given_fhat,fhat<1.5,,8295,0.15443037974683543,150000,comm,private,
<SOURCE_VECSTRAIGHT_REPO>/remote-results/phase3_vecstraight_clean_msgsource_learned_15seeds_remote_20260410/train/cond1_seed202.pt,cond1,202,9001,greedy,none,none,none,none,agent_0,p_msg1_given_fhat,fhat>=4.5,,5132,0.21024941543257988,150000,comm,private,
<SOURCE_VECSTRAIGHT_REPO>/remote-results/phase3_vecstraight_clean_msgsource_learned_15seeds_remote_20260410/train/cond1_seed202.pt,cond1,202,9001,greedy,none,none,none,none,agent_1,p_msg1_given_fhat,1.5<=fhat<2.5,,6070,0.6322899505766063,150000,comm,private,
<SOURCE_VECSTRAIGHT_REPO>/remote-results/phase3_vecstraight_clean_msgsource_learned_15seeds_remote_20260410/train/cond1_seed202.pt,cond1,202,9001,greedy,none,none,none,none,agent_1,p_msg1_given_fhat,2.5<=fhat<3.5,,6329,0.3559804076473376,150000,comm,private,
<SOURCE_VECSTRAIGHT_REPO>/remote-results/phase3_vecstraight_clean_msgsource_learned_15seeds_remote_20260410/train/cond1_seed202.pt,cond1,202,9001,greedy,none,none,none,none,agent_1,p_msg1_given_fhat,3.5<=fhat<4.5,,4303,0.039739716476876595,150000,comm,private,
<SOURCE_VECSTRAIGHT_REPO>/remote-results/phase3_vecstraight_clean_msgsource_learned_15seeds_remote_20260410/train/cond1_seed202.pt,cond1,202,9001,greedy,none,none,none,none,agent_1,p_msg1_given_fhat,fhat<1.5,,8194,1.0,150000,comm,private,
<SOURCE_VECSTRAIGHT_REPO>/remote-results/phase3_vecstraight_clean_msgsource_learned_15seeds_remote_20260410/train/cond1_seed202.pt,cond1,202,9001,greedy,none,none,none,none,agent_1,p_msg1_given_fhat,fhat>=4.5,,5104,0.0011755485893416929,150000,comm,private,
<SOURCE_VECSTRAIGHT_REPO>/remote-results/phase3_vecstraight_clean_msgsource_learned_15seeds_remote_20260410/train/cond1_seed202.pt,cond1,202,9001,greedy,none,none,none,none,agent_2,p_msg1_given_fhat,1.5<=fhat<2.5,,6037,0.8855391750869637,150000,comm,private,
<SOURCE_VECSTRAIGHT_REPO>/remote-results/phase3_vecstraight_clean_msgsource_learned_15seeds_remote_20260410/train/cond1_seed202.pt,cond1,202,9001,greedy,none,none,none,none,agent_2,p_msg1_given_fhat,2.5<=fhat<3.5,,6353,0.4912639697780576,150000,comm,private,
<SOURCE_VECSTRAIGHT_REPO>/remote-results/phase3_vecstraight_clean_msgsource_learned_15seeds_remote_20260410/train/cond1_seed202.pt,cond1,202,9001,greedy,none,none,none,none,agent_2,p_msg1_given_fhat,3.5<=fhat<4.5,,4191,0.5344786447148652,150000,comm,private,
<SOURCE_VECSTRAIGHT_REPO>/remote-results/phase3_vecstraight_clean_msgsource_learned_15seeds_remote_20260410/train/cond1_seed202.pt,cond1,202,9001,greedy,none,none,none,none,agent_2,p_msg1_given_fhat,fhat<1.5,,8255,0.9899454875832828,150000,comm,private,
<SOURCE_VECSTRAIGHT_REPO>/remote-results/phase3_vecstraight_clean_msgsource_learned_15seeds_remote_20260410/train/cond1_seed202.pt,cond1,202,9001,greedy,none,none,none,none,agent_2,p_msg1_given_fhat,fhat>=4.5,,5164,0.5044539116963594,150000,comm,private,
<SOURCE_VECSTRAIGHT_REPO>/remote-results/phase3_vecstraight_clean_msgsource_learned_15seeds_remote_20260410/train/cond1_seed202.pt,cond1,202,9001,greedy,none,none,none,none,agent_3,p_msg1_given_fhat,1.5<=fhat<2.5,,6013,0.7738233826708798,150000,comm,private,
<SOURCE_VECSTRAIGHT_REPO>/remote-results/phase3_vecstraight_clean_msgsource_learned_15seeds_remote_20260410/train/cond1_seed202.pt,cond1,202,9001,greedy,none,none,none,none,agent_3,p_msg1_given_fhat,2.5<=fhat<3.5,,6316,0.7120012666244458,150000,comm,private,
<SOURCE_VECSTRAIGHT_REPO>/remote-results/phase3_vecstraight_clean_msgsource_learned_15seeds_remote_20260410/train/cond1_seed202.pt,cond1,202,9001,greedy,none,none,none,none,agent_3,p_msg1_given_fhat,3.5<=fhat<4.5,,4308,0.9670380687093779,150000,comm,private,
<SOURCE_VECSTRAIGHT_REPO>/remote-results/phase3_vecstraight_clean_msgsource_learned_15seeds_remote_20260410/train/cond1_seed202.pt,cond1,202,9001,greedy,none,none,none,none,agent_3,p_msg1_given_fhat,fhat<1.5,,8261,0.9278537707299358,150000,comm,private,
<SOURCE_VECSTRAIGHT_REPO>/remote-results/phase3_vecstraight_clean_msgsource_learned_15seeds_remote_20260410/train/cond1_seed202.pt,cond1,202,9001,greedy,none,none,none,none,agent_3,p_msg1_given_fhat,fhat>=4.5,,5102,0.9809878479027833,150000,comm,private,
<SOURCE_VECSTRAIGHT_REPO>/remote-results/phase3_vecstraight_clean_msgsource_learned_15seeds_remote_20260410/train/cond1_seed202.pt,cond1,202,9001,greedy,none,none,none,none,agent_0,p_msg1_given_action,,0,13841,0.21291814175276352,150000,comm,private,
<SOURCE_VECSTRAIGHT_REPO>/remote-results/phase3_vecstraight_clean_msgsource_learned_15seeds_remote_20260410/train/cond1_seed202.pt,cond1,202,9001,greedy,none,none,none,none,agent_0,p_msg1_given_action,,1,16159,0.238628628009159,150000,comm,private,
<SOURCE_VECSTRAIGHT_REPO>/remote-results/phase3_vecstraight_clean_msgsource_learned_15seeds_remote_20260410/train/cond1_seed202.pt,cond1,202,9001,greedy,none,none,none,none,agent_1,p_msg1_given_action,,0,17714,0.6333973128598849,150000,comm,private,
<SOURCE_VECSTRAIGHT_REPO>/remote-results/phase3_vecstraight_clean_msgsource_learned_15seeds_remote_20260410/train/cond1_seed202.pt,cond1,202,9001,greedy,none,none,none,none,agent_1,p_msg1_given_action,,1,12286,0.2638775842422269,150000,comm,private,
<SOURCE_VECSTRAIGHT_REPO>/remote-results/phase3_vecstraight_clean_msgsource_learned_15seeds_remote_20260410/train/cond1_seed202.pt,cond1,202,9001,greedy,none,none,none,none,agent_2,p_msg1_given_action,,0,14144,0.9964649321266968,150000,comm,private,
<SOURCE_VECSTRAIGHT_REPO>/remote-results/phase3_vecstraight_clean_msgsource_learned_15seeds_remote_20260410/train/cond1_seed202.pt,cond1,202,9001,greedy,none,none,none,none,agent_2,p_msg1_given_action,,1,15856,0.4660696266397578,150000,comm,private,
<SOURCE_VECSTRAIGHT_REPO>/remote-results/phase3_vecstraight_clean_msgsource_learned_15seeds_remote_20260410/train/cond1_seed202.pt,cond1,202,9001,greedy,none,none,none,none,agent_3,p_msg1_given_action,,0,16659,0.8544930668107329,150000,comm,private,
<SOURCE_VECSTRAIGHT_REPO>/remote-results/phase3_vecstraight_clean_msgsource_learned_15seeds_remote_20260410/train/cond1_seed202.pt,cond1,202,9001,greedy,none,none,none,none,agent_3,p_msg1_given_action,,1,13341,0.8808185293456262,150000,comm,private,
<SOURCE_VECSTRAIGHT_REPO>/remote-results/phase3_vecstraight_clean_msgsource_learned_15seeds_remote_20260410/train/cond1_seed303.pt,cond1,303,9001,greedy,none,none,none,none,agent_0,p_msg1_given_fhat,1.5<=fhat<2.5,,6008,0.7533288948069241,150000,comm,private,
<SOURCE_VECSTRAIGHT_REPO>/remote-results/phase3_vecstraight_clean_msgsource_learned_15seeds_remote_20260410/train/cond1_seed303.pt,cond1,303,9001,greedy,none,none,none,none,agent_0,p_msg1_given_fhat,2.5<=fhat<3.5,,6306,0.8295274341896607,150000,comm,private,
<SOURCE_VECSTRAIGHT_REPO>/remote-results/phase3_vecstraight_clean_msgsource_learned_15seeds_remote_20260410/train/cond1_seed303.pt,cond1,303,9001,greedy,none,none,none,none,agent_0,p_msg1_given_fhat,3.5<=fhat<4.5,,4259,0.7534632542850435,150000,comm,private,
<SOURCE_VECSTRAIGHT_REPO>/remote-results/phase3_vecstraight_clean_msgsource_learned_15seeds_remote_20260410/train/cond1_seed303.pt,cond1,303,9001,greedy,none,none,none,none,agent_0,p_msg1_given_fhat,fhat<1.5,,8295,0.7629897528631706,150000,comm,private,
<SOURCE_VECSTRAIGHT_REPO>/remote-results/phase3_vecstraight_clean_msgsource_learned_15seeds_remote_20260410/train/cond1_seed303.pt,cond1,303,9001,greedy,none,none,none,none,agent_0,p_msg1_given_fhat,fhat>=4.5,,5132,0.0681995323460639,150000,comm,private,
<SOURCE_VECSTRAIGHT_REPO>/remote-results/phase3_vecstraight_clean_msgsource_learned_15seeds_remote_20260410/train/cond1_seed303.pt,cond1,303,9001,greedy,none,none,none,none,agent_1,p_msg1_given_fhat,1.5<=fhat<2.5,,6070,0.8771004942339374,150000,comm,private,
<SOURCE_VECSTRAIGHT_REPO>/remote-results/phase3_vecstraight_clean_msgsource_learned_15seeds_remote_20260410/train/cond1_seed303.pt,cond1,303,9001,greedy,none,none,none,none,agent_1,p_msg1_given_fhat,2.5<=fhat<3.5,,6329,0.3828408911360405,150000,comm,private,
<SOURCE_VECSTRAIGHT_REPO>/remote-results/phase3_vecstraight_clean_msgsource_learned_15seeds_remote_20260410/train/cond1_seed303.pt,cond1,303,9001,greedy,none,none,none,none,agent_1,p_msg1_given_fhat,3.5<=fhat<4.5,,4303,0.30397397164768764,150000,comm,private,
<SOURCE_VECSTRAIGHT_REPO>/remote-results/phase3_vecstraight_clean_msgsource_learned_15seeds_remote_20260410/train/cond1_seed303.pt,cond1,303,9001,greedy,none,none,none,none,agent_1,p_msg1_given_fhat,fhat<1.5,,8194,0.9704661947766658,150000,comm,private,
<SOURCE_VECSTRAIGHT_REPO>/remote-results/phase3_vecstraight_clean_msgsource_learned_15seeds_remote_20260410/train/cond1_seed303.pt,cond1,303,9001,greedy,none,none,none,none,agent_1,p_msg1_given_fhat,fhat>=4.5,,5104,0.13636363636363635,150000,comm,private,
<SOURCE_VECSTRAIGHT_REPO>/remote-results/phase3_vecstraight_clean_msgsource_learned_15seeds_remote_20260410/train/cond1_seed303.pt,cond1,303,9001,greedy,none,none,none,none,agent_2,p_msg1_given_fhat,1.5<=fhat<2.5,,6037,0.0,150000,comm,private,
<SOURCE_VECSTRAIGHT_REPO>/remote-results/phase3_vecstraight_clean_msgsource_learned_15seeds_remote_20260410/train/cond1_seed303.pt,cond1,303,9001,greedy,none,none,none,none,agent_2,p_msg1_given_fhat,2.5<=fhat<3.5,,6353,0.0,150000,comm,private,
<SOURCE_VECSTRAIGHT_REPO>/remote-results/phase3_vecstraight_clean_msgsource_learned_15seeds_remote_20260410/train/cond1_seed303.pt,cond1,303,9001,greedy,none,none,none,none,agent_2,p_msg1_given_fhat,3.5<=fhat<4.5,,4191,0.0,150000,comm,private,
<SOURCE_VECSTRAIGHT_REPO>/remote-results/phase3_vecstraight_clean_msgsource_learned_15seeds_remote_20260410/train/cond1_seed303.pt,cond1,303,9001,greedy,none,none,none,none,agent_2,p_msg1_given_fhat,fhat<1.5,,8255,0.0,150000,comm,private,
<SOURCE_VECSTRAIGHT_REPO>/remote-results/phase3_vecstraight_clean_msgsource_learned_15seeds_remote_20260410/train/cond1_seed303.pt,cond1,303,9001,greedy,none,none,none,none,agent_2,p_msg1_given_fhat,fhat>=4.5,,5164,0.04395817195972115,150000,comm,private,
<SOURCE_VECSTRAIGHT_REPO>/remote-results/phase3_vecstraight_clean_msgsource_learned_15seeds_remote_20260410/train/cond1_seed303.pt,cond1,303,9001,greedy,none,none,none,none,agent_3,p_msg1_given_fhat,1.5<=fhat<2.5,,6013,0.29885248627972727,150000,comm,private,
<SOURCE_VECSTRAIGHT_REPO>/remote-results/phase3_vecstraight_clean_msgsource_learned_15seeds_remote_20260410/train/cond1_seed303.pt,cond1,303,9001,greedy,none,none,none,none,agent_3,p_msg1_given_fhat,2.5<=fhat<3.5,,6316,0.4927169094363521,150000,comm,private,
<SOURCE_VECSTRAIGHT_REPO>/remote-results/phase3_vecstraight_clean_msgsource_learned_15seeds_remote_20260410/train/cond1_seed303.pt,cond1,303,9001,greedy,none,none,none,none,agent_3,p_msg1_given_fhat,3.5<=fhat<4.5,,4308,0.6288300835654597,150000,comm,private,
<SOURCE_VECSTRAIGHT_REPO>/remote-results/phase3_vecstraight_clean_msgsource_learned_15seeds_remote_20260410/train/cond1_seed303.pt,cond1,303,9001,greedy,none,none,none,none,agent_3,p_msg1_given_fhat,fhat<1.5,,8261,0.03970463624258564,150000,comm,private,
<SOURCE_VECSTRAIGHT_REPO>/remote-results/phase3_vecstraight_clean_msgsource_learned_15seeds_remote_20260410/train/cond1_seed303.pt,cond1,303,9001,greedy,none,none,none,none,agent_3,p_msg1_given_fhat,fhat>=4.5,,5102,0.9627597020776166,150000,comm,private,
<SOURCE_VECSTRAIGHT_REPO>/remote-results/phase3_vecstraight_clean_msgsource_learned_15seeds_remote_20260410/train/cond1_seed303.pt,cond1,303,9001,greedy,none,none,none,none,agent_0,p_msg1_given_action,,0,14634,0.7997813311466448,150000,comm,private,
<SOURCE_VECSTRAIGHT_REPO>/remote-results/phase3_vecstraight_clean_msgsource_learned_15seeds_remote_20260410/train/cond1_seed303.pt,cond1,303,9001,greedy,none,none,none,none,agent_0,p_msg1_given_action,,1,15366,0.5167903162827021,150000,comm,private,
<SOURCE_VECSTRAIGHT_REPO>/remote-results/phase3_vecstraight_clean_msgsource_learned_15seeds_remote_20260410/train/cond1_seed303.pt,cond1,303,9001,greedy,none,none,none,none,agent_1,p_msg1_given_action,,0,18651,0.8891212267438743,150000,comm,private,
<SOURCE_VECSTRAIGHT_REPO>/remote-results/phase3_vecstraight_clean_msgsource_learned_15seeds_remote_20260410/train/cond1_seed303.pt,cond1,303,9001,greedy,none,none,none,none,agent_1,p_msg1_given_action,,1,11349,0.09868710899638734,150000,comm,private,
<SOURCE_VECSTRAIGHT_REPO>/remote-results/phase3_vecstraight_clean_msgsource_learned_15seeds_remote_20260410/train/cond1_seed303.pt,cond1,303,9001,greedy,none,none,none,none,agent_2,p_msg1_given_action,,0,14203,0.0,150000,comm,private,
<SOURCE_VECSTRAIGHT_REPO>/remote-results/phase3_vecstraight_clean_msgsource_learned_15seeds_remote_20260410/train/cond1_seed303.pt,cond1,303,9001,greedy,none,none,none,none,agent_2,p_msg1_given_action,,1,15797,0.014369817053870988,150000,comm,private,
<SOURCE_VECSTRAIGHT_REPO>/remote-results/phase3_vecstraight_clean_msgsource_learned_15seeds_remote_20260410/train/cond1_seed303.pt,cond1,303,9001,greedy,none,none,none,none,agent_3,p_msg1_given_action,,0,14882,0.19090176051605967,150000,comm,private,
<SOURCE_VECSTRAIGHT_REPO>/remote-results/phase3_vecstraight_clean_msgsource_learned_15seeds_remote_20260410/train/cond1_seed303.pt,cond1,303,9001,greedy,none,none,none,none,agent_3,p_msg1_given_action,,1,15118,0.6625876438682365,150000,comm,private,
<SOURCE_VECSTRAIGHT_REPO>/remote-results/phase3_vecstraight_clean_msgsource_learned_15seeds_remote_20260410/train/cond1_seed404.pt,cond1,404,9001,greedy,none,none,none,none,agent_0,p_msg1_given_fhat,1.5<=fhat<2.5,,6008,0.0,150000,comm,private,
<SOURCE_VECSTRAIGHT_REPO>/remote-results/phase3_vecstraight_clean_msgsource_learned_15seeds_remote_20260410/train/cond1_seed404.pt,cond1,404,9001,greedy,none,none,none,none,agent_0,p_msg1_given_fhat,2.5<=fhat<3.5,,6306,0.006184586108468126,150000,comm,private,
<SOURCE_VECSTRAIGHT_REPO>/remote-results/phase3_vecstraight_clean_msgsource_learned_15seeds_remote_20260410/train/cond1_seed404.pt,cond1,404,9001,greedy,none,none,none,none,agent_0,p_msg1_given_fhat,3.5<=fhat<4.5,,4259,0.006574313219065508,150000,comm,private,
<SOURCE_VECSTRAIGHT_REPO>/remote-results/phase3_vecstraight_clean_msgsource_learned_15seeds_remote_20260410/train/cond1_seed404.pt,cond1,404,9001,greedy,none,none,none,none,agent_0,p_msg1_given_fhat,fhat<1.5,,8295,0.0,150000,comm,private,
<SOURCE_VECSTRAIGHT_REPO>/remote-results/phase3_vecstraight_clean_msgsource_learned_15seeds_remote_20260410/train/cond1_seed404.pt,cond1,404,9001,greedy,none,none,none,none,agent_0,p_msg1_given_fhat,fhat>=4.5,,5132,0.0,150000,comm,private,
<SOURCE_VECSTRAIGHT_REPO>/remote-results/phase3_vecstraight_clean_msgsource_learned_15seeds_remote_20260410/train/cond1_seed404.pt,cond1,404,9001,greedy,none,none,none,none,agent_1,p_msg1_given_fhat,1.5<=fhat<2.5,,6070,0.9209225700164745,150000,comm,private,
<SOURCE_VECSTRAIGHT_REPO>/remote-results/phase3_vecstraight_clean_msgsource_learned_15seeds_remote_20260410/train/cond1_seed404.pt,cond1,404,9001,greedy,none,none,none,none,agent_1,p_msg1_given_fhat,2.5<=fhat<3.5,,6329,0.2687628377310792,150000,comm,private,
<SOURCE_VECSTRAIGHT_REPO>/remote-results/phase3_vecstraight_clean_msgsource_learned_15seeds_remote_20260410/train/cond1_seed404.pt,cond1,404,9001,greedy,none,none,none,none,agent_1,p_msg1_given_fhat,3.5<=fhat<4.5,,4303,0.01835928422031141,150000,comm,private,
<SOURCE_VECSTRAIGHT_REPO>/remote-results/phase3_vecstraight_clean_msgsource_learned_15seeds_remote_20260410/train/cond1_seed404.pt,cond1,404,9001,greedy,none,none,none,none,agent_1,p_msg1_given_fhat,fhat<1.5,,8194,1.0,150000,comm,private,
<SOURCE_VECSTRAIGHT_REPO>/remote-results/phase3_vecstraight_clean_msgsource_learned_15seeds_remote_20260410/train/cond1_seed404.pt,cond1,404,9001,greedy,none,none,none,none,agent_1,p_msg1_given_fhat,fhat>=4.5,,5104,0.0054858934169279,150000,comm,private,
<SOURCE_VECSTRAIGHT_REPO>/remote-results/phase3_vecstraight_clean_msgsource_learned_15seeds_remote_20260410/train/cond1_seed404.pt,cond1,404,9001,greedy,none,none,none,none,agent_2,p_msg1_given_fhat,1.5<=fhat<2.5,,6037,0.982772900447242,150000,comm,private,
<SOURCE_VECSTRAIGHT_REPO>/remote-results/phase3_vecstraight_clean_msgsource_learned_15seeds_remote_20260410/train/cond1_seed404.pt,cond1,404,9001,greedy,none,none,none,none,agent_2,p_msg1_given_fhat,2.5<=fhat<3.5,,6353,0.7246969935463561,150000,comm,private,
<SOURCE_VECSTRAIGHT_REPO>/remote-results/phase3_vecstraight_clean_msgsource_learned_15seeds_remote_20260410/train/cond1_seed404.pt,cond1,404,9001,greedy,none,none,none,none,agent_2,p_msg1_given_fhat,3.5<=fhat<4.5,,4191,0.4581245526127416,150000,comm,private,
<SOURCE_VECSTRAIGHT_REPO>/remote-results/phase3_vecstraight_clean_msgsource_learned_15seeds_remote_20260410/train/cond1_seed404.pt,cond1,404,9001,greedy,none,none,none,none,agent_2,p_msg1_given_fhat,fhat<1.5,,8255,1.0,150000,comm,private,
<SOURCE_VECSTRAIGHT_REPO>/remote-results/phase3_vecstraight_clean_msgsource_learned_15seeds_remote_20260410/train/cond1_seed404.pt,cond1,404,9001,greedy,none,none,none,none,agent_2,p_msg1_given_fhat,fhat>=4.5,,5164,0.0013555383423702555,150000,comm,private,
<SOURCE_VECSTRAIGHT_REPO>/remote-results/phase3_vecstraight_clean_msgsource_learned_15seeds_remote_20260410/train/cond1_seed404.pt,cond1,404,9001,greedy,none,none,none,none,agent_3,p_msg1_given_fhat,1.5<=fhat<2.5,,6013,0.9008814235822384,150000,comm,private,
<SOURCE_VECSTRAIGHT_REPO>/remote-results/phase3_vecstraight_clean_msgsource_learned_15seeds_remote_20260410/train/cond1_seed404.pt,cond1,404,9001,greedy,none,none,none,none,agent_3,p_msg1_given_fhat,2.5<=fhat<3.5,,6316,0.330905636478784,150000,comm,private,
<SOURCE_VECSTRAIGHT_REPO>/remote-results/phase3_vecstraight_clean_msgsource_learned_15seeds_remote_20260410/train/cond1_seed404.pt,cond1,404,9001,greedy,none,none,none,none,agent_3,p_msg1_given_fhat,3.5<=fhat<4.5,,4308,0.035979572887650885,150000,comm,private,
<SOURCE_VECSTRAIGHT_REPO>/remote-results/phase3_vecstraight_clean_msgsource_learned_15seeds_remote_20260410/train/cond1_seed404.pt,cond1,404,9001,greedy,none,none,none,none,agent_3,p_msg1_given_fhat,fhat<1.5,,8261,1.0,150000,comm,private,
<SOURCE_VECSTRAIGHT_REPO>/remote-results/phase3_vecstraight_clean_msgsource_learned_15seeds_remote_20260410/train/cond1_seed404.pt,cond1,404,9001,greedy,none,none,none,none,agent_3,p_msg1_given_fhat,fhat>=4.5,,5102,0.0,150000,comm,private,
<SOURCE_VECSTRAIGHT_REPO>/remote-results/phase3_vecstraight_clean_msgsource_learned_15seeds_remote_20260410/train/cond1_seed404.pt,cond1,404,9001,greedy,none,none,none,none,agent_0,p_msg1_given_action,,0,14852,0.00134661998384056,150000,comm,private,
<SOURCE_VECSTRAIGHT_REPO>/remote-results/phase3_vecstraight_clean_msgsource_learned_15seeds_remote_20260410/train/cond1_seed404.pt,cond1,404,9001,greedy,none,none,none,none,agent_0,p_msg1_given_action,,1,15148,0.0031027198310007924,150000,comm,private,
<SOURCE_VECSTRAIGHT_REPO>/remote-results/phase3_vecstraight_clean_msgsource_learned_15seeds_remote_20260410/train/cond1_seed404.pt,cond1,404,9001,greedy,none,none,none,none,agent_1,p_msg1_given_action,,0,15899,0.8304924838040129,150000,comm,private,
<SOURCE_VECSTRAIGHT_REPO>/remote-results/phase3_vecstraight_clean_msgsource_learned_15seeds_remote_20260410/train/cond1_seed404.pt,cond1,404,9001,greedy,none,none,none,none,agent_1,p_msg1_given_action,,1,14101,0.16934969151124032,150000,comm,private,
<SOURCE_VECSTRAIGHT_REPO>/remote-results/phase3_vecstraight_clean_msgsource_learned_15seeds_remote_20260410/train/cond1_seed404.pt,cond1,404,9001,greedy,none,none,none,none,agent_2,p_msg1_given_action,,0,15436,0.9998704327545996,150000,comm,private,
<SOURCE_VECSTRAIGHT_REPO>/remote-results/phase3_vecstraight_clean_msgsource_learned_15seeds_remote_20260410/train/cond1_seed404.pt,cond1,404,9001,greedy,none,none,none,none,agent_2,p_msg1_given_action,,1,14564,0.3628810766273002,150000,comm,private,
<SOURCE_VECSTRAIGHT_REPO>/remote-results/phase3_vecstraight_clean_msgsource_learned_15seeds_remote_20260410/train/cond1_seed404.pt,cond1,404,9001,greedy,none,none,none,none,agent_3,p_msg1_given_action,,0,22893,0.6638273708120386,150000,comm,private,
<SOURCE_VECSTRAIGHT_REPO>/remote-results/phase3_vecstraight_clean_msgsource_learned_15seeds_remote_20260410/train/cond1_seed404.pt,cond1,404,9001,greedy,none,none,none,none,agent_3,p_msg1_given_action,,1,7107,0.10215280709159984,150000,comm,private,
<SOURCE_VECSTRAIGHT_REPO>/remote-results/phase3_vecstraight_clean_msgsource_learned_15seeds_remote_20260410/train/cond1_seed505.pt,cond1,505,9001,greedy,none,none,none,none,agent_0,p_msg1_given_fhat,1.5<=fhat<2.5,,6008,0.20955392809587217,150000,comm,private,
<SOURCE_VECSTRAIGHT_REPO>/remote-results/phase3_vecstraight_clean_msgsource_learned_15seeds_remote_20260410/train/cond1_seed505.pt,cond1,505,9001,greedy,none,none,none,none,agent_0,p_msg1_given_fhat,2.5<=fhat<3.5,,6306,0.809546463685379,150000,comm,private,
<SOURCE_VECSTRAIGHT_REPO>/remote-results/phase3_vecstraight_clean_msgsource_learned_15seeds_remote_20260410/train/cond1_seed505.pt,cond1,505,9001,greedy,none,none,none,none,agent_0,p_msg1_given_fhat,3.5<=fhat<4.5,,4259,0.9544494012679032,150000,comm,private,
<SOURCE_VECSTRAIGHT_REPO>/remote-results/phase3_vecstraight_clean_msgsource_learned_15seeds_remote_20260410/train/cond1_seed505.pt,cond1,505,9001,greedy,none,none,none,none,agent_0,p_msg1_given_fhat,fhat<1.5,,8295,0.768414707655214,150000,comm,private,
<SOURCE_VECSTRAIGHT_REPO>/remote-results/phase3_vecstraight_clean_msgsource_learned_15seeds_remote_20260410/train/cond1_seed505.pt,cond1,505,9001,greedy,none,none,none,none,agent_0,p_msg1_given_fhat,fhat>=4.5,,5132,0.5510522213561965,150000,comm,private,
<SOURCE_VECSTRAIGHT_REPO>/remote-results/phase3_vecstraight_clean_msgsource_learned_15seeds_remote_20260410/train/cond1_seed505.pt,cond1,505,9001,greedy,none,none,none,none,agent_1,p_msg1_given_fhat,1.5<=fhat<2.5,,6070,0.11103789126853378,150000,comm,private,
<SOURCE_VECSTRAIGHT_REPO>/remote-results/phase3_vecstraight_clean_msgsource_learned_15seeds_remote_20260410/train/cond1_seed505.pt,cond1,505,9001,greedy,none,none,none,none,agent_1,p_msg1_given_fhat,2.5<=fhat<3.5,,6329,0.24932848791278242,150000,comm,private,
<SOURCE_VECSTRAIGHT_REPO>/remote-results/phase3_vecstraight_clean_msgsource_learned_15seeds_remote_20260410/train/cond1_seed505.pt,cond1,505,9001,greedy,none,none,none,none,agent_1,p_msg1_given_fhat,3.5<=fhat<4.5,,4303,0.5561236346734836,150000,comm,private,
<SOURCE_VECSTRAIGHT_REPO>/remote-results/phase3_vecstraight_clean_msgsource_learned_15seeds_remote_20260410/train/cond1_seed505.pt,cond1,505,9001,greedy,none,none,none,none,agent_1,p_msg1_given_fhat,fhat<1.5,,8194,0.0,150000,comm,private,
<SOURCE_VECSTRAIGHT_REPO>/remote-results/phase3_vecstraight_clean_msgsource_learned_15seeds_remote_20260410/train/cond1_seed505.pt,cond1,505,9001,greedy,none,none,none,none,agent_1,p_msg1_given_fhat,fhat>=4.5,,5104,0.7053291536050157,150000,comm,private,
<SOURCE_VECSTRAIGHT_REPO>/remote-results/phase3_vecstraight_clean_msgsource_learned_15seeds_remote_20260410/train/cond1_seed505.pt,cond1,505,9001,greedy,none,none,none,none,agent_2,p_msg1_given_fhat,1.5<=fhat<2.5,,6037,0.06542984926287891,150000,comm,private,
<SOURCE_VECSTRAIGHT_REPO>/remote-results/phase3_vecstraight_clean_msgsource_learned_15seeds_remote_20260410/train/cond1_seed505.pt,cond1,505,9001,greedy,none,none,none,none,agent_2,p_msg1_given_fhat,2.5<=fhat<3.5,,6353,0.5125137730206202,150000,comm,private,
<SOURCE_VECSTRAIGHT_REPO>/remote-results/phase3_vecstraight_clean_msgsource_learned_15seeds_remote_20260410/train/cond1_seed505.pt,cond1,505,9001,greedy,none,none,none,none,agent_2,p_msg1_given_fhat,3.5<=fhat<4.5,,4191,0.4294917680744452,150000,comm,private,
<SOURCE_VECSTRAIGHT_REPO>/remote-results/phase3_vecstraight_clean_msgsource_learned_15seeds_remote_20260410/train/cond1_seed505.pt,cond1,505,9001,greedy,none,none,none,none,agent_2,p_msg1_given_fhat,fhat<1.5,,8255,0.0008479709267110841,150000,comm,private,
<SOURCE_VECSTRAIGHT_REPO>/remote-results/phase3_vecstraight_clean_msgsource_learned_15seeds_remote_20260410/train/cond1_seed505.pt,cond1,505,9001,greedy,none,none,none,none,agent_2,p_msg1_given_fhat,fhat>=4.5,,5164,0.1760263361735089,150000,comm,private,
<SOURCE_VECSTRAIGHT_REPO>/remote-results/phase3_vecstraight_clean_msgsource_learned_15seeds_remote_20260410/train/cond1_seed505.pt,cond1,505,9001,greedy,none,none,none,none,agent_3,p_msg1_given_fhat,1.5<=fhat<2.5,,6013,0.7332446366206552,150000,comm,private,
<SOURCE_VECSTRAIGHT_REPO>/remote-results/phase3_vecstraight_clean_msgsource_learned_15seeds_remote_20260410/train/cond1_seed505.pt,cond1,505,9001,greedy,none,none,none,none,agent_3,p_msg1_given_fhat,2.5<=fhat<3.5,,6316,0.4810006333122229,150000,comm,private,
<SOURCE_VECSTRAIGHT_REPO>/remote-results/phase3_vecstraight_clean_msgsource_learned_15seeds_remote_20260410/train/cond1_seed505.pt,cond1,505,9001,greedy,none,none,none,none,agent_3,p_msg1_given_fhat,3.5<=fhat<4.5,,4308,0.6118848653667596,150000,comm,private,
<SOURCE_VECSTRAIGHT_REPO>/remote-results/phase3_vecstraight_clean_msgsource_learned_15seeds_remote_20260410/train/cond1_seed505.pt,cond1,505,9001,greedy,none,none,none,none,agent_3,p_msg1_given_fhat,fhat<1.5,,8261,0.9595690594359036,150000,comm,private,
<SOURCE_VECSTRAIGHT_REPO>/remote-results/phase3_vecstraight_clean_msgsource_learned_15seeds_remote_20260410/train/cond1_seed505.pt,cond1,505,9001,greedy,none,none,none,none,agent_3,p_msg1_given_fhat,fhat>=4.5,,5102,0.6903175225401803,150000,comm,private,
<SOURCE_VECSTRAIGHT_REPO>/remote-results/phase3_vecstraight_clean_msgsource_learned_15seeds_remote_20260410/train/cond1_seed505.pt,cond1,505,9001,greedy,none,none,none,none,agent_0,p_msg1_given_action,,0,16721,0.5375874648645416,150000,comm,private,
<SOURCE_VECSTRAIGHT_REPO>/remote-results/phase3_vecstraight_clean_msgsource_learned_15seeds_remote_20260410/train/cond1_seed505.pt,cond1,505,9001,greedy,none,none,none,none,agent_0,p_msg1_given_action,,1,13279,0.8014157692597335,150000,comm,private,
<SOURCE_VECSTRAIGHT_REPO>/remote-results/phase3_vecstraight_clean_msgsource_learned_15seeds_remote_20260410/train/cond1_seed505.pt,cond1,505,9001,greedy,none,none,none,none,agent_1,p_msg1_given_action,,0,15503,0.07398568019093078,150000,comm,private,
<SOURCE_VECSTRAIGHT_REPO>/remote-results/phase3_vecstraight_clean_msgsource_learned_15seeds_remote_20260410/train/cond1_seed505.pt,cond1,505,9001,greedy,none,none,none,none,agent_1,p_msg1_given_action,,1,14497,0.4896185417672622,150000,comm,private,
<SOURCE_VECSTRAIGHT_REPO>/remote-results/phase3_vecstraight_clean_msgsource_learned_15seeds_remote_20260410/train/cond1_seed505.pt,cond1,505,9001,greedy,none,none,none,none,agent_2,p_msg1_given_action,,0,18112,0.19092314487632508,150000,comm,private,
<SOURCE_VECSTRAIGHT_REPO>/remote-results/phase3_vecstraight_clean_msgsource_learned_15seeds_remote_20260410/train/cond1_seed505.pt,cond1,505,9001,greedy,none,none,none,none,agent_2,p_msg1_given_action,,1,11888,0.24470053835800806,150000,comm,private,
<SOURCE_VECSTRAIGHT_REPO>/remote-results/phase3_vecstraight_clean_msgsource_learned_15seeds_remote_20260410/train/cond1_seed505.pt,cond1,505,9001,greedy,none,none,none,none,agent_3,p_msg1_given_action,,0,16657,0.8566968841928319,150000,comm,private,
<SOURCE_VECSTRAIGHT_REPO>/remote-results/phase3_vecstraight_clean_msgsource_learned_15seeds_remote_20260410/train/cond1_seed505.pt,cond1,505,9001,greedy,none,none,none,none,agent_3,p_msg1_given_action,,1,13343,0.5442554148242524,150000,comm,private,
<SOURCE_VECSTRAIGHT_REPO>/remote-results/phase3_vecstraight_clean_msgsource_learned_15seeds_remote_20260410/train/cond1_seed606.pt,cond1,606,9001,greedy,none,none,none,none,agent_0,p_msg1_given_fhat,1.5<=fhat<2.5,,6008,0.9528961384820239,150000,comm,private,
<SOURCE_VECSTRAIGHT_REPO>/remote-results/phase3_vecstraight_clean_msgsource_learned_15seeds_remote_20260410/train/cond1_seed606.pt,cond1,606,9001,greedy,none,none,none,none,agent_0,p_msg1_given_fhat,2.5<=fhat<3.5,,6306,0.8518870916587377,150000,comm,private,
<SOURCE_VECSTRAIGHT_REPO>/remote-results/phase3_vecstraight_clean_msgsource_learned_15seeds_remote_20260410/train/cond1_seed606.pt,cond1,606,9001,greedy,none,none,none,none,agent_0,p_msg1_given_fhat,3.5<=fhat<4.5,,4259,0.7694294435313453,150000,comm,private,
<SOURCE_VECSTRAIGHT_REPO>/remote-results/phase3_vecstraight_clean_msgsource_learned_15seeds_remote_20260410/train/cond1_seed606.pt,cond1,606,9001,greedy,none,none,none,none,agent_0,p_msg1_given_fhat,fhat<1.5,,8295,0.9986738999397228,150000,comm,private,
<SOURCE_VECSTRAIGHT_REPO>/remote-results/phase3_vecstraight_clean_msgsource_learned_15seeds_remote_20260410/train/cond1_seed606.pt,cond1,606,9001,greedy,none,none,none,none,agent_0,p_msg1_given_fhat,fhat>=4.5,,5132,0.348012470771629,150000,comm,private,
<SOURCE_VECSTRAIGHT_REPO>/remote-results/phase3_vecstraight_clean_msgsource_learned_15seeds_remote_20260410/train/cond1_seed606.pt,cond1,606,9001,greedy,none,none,none,none,agent_1,p_msg1_given_fhat,1.5<=fhat<2.5,,6070,0.053377265238879736,150000,comm,private,
<SOURCE_VECSTRAIGHT_REPO>/remote-results/phase3_vecstraight_clean_msgsource_learned_15seeds_remote_20260410/train/cond1_seed606.pt,cond1,606,9001,greedy,none,none,none,none,agent_1,p_msg1_given_fhat,2.5<=fhat<3.5,,6329,0.40511929214725867,150000,comm,private,
<SOURCE_VECSTRAIGHT_REPO>/remote-results/phase3_vecstraight_clean_msgsource_learned_15seeds_remote_20260410/train/cond1_seed606.pt,cond1,606,9001,greedy,none,none,none,none,agent_1,p_msg1_given_fhat,3.5<=fhat<4.5,,4303,0.6950964443411574,150000,comm,private,
<SOURCE_VECSTRAIGHT_REPO>/remote-results/phase3_vecstraight_clean_msgsource_learned_15seeds_remote_20260410/train/cond1_seed606.pt,cond1,606,9001,greedy,none,none,none,none,agent_1,p_msg1_given_fhat,fhat<1.5,,8194,0.010739565535757872,150000,comm,private,
<SOURCE_VECSTRAIGHT_REPO>/remote-results/phase3_vecstraight_clean_msgsource_learned_15seeds_remote_20260410/train/cond1_seed606.pt,cond1,606,9001,greedy,none,none,none,none,agent_1,p_msg1_given_fhat,fhat>=4.5,,5104,0.6769200626959248,150000,comm,private,
<SOURCE_VECSTRAIGHT_REPO>/remote-results/phase3_vecstraight_clean_msgsource_learned_15seeds_remote_20260410/train/cond1_seed606.pt,cond1,606,9001,greedy,none,none,none,none,agent_2,p_msg1_given_fhat,1.5<=fhat<2.5,,6037,0.06957097896306112,150000,comm,private,
<SOURCE_VECSTRAIGHT_REPO>/remote-results/phase3_vecstraight_clean_msgsource_learned_15seeds_remote_20260410/train/cond1_seed606.pt,cond1,606,9001,greedy,none,none,none,none,agent_2,p_msg1_given_fhat,2.5<=fhat<3.5,,6353,0.4210609161026287,150000,comm,private,
<SOURCE_VECSTRAIGHT_REPO>/remote-results/phase3_vecstraight_clean_msgsource_learned_15seeds_remote_20260410/train/cond1_seed606.pt,cond1,606,9001,greedy,none,none,none,none,agent_2,p_msg1_given_fhat,3.5<=fhat<4.5,,4191,0.3593414459556192,150000,comm,private,
<SOURCE_VECSTRAIGHT_REPO>/remote-results/phase3_vecstraight_clean_msgsource_learned_15seeds_remote_20260410/train/cond1_seed606.pt,cond1,606,9001,greedy,none,none,none,none,agent_2,p_msg1_given_fhat,fhat<1.5,,8255,0.20266505148394912,150000,comm,private,
<SOURCE_VECSTRAIGHT_REPO>/remote-results/phase3_vecstraight_clean_msgsource_learned_15seeds_remote_20260410/train/cond1_seed606.pt,cond1,606,9001,greedy,none,none,none,none,agent_2,p_msg1_given_fhat,fhat>=4.5,,5164,0.40724244771494966,150000,comm,private,
<SOURCE_VECSTRAIGHT_REPO>/remote-results/phase3_vecstraight_clean_msgsource_learned_15seeds_remote_20260410/train/cond1_seed606.pt,cond1,606,9001,greedy,none,none,none,none,agent_3,p_msg1_given_fhat,1.5<=fhat<2.5,,6013,0.07367370696823548,150000,comm,private,
<SOURCE_VECSTRAIGHT_REPO>/remote-results/phase3_vecstraight_clean_msgsource_learned_15seeds_remote_20260410/train/cond1_seed606.pt,cond1,606,9001,greedy,none,none,none,none,agent_3,p_msg1_given_fhat,2.5<=fhat<3.5,,6316,0.30145661811272956,150000,comm,private,
<SOURCE_VECSTRAIGHT_REPO>/remote-results/phase3_vecstraight_clean_msgsource_learned_15seeds_remote_20260410/train/cond1_seed606.pt,cond1,606,9001,greedy,none,none,none,none,agent_3,p_msg1_given_fhat,3.5<=fhat<4.5,,4308,0.377669452181987,150000,comm,private,
<SOURCE_VECSTRAIGHT_REPO>/remote-results/phase3_vecstraight_clean_msgsource_learned_15seeds_remote_20260410/train/cond1_seed606.pt,cond1,606,9001,greedy,none,none,none,none,agent_3,p_msg1_given_fhat,fhat<1.5,,8261,0.5108340394625348,150000,comm,private,
<SOURCE_VECSTRAIGHT_REPO>/remote-results/phase3_vecstraight_clean_msgsource_learned_15seeds_remote_20260410/train/cond1_seed606.pt,cond1,606,9001,greedy,none,none,none,none,agent_3,p_msg1_given_fhat,fhat>=4.5,,5102,0.19404155233241865,150000,comm,private,
<SOURCE_VECSTRAIGHT_REPO>/remote-results/phase3_vecstraight_clean_msgsource_learned_15seeds_remote_20260410/train/cond1_seed606.pt,cond1,606,9001,greedy,none,none,none,none,agent_0,p_msg1_given_action,,0,17753,0.9847349743705289,150000,comm,private,
<SOURCE_VECSTRAIGHT_REPO>/remote-results/phase3_vecstraight_clean_msgsource_learned_15seeds_remote_20260410/train/cond1_seed606.pt,cond1,606,9001,greedy,none,none,none,none,agent_0,p_msg1_given_action,,1,12247,0.5684657467134808,150000,comm,private,
<SOURCE_VECSTRAIGHT_REPO>/remote-results/phase3_vecstraight_clean_msgsource_learned_15seeds_remote_20260410/train/cond1_seed606.pt,cond1,606,9001,greedy,none,none,none,none,agent_1,p_msg1_given_action,,0,22652,0.22549885219848137,150000,comm,private,
<SOURCE_VECSTRAIGHT_REPO>/remote-results/phase3_vecstraight_clean_msgsource_learned_15seeds_remote_20260410/train/cond1_seed606.pt,cond1,606,9001,greedy,none,none,none,none,agent_1,p_msg1_given_action,,1,7348,0.5870985302123026,150000,comm,private,
<SOURCE_VECSTRAIGHT_REPO>/remote-results/phase3_vecstraight_clean_msgsource_learned_15seeds_remote_20260410/train/cond1_seed606.pt,cond1,606,9001,greedy,none,none,none,none,agent_2,p_msg1_given_action,,0,20428,0.2285098883884864,150000,comm,private,
<SOURCE_VECSTRAIGHT_REPO>/remote-results/phase3_vecstraight_clean_msgsource_learned_15seeds_remote_20260410/train/cond1_seed606.pt,cond1,606,9001,greedy,none,none,none,none,agent_2,p_msg1_given_action,,1,9572,0.3874843292937735,150000,comm,private,
<SOURCE_VECSTRAIGHT_REPO>/remote-results/phase3_vecstraight_clean_msgsource_learned_15seeds_remote_20260410/train/cond1_seed606.pt,cond1,606,9001,greedy,none,none,none,none,agent_3,p_msg1_given_action,,0,20209,0.31451333564253553,150000,comm,private,
<SOURCE_VECSTRAIGHT_REPO>/remote-results/phase3_vecstraight_clean_msgsource_learned_15seeds_remote_20260410/train/cond1_seed606.pt,cond1,606,9001,greedy,none,none,none,none,agent_3,p_msg1_given_action,,1,9791,0.2888366867531406,150000,comm,private,
<SOURCE_VECSTRAIGHT_REPO>/remote-results/phase3_vecstraight_clean_msgsource_learned_15seeds_remote_20260410/train/cond1_seed707.pt,cond1,707,9001,greedy,none,none,none,none,agent_0,p_msg1_given_fhat,1.5<=fhat<2.5,,6008,0.867676431424767,150000,comm,private,
<SOURCE_VECSTRAIGHT_REPO>/remote-results/phase3_vecstraight_clean_msgsource_learned_15seeds_remote_20260410/train/cond1_seed707.pt,cond1,707,9001,greedy,none,none,none,none,agent_0,p_msg1_given_fhat,2.5<=fhat<3.5,,6306,0.35965746907706947,150000,comm,private,
<SOURCE_VECSTRAIGHT_REPO>/remote-results/phase3_vecstraight_clean_msgsource_learned_15seeds_remote_20260410/train/cond1_seed707.pt,cond1,707,9001,greedy,none,none,none,none,agent_0,p_msg1_given_fhat,3.5<=fhat<4.5,,4259,0.00704390702042733,150000,comm,private,
<SOURCE_VECSTRAIGHT_REPO>/remote-results/phase3_vecstraight_clean_msgsource_learned_15seeds_remote_20260410/train/cond1_seed707.pt,cond1,707,9001,greedy,none,none,none,none,agent_0,p_msg1_given_fhat,fhat<1.5,,8295,0.9987944544906571,150000,comm,private,
<SOURCE_VECSTRAIGHT_REPO>/remote-results/phase3_vecstraight_clean_msgsource_learned_15seeds_remote_20260410/train/cond1_seed707.pt,cond1,707,9001,greedy,none,none,none,none,agent_0,p_msg1_given_fhat,fhat>=4.5,,5132,0.0,150000,comm,private,
<SOURCE_VECSTRAIGHT_REPO>/remote-results/phase3_vecstraight_clean_msgsource_learned_15seeds_remote_20260410/train/cond1_seed707.pt,cond1,707,9001,greedy,none,none,none,none,agent_1,p_msg1_given_fhat,1.5<=fhat<2.5,,6070,0.5947281713344317,150000,comm,private,
<SOURCE_VECSTRAIGHT_REPO>/remote-results/phase3_vecstraight_clean_msgsource_learned_15seeds_remote_20260410/train/cond1_seed707.pt,cond1,707,9001,greedy,none,none,none,none,agent_1,p_msg1_given_fhat,2.5<=fhat<3.5,,6329,0.26939484910728395,150000,comm,private,
<SOURCE_VECSTRAIGHT_REPO>/remote-results/phase3_vecstraight_clean_msgsource_learned_15seeds_remote_20260410/train/cond1_seed707.pt,cond1,707,9001,greedy,none,none,none,none,agent_1,p_msg1_given_fhat,3.5<=fhat<4.5,,4303,0.02068324424819893,150000,comm,private,
<SOURCE_VECSTRAIGHT_REPO>/remote-results/phase3_vecstraight_clean_msgsource_learned_15seeds_remote_20260410/train/cond1_seed707.pt,cond1,707,9001,greedy,none,none,none,none,agent_1,p_msg1_given_fhat,fhat<1.5,,8194,0.048694166463265805,150000,comm,private,
<SOURCE_VECSTRAIGHT_REPO>/remote-results/phase3_vecstraight_clean_msgsource_learned_15seeds_remote_20260410/train/cond1_seed707.pt,cond1,707,9001,greedy,none,none,none,none,agent_1,p_msg1_given_fhat,fhat>=4.5,,5104,0.0,150000,comm,private,
<SOURCE_VECSTRAIGHT_REPO>/remote-results/phase3_vecstraight_clean_msgsource_learned_15seeds_remote_20260410/train/cond1_seed707.pt,cond1,707,9001,greedy,none,none,none,none,agent_2,p_msg1_given_fhat,1.5<=fhat<2.5,,6037,0.8416432002650323,150000,comm,private,
<SOURCE_VECSTRAIGHT_REPO>/remote-results/phase3_vecstraight_clean_msgsource_learned_15seeds_remote_20260410/train/cond1_seed707.pt,cond1,707,9001,greedy,none,none,none,none,agent_2,p_msg1_given_fhat,2.5<=fhat<3.5,,6353,0.5916889658429089,150000,comm,private,
<SOURCE_VECSTRAIGHT_REPO>/remote-results/phase3_vecstraight_clean_msgsource_learned_15seeds_remote_20260410/train/cond1_seed707.pt,cond1,707,9001,greedy,none,none,none,none,agent_2,p_msg1_given_fhat,3.5<=fhat<4.5,,4191,0.8177046051061799,150000,comm,private,
<SOURCE_VECSTRAIGHT_REPO>/remote-results/phase3_vecstraight_clean_msgsource_learned_15seeds_remote_20260410/train/cond1_seed707.pt,cond1,707,9001,greedy,none,none,none,none,agent_2,p_msg1_given_fhat,fhat<1.5,,8255,0.5697153240460328,150000,comm,private,
<SOURCE_VECSTRAIGHT_REPO>/remote-results/phase3_vecstraight_clean_msgsource_learned_15seeds_remote_20260410/train/cond1_seed707.pt,cond1,707,9001,greedy,none,none,none,none,agent_2,p_msg1_given_fhat,fhat>=4.5,,5164,0.8942680092951201,150000,comm,private,
<SOURCE_VECSTRAIGHT_REPO>/remote-results/phase3_vecstraight_clean_msgsource_learned_15seeds_remote_20260410/train/cond1_seed707.pt,cond1,707,9001,greedy,none,none,none,none,agent_3,p_msg1_given_fhat,1.5<=fhat<2.5,,6013,0.04922667553633794,150000,comm,private,
<SOURCE_VECSTRAIGHT_REPO>/remote-results/phase3_vecstraight_clean_msgsource_learned_15seeds_remote_20260410/train/cond1_seed707.pt,cond1,707,9001,greedy,none,none,none,none,agent_3,p_msg1_given_fhat,2.5<=fhat<3.5,,6316,0.6084547181760608,150000,comm,private,
<SOURCE_VECSTRAIGHT_REPO>/remote-results/phase3_vecstraight_clean_msgsource_learned_15seeds_remote_20260410/train/cond1_seed707.pt,cond1,707,9001,greedy,none,none,none,none,agent_3,p_msg1_given_fhat,3.5<=fhat<4.5,,4308,0.2892293407613742,150000,comm,private,
<SOURCE_VECSTRAIGHT_REPO>/remote-results/phase3_vecstraight_clean_msgsource_learned_15seeds_remote_20260410/train/cond1_seed707.pt,cond1,707,9001,greedy,none,none,none,none,agent_3,p_msg1_given_fhat,fhat<1.5,,8261,0.005568333131582133,150000,comm,private,
<SOURCE_VECSTRAIGHT_REPO>/remote-results/phase3_vecstraight_clean_msgsource_learned_15seeds_remote_20260410/train/cond1_seed707.pt,cond1,707,9001,greedy,none,none,none,none,agent_3,p_msg1_given_fhat,fhat>=4.5,,5102,0.013720109760878087,150000,comm,private,
<SOURCE_VECSTRAIGHT_REPO>/remote-results/phase3_vecstraight_clean_msgsource_learned_15seeds_remote_20260410/train/cond1_seed707.pt,cond1,707,9001,greedy,none,none,none,none,agent_0,p_msg1_given_action,,0,18950,0.7668073878627968,150000,comm,private,
<SOURCE_VECSTRAIGHT_REPO>/remote-results/phase3_vecstraight_clean_msgsource_learned_15seeds_remote_20260410/train/cond1_seed707.pt,cond1,707,9001,greedy,none,none,none,none,agent_0,p_msg1_given_action,,1,11050,0.11447963800904977,150000,comm,private,
<SOURCE_VECSTRAIGHT_REPO>/remote-results/phase3_vecstraight_clean_msgsource_learned_15seeds_remote_20260410/train/cond1_seed707.pt,cond1,707,9001,greedy,none,none,none,none,agent_1,p_msg1_given_action,,0,15767,0.29377814422528065,150000,comm,private,
<SOURCE_VECSTRAIGHT_REPO>/remote-results/phase3_vecstraight_clean_msgsource_learned_15seeds_remote_20260410/train/cond1_seed707.pt,cond1,707,9001,greedy,none,none,none,none,agent_1,p_msg1_given_action,,1,14233,0.0822735895454226,150000,comm,private,
<SOURCE_VECSTRAIGHT_REPO>/remote-results/phase3_vecstraight_clean_msgsource_learned_15seeds_remote_20260410/train/cond1_seed707.pt,cond1,707,9001,greedy,none,none,none,none,agent_2,p_msg1_given_action,,0,15957,0.7298991038415742,150000,comm,private,
<SOURCE_VECSTRAIGHT_REPO>/remote-results/phase3_vecstraight_clean_msgsource_learned_15seeds_remote_20260410/train/cond1_seed707.pt,cond1,707,9001,greedy,none,none,none,none,agent_2,p_msg1_given_action,,1,14043,0.7078971729687389,150000,comm,private,
<SOURCE_VECSTRAIGHT_REPO>/remote-results/phase3_vecstraight_clean_msgsource_learned_15seeds_remote_20260410/train/cond1_seed707.pt,cond1,707,9001,greedy,none,none,none,none,agent_3,p_msg1_given_action,,0,18169,0.11508613572568661,150000,comm,private,
<SOURCE_VECSTRAIGHT_REPO>/remote-results/phase3_vecstraight_clean_msgsource_learned_15seeds_remote_20260410/train/cond1_seed707.pt,cond1,707,9001,greedy,none,none,none,none,agent_3,p_msg1_given_action,,1,11831,0.28822584735018175,150000,comm,private,
<SOURCE_VECSTRAIGHT_REPO>/remote-results/phase3_vecstraight_clean_msgsource_learned_15seeds_remote_20260410/train/cond1_seed808.pt,cond1,808,9001,greedy,none,none,none,none,agent_0,p_msg1_given_fhat,1.5<=fhat<2.5,,6008,0.8633488681757656,150000,comm,private,
<SOURCE_VECSTRAIGHT_REPO>/remote-results/phase3_vecstraight_clean_msgsource_learned_15seeds_remote_20260410/train/cond1_seed808.pt,cond1,808,9001,greedy,none,none,none,none,agent_0,p_msg1_given_fhat,2.5<=fhat<3.5,,6306,0.7404059625753251,150000,comm,private,
<SOURCE_VECSTRAIGHT_REPO>/remote-results/phase3_vecstraight_clean_msgsource_learned_15seeds_remote_20260410/train/cond1_seed808.pt,cond1,808,9001,greedy,none,none,none,none,agent_0,p_msg1_given_fhat,3.5<=fhat<4.5,,4259,0.4707677858652266,150000,comm,private,
<SOURCE_VECSTRAIGHT_REPO>/remote-results/phase3_vecstraight_clean_msgsource_learned_15seeds_remote_20260410/train/cond1_seed808.pt,cond1,808,9001,greedy,none,none,none,none,agent_0,p_msg1_given_fhat,fhat<1.5,,8295,0.9679324894514768,150000,comm,private,
<SOURCE_VECSTRAIGHT_REPO>/remote-results/phase3_vecstraight_clean_msgsource_learned_15seeds_remote_20260410/train/cond1_seed808.pt,cond1,808,9001,greedy,none,none,none,none,agent_0,p_msg1_given_fhat,fhat>=4.5,,5132,0.3598986749805144,150000,comm,private,
<SOURCE_VECSTRAIGHT_REPO>/remote-results/phase3_vecstraight_clean_msgsource_learned_15seeds_remote_20260410/train/cond1_seed808.pt,cond1,808,9001,greedy,none,none,none,none,agent_1,p_msg1_given_fhat,1.5<=fhat<2.5,,6070,0.9202635914332784,150000,comm,private,
<SOURCE_VECSTRAIGHT_REPO>/remote-results/phase3_vecstraight_clean_msgsource_learned_15seeds_remote_20260410/train/cond1_seed808.pt,cond1,808,9001,greedy,none,none,none,none,agent_1,p_msg1_given_fhat,2.5<=fhat<3.5,,6329,0.6275872965713383,150000,comm,private,
<SOURCE_VECSTRAIGHT_REPO>/remote-results/phase3_vecstraight_clean_msgsource_learned_15seeds_remote_20260410/train/cond1_seed808.pt,cond1,808,9001,greedy,none,none,none,none,agent_1,p_msg1_given_fhat,3.5<=fhat<4.5,,4303,0.4343481292121775,150000,comm,private,
<SOURCE_VECSTRAIGHT_REPO>/remote-results/phase3_vecstraight_clean_msgsource_learned_15seeds_remote_20260410/train/cond1_seed808.pt,cond1,808,9001,greedy,none,none,none,none,agent_1,p_msg1_given_fhat,fhat<1.5,,8194,0.9854771784232366,150000,comm,private,
<SOURCE_VECSTRAIGHT_REPO>/remote-results/phase3_vecstraight_clean_msgsource_learned_15seeds_remote_20260410/train/cond1_seed808.pt,cond1,808,9001,greedy,none,none,none,none,agent_1,p_msg1_given_fhat,fhat>=4.5,,5104,0.5099921630094044,150000,comm,private,
<SOURCE_VECSTRAIGHT_REPO>/remote-results/phase3_vecstraight_clean_msgsource_learned_15seeds_remote_20260410/train/cond1_seed808.pt,cond1,808,9001,greedy,none,none,none,none,agent_2,p_msg1_given_fhat,1.5<=fhat<2.5,,6037,0.08944840152393572,150000,comm,private,
<SOURCE_VECSTRAIGHT_REPO>/remote-results/phase3_vecstraight_clean_msgsource_learned_15seeds_remote_20260410/train/cond1_seed808.pt,cond1,808,9001,greedy,none,none,none,none,agent_2,p_msg1_given_fhat,2.5<=fhat<3.5,,6353,0.6305682354793011,150000,comm,private,
<SOURCE_VECSTRAIGHT_REPO>/remote-results/phase3_vecstraight_clean_msgsource_learned_15seeds_remote_20260410/train/cond1_seed808.pt,cond1,808,9001,greedy,none,none,none,none,agent_2,p_msg1_given_fhat,3.5<=fhat<4.5,,4191,0.36363636363636365,150000,comm,private,
<SOURCE_VECSTRAIGHT_REPO>/remote-results/phase3_vecstraight_clean_msgsource_learned_15seeds_remote_20260410/train/cond1_seed808.pt,cond1,808,9001,greedy,none,none,none,none,agent_2,p_msg1_given_fhat,fhat<1.5,,8255,0.13894609327680194,150000,comm,private,
<SOURCE_VECSTRAIGHT_REPO>/remote-results/phase3_vecstraight_clean_msgsource_learned_15seeds_remote_20260410/train/cond1_seed808.pt,cond1,808,9001,greedy,none,none,none,none,agent_2,p_msg1_given_fhat,fhat>=4.5,,5164,0.10979860573199071,150000,comm,private,
<SOURCE_VECSTRAIGHT_REPO>/remote-results/phase3_vecstraight_clean_msgsource_learned_15seeds_remote_20260410/train/cond1_seed808.pt,cond1,808,9001,greedy,none,none,none,none,agent_3,p_msg1_given_fhat,1.5<=fhat<2.5,,6013,0.02211874272409779,150000,comm,private,
<SOURCE_VECSTRAIGHT_REPO>/remote-results/phase3_vecstraight_clean_msgsource_learned_15seeds_remote_20260410/train/cond1_seed808.pt,cond1,808,9001,greedy,none,none,none,none,agent_3,p_msg1_given_fhat,2.5<=fhat<3.5,,6316,0.6057631412286257,150000,comm,private,
<SOURCE_VECSTRAIGHT_REPO>/remote-results/phase3_vecstraight_clean_msgsource_learned_15seeds_remote_20260410/train/cond1_seed808.pt,cond1,808,9001,greedy,none,none,none,none,agent_3,p_msg1_given_fhat,3.5<=fhat<4.5,,4308,0.9965181058495822,150000,comm,private,
<SOURCE_VECSTRAIGHT_REPO>/remote-results/phase3_vecstraight_clean_msgsource_learned_15seeds_remote_20260410/train/cond1_seed808.pt,cond1,808,9001,greedy,none,none,none,none,agent_3,p_msg1_given_fhat,fhat<1.5,,8261,0.5229391114877133,150000,comm,private,
<SOURCE_VECSTRAIGHT_REPO>/remote-results/phase3_vecstraight_clean_msgsource_learned_15seeds_remote_20260410/train/cond1_seed808.pt,cond1,808,9001,greedy,none,none,none,none,agent_3,p_msg1_given_fhat,fhat>=4.5,,5102,1.0,150000,comm,private,
<SOURCE_VECSTRAIGHT_REPO>/remote-results/phase3_vecstraight_clean_msgsource_learned_15seeds_remote_20260410/train/cond1_seed808.pt,cond1,808,9001,greedy,none,none,none,none,agent_0,p_msg1_given_action,,0,20249,0.9353054471825769,150000,comm,private,
<SOURCE_VECSTRAIGHT_REPO>/remote-results/phase3_vecstraight_clean_msgsource_learned_15seeds_remote_20260410/train/cond1_seed808.pt,cond1,808,9001,greedy,none,none,none,none,agent_0,p_msg1_given_action,,1,9751,0.28694492872525895,150000,comm,private,
<SOURCE_VECSTRAIGHT_REPO>/remote-results/phase3_vecstraight_clean_msgsource_learned_15seeds_remote_20260410/train/cond1_seed808.pt,cond1,808,9001,greedy,none,none,none,none,agent_1,p_msg1_given_action,,0,16458,0.9793413537489367,150000,comm,private,
<SOURCE_VECSTRAIGHT_REPO>/remote-results/phase3_vecstraight_clean_msgsource_learned_15seeds_remote_20260410/train/cond1_seed808.pt,cond1,808,9001,greedy,none,none,none,none,agent_1,p_msg1_given_action,,1,13542,0.4421060404666962,150000,comm,private,
<SOURCE_VECSTRAIGHT_REPO>/remote-results/phase3_vecstraight_clean_msgsource_learned_15seeds_remote_20260410/train/cond1_seed808.pt,cond1,808,9001,greedy,none,none,none,none,agent_2,p_msg1_given_action,,0,18053,0.16401706087630866,150000,comm,private,
<SOURCE_VECSTRAIGHT_REPO>/remote-results/phase3_vecstraight_clean_msgsource_learned_15seeds_remote_20260410/train/cond1_seed808.pt,cond1,808,9001,greedy,none,none,none,none,agent_2,p_msg1_given_action,,1,11947,0.40369967355821545,150000,comm,private,
<SOURCE_VECSTRAIGHT_REPO>/remote-results/phase3_vecstraight_clean_msgsource_learned_15seeds_remote_20260410/train/cond1_seed808.pt,cond1,808,9001,greedy,none,none,none,none,agent_3,p_msg1_given_action,,0,23075,0.46890574214517877,150000,comm,private,
<SOURCE_VECSTRAIGHT_REPO>/remote-results/phase3_vecstraight_clean_msgsource_learned_15seeds_remote_20260410/train/cond1_seed808.pt,cond1,808,9001,greedy,none,none,none,none,agent_3,p_msg1_given_action,,1,6925,0.9897472924187726,150000,comm,private,
<SOURCE_VECSTRAIGHT_REPO>/remote-results/phase3_vecstraight_clean_msgsource_learned_15seeds_remote_20260410/train/cond1_seed909.pt,cond1,909,9001,greedy,none,none,none,none,agent_0,p_msg1_given_fhat,1.5<=fhat<2.5,,6008,0.6483022636484687,150000,comm,private,
<SOURCE_VECSTRAIGHT_REPO>/remote-results/phase3_vecstraight_clean_msgsource_learned_15seeds_remote_20260410/train/cond1_seed909.pt,cond1,909,9001,greedy,none,none,none,none,agent_0,p_msg1_given_fhat,2.5<=fhat<3.5,,6306,0.4619410085632731,150000,comm,private,
<SOURCE_VECSTRAIGHT_REPO>/remote-results/phase3_vecstraight_clean_msgsource_learned_15seeds_remote_20260410/train/cond1_seed909.pt,cond1,909,9001,greedy,none,none,none,none,agent_0,p_msg1_given_fhat,3.5<=fhat<4.5,,4259,0.6750410894576192,150000,comm,private,
<SOURCE_VECSTRAIGHT_REPO>/remote-results/phase3_vecstraight_clean_msgsource_learned_15seeds_remote_20260410/train/cond1_seed909.pt,cond1,909,9001,greedy,none,none,none,none,agent_0,p_msg1_given_fhat,fhat<1.5,,8295,0.8245931283905967,150000,comm,private,
<SOURCE_VECSTRAIGHT_REPO>/remote-results/phase3_vecstraight_clean_msgsource_learned_15seeds_remote_20260410/train/cond1_seed909.pt,cond1,909,9001,greedy,none,none,none,none,agent_0,p_msg1_given_fhat,fhat>=4.5,,5132,0.9522603273577552,150000,comm,private,
<SOURCE_VECSTRAIGHT_REPO>/remote-results/phase3_vecstraight_clean_msgsource_learned_15seeds_remote_20260410/train/cond1_seed909.pt,cond1,909,9001,greedy,none,none,none,none,agent_1,p_msg1_given_fhat,1.5<=fhat<2.5,,6070,0.7130148270181219,150000,comm,private,
<SOURCE_VECSTRAIGHT_REPO>/remote-results/phase3_vecstraight_clean_msgsource_learned_15seeds_remote_20260410/train/cond1_seed909.pt,cond1,909,9001,greedy,none,none,none,none,agent_1,p_msg1_given_fhat,2.5<=fhat<3.5,,6329,0.2257860641491547,150000,comm,private,
<SOURCE_VECSTRAIGHT_REPO>/remote-results/phase3_vecstraight_clean_msgsource_learned_15seeds_remote_20260410/train/cond1_seed909.pt,cond1,909,9001,greedy,none,none,none,none,agent_1,p_msg1_given_fhat,3.5<=fhat<4.5,,4303,0.0741343248896119,150000,comm,private,
<SOURCE_VECSTRAIGHT_REPO>/remote-results/phase3_vecstraight_clean_msgsource_learned_15seeds_remote_20260410/train/cond1_seed909.pt,cond1,909,9001,greedy,none,none,none,none,agent_1,p_msg1_given_fhat,fhat<1.5,,8194,0.9890163534293386,150000,comm,private,
<SOURCE_VECSTRAIGHT_REPO>/remote-results/phase3_vecstraight_clean_msgsource_learned_15seeds_remote_20260410/train/cond1_seed909.pt,cond1,909,9001,greedy,none,none,none,none,agent_1,p_msg1_given_fhat,fhat>=4.5,,5104,0.03409090909090909,150000,comm,private,
<SOURCE_VECSTRAIGHT_REPO>/remote-results/phase3_vecstraight_clean_msgsource_learned_15seeds_remote_20260410/train/cond1_seed909.pt,cond1,909,9001,greedy,none,none,none,none,agent_2,p_msg1_given_fhat,1.5<=fhat<2.5,,6037,0.6016233228424714,150000,comm,private,
<SOURCE_VECSTRAIGHT_REPO>/remote-results/phase3_vecstraight_clean_msgsource_learned_15seeds_remote_20260410/train/cond1_seed909.pt,cond1,909,9001,greedy,none,none,none,none,agent_2,p_msg1_given_fhat,2.5<=fhat<3.5,,6353,0.5789390838973714,150000,comm,private,
<SOURCE_VECSTRAIGHT_REPO>/remote-results/phase3_vecstraight_clean_msgsource_learned_15seeds_remote_20260410/train/cond1_seed909.pt,cond1,909,9001,greedy,none,none,none,none,agent_2,p_msg1_given_fhat,3.5<=fhat<4.5,,4191,0.47315676449534716,150000,comm,private,
<SOURCE_VECSTRAIGHT_REPO>/remote-results/phase3_vecstraight_clean_msgsource_learned_15seeds_remote_20260410/train/cond1_seed909.pt,cond1,909,9001,greedy,none,none,none,none,agent_2,p_msg1_given_fhat,fhat<1.5,,8255,0.15469412477286493,150000,comm,private,
<SOURCE_VECSTRAIGHT_REPO>/remote-results/phase3_vecstraight_clean_msgsource_learned_15seeds_remote_20260410/train/cond1_seed909.pt,cond1,909,9001,greedy,none,none,none,none,agent_2,p_msg1_given_fhat,fhat>=4.5,,5164,0.5412470952749806,150000,comm,private,
<SOURCE_VECSTRAIGHT_REPO>/remote-results/phase3_vecstraight_clean_msgsource_learned_15seeds_remote_20260410/train/cond1_seed909.pt,cond1,909,9001,greedy,none,none,none,none,agent_3,p_msg1_given_fhat,1.5<=fhat<2.5,,6013,0.25162148677864626,150000,comm,private,
<SOURCE_VECSTRAIGHT_REPO>/remote-results/phase3_vecstraight_clean_msgsource_learned_15seeds_remote_20260410/train/cond1_seed909.pt,cond1,909,9001,greedy,none,none,none,none,agent_3,p_msg1_given_fhat,2.5<=fhat<3.5,,6316,0.7791323622545915,150000,comm,private,
<SOURCE_VECSTRAIGHT_REPO>/remote-results/phase3_vecstraight_clean_msgsource_learned_15seeds_remote_20260410/train/cond1_seed909.pt,cond1,909,9001,greedy,none,none,none,none,agent_3,p_msg1_given_fhat,3.5<=fhat<4.5,,4308,1.0,150000,comm,private,
<SOURCE_VECSTRAIGHT_REPO>/remote-results/phase3_vecstraight_clean_msgsource_learned_15seeds_remote_20260410/train/cond1_seed909.pt,cond1,909,9001,greedy,none,none,none,none,agent_3,p_msg1_given_fhat,fhat<1.5,,8261,0.002663115845539281,150000,comm,private,
<SOURCE_VECSTRAIGHT_REPO>/remote-results/phase3_vecstraight_clean_msgsource_learned_15seeds_remote_20260410/train/cond1_seed909.pt,cond1,909,9001,greedy,none,none,none,none,agent_3,p_msg1_given_fhat,fhat>=4.5,,5102,1.0,150000,comm,private,
<SOURCE_VECSTRAIGHT_REPO>/remote-results/phase3_vecstraight_clean_msgsource_learned_15seeds_remote_20260410/train/cond1_seed909.pt,cond1,909,9001,greedy,none,none,none,none,agent_0,p_msg1_given_action,,0,10261,0.887340415164214,150000,comm,private,
<SOURCE_VECSTRAIGHT_REPO>/remote-results/phase3_vecstraight_clean_msgsource_learned_15seeds_remote_20260410/train/cond1_seed909.pt,cond1,909,9001,greedy,none,none,none,none,agent_0,p_msg1_given_action,,1,19739,0.6233851765540301,150000,comm,private,
<SOURCE_VECSTRAIGHT_REPO>/remote-results/phase3_vecstraight_clean_msgsource_learned_15seeds_remote_20260410/train/cond1_seed909.pt,cond1,909,9001,greedy,none,none,none,none,agent_1,p_msg1_given_action,,0,20755,0.6670199951818839,150000,comm,private,
<SOURCE_VECSTRAIGHT_REPO>/remote-results/phase3_vecstraight_clean_msgsource_learned_15seeds_remote_20260410/train/cond1_seed909.pt,cond1,909,9001,greedy,none,none,none,none,agent_1,p_msg1_given_action,,1,9245,0.055164954029204974,150000,comm,private,
<SOURCE_VECSTRAIGHT_REPO>/remote-results/phase3_vecstraight_clean_msgsource_learned_15seeds_remote_20260410/train/cond1_seed909.pt,cond1,909,9001,greedy,none,none,none,none,agent_2,p_msg1_given_action,,0,11380,0.170298769771529,150000,comm,private,
<SOURCE_VECSTRAIGHT_REPO>/remote-results/phase3_vecstraight_clean_msgsource_learned_15seeds_remote_20260410/train/cond1_seed909.pt,cond1,909,9001,greedy,none,none,none,none,agent_2,p_msg1_given_action,,1,18620,0.6136949516648765,150000,comm,private,
<SOURCE_VECSTRAIGHT_REPO>/remote-results/phase3_vecstraight_clean_msgsource_learned_15seeds_remote_20260410/train/cond1_seed909.pt,cond1,909,9001,greedy,none,none,none,none,agent_3,p_msg1_given_action,,0,14044,0.1028909142694389,150000,comm,private,
<SOURCE_VECSTRAIGHT_REPO>/remote-results/phase3_vecstraight_clean_msgsource_learned_15seeds_remote_20260410/train/cond1_seed909.pt,cond1,909,9001,greedy,none,none,none,none,agent_3,p_msg1_given_action,,1,15956,0.9037979443469542,150000,comm,private,
