checkpoint,condition,train_seed,comm_enabled,eval_seed,eval_policy,ablation,history_intervention,sender_remap,cross_play,scope,key,n_rounds,coop_rate,avg_reward,p_all_cooperate,avg_welfare,p_coop_given_m0,p_coop_given_m1,checkpoint_episode,suite_kind,observability_mode,public_signal_sigma
<SOURCE_VECSTRAIGHT_REPO>/remote-results/phase3_vecstraight_clean_msgsource_learned_15seeds_remote_20260410/train/cond1_seed101.pt,cond1,101,1,9001,greedy,fixed0,none,none,none,regime,competitive,5288,0.009502647503782147,3.980994704992436,0.0,15.923978819969744,,,150000,comm,private,
<SOURCE_VECSTRAIGHT_REPO>/remote-results/phase3_vecstraight_clean_msgsource_learned_15seeds_remote_20260410/train/cond1_seed101.pt,cond1,101,1,9001,greedy,fixed0,none,none,none,regime,cooperative,5917,0.9997464931553152,19.995943890485044,0.9989859726212608,79.98377556194018,,,150000,comm,private,
<SOURCE_VECSTRAIGHT_REPO>/remote-results/phase3_vecstraight_clean_msgsource_learned_15seeds_remote_20260410/train/cond1_seed101.pt,cond1,101,1,9001,greedy,fixed0,none,none,none,regime,mixed,18795,0.5667730779462623,8.710348496940675,0.31960627826549615,34.8413939877627,,,150000,comm,private,
<SOURCE_VECSTRAIGHT_REPO>/remote-results/phase3_vecstraight_clean_msgsource_learned_15seeds_remote_20260410/train/cond1_seed101.pt,cond1,101,1,9001,greedy,fixed0,none,none,none,f_value,0.500,5288,0.009502647503782147,3.980994704992436,0.0,15.923978819969744,0.009502647503782147,,150000,comm,private,
<SOURCE_VECSTRAIGHT_REPO>/remote-results/phase3_vecstraight_clean_msgsource_learned_15seeds_remote_20260410/train/cond1_seed101.pt,cond1,101,1,9001,greedy,fixed0,none,none,none,f_value,1.500,5824,0.047347184065934064,4.094694368131868,0.0,16.37877747252747,0.047347184065934064,,150000,comm,private,
<SOURCE_VECSTRAIGHT_REPO>/remote-results/phase3_vecstraight_clean_msgsource_learned_15seeds_remote_20260410/train/cond1_seed101.pt,cond1,101,1,9001,greedy,fixed0,none,none,none,f_value,2.500,6298,0.6267068910765322,7.7602413464591935,0.03969514131470308,31.040965385836774,0.6267068910765322,,150000,comm,private,
<SOURCE_VECSTRAIGHT_REPO>/remote-results/phase3_vecstraight_clean_msgsource_learned_15seeds_remote_20260410/train/cond1_seed101.pt,cond1,101,1,9001,greedy,fixed0,none,none,none,f_value,3.500,6673,0.963547130226285,13.63547130226285,0.8627304061141915,54.5418852090514,0.963547130226285,,150000,comm,private,
<SOURCE_VECSTRAIGHT_REPO>/remote-results/phase3_vecstraight_clean_msgsource_learned_15seeds_remote_20260410/train/cond1_seed101.pt,cond1,101,1,9001,greedy,fixed0,none,none,none,f_value,5.000,5917,0.9997464931553152,19.995943890485044,0.9989859726212608,79.98377556194018,0.9997464931553152,,150000,comm,private,
<SOURCE_VECSTRAIGHT_REPO>/remote-results/phase3_vecstraight_clean_msgsource_learned_15seeds_remote_20260410/train/cond1_seed101.pt,cond1,101,1,9001,greedy,fixed1,none,none,none,regime,competitive,5288,0.00018910741301059002,3.999621785173979,0.0,15.998487140695916,,,150000,comm,private,
<SOURCE_VECSTRAIGHT_REPO>/remote-results/phase3_vecstraight_clean_msgsource_learned_15seeds_remote_20260410/train/cond1_seed101.pt,cond1,101,1,9001,greedy,fixed1,none,none,none,regime,cooperative,5917,0.9965776575967551,19.94524252154808,0.9863106303870205,79.78097008619233,,,150000,comm,private,
<SOURCE_VECSTRAIGHT_REPO>/remote-results/phase3_vecstraight_clean_msgsource_learned_15seeds_remote_20260410/train/cond1_seed101.pt,cond1,101,1,9001,greedy,fixed1,none,none,none,regime,mixed,18795,0.41315509444001064,7.7119180633147115,0.2037243947858473,30.847672253258846,,,150000,comm,private,
<SOURCE_VECSTRAIGHT_REPO>/remote-results/phase3_vecstraight_clean_msgsource_learned_15seeds_remote_20260410/train/cond1_seed101.pt,cond1,101,1,9001,greedy,fixed1,none,none,none,f_value,0.500,5288,0.00018910741301059002,3.999621785173979,0.0,15.998487140695916,,0.00018910741301059002,150000,comm,private,
<SOURCE_VECSTRAIGHT_REPO>/remote-results/phase3_vecstraight_clean_msgsource_learned_15seeds_remote_20260410/train/cond1_seed101.pt,cond1,101,1,9001,greedy,fixed1,none,none,none,f_value,1.500,5824,0.012062156593406594,4.024124313186813,0.0,16.096497252747252,,0.012062156593406594,150000,comm,private,
<SOURCE_VECSTRAIGHT_REPO>/remote-results/phase3_vecstraight_clean_msgsource_learned_15seeds_remote_20260410/train/cond1_seed101.pt,cond1,101,1,9001,greedy,fixed1,none,none,none,f_value,2.500,6298,0.29076691013020006,5.7446014607812,0.0033343918704350586,22.9784058431248,,0.29076691013020006,150000,comm,private,
<SOURCE_VECSTRAIGHT_REPO>/remote-results/phase3_vecstraight_clean_msgsource_learned_15seeds_remote_20260410/train/cond1_seed101.pt,cond1,101,1,9001,greedy,fixed1,none,none,none,f_value,3.500,6673,0.8787277086767571,12.78727708676757,0.5706578750187322,51.14910834707028,,0.8787277086767571,150000,comm,private,
<SOURCE_VECSTRAIGHT_REPO>/remote-results/phase3_vecstraight_clean_msgsource_learned_15seeds_remote_20260410/train/cond1_seed101.pt,cond1,101,1,9001,greedy,fixed1,none,none,none,f_value,5.000,5917,0.9965776575967551,19.94524252154808,0.9863106303870205,79.78097008619233,,0.9965776575967551,150000,comm,private,
<SOURCE_VECSTRAIGHT_REPO>/remote-results/phase3_vecstraight_clean_msgsource_learned_15seeds_remote_20260410/train/cond1_seed101.pt,cond1,101,1,9001,greedy,indep_random,none,none,none,regime,competitive,5444,0.00261756061719324,3.9947648787656136,0.0,15.979059515062454,,,150000,comm,private,
<SOURCE_VECSTRAIGHT_REPO>/remote-results/phase3_vecstraight_clean_msgsource_learned_15seeds_remote_20260410/train/cond1_seed101.pt,cond1,101,1,9001,greedy,indep_random,none,none,none,regime,cooperative,5829,0.9822010636472809,19.715217018356494,0.9293189226282381,78.86086807342598,,,150000,comm,private,
<SOURCE_VECSTRAIGHT_REPO>/remote-results/phase3_vecstraight_clean_msgsource_learned_15seeds_remote_20260410/train/cond1_seed101.pt,cond1,101,1,9001,greedy,indep_random,none,none,none,regime,mixed,18727,0.4573743792385326,7.8827094569338385,0.1942115661878571,31.530837827735354,,,150000,comm,private,
<SOURCE_VECSTRAIGHT_REPO>/remote-results/phase3_vecstraight_clean_msgsource_learned_15seeds_remote_20260410/train/cond1_seed101.pt,cond1,101,1,9001,greedy,indep_random,none,none,none,f_value,0.500,5444,0.00261756061719324,3.9947648787656136,0.0,15.979059515062454,0.003013800031724211,0.0016857188010325028,150000,comm,private,
<SOURCE_VECSTRAIGHT_REPO>/remote-results/phase3_vecstraight_clean_msgsource_learned_15seeds_remote_20260410/train/cond1_seed101.pt,cond1,101,1,9001,greedy,indep_random,none,none,none,f_value,1.500,5205,0.035014409221902014,4.070028818443804,0.0,16.280115273775216,0.03767764679960339,0.02802813805231919,150000,comm,private,
<SOURCE_VECSTRAIGHT_REPO>/remote-results/phase3_vecstraight_clean_msgsource_learned_15seeds_remote_20260410/train/cond1_seed101.pt,cond1,101,1,9001,greedy,indep_random,none,none,none,f_value,2.500,7182,0.3997145641882484,6.398287385129491,0.025480367585630742,25.593149540517963,0.41121271413169347,0.3830531377926156,150000,comm,private,
<SOURCE_VECSTRAIGHT_REPO>/remote-results/phase3_vecstraight_clean_msgsource_learned_15seeds_remote_20260410/train/cond1_seed101.pt,cond1,101,1,9001,greedy,indep_random,none,none,none,f_value,3.500,6340,0.8694400630914827,12.694400630914826,0.544794952681388,50.777602523659304,0.882206647072123,0.8565816211334387,150000,comm,private,
<SOURCE_VECSTRAIGHT_REPO>/remote-results/phase3_vecstraight_clean_msgsource_learned_15seeds_remote_20260410/train/cond1_seed101.pt,cond1,101,1,9001,greedy,indep_random,none,none,none,f_value,5.000,5829,0.9822010636472809,19.715217018356494,0.9293189226282381,78.86086807342598,0.985854189336235,0.9798481308411215,150000,comm,private,
<SOURCE_VECSTRAIGHT_REPO>/remote-results/phase3_vecstraight_clean_msgsource_learned_15seeds_remote_20260410/train/cond1_seed101.pt,cond1,101,1,9001,greedy,marginal,none,none,none,regime,competitive,5980,0.002926421404682274,3.9941471571906355,0.0,15.976588628762542,,,150000,comm,private,
<SOURCE_VECSTRAIGHT_REPO>/remote-results/phase3_vecstraight_clean_msgsource_learned_15seeds_remote_20260410/train/cond1_seed101.pt,cond1,101,1,9001,greedy,marginal,none,none,none,regime,cooperative,5921,0.9831109609863199,19.729775375781117,0.9326127343354164,78.91910150312447,,,150000,comm,private,
<SOURCE_VECSTRAIGHT_REPO>/remote-results/phase3_vecstraight_clean_msgsource_learned_15seeds_remote_20260410/train/cond1_seed101.pt,cond1,101,1,9001,greedy,marginal,none,none,none,regime,mixed,18099,0.4481739322614509,7.885960550306646,0.2104536162218907,31.543842201226585,,,150000,comm,private,
<SOURCE_VECSTRAIGHT_REPO>/remote-results/phase3_vecstraight_clean_msgsource_learned_15seeds_remote_20260410/train/cond1_seed101.pt,cond1,101,1,9001,greedy,marginal,none,none,none,f_value,0.500,5980,0.002926421404682274,3.9941471571906355,0.0,15.976588628762542,0.0033176927816484193,0.0020106276030446646,150000,comm,private,
<SOURCE_VECSTRAIGHT_REPO>/remote-results/phase3_vecstraight_clean_msgsource_learned_15seeds_remote_20260410/train/cond1_seed101.pt,cond1,101,1,9001,greedy,marginal,none,none,none,f_value,1.500,5804,0.03131461061337009,4.06262922122674,0.0,16.25051688490696,0.033368340653045635,0.024080471448892502,150000,comm,private,
<SOURCE_VECSTRAIGHT_REPO>/remote-results/phase3_vecstraight_clean_msgsource_learned_15seeds_remote_20260410/train/cond1_seed101.pt,cond1,101,1,9001,greedy,marginal,none,none,none,f_value,2.500,5884,0.39637151597552683,6.378229095853161,0.03127124405166554,25.512916383412644,0.4093902898005269,0.3741880255803414,150000,comm,private,
<SOURCE_VECSTRAIGHT_REPO>/remote-results/phase3_vecstraight_clean_msgsource_learned_15seeds_remote_20260410/train/cond1_seed101.pt,cond1,101,1,9001,greedy,marginal,none,none,none,f_value,3.500,6411,0.873108719388551,12.731087193885509,0.5654344096084855,50.924348775542036,0.8837616566700232,0.8592428422814239,150000,comm,private,
<SOURCE_VECSTRAIGHT_REPO>/remote-results/phase3_vecstraight_clean_msgsource_learned_15seeds_remote_20260410/train/cond1_seed101.pt,cond1,101,1,9001,greedy,marginal,none,none,none,f_value,5.000,5921,0.9831109609863199,19.729775375781117,0.9326127343354164,78.91910150312447,0.9880383906198289,0.9802933767965625,150000,comm,private,
<SOURCE_VECSTRAIGHT_REPO>/remote-results/phase3_vecstraight_clean_msgsource_learned_15seeds_remote_20260410/train/cond1_seed101.pt,cond1,101,1,9001,greedy,none,none,none,none,regime,competitive,5288,0.0031202723146747354,3.9937594553706504,0.0,15.975037821482601,,,150000,comm,private,
<SOURCE_VECSTRAIGHT_REPO>/remote-results/phase3_vecstraight_clean_msgsource_learned_15seeds_remote_20260410/train/cond1_seed101.pt,cond1,101,1,9001,greedy,none,none,none,none,regime,cooperative,5917,0.993831333446003,19.901301335136047,0.9753253337840122,79.60520534054419,,,150000,comm,private,
<SOURCE_VECSTRAIGHT_REPO>/remote-results/phase3_vecstraight_clean_msgsource_learned_15seeds_remote_20260410/train/cond1_seed101.pt,cond1,101,1,9001,greedy,none,none,none,none,regime,mixed,18795,0.4580872572492684,7.950917797286512,0.19329608938547485,31.803671189146048,,,150000,comm,private,
<SOURCE_VECSTRAIGHT_REPO>/remote-results/phase3_vecstraight_clean_msgsource_learned_15seeds_remote_20260410/train/cond1_seed101.pt,cond1,101,1,9001,greedy,none,none,none,none,f_value,0.500,5288,0.0031202723146747354,3.9937594553706504,0.0,15.975037821482601,0.0035916412712233346,0.001762114537444934,150000,comm,private,
<SOURCE_VECSTRAIGHT_REPO>/remote-results/phase3_vecstraight_clean_msgsource_learned_15seeds_remote_20260410/train/cond1_seed101.pt,cond1,101,1,9001,greedy,none,none,none,none,f_value,1.500,5824,0.019874656593406592,4.039749313186813,0.0,16.158997252747252,0.019914901083475895,0.015515859383945951,150000,comm,private,
<SOURCE_VECSTRAIGHT_REPO>/remote-results/phase3_vecstraight_clean_msgsource_learned_15seeds_remote_20260410/train/cond1_seed101.pt,cond1,101,1,9001,greedy,none,none,none,none,f_value,2.500,6298,0.4332327723086694,6.599396633852017,0.010320736741822802,26.397586535408067,0.4409157127991675,0.4294134477825465,150000,comm,private,
<SOURCE_VECSTRAIGHT_REPO>/remote-results/phase3_vecstraight_clean_msgsource_learned_15seeds_remote_20260410/train/cond1_seed101.pt,cond1,101,1,9001,greedy,none,none,none,none,f_value,3.500,6673,0.8640041960137869,12.64004196013787,0.5346920425595684,50.56016784055148,0.8896117612268176,0.8572297955209348,150000,comm,private,
<SOURCE_VECSTRAIGHT_REPO>/remote-results/phase3_vecstraight_clean_msgsource_learned_15seeds_remote_20260410/train/cond1_seed101.pt,cond1,101,1,9001,greedy,none,none,none,none,f_value,5.000,5917,0.993831333446003,19.901301335136047,0.9753253337840122,79.60520534054419,0.9945461982456938,0.9925745092055742,150000,comm,private,
<SOURCE_VECSTRAIGHT_REPO>/remote-results/phase3_vecstraight_clean_msgsource_learned_15seeds_remote_20260410/train/cond1_seed101.pt,cond1,101,1,9001,greedy,permute_slots,none,none,none,regime,competitive,5862,0.0028147389969293756,3.9943705220061414,0.0,15.977482088024566,,,150000,comm,private,
<SOURCE_VECSTRAIGHT_REPO>/remote-results/phase3_vecstraight_clean_msgsource_learned_15seeds_remote_20260410/train/cond1_seed101.pt,cond1,101,1,9001,greedy,permute_slots,none,none,none,regime,cooperative,6068,0.979564930784443,19.673038892551087,0.9182597231377719,78.69215557020435,,,150000,comm,private,
<SOURCE_VECSTRAIGHT_REPO>/remote-results/phase3_vecstraight_clean_msgsource_learned_15seeds_remote_20260410/train/cond1_seed101.pt,cond1,101,1,9001,greedy,permute_slots,none,none,none,regime,mixed,18070,0.4718594355285003,8.024128389596015,0.19684560044272276,32.09651355838406,,,150000,comm,private,
<SOURCE_VECSTRAIGHT_REPO>/remote-results/phase3_vecstraight_clean_msgsource_learned_15seeds_remote_20260410/train/cond1_seed101.pt,cond1,101,1,9001,greedy,permute_slots,none,none,none,f_value,0.500,5862,0.0028147389969293756,3.9943705220061414,0.0,15.977482088024566,0.00324404030474318,0.0019039185299977862,150000,comm,private,
<SOURCE_VECSTRAIGHT_REPO>/remote-results/phase3_vecstraight_clean_msgsource_learned_15seeds_remote_20260410/train/cond1_seed101.pt,cond1,101,1,9001,greedy,permute_slots,none,none,none,f_value,1.500,5576,0.040755021520803444,4.0815100430416065,0.0,16.326040172166426,0.04076760628041502,0.023156647912348238,150000,comm,private,
<SOURCE_VECSTRAIGHT_REPO>/remote-results/phase3_vecstraight_clean_msgsource_learned_15seeds_remote_20260410/train/cond1_seed101.pt,cond1,101,1,9001,greedy,permute_slots,none,none,none,f_value,2.500,6045,0.4437965260545906,6.662779156327543,0.025475599669148058,26.651116625310173,0.4432255244755245,0.4680476730987514,150000,comm,private,
<SOURCE_VECSTRAIGHT_REPO>/remote-results/phase3_vecstraight_clean_msgsource_learned_15seeds_remote_20260410/train/cond1_seed101.pt,cond1,101,1,9001,greedy,permute_slots,none,none,none,f_value,3.500,6449,0.8709102186385486,12.709102186385486,0.5276787098775004,50.836408745541945,0.8787956657672705,0.8670846394984326,150000,comm,private,
<SOURCE_VECSTRAIGHT_REPO>/remote-results/phase3_vecstraight_clean_msgsource_learned_15seeds_remote_20260410/train/cond1_seed101.pt,cond1,101,1,9001,greedy,permute_slots,none,none,none,f_value,5.000,6068,0.979564930784443,19.673038892551087,0.9182597231377719,78.69215557020435,0.9833135208911197,0.9753356539035306,150000,comm,private,
<SOURCE_VECSTRAIGHT_REPO>/remote-results/phase3_vecstraight_clean_msgsource_learned_15seeds_remote_20260410/train/cond1_seed101.pt,cond1,101,1,9001,greedy,public_marginal,none,none,none,regime,competitive,6381,0.0034869142767591284,3.993026171446482,0.0,15.972104685785927,,,150000,comm,private,
<SOURCE_VECSTRAIGHT_REPO>/remote-results/phase3_vecstraight_clean_msgsource_learned_15seeds_remote_20260410/train/cond1_seed101.pt,cond1,101,1,9001,greedy,public_marginal,none,none,none,regime,cooperative,5877,0.998468606431853,19.97549770290965,0.9938744257274119,79.9019908116386,,,150000,comm,private,
<SOURCE_VECSTRAIGHT_REPO>/remote-results/phase3_vecstraight_clean_msgsource_learned_15seeds_remote_20260410/train/cond1_seed101.pt,cond1,101,1,9001,greedy,public_marginal,none,none,none,regime,mixed,17742,0.47921598466914667,8.073244279111712,0.24884454965618308,32.29297711644685,,,150000,comm,private,
<SOURCE_VECSTRAIGHT_REPO>/remote-results/phase3_vecstraight_clean_msgsource_learned_15seeds_remote_20260410/train/cond1_seed101.pt,cond1,101,1,9001,greedy,public_marginal,none,none,none,f_value,0.500,6381,0.0034869142767591284,3.993026171446482,0.0,15.972104685785927,0.00671875,0.00023577491354919838,150000,comm,private,
<SOURCE_VECSTRAIGHT_REPO>/remote-results/phase3_vecstraight_clean_msgsource_learned_15seeds_remote_20260410/train/cond1_seed101.pt,cond1,101,1,9001,greedy,public_marginal,none,none,none,f_value,1.500,5647,0.022401275013281388,4.044802550026563,0.0,16.17921020010625,0.031016563819421892,0.012071651090342679,150000,comm,private,
<SOURCE_VECSTRAIGHT_REPO>/remote-results/phase3_vecstraight_clean_msgsource_learned_15seeds_remote_20260410/train/cond1_seed101.pt,cond1,101,1,9001,greedy,public_marginal,none,none,none,f_value,2.500,6241,0.47039737221599104,6.822384233295947,0.012177535651337926,27.289536933183786,0.5420596288408883,0.3906567366283006,150000,comm,private,
<SOURCE_VECSTRAIGHT_REPO>/remote-results/phase3_vecstraight_clean_msgsource_learned_15seeds_remote_20260410/train/cond1_seed101.pt,cond1,101,1,9001,greedy,public_marginal,none,none,none,f_value,3.500,5854,0.9292791253843525,13.292791253843525,0.7412025965152033,53.1711650153741,0.9535076108537393,0.9034251412429378,150000,comm,private,
<SOURCE_VECSTRAIGHT_REPO>/remote-results/phase3_vecstraight_clean_msgsource_learned_15seeds_remote_20260410/train/cond1_seed101.pt,cond1,101,1,9001,greedy,public_marginal,none,none,none,f_value,5.000,5877,0.998468606431853,19.97549770290965,0.9938744257274119,79.9019908116386,0.9994484714780965,0.9973187869822485,150000,comm,private,
<SOURCE_VECSTRAIGHT_REPO>/remote-results/phase3_vecstraight_clean_msgsource_learned_15seeds_remote_20260410/train/cond1_seed101.pt,cond1,101,1,9001,greedy,public_random,none,none,none,regime,competitive,5929,0.003879237645471412,3.992241524709057,0.0,15.968966098836228,,,150000,comm,private,
<SOURCE_VECSTRAIGHT_REPO>/remote-results/phase3_vecstraight_clean_msgsource_learned_15seeds_remote_20260410/train/cond1_seed101.pt,cond1,101,1,9001,greedy,public_random,none,none,none,regime,cooperative,5836,0.9983293351610693,19.973269362577106,0.9933173406442769,79.89307745030843,,,150000,comm,private,
<SOURCE_VECSTRAIGHT_REPO>/remote-results/phase3_vecstraight_clean_msgsource_learned_15seeds_remote_20260410/train/cond1_seed101.pt,cond1,101,1,9001,greedy,public_random,none,none,none,regime,mixed,18235,0.47484233616671234,8.067480120647108,0.253962160680011,32.26992048258843,,,150000,comm,private,
<SOURCE_VECSTRAIGHT_REPO>/remote-results/phase3_vecstraight_clean_msgsource_learned_15seeds_remote_20260410/train/cond1_seed101.pt,cond1,101,1,9001,greedy,public_random,none,none,none,f_value,0.500,5929,0.003879237645471412,3.992241524709057,0.0,15.968966098836228,0.007455099966113182,0.000335795836131632,150000,comm,private,
<SOURCE_VECSTRAIGHT_REPO>/remote-results/phase3_vecstraight_clean_msgsource_learned_15seeds_remote_20260410/train/cond1_seed101.pt,cond1,101,1,9001,greedy,public_random,none,none,none,f_value,1.500,5872,0.01903099455040872,4.038061989100817,0.0,16.15224795640327,0.026199387546784622,0.011847937265598364,150000,comm,private,
<SOURCE_VECSTRAIGHT_REPO>/remote-results/phase3_vecstraight_clean_msgsource_learned_15seeds_remote_20260410/train/cond1_seed101.pt,cond1,101,1,9001,greedy,public_random,none,none,none,f_value,2.500,6262,0.46003672947939955,6.760220376876397,0.014691791759821143,27.04088150750559,0.5380521131236098,0.3812199036918138,150000,comm,private,
<SOURCE_VECSTRAIGHT_REPO>/remote-results/phase3_vecstraight_clean_msgsource_learned_15seeds_remote_20260410/train/cond1_seed101.pt,cond1,101,1,9001,greedy,public_random,none,none,none,f_value,3.500,6101,0.9287411899688576,13.287411899688575,0.7439763973119161,53.1496475987543,0.9536336731338375,0.9040032679738562,150000,comm,private,
<SOURCE_VECSTRAIGHT_REPO>/remote-results/phase3_vecstraight_clean_msgsource_learned_15seeds_remote_20260410/train/cond1_seed101.pt,cond1,101,1,9001,greedy,public_random,none,none,none,f_value,5.000,5836,0.9983293351610693,19.973269362577106,0.9933173406442769,79.89307745030843,0.9994911804613297,0.997143351800554,150000,comm,private,
<SOURCE_VECSTRAIGHT_REPO>/remote-results/phase3_vecstraight_clean_msgsource_learned_15seeds_remote_20260410/train/cond1_seed101.pt,cond1,101,1,9001,greedy,sender_shuffle,none,none,none,regime,competitive,5288,0.0026947806354009076,3.994610438729198,0.0,15.978441754916792,,,150000,comm,private,
<SOURCE_VECSTRAIGHT_REPO>/remote-results/phase3_vecstraight_clean_msgsource_learned_15seeds_remote_20260410/train/cond1_seed101.pt,cond1,101,1,9001,greedy,sender_shuffle,none,none,none,regime,cooperative,5917,0.9856768632753085,19.770829812404934,0.9427074531012337,79.08331924961973,,,150000,comm,private,
<SOURCE_VECSTRAIGHT_REPO>/remote-results/phase3_vecstraight_clean_msgsource_learned_15seeds_remote_20260410/train/cond1_seed101.pt,cond1,101,1,9001,greedy,sender_shuffle,none,none,none,regime,mixed,18795,0.4421920723596701,7.860335195530726,0.22016493748337324,31.441340782122904,,,150000,comm,private,
<SOURCE_VECSTRAIGHT_REPO>/remote-results/phase3_vecstraight_clean_msgsource_learned_15seeds_remote_20260410/train/cond1_seed101.pt,cond1,101,1,9001,greedy,sender_shuffle,none,none,none,f_value,0.500,5288,0.0026947806354009076,3.994610438729198,0.0,15.978441754916792,0.0029378414596433356,0.0019660712279519154,150000,comm,private,
<SOURCE_VECSTRAIGHT_REPO>/remote-results/phase3_vecstraight_clean_msgsource_learned_15seeds_remote_20260410/train/cond1_seed101.pt,cond1,101,1,9001,greedy,sender_shuffle,none,none,none,f_value,1.500,5824,0.032280219780219783,4.06456043956044,0.00017170329670329672,16.25824175824176,0.03423754356221155,0.023742372186041742,150000,comm,private,
<SOURCE_VECSTRAIGHT_REPO>/remote-results/phase3_vecstraight_clean_msgsource_learned_15seeds_remote_20260410/train/cond1_seed101.pt,cond1,101,1,9001,greedy,sender_shuffle,none,none,none,f_value,2.500,6298,0.35928072403937755,6.155684344236265,0.02921562400762147,24.62273737694506,0.36801842917372973,0.3351031050011851,150000,comm,private,
<SOURCE_VECSTRAIGHT_REPO>/remote-results/phase3_vecstraight_clean_msgsource_learned_15seeds_remote_20260410/train/cond1_seed101.pt,cond1,101,1,9001,greedy,sender_shuffle,none,none,none,f_value,3.500,6673,0.8782032069533943,12.782032069533942,0.592387232129477,51.12812827813577,0.89072375127421,0.8616767812991684,150000,comm,private,
<SOURCE_VECSTRAIGHT_REPO>/remote-results/phase3_vecstraight_clean_msgsource_learned_15seeds_remote_20260410/train/cond1_seed101.pt,cond1,101,1,9001,greedy,sender_shuffle,none,none,none,f_value,5.000,5917,0.9856768632753085,19.770829812404934,0.9427074531012337,79.08331924961973,0.9912842979017754,0.9829404936153031,150000,comm,private,
<SOURCE_VECSTRAIGHT_REPO>/remote-results/phase3_vecstraight_clean_msgsource_learned_15seeds_remote_20260410/train/cond1_seed101.pt,cond1,101,1,9001,greedy,zeros,none,none,none,regime,competitive,5288,0.003829425113464448,3.992341149773071,0.0,15.969364599092284,,,150000,comm,private,
<SOURCE_VECSTRAIGHT_REPO>/remote-results/phase3_vecstraight_clean_msgsource_learned_15seeds_remote_20260410/train/cond1_seed101.pt,cond1,101,1,9001,greedy,zeros,none,none,none,regime,cooperative,5917,0.9999577488592192,19.99932398174751,0.9998309954368768,79.99729592699003,,,150000,comm,private,
<SOURCE_VECSTRAIGHT_REPO>/remote-results/phase3_vecstraight_clean_msgsource_learned_15seeds_remote_20260410/train/cond1_seed101.pt,cond1,101,1,9001,greedy,zeros,none,none,none,regime,mixed,18795,0.6380021282255919,9.085474860335195,0.4183559457302474,36.34189944134078,,,150000,comm,private,
<SOURCE_VECSTRAIGHT_REPO>/remote-results/phase3_vecstraight_clean_msgsource_learned_15seeds_remote_20260410/train/cond1_seed101.pt,cond1,101,1,9001,greedy,zeros,none,none,none,f_value,0.500,5288,0.003829425113464448,3.992341149773071,0.0,15.969364599092284,0.004295812941816204,0.0038820638820638823,150000,comm,private,
<SOURCE_VECSTRAIGHT_REPO>/remote-results/phase3_vecstraight_clean_msgsource_learned_15seeds_remote_20260410/train/cond1_seed101.pt,cond1,101,1,9001,greedy,zeros,none,none,none,f_value,1.500,5824,0.10478193681318682,4.209563873626373,0.00017170329670329672,16.838255494505493,0.10464046273169449,0.0846794477670337,150000,comm,private,
<SOURCE_VECSTRAIGHT_REPO>/remote-results/phase3_vecstraight_clean_msgsource_learned_15seeds_remote_20260410/train/cond1_seed101.pt,cond1,101,1,9001,greedy,zeros,none,none,none,f_value,2.500,6298,0.7720308034296602,8.632184820577962,0.27342013337567483,34.52873928231185,0.7821118459531201,0.7747125450489103,150000,comm,private,
<SOURCE_VECSTRAIGHT_REPO>/remote-results/phase3_vecstraight_clean_msgsource_learned_15seeds_remote_20260410/train/cond1_seed101.pt,cond1,101,1,9001,greedy,zeros,none,none,none,f_value,3.500,6673,0.9768844597632249,13.768844597632249,0.9201258804136071,55.075378390528996,0.976385674498882,0.9777676006494859,150000,comm,private,
<SOURCE_VECSTRAIGHT_REPO>/remote-results/phase3_vecstraight_clean_msgsource_learned_15seeds_remote_20260410/train/cond1_seed101.pt,cond1,101,1,9001,greedy,zeros,none,none,none,f_value,5.000,5917,0.9999577488592192,19.99932398174751,0.9998309954368768,79.99729592699003,0.9999539021804269,0.9999503229011426,150000,comm,private,
<SOURCE_VECSTRAIGHT_REPO>/remote-results/phase3_vecstraight_clean_msgsource_learned_15seeds_remote_20260410/train/cond1_seed1111.pt,cond1,1111,1,9001,greedy,fixed0,none,none,none,regime,competitive,5288,0.0,4.0,0.0,16.0,,,150000,comm,private,
<SOURCE_VECSTRAIGHT_REPO>/remote-results/phase3_vecstraight_clean_msgsource_learned_15seeds_remote_20260410/train/cond1_seed1111.pt,cond1,1111,1,9001,greedy,fixed0,none,none,none,regime,cooperative,5917,0.6454284265675173,14.326854825080277,0.03430792631401048,57.30741930032111,,,150000,comm,private,
<SOURCE_VECSTRAIGHT_REPO>/remote-results/phase3_vecstraight_clean_msgsource_learned_15seeds_remote_20260410/train/cond1_seed1111.pt,cond1,1111,1,9001,greedy,fixed0,none,none,none,regime,mixed,18795,0.20075818036711893,5.96389997339718,0.0001596169193934557,23.85559989358872,,,150000,comm,private,
<SOURCE_VECSTRAIGHT_REPO>/remote-results/phase3_vecstraight_clean_msgsource_learned_15seeds_remote_20260410/train/cond1_seed1111.pt,cond1,1111,1,9001,greedy,fixed0,none,none,none,f_value,0.500,5288,0.0,4.0,0.0,16.0,0.0,,150000,comm,private,
<SOURCE_VECSTRAIGHT_REPO>/remote-results/phase3_vecstraight_clean_msgsource_learned_15seeds_remote_20260410/train/cond1_seed1111.pt,cond1,1111,1,9001,greedy,fixed0,none,none,none,f_value,1.500,5824,0.0006868131868131869,4.001373626373627,0.0,16.005494505494507,0.0006868131868131869,,150000,comm,private,
<SOURCE_VECSTRAIGHT_REPO>/remote-results/phase3_vecstraight_clean_msgsource_learned_15seeds_remote_20260410/train/cond1_seed1111.pt,cond1,1111,1,9001,greedy,fixed0,none,none,none,f_value,2.500,6298,0.03131946649730073,4.187916798983804,0.0,16.751667195935216,0.03131946649730073,,150000,comm,private,
<SOURCE_VECSTRAIGHT_REPO>/remote-results/phase3_vecstraight_clean_msgsource_learned_15seeds_remote_20260410/train/cond1_seed1111.pt,cond1,1111,1,9001,greedy,fixed0,none,none,none,f_value,3.500,6673,0.5352914731005545,9.352914731005544,0.0004495729057395474,37.41165892402218,0.5352914731005545,,150000,comm,private,
<SOURCE_VECSTRAIGHT_REPO>/remote-results/phase3_vecstraight_clean_msgsource_learned_15seeds_remote_20260410/train/cond1_seed1111.pt,cond1,1111,1,9001,greedy,fixed0,none,none,none,f_value,5.000,5917,0.6454284265675173,14.326854825080277,0.03430792631401048,57.30741930032111,0.6454284265675173,,150000,comm,private,
<SOURCE_VECSTRAIGHT_REPO>/remote-results/phase3_vecstraight_clean_msgsource_learned_15seeds_remote_20260410/train/cond1_seed1111.pt,cond1,1111,1,9001,greedy,fixed1,none,none,none,regime,competitive,5288,0.003262102874432678,3.9934757942511347,0.0,15.973903177004539,,,150000,comm,private,
<SOURCE_VECSTRAIGHT_REPO>/remote-results/phase3_vecstraight_clean_msgsource_learned_15seeds_remote_20260410/train/cond1_seed1111.pt,cond1,1111,1,9001,greedy,fixed1,none,none,none,regime,cooperative,5917,0.7222832516477945,15.556532026364712,0.2496197397329728,62.22612810545885,,,150000,comm,private,
<SOURCE_VECSTRAIGHT_REPO>/remote-results/phase3_vecstraight_clean_msgsource_learned_15seeds_remote_20260410/train/cond1_seed1111.pt,cond1,1111,1,9001,greedy,fixed1,none,none,none,regime,mixed,18795,0.21918063314711358,5.955520085129024,0.0017557861133280128,23.822080340516095,,,150000,comm,private,
<SOURCE_VECSTRAIGHT_REPO>/remote-results/phase3_vecstraight_clean_msgsource_learned_15seeds_remote_20260410/train/cond1_seed1111.pt,cond1,1111,1,9001,greedy,fixed1,none,none,none,f_value,0.500,5288,0.003262102874432678,3.9934757942511347,0.0,15.973903177004539,,0.003262102874432678,150000,comm,private,
<SOURCE_VECSTRAIGHT_REPO>/remote-results/phase3_vecstraight_clean_msgsource_learned_15seeds_remote_20260410/train/cond1_seed1111.pt,cond1,1111,1,9001,greedy,fixed1,none,none,none,f_value,1.500,5824,0.015710851648351648,4.0314217032967035,0.0,16.125686813186814,,0.015710851648351648,150000,comm,private,
<SOURCE_VECSTRAIGHT_REPO>/remote-results/phase3_vecstraight_clean_msgsource_learned_15seeds_remote_20260410/train/cond1_seed1111.pt,cond1,1111,1,9001,greedy,fixed1,none,none,none,f_value,2.500,6298,0.14722927913623374,4.883375674817402,0.0,19.533502699269608,,0.14722927913623374,150000,comm,private,
<SOURCE_VECSTRAIGHT_REPO>/remote-results/phase3_vecstraight_clean_msgsource_learned_15seeds_remote_20260410/train/cond1_seed1111.pt,cond1,1111,1,9001,greedy,fixed1,none,none,none,f_value,3.500,6673,0.4646710624906339,8.646710624906339,0.004945301963135021,34.586842499625355,,0.4646710624906339,150000,comm,private,
<SOURCE_VECSTRAIGHT_REPO>/remote-results/phase3_vecstraight_clean_msgsource_learned_15seeds_remote_20260410/train/cond1_seed1111.pt,cond1,1111,1,9001,greedy,fixed1,none,none,none,f_value,5.000,5917,0.7222832516477945,15.556532026364712,0.2496197397329728,62.22612810545885,,0.7222832516477945,150000,comm,private,
<SOURCE_VECSTRAIGHT_REPO>/remote-results/phase3_vecstraight_clean_msgsource_learned_15seeds_remote_20260410/train/cond1_seed1111.pt,cond1,1111,1,9001,greedy,indep_random,none,none,none,regime,competitive,5444,0.0015154298310066127,3.9969691403379866,0.0,15.987876561351946,,,150000,comm,private,
<SOURCE_VECSTRAIGHT_REPO>/remote-results/phase3_vecstraight_clean_msgsource_learned_15seeds_remote_20260410/train/cond1_seed1111.pt,cond1,1111,1,9001,greedy,indep_random,none,none,none,regime,cooperative,5829,0.6668811116829645,14.670097786927432,0.16143420826899982,58.68039114770973,,,150000,comm,private,
<SOURCE_VECSTRAIGHT_REPO>/remote-results/phase3_vecstraight_clean_msgsource_learned_15seeds_remote_20260410/train/cond1_seed1111.pt,cond1,1111,1,9001,greedy,indep_random,none,none,none,regime,mixed,18727,0.19092753777967642,5.764617931329097,0.00817002189352272,23.058471725316387,,,150000,comm,private,
<SOURCE_VECSTRAIGHT_REPO>/remote-results/phase3_vecstraight_clean_msgsource_learned_15seeds_remote_20260410/train/cond1_seed1111.pt,cond1,1111,1,9001,greedy,indep_random,none,none,none,f_value,0.500,5444,0.0015154298310066127,3.9969691403379866,0.0,15.987876561351946,0.0014804631734785596,0.0016857188010325028,150000,comm,private,
<SOURCE_VECSTRAIGHT_REPO>/remote-results/phase3_vecstraight_clean_msgsource_learned_15seeds_remote_20260410/train/cond1_seed1111.pt,cond1,1111,1,9001,greedy,indep_random,none,none,none,f_value,1.500,5205,0.009173871277617675,4.018347742555235,0.0,16.07339097022094,0.009639748815688003,0.009672455484721917,150000,comm,private,
<SOURCE_VECSTRAIGHT_REPO>/remote-results/phase3_vecstraight_clean_msgsource_learned_15seeds_remote_20260410/train/cond1_seed1111.pt,cond1,1111,1,9001,greedy,indep_random,none,none,none,f_value,2.500,7182,0.08100111389585074,4.486006683375105,0.0,17.94402673350042,0.08401549335143553,0.08139581097730615,150000,comm,private,
<SOURCE_VECSTRAIGHT_REPO>/remote-results/phase3_vecstraight_clean_msgsource_learned_15seeds_remote_20260410/train/cond1_seed1111.pt,cond1,1111,1,9001,greedy,indep_random,none,none,none,f_value,3.500,6340,0.46466876971608834,8.646687697160884,0.02413249211356467,34.586750788643535,0.46321501243499885,0.4532851659516821,150000,comm,private,
<SOURCE_VECSTRAIGHT_REPO>/remote-results/phase3_vecstraight_clean_msgsource_learned_15seeds_remote_20260410/train/cond1_seed1111.pt,cond1,1111,1,9001,greedy,indep_random,none,none,none,f_value,5.000,5829,0.6668811116829645,14.670097786927432,0.16143420826899982,58.68039114770973,0.6859728954397072,0.6552764797507789,150000,comm,private,
<SOURCE_VECSTRAIGHT_REPO>/remote-results/phase3_vecstraight_clean_msgsource_learned_15seeds_remote_20260410/train/cond1_seed1111.pt,cond1,1111,1,9001,greedy,marginal,none,none,none,regime,competitive,5980,0.0010869565217391304,3.997826086956522,0.0,15.991304347826087,,,150000,comm,private,
<SOURCE_VECSTRAIGHT_REPO>/remote-results/phase3_vecstraight_clean_msgsource_learned_15seeds_remote_20260410/train/cond1_seed1111.pt,cond1,1111,1,9001,greedy,marginal,none,none,none,regime,cooperative,5921,0.6335922985982098,14.137476777571356,0.1383212295220402,56.549907110285424,,,150000,comm,private,
<SOURCE_VECSTRAIGHT_REPO>/remote-results/phase3_vecstraight_clean_msgsource_learned_15seeds_remote_20260410/train/cond1_seed1111.pt,cond1,1111,1,9001,greedy,marginal,none,none,none,regime,mixed,18099,0.1862119454113487,5.743328360682911,0.007016962263108459,22.973313442731644,,,150000,comm,private,
<SOURCE_VECSTRAIGHT_REPO>/remote-results/phase3_vecstraight_clean_msgsource_learned_15seeds_remote_20260410/train/cond1_seed1111.pt,cond1,1111,1,9001,greedy,marginal,none,none,none,f_value,0.500,5980,0.0010869565217391304,3.997826086956522,0.0,15.991304347826087,0.0011913489736070381,0.0011563599798893917,150000,comm,private,
<SOURCE_VECSTRAIGHT_REPO>/remote-results/phase3_vecstraight_clean_msgsource_learned_15seeds_remote_20260410/train/cond1_seed1111.pt,cond1,1111,1,9001,greedy,marginal,none,none,none,f_value,1.500,5804,0.007667126119917298,4.0153342522398345,0.0,16.061337008959338,0.0069769711163153786,0.007967543259360641,150000,comm,private,
<SOURCE_VECSTRAIGHT_REPO>/remote-results/phase3_vecstraight_clean_msgsource_learned_15seeds_remote_20260410/train/cond1_seed1111.pt,cond1,1111,1,9001,greedy,marginal,none,none,none,f_value,2.500,5884,0.07622365737593474,4.457341944255608,0.0,17.829367777022433,0.07837473522048911,0.07456499734901431,150000,comm,private,
<SOURCE_VECSTRAIGHT_REPO>/remote-results/phase3_vecstraight_clean_msgsource_learned_15seeds_remote_20260410/train/cond1_seed1111.pt,cond1,1111,1,9001,greedy,marginal,none,none,none,f_value,3.500,6411,0.44879893932303855,8.487989393230386,0.01980970207455935,33.95195757292154,0.4380188030268287,0.43720343041225895,150000,comm,private,
<SOURCE_VECSTRAIGHT_REPO>/remote-results/phase3_vecstraight_clean_msgsource_learned_15seeds_remote_20260410/train/cond1_seed1111.pt,cond1,1111,1,9001,greedy,marginal,none,none,none,f_value,5.000,5921,0.6335922985982098,14.137476777571356,0.1383212295220402,56.549907110285424,0.6327725304998032,0.6196823596142939,150000,comm,private,
<SOURCE_VECSTRAIGHT_REPO>/remote-results/phase3_vecstraight_clean_msgsource_learned_15seeds_remote_20260410/train/cond1_seed1111.pt,cond1,1111,1,9001,greedy,none,none,none,none,regime,competitive,5288,9.455370650529501e-05,3.9998108925869893,0.0,15.999243570347957,,,150000,comm,private,
<SOURCE_VECSTRAIGHT_REPO>/remote-results/phase3_vecstraight_clean_msgsource_learned_15seeds_remote_20260410/train/cond1_seed1111.pt,cond1,1111,1,9001,greedy,none,none,none,none,regime,cooperative,5917,0.7139175257731959,15.422680412371134,0.24488761196552306,61.69072164948454,,,150000,comm,private,
<SOURCE_VECSTRAIGHT_REPO>/remote-results/phase3_vecstraight_clean_msgsource_learned_15seeds_remote_20260410/train/cond1_seed1111.pt,cond1,1111,1,9001,greedy,none,none,none,none,regime,mixed,18795,0.23506251662676245,6.2398510242085665,0.010375099760574621,24.959404096834266,,,150000,comm,private,
<SOURCE_VECSTRAIGHT_REPO>/remote-results/phase3_vecstraight_clean_msgsource_learned_15seeds_remote_20260410/train/cond1_seed1111.pt,cond1,1111,1,9001,greedy,none,none,none,none,f_value,0.500,5288,9.455370650529501e-05,3.9998108925869893,0.0,15.999243570347957,9.455370650529501e-05,0.0,150000,comm,private,
<SOURCE_VECSTRAIGHT_REPO>/remote-results/phase3_vecstraight_clean_msgsource_learned_15seeds_remote_20260410/train/cond1_seed1111.pt,cond1,1111,1,9001,greedy,none,none,none,none,f_value,1.500,5824,0.002661401098901099,4.005322802197802,0.0,16.021291208791208,0.0026616296041899203,0.0018653147120719343,150000,comm,private,
<SOURCE_VECSTRAIGHT_REPO>/remote-results/phase3_vecstraight_clean_msgsource_learned_15seeds_remote_20260410/train/cond1_seed1111.pt,cond1,1111,1,9001,greedy,none,none,none,none,f_value,2.500,6298,0.07772308669418863,4.466338520165132,0.0,17.865354080660527,0.0742933075622131,0.07904147313905216,150000,comm,private,
<SOURCE_VECSTRAIGHT_REPO>/remote-results/phase3_vecstraight_clean_msgsource_learned_15seeds_remote_20260410/train/cond1_seed1111.pt,cond1,1111,1,9001,greedy,none,none,none,none,f_value,3.500,6673,0.5863929267196164,9.863929267196164,0.029222238873070582,39.45571706878466,0.5437634152158359,0.5865222442936922,150000,comm,private,
<SOURCE_VECSTRAIGHT_REPO>/remote-results/phase3_vecstraight_clean_msgsource_learned_15seeds_remote_20260410/train/cond1_seed1111.pt,cond1,1111,1,9001,greedy,none,none,none,none,f_value,5.000,5917,0.7139175257731959,15.422680412371134,0.24488761196552306,61.69072164948454,0.6860329615448644,0.7128498727735368,150000,comm,private,
<SOURCE_VECSTRAIGHT_REPO>/remote-results/phase3_vecstraight_clean_msgsource_learned_15seeds_remote_20260410/train/cond1_seed1111.pt,cond1,1111,1,9001,greedy,permute_slots,none,none,none,regime,competitive,5862,0.0015779597407028318,3.9968440805185943,0.0,15.987376322074377,,,150000,comm,private,
<SOURCE_VECSTRAIGHT_REPO>/remote-results/phase3_vecstraight_clean_msgsource_learned_15seeds_remote_20260410/train/cond1_seed1111.pt,cond1,1111,1,9001,greedy,permute_slots,none,none,none,regime,cooperative,6068,0.6643869479235333,14.630191166776532,0.23005932762030323,58.52076466710613,,,150000,comm,private,
<SOURCE_VECSTRAIGHT_REPO>/remote-results/phase3_vecstraight_clean_msgsource_learned_15seeds_remote_20260410/train/cond1_seed1111.pt,cond1,1111,1,9001,greedy,permute_slots,none,none,none,regime,mixed,18070,0.2240038738240177,6.062451577199779,0.008522412838959601,24.249806308799116,,,150000,comm,private,
<SOURCE_VECSTRAIGHT_REPO>/remote-results/phase3_vecstraight_clean_msgsource_learned_15seeds_remote_20260410/train/cond1_seed1111.pt,cond1,1111,1,9001,greedy,permute_slots,none,none,none,f_value,0.500,5862,0.0015779597407028318,3.9968440805185943,0.0,15.987376322074377,0.0015779597407028318,0.004474940334128878,150000,comm,private,
<SOURCE_VECSTRAIGHT_REPO>/remote-results/phase3_vecstraight_clean_msgsource_learned_15seeds_remote_20260410/train/cond1_seed1111.pt,cond1,1111,1,9001,greedy,permute_slots,none,none,none,f_value,1.500,5576,0.013046987087517933,4.026093974175036,0.0,16.104375896700144,0.013003901170351105,0.013153357308241785,150000,comm,private,
<SOURCE_VECSTRAIGHT_REPO>/remote-results/phase3_vecstraight_clean_msgsource_learned_15seeds_remote_20260410/train/cond1_seed1111.pt,cond1,1111,1,9001,greedy,permute_slots,none,none,none,f_value,2.500,6045,0.10864350703060381,4.651861042183623,0.0,18.607444168734492,0.10527867885579476,0.10980978841632827,150000,comm,private,
<SOURCE_VECSTRAIGHT_REPO>/remote-results/phase3_vecstraight_clean_msgsource_learned_15seeds_remote_20260410/train/cond1_seed1111.pt,cond1,1111,1,9001,greedy,permute_slots,none,none,none,f_value,3.500,6449,0.514537137540704,9.14537137540704,0.02387967126686308,36.58148550162816,0.47732679155515906,0.5146414303998759,150000,comm,private,
<SOURCE_VECSTRAIGHT_REPO>/remote-results/phase3_vecstraight_clean_msgsource_learned_15seeds_remote_20260410/train/cond1_seed1111.pt,cond1,1111,1,9001,greedy,permute_slots,none,none,none,f_value,5.000,6068,0.6643869479235333,14.630191166776532,0.23005932762030323,58.52076466710613,0.7330562659846548,0.6632897783658618,150000,comm,private,
<SOURCE_VECSTRAIGHT_REPO>/remote-results/phase3_vecstraight_clean_msgsource_learned_15seeds_remote_20260410/train/cond1_seed1111.pt,cond1,1111,1,9001,greedy,public_marginal,none,none,none,regime,competitive,6381,0.0005876821814762576,3.9988246356370474,0.0,15.99529854254819,,,150000,comm,private,
<SOURCE_VECSTRAIGHT_REPO>/remote-results/phase3_vecstraight_clean_msgsource_learned_15seeds_remote_20260410/train/cond1_seed1111.pt,cond1,1111,1,9001,greedy,public_marginal,none,none,none,regime,cooperative,5877,0.6359111791730475,14.17457886676876,0.056831716862344735,56.69831546707504,,,150000,comm,private,
<SOURCE_VECSTRAIGHT_REPO>/remote-results/phase3_vecstraight_clean_msgsource_learned_15seeds_remote_20260410/train/cond1_seed1111.pt,cond1,1111,1,9001,greedy,public_marginal,none,none,none,regime,mixed,17742,0.16645530379889528,5.606724157366701,0.00495998196370195,22.426896629466803,,,150000,comm,private,
<SOURCE_VECSTRAIGHT_REPO>/remote-results/phase3_vecstraight_clean_msgsource_learned_15seeds_remote_20260410/train/cond1_seed1111.pt,cond1,1111,1,9001,greedy,public_marginal,none,none,none,f_value,0.500,6381,0.0005876821814762576,3.9988246356370474,0.0,15.99529854254819,7.060152499293985e-05,0.0012323943661971832,150000,comm,private,
<SOURCE_VECSTRAIGHT_REPO>/remote-results/phase3_vecstraight_clean_msgsource_learned_15seeds_remote_20260410/train/cond1_seed1111.pt,cond1,1111,1,9001,greedy,public_marginal,none,none,none,f_value,1.500,5647,0.003984416504338587,4.007968833008677,0.0,16.03187533203471,0.000939207650273224,0.007263699889665318,150000,comm,private,
<SOURCE_VECSTRAIGHT_REPO>/remote-results/phase3_vecstraight_clean_msgsource_learned_15seeds_remote_20260410/train/cond1_seed1111.pt,cond1,1111,1,9001,greedy,public_marginal,none,none,none,f_value,2.500,6241,0.033888799871815416,4.203332799230893,0.0,16.81333119692357,0.02366960496245511,0.04373820012586532,150000,comm,private,
<SOURCE_VECSTRAIGHT_REPO>/remote-results/phase3_vecstraight_clean_msgsource_learned_15seeds_remote_20260410/train/cond1_seed1111.pt,cond1,1111,1,9001,greedy,public_marginal,none,none,none,f_value,3.500,5854,0.46451144516569864,8.645114451656987,0.015032456440040998,34.58045780662795,0.5031044558071585,0.43060012836970474,150000,comm,private,
<SOURCE_VECSTRAIGHT_REPO>/remote-results/phase3_vecstraight_clean_msgsource_learned_15seeds_remote_20260410/train/cond1_seed1111.pt,cond1,1111,1,9001,greedy,public_marginal,none,none,none,f_value,5.000,5877,0.6359111791730475,14.17457886676876,0.056831716862344735,56.69831546707504,0.6550086355785838,0.6173708920187794,150000,comm,private,
<SOURCE_VECSTRAIGHT_REPO>/remote-results/phase3_vecstraight_clean_msgsource_learned_15seeds_remote_20260410/train/cond1_seed1111.pt,cond1,1111,1,9001,greedy,public_random,none,none,none,regime,competitive,5929,0.00029515938606847696,3.999409681227863,0.0,15.997638724911452,,,150000,comm,private,
<SOURCE_VECSTRAIGHT_REPO>/remote-results/phase3_vecstraight_clean_msgsource_learned_15seeds_remote_20260410/train/cond1_seed1111.pt,cond1,1111,1,9001,greedy,public_random,none,none,none,regime,cooperative,5836,0.6320681973954764,14.113091158327622,0.04883481836874572,56.45236463331049,,,150000,comm,private,
<SOURCE_VECSTRAIGHT_REPO>/remote-results/phase3_vecstraight_clean_msgsource_learned_15seeds_remote_20260410/train/cond1_seed1111.pt,cond1,1111,1,9001,greedy,public_random,none,none,none,regime,mixed,18235,0.1678502879078695,5.622621332602138,0.006032355360570332,22.490485330408553,,,150000,comm,private,
<SOURCE_VECSTRAIGHT_REPO>/remote-results/phase3_vecstraight_clean_msgsource_learned_15seeds_remote_20260410/train/cond1_seed1111.pt,cond1,1111,1,9001,greedy,public_random,none,none,none,f_value,0.500,5929,0.00029515938606847696,3.999409681227863,0.0,15.997638724911452,8.471704506946798e-05,0.0005036937541974479,150000,comm,private,
<SOURCE_VECSTRAIGHT_REPO>/remote-results/phase3_vecstraight_clean_msgsource_learned_15seeds_remote_20260410/train/cond1_seed1111.pt,cond1,1111,1,9001,greedy,public_random,none,none,none,f_value,1.500,5872,0.003576294277929155,4.007152588555858,0.0,16.02861035422343,0.0011908812521265737,0.0059665871121718375,150000,comm,private,
<SOURCE_VECSTRAIGHT_REPO>/remote-results/phase3_vecstraight_clean_msgsource_learned_15seeds_remote_20260410/train/cond1_seed1111.pt,cond1,1111,1,9001,greedy,public_random,none,none,none,f_value,2.500,6262,0.03397476844458639,4.203848610667518,0.0,16.815394442670073,0.030823006037496027,0.037158908507223115,150000,comm,private,
<SOURCE_VECSTRAIGHT_REPO>/remote-results/phase3_vecstraight_clean_msgsource_learned_15seeds_remote_20260410/train/cond1_seed1111.pt,cond1,1111,1,9001,greedy,public_random,none,none,none,f_value,3.500,6101,0.46336666120308145,8.633666612030815,0.018029831175217177,34.53466644812326,0.5068234133508714,0.4201797385620915,150000,comm,private,
<SOURCE_VECSTRAIGHT_REPO>/remote-results/phase3_vecstraight_clean_msgsource_learned_15seeds_remote_20260410/train/cond1_seed1111.pt,cond1,1111,1,9001,greedy,public_random,none,none,none,f_value,5.000,5836,0.6320681973954764,14.113091158327622,0.04883481836874572,56.45236463331049,0.6513738127544098,0.6123614958448753,150000,comm,private,
<SOURCE_VECSTRAIGHT_REPO>/remote-results/phase3_vecstraight_clean_msgsource_learned_15seeds_remote_20260410/train/cond1_seed1111.pt,cond1,1111,1,9001,greedy,sender_shuffle,none,none,none,regime,competitive,5288,0.0003309379727685325,3.999338124054463,0.0,15.997352496217852,,,150000,comm,private,
<SOURCE_VECSTRAIGHT_REPO>/remote-results/phase3_vecstraight_clean_msgsource_learned_15seeds_remote_20260410/train/cond1_seed1111.pt,cond1,1111,1,9001,greedy,sender_shuffle,none,none,none,regime,cooperative,5917,0.5786716241338516,13.258745986141626,0.1374007098191651,53.034983944566505,,,150000,comm,private,
<SOURCE_VECSTRAIGHT_REPO>/remote-results/phase3_vecstraight_clean_msgsource_learned_15seeds_remote_20260410/train/cond1_seed1111.pt,cond1,1111,1,9001,greedy,sender_shuffle,none,none,none,regime,mixed,18795,0.16649374833732375,5.563793562117584,0.003830806065442937,22.255174248470336,,,150000,comm,private,
<SOURCE_VECSTRAIGHT_REPO>/remote-results/phase3_vecstraight_clean_msgsource_learned_15seeds_remote_20260410/train/cond1_seed1111.pt,cond1,1111,1,9001,greedy,sender_shuffle,none,none,none,f_value,0.500,5288,0.0003309379727685325,3.999338124054463,0.0,15.997352496217852,0.0003669532396728874,0.0003064038402614646,150000,comm,private,
<SOURCE_VECSTRAIGHT_REPO>/remote-results/phase3_vecstraight_clean_msgsource_learned_15seeds_remote_20260410/train/cond1_seed1111.pt,cond1,1111,1,9001,greedy,sender_shuffle,none,none,none,f_value,1.500,5824,0.00287603021978022,4.00575206043956,0.0,16.02300824175824,0.003010177265994553,0.0025514937836333272,150000,comm,private,
<SOURCE_VECSTRAIGHT_REPO>/remote-results/phase3_vecstraight_clean_msgsource_learned_15seeds_remote_20260410/train/cond1_seed1111.pt,cond1,1111,1,9001,greedy,sender_shuffle,none,none,none,f_value,2.500,6298,0.07014131470308034,4.420847888218482,0.0,17.68339155287393,0.073855373903847,0.06425133230187381,150000,comm,private,
<SOURCE_VECSTRAIGHT_REPO>/remote-results/phase3_vecstraight_clean_msgsource_learned_15seeds_remote_20260410/train/cond1_seed1111.pt,cond1,1111,1,9001,greedy,sender_shuffle,none,none,none,f_value,3.500,6673,0.4002322793346321,8.002322793346321,0.010789749737749139,32.009291173385286,0.3856241699867198,0.38380681818181817,150000,comm,private,
<SOURCE_VECSTRAIGHT_REPO>/remote-results/phase3_vecstraight_clean_msgsource_learned_15seeds_remote_20260410/train/cond1_seed1111.pt,cond1,1111,1,9001,greedy,sender_shuffle,none,none,none,f_value,5.000,5917,0.5786716241338516,13.258745986141626,0.1374007098191651,53.034983944566505,0.5541131649499083,0.5673006583760059,150000,comm,private,
<SOURCE_VECSTRAIGHT_REPO>/remote-results/phase3_vecstraight_clean_msgsource_learned_15seeds_remote_20260410/train/cond1_seed1111.pt,cond1,1111,1,9001,greedy,zeros,none,none,none,regime,competitive,5288,0.0014655824508320726,3.997068835098336,0.0,15.988275340393344,,,150000,comm,private,
<SOURCE_VECSTRAIGHT_REPO>/remote-results/phase3_vecstraight_clean_msgsource_learned_15seeds_remote_20260410/train/cond1_seed1111.pt,cond1,1111,1,9001,greedy,zeros,none,none,none,regime,cooperative,5917,0.6280209565658272,14.048335305053236,0.11289504816630049,56.19334122021294,,,150000,comm,private,
<SOURCE_VECSTRAIGHT_REPO>/remote-results/phase3_vecstraight_clean_msgsource_learned_15seeds_remote_20260410/train/cond1_seed1111.pt,cond1,1111,1,9001,greedy,zeros,none,none,none,regime,mixed,18795,0.2790369779196595,6.376057462090982,0.0006384676775738228,25.504229848363927,,,150000,comm,private,
<SOURCE_VECSTRAIGHT_REPO>/remote-results/phase3_vecstraight_clean_msgsource_learned_15seeds_remote_20260410/train/cond1_seed1111.pt,cond1,1111,1,9001,greedy,zeros,none,none,none,f_value,0.500,5288,0.0014655824508320726,3.997068835098336,0.0,15.988275340393344,0.0014655824508320726,0.005395996518711923,150000,comm,private,
<SOURCE_VECSTRAIGHT_REPO>/remote-results/phase3_vecstraight_clean_msgsource_learned_15seeds_remote_20260410/train/cond1_seed1111.pt,cond1,1111,1,9001,greedy,zeros,none,none,none,f_value,1.500,5824,0.01223385989010989,4.02446771978022,0.0,16.09787087912088,0.01223385989010989,0.012485537986887774,150000,comm,private,
<SOURCE_VECSTRAIGHT_REPO>/remote-results/phase3_vecstraight_clean_msgsource_learned_15seeds_remote_20260410/train/cond1_seed1111.pt,cond1,1111,1,9001,greedy,zeros,none,none,none,f_value,2.500,6298,0.28647983486821216,5.718879009209273,0.0,22.87551603683709,0.2872168619818626,0.27706952235254123,150000,comm,private,
<SOURCE_VECSTRAIGHT_REPO>/remote-results/phase3_vecstraight_clean_msgsource_learned_15seeds_remote_20260410/train/cond1_seed1111.pt,cond1,1111,1,9001,greedy,zeros,none,none,none,f_value,3.500,6673,0.5048703731455118,9.048703731455118,0.0017982916229581896,36.194814925820474,0.5661771583574969,0.5047219307450157,150000,comm,private,
<SOURCE_VECSTRAIGHT_REPO>/remote-results/phase3_vecstraight_clean_msgsource_learned_15seeds_remote_20260410/train/cond1_seed1111.pt,cond1,1111,1,9001,greedy,zeros,none,none,none,f_value,5.000,5917,0.6280209565658272,14.048335305053236,0.11289504816630049,56.19334122021294,0.5646430578976953,0.6270123707846128,150000,comm,private,
<SOURCE_VECSTRAIGHT_REPO>/remote-results/phase3_vecstraight_clean_msgsource_learned_15seeds_remote_20260410/train/cond1_seed1212.pt,cond1,1212,1,9001,greedy,fixed0,none,none,none,regime,competitive,5288,0.0004254916792738275,3.9991490166414523,0.0,15.99659606656581,,,150000,comm,private,
<SOURCE_VECSTRAIGHT_REPO>/remote-results/phase3_vecstraight_clean_msgsource_learned_15seeds_remote_20260410/train/cond1_seed1212.pt,cond1,1212,1,9001,greedy,fixed0,none,none,none,regime,cooperative,5917,0.7310292377894203,15.696467804630725,0.08213621767787731,62.7858712185229,,,150000,comm,private,
<SOURCE_VECSTRAIGHT_REPO>/remote-results/phase3_vecstraight_clean_msgsource_learned_15seeds_remote_20260410/train/cond1_seed1212.pt,cond1,1212,1,9001,greedy,fixed0,none,none,none,regime,mixed,18795,0.4116520351157223,7.5632349028997075,0.1217877094972067,30.25293961159883,,,150000,comm,private,
<SOURCE_VECSTRAIGHT_REPO>/remote-results/phase3_vecstraight_clean_msgsource_learned_15seeds_remote_20260410/train/cond1_seed1212.pt,cond1,1212,1,9001,greedy,fixed0,none,none,none,f_value,0.500,5288,0.0004254916792738275,3.9991490166414523,0.0,15.99659606656581,0.0004254916792738275,,150000,comm,private,
<SOURCE_VECSTRAIGHT_REPO>/remote-results/phase3_vecstraight_clean_msgsource_learned_15seeds_remote_20260410/train/cond1_seed1212.pt,cond1,1212,1,9001,greedy,fixed0,none,none,none,f_value,1.500,5824,0.011375343406593406,4.022750686813187,0.0,16.091002747252748,0.011375343406593406,,150000,comm,private,
<SOURCE_VECSTRAIGHT_REPO>/remote-results/phase3_vecstraight_clean_msgsource_learned_15seeds_remote_20260410/train/cond1_seed1212.pt,cond1,1212,1,9001,greedy,fixed0,none,none,none,f_value,2.500,6298,0.3917513496348047,6.350508097808828,0.0057161003493172435,25.402032391235313,0.3917513496348047,,150000,comm,private,
<SOURCE_VECSTRAIGHT_REPO>/remote-results/phase3_vecstraight_clean_msgsource_learned_15seeds_remote_20260410/train/cond1_seed1212.pt,cond1,1212,1,9001,greedy,fixed0,none,none,none,f_value,3.500,6673,0.779784205005245,11.79784205005245,0.33762925221040013,47.1913682002098,0.779784205005245,,150000,comm,private,
<SOURCE_VECSTRAIGHT_REPO>/remote-results/phase3_vecstraight_clean_msgsource_learned_15seeds_remote_20260410/train/cond1_seed1212.pt,cond1,1212,1,9001,greedy,fixed0,none,none,none,f_value,5.000,5917,0.7310292377894203,15.696467804630725,0.08213621767787731,62.7858712185229,0.7310292377894203,,150000,comm,private,
<SOURCE_VECSTRAIGHT_REPO>/remote-results/phase3_vecstraight_clean_msgsource_learned_15seeds_remote_20260410/train/cond1_seed1212.pt,cond1,1212,1,9001,greedy,fixed1,none,none,none,regime,competitive,5288,4.7276853252647505e-05,3.9999054462934946,0.0,15.999621785173979,,,150000,comm,private,
<SOURCE_VECSTRAIGHT_REPO>/remote-results/phase3_vecstraight_clean_msgsource_learned_15seeds_remote_20260410/train/cond1_seed1212.pt,cond1,1212,1,9001,greedy,fixed1,none,none,none,regime,cooperative,5917,0.9728325164779449,19.56532026364712,0.8918370796011492,78.26128105458848,,,150000,comm,private,
<SOURCE_VECSTRAIGHT_REPO>/remote-results/phase3_vecstraight_clean_msgsource_learned_15seeds_remote_20260410/train/cond1_seed1212.pt,cond1,1212,1,9001,greedy,fixed1,none,none,none,regime,mixed,18795,0.24837722798616654,6.41316839584996,0.016600159616919394,25.65267358339984,,,150000,comm,private,
<SOURCE_VECSTRAIGHT_REPO>/remote-results/phase3_vecstraight_clean_msgsource_learned_15seeds_remote_20260410/train/cond1_seed1212.pt,cond1,1212,1,9001,greedy,fixed1,none,none,none,f_value,0.500,5288,4.7276853252647505e-05,3.9999054462934946,0.0,15.999621785173979,,4.7276853252647505e-05,150000,comm,private,
<SOURCE_VECSTRAIGHT_REPO>/remote-results/phase3_vecstraight_clean_msgsource_learned_15seeds_remote_20260410/train/cond1_seed1212.pt,cond1,1212,1,9001,greedy,fixed1,none,none,none,f_value,1.500,5824,0.00339114010989011,4.00678228021978,0.0,16.02712912087912,,0.00339114010989011,150000,comm,private,
<SOURCE_VECSTRAIGHT_REPO>/remote-results/phase3_vecstraight_clean_msgsource_learned_15seeds_remote_20260410/train/cond1_seed1212.pt,cond1,1212,1,9001,greedy,fixed1,none,none,none,f_value,2.500,6298,0.0464036201968879,4.278421721181328,0.0,17.11368688472531,,0.0464036201968879,150000,comm,private,
<SOURCE_VECSTRAIGHT_REPO>/remote-results/phase3_vecstraight_clean_msgsource_learned_15seeds_remote_20260410/train/cond1_seed1212.pt,cond1,1212,1,9001,greedy,fixed1,none,none,none,f_value,3.500,6673,0.6528173235426344,10.528173235426346,0.046755582196912934,42.11269294170538,,0.6528173235426344,150000,comm,private,
<SOURCE_VECSTRAIGHT_REPO>/remote-results/phase3_vecstraight_clean_msgsource_learned_15seeds_remote_20260410/train/cond1_seed1212.pt,cond1,1212,1,9001,greedy,fixed1,none,none,none,f_value,5.000,5917,0.9728325164779449,19.56532026364712,0.8918370796011492,78.26128105458848,,0.9728325164779449,150000,comm,private,
<SOURCE_VECSTRAIGHT_REPO>/remote-results/phase3_vecstraight_clean_msgsource_learned_15seeds_remote_20260410/train/cond1_seed1212.pt,cond1,1212,1,9001,greedy,indep_random,none,none,none,regime,competitive,5444,0.0005510653930933138,3.9988978692138133,0.0,15.995591476855253,,,150000,comm,private,
<SOURCE_VECSTRAIGHT_REPO>/remote-results/phase3_vecstraight_clean_msgsource_learned_15seeds_remote_20260410/train/cond1_seed1212.pt,cond1,1212,1,9001,greedy,indep_random,none,none,none,regime,cooperative,5829,0.9041001887116143,18.465603019385828,0.6579173100017156,73.86241207754331,,,150000,comm,private,
<SOURCE_VECSTRAIGHT_REPO>/remote-results/phase3_vecstraight_clean_msgsource_learned_15seeds_remote_20260410/train/cond1_seed1212.pt,cond1,1212,1,9001,greedy,indep_random,none,none,none,regime,mixed,18727,0.28456239653975546,6.672665135900037,0.0718748331286378,26.69066054360015,,,150000,comm,private,
<SOURCE_VECSTRAIGHT_REPO>/remote-results/phase3_vecstraight_clean_msgsource_learned_15seeds_remote_20260410/train/cond1_seed1212.pt,cond1,1212,1,9001,greedy,indep_random,none,none,none,f_value,0.500,5444,0.0005510653930933138,3.9988978692138133,0.0,15.995591476855253,0.000634484217205097,0.0005267871253226571,150000,comm,private,
<SOURCE_VECSTRAIGHT_REPO>/remote-results/phase3_vecstraight_clean_msgsource_learned_15seeds_remote_20260410/train/cond1_seed1212.pt,cond1,1212,1,9001,greedy,indep_random,none,none,none,f_value,1.500,5205,0.00792507204610951,4.015850144092219,0.0,16.063400576368878,0.00815247328412471,0.007748955814464717,150000,comm,private,
<SOURCE_VECSTRAIGHT_REPO>/remote-results/phase3_vecstraight_clean_msgsource_learned_15seeds_remote_20260410/train/cond1_seed1212.pt,cond1,1212,1,9001,greedy,indep_random,none,none,none,f_value,2.500,7182,0.10126009468114731,4.607560568086884,0.000278473962684489,18.430242272347535,0.10402108373597413,0.09558443623067446,150000,comm,private,
<SOURCE_VECSTRAIGHT_REPO>/remote-results/phase3_vecstraight_clean_msgsource_learned_15seeds_remote_20260410/train/cond1_seed1212.pt,cond1,1212,1,9001,greedy,indep_random,none,none,none,f_value,3.500,6340,0.7193217665615141,11.193217665615142,0.21198738170347003,44.77287066246057,0.7258421885598011,0.7107247685707835,150000,comm,private,
<SOURCE_VECSTRAIGHT_REPO>/remote-results/phase3_vecstraight_clean_msgsource_learned_15seeds_remote_20260410/train/cond1_seed1212.pt,cond1,1212,1,9001,greedy,indep_random,none,none,none,f_value,5.000,5829,0.9041001887116143,18.465603019385828,0.6579173100017156,73.86241207754331,0.9033534474230883,0.9097059968847352,150000,comm,private,
<SOURCE_VECSTRAIGHT_REPO>/remote-results/phase3_vecstraight_clean_msgsource_learned_15seeds_remote_20260410/train/cond1_seed1212.pt,cond1,1212,1,9001,greedy,marginal,none,none,none,regime,competitive,5980,0.0002926421404682274,3.9994147157190634,0.0,15.997658862876253,,,150000,comm,private,
<SOURCE_VECSTRAIGHT_REPO>/remote-results/phase3_vecstraight_clean_msgsource_learned_15seeds_remote_20260410/train/cond1_seed1212.pt,cond1,1212,1,9001,greedy,marginal,none,none,none,regime,cooperative,5921,0.8961746326634015,18.338794122614424,0.6341834149636886,73.3551764904577,,,150000,comm,private,
<SOURCE_VECSTRAIGHT_REPO>/remote-results/phase3_vecstraight_clean_msgsource_learned_15seeds_remote_20260410/train/cond1_seed1212.pt,cond1,1212,1,9001,greedy,marginal,none,none,none,regime,mixed,18099,0.29120393391900107,6.7757334659373445,0.08138571191778551,27.102933863749378,,,150000,comm,private,
<SOURCE_VECSTRAIGHT_REPO>/remote-results/phase3_vecstraight_clean_msgsource_learned_15seeds_remote_20260410/train/cond1_seed1212.pt,cond1,1212,1,9001,greedy,marginal,none,none,none,f_value,0.500,5980,0.0002926421404682274,3.9994147157190634,0.0,15.997658862876253,0.0003367165327817596,0.00023380874444704232,150000,comm,private,
<SOURCE_VECSTRAIGHT_REPO>/remote-results/phase3_vecstraight_clean_msgsource_learned_15seeds_remote_20260410/train/cond1_seed1212.pt,cond1,1212,1,9001,greedy,marginal,none,none,none,f_value,1.500,5804,0.0064179875947622325,4.012835975189525,0.0,16.0513439007581,0.006751389992057188,0.006101369204900313,150000,comm,private,
<SOURCE_VECSTRAIGHT_REPO>/remote-results/phase3_vecstraight_clean_msgsource_learned_15seeds_remote_20260410/train/cond1_seed1212.pt,cond1,1212,1,9001,greedy,marginal,none,none,none,f_value,2.500,5884,0.09215669612508498,4.55294017675051,0.0005098572399728076,18.21176070700204,0.0940591598309719,0.0845719661335842,150000,comm,private,
<SOURCE_VECSTRAIGHT_REPO>/remote-results/phase3_vecstraight_clean_msgsource_learned_15seeds_remote_20260410/train/cond1_seed1212.pt,cond1,1212,1,9001,greedy,marginal,none,none,none,f_value,3.500,6411,0.7317111215099048,11.317111215099048,0.229293401965372,45.268444860396194,0.7338842975206612,0.7266769980075272,150000,comm,private,
<SOURCE_VECSTRAIGHT_REPO>/remote-results/phase3_vecstraight_clean_msgsource_learned_15seeds_remote_20260410/train/cond1_seed1212.pt,cond1,1212,1,9001,greedy,marginal,none,none,none,f_value,5.000,5921,0.8961746326634015,18.338794122614424,0.6341834149636886,73.3551764904577,0.8931086282978125,0.902653540552696,150000,comm,private,
<SOURCE_VECSTRAIGHT_REPO>/remote-results/phase3_vecstraight_clean_msgsource_learned_15seeds_remote_20260410/train/cond1_seed1212.pt,cond1,1212,1,9001,greedy,none,none,none,none,regime,competitive,5288,9.455370650529501e-05,3.9998108925869893,0.0,15.999243570347957,,,150000,comm,private,
<SOURCE_VECSTRAIGHT_REPO>/remote-results/phase3_vecstraight_clean_msgsource_learned_15seeds_remote_20260410/train/cond1_seed1212.pt,cond1,1212,1,9001,greedy,none,none,none,none,regime,cooperative,5917,0.8335305053236437,17.3364880851783,0.43467973635288154,69.3459523407132,,,150000,comm,private,
<SOURCE_VECSTRAIGHT_REPO>/remote-results/phase3_vecstraight_clean_msgsource_learned_15seeds_remote_20260410/train/cond1_seed1212.pt,cond1,1212,1,9001,greedy,none,none,none,none,regime,mixed,18795,0.28776270284650174,6.830167597765363,0.14285714285714285,27.32067039106145,,,150000,comm,private,
<SOURCE_VECSTRAIGHT_REPO>/remote-results/phase3_vecstraight_clean_msgsource_learned_15seeds_remote_20260410/train/cond1_seed1212.pt,cond1,1212,1,9001,greedy,none,none,none,none,f_value,0.500,5288,9.455370650529501e-05,3.9998108925869893,0.0,15.999243570347957,5.23752160477662e-05,9.455370650529501e-05,150000,comm,private,
<SOURCE_VECSTRAIGHT_REPO>/remote-results/phase3_vecstraight_clean_msgsource_learned_15seeds_remote_20260410/train/cond1_seed1212.pt,cond1,1212,1,9001,greedy,none,none,none,none,f_value,1.500,5824,0.002704326923076923,4.005408653846154,0.0,16.021634615384617,0.001414565143163748,0.002706418077154395,150000,comm,private,
<SOURCE_VECSTRAIGHT_REPO>/remote-results/phase3_vecstraight_clean_msgsource_learned_15seeds_remote_20260410/train/cond1_seed1212.pt,cond1,1212,1,9001,greedy,none,none,none,none,f_value,2.500,6298,0.03040647824706256,4.182438869482375,0.00031756113051762465,16.7297554779295,0.02540597171293871,0.03000956480153037,150000,comm,private,
<SOURCE_VECSTRAIGHT_REPO>/remote-results/phase3_vecstraight_clean_msgsource_learned_15seeds_remote_20260410/train/cond1_seed1212.pt,cond1,1212,1,9001,greedy,none,none,none,none,f_value,3.500,6673,0.7794470253259403,11.794470253259403,0.4020680353664019,47.17788101303761,0.7829441947416571,0.7867641153321019,150000,comm,private,
<SOURCE_VECSTRAIGHT_REPO>/remote-results/phase3_vecstraight_clean_msgsource_learned_15seeds_remote_20260410/train/cond1_seed1212.pt,cond1,1212,1,9001,greedy,none,none,none,none,f_value,5.000,5917,0.8335305053236437,17.3364880851783,0.43467973635288154,69.3459523407132,0.8335164370827347,0.8626947754353804,150000,comm,private,
<SOURCE_VECSTRAIGHT_REPO>/remote-results/phase3_vecstraight_clean_msgsource_learned_15seeds_remote_20260410/train/cond1_seed1212.pt,cond1,1212,1,9001,greedy,permute_slots,none,none,none,regime,competitive,5862,4.2647560559536e-05,3.999914704878881,0.0,15.999658819515524,,,150000,comm,private,
<SOURCE_VECSTRAIGHT_REPO>/remote-results/phase3_vecstraight_clean_msgsource_learned_15seeds_remote_20260410/train/cond1_seed1212.pt,cond1,1212,1,9001,greedy,permute_slots,none,none,none,regime,cooperative,6068,0.8217699406723797,17.148319050758076,0.40227422544495717,68.5932762030323,,,150000,comm,private,
<SOURCE_VECSTRAIGHT_REPO>/remote-results/phase3_vecstraight_clean_msgsource_learned_15seeds_remote_20260410/train/cond1_seed1212.pt,cond1,1212,1,9001,greedy,permute_slots,none,none,none,regime,mixed,18070,0.2837437742114001,6.728859988931931,0.0825677919203099,26.915439955727724,,,150000,comm,private,
<SOURCE_VECSTRAIGHT_REPO>/remote-results/phase3_vecstraight_clean_msgsource_learned_15seeds_remote_20260410/train/cond1_seed1212.pt,cond1,1212,1,9001,greedy,permute_slots,none,none,none,f_value,0.500,5862,4.2647560559536e-05,3.999914704878881,0.0,15.999658819515524,0.0,4.2647560559536e-05,150000,comm,private,
<SOURCE_VECSTRAIGHT_REPO>/remote-results/phase3_vecstraight_clean_msgsource_learned_15seeds_remote_20260410/train/cond1_seed1212.pt,cond1,1212,1,9001,greedy,permute_slots,none,none,none,f_value,1.500,5576,0.003272955523672884,4.006545911047346,0.0,16.026183644189384,0.0014789127441480953,0.003273542600896861,150000,comm,private,
<SOURCE_VECSTRAIGHT_REPO>/remote-results/phase3_vecstraight_clean_msgsource_learned_15seeds_remote_20260410/train/cond1_seed1212.pt,cond1,1212,1,9001,greedy,permute_slots,none,none,none,f_value,2.500,6045,0.07510339123242349,4.450620347394541,0.0,17.802481389578166,0.058482820671427765,0.0745202292930132,150000,comm,private,
<SOURCE_VECSTRAIGHT_REPO>/remote-results/phase3_vecstraight_clean_msgsource_learned_15seeds_remote_20260410/train/cond1_seed1212.pt,cond1,1212,1,9001,greedy,permute_slots,none,none,none,f_value,3.500,6449,0.7218173360210886,11.218173360210885,0.23135369824779037,44.87269344084354,0.7289754713832804,0.7161348461885061,150000,comm,private,
<SOURCE_VECSTRAIGHT_REPO>/remote-results/phase3_vecstraight_clean_msgsource_learned_15seeds_remote_20260410/train/cond1_seed1212.pt,cond1,1212,1,9001,greedy,permute_slots,none,none,none,f_value,5.000,6068,0.8217699406723797,17.148319050758076,0.40227422544495717,68.5932762030323,0.8217862589127478,0.8452173913043478,150000,comm,private,
<SOURCE_VECSTRAIGHT_REPO>/remote-results/phase3_vecstraight_clean_msgsource_learned_15seeds_remote_20260410/train/cond1_seed1212.pt,cond1,1212,1,9001,greedy,public_marginal,none,none,none,regime,competitive,6381,0.00027425168468892024,3.999451496630622,0.0,15.997805986522488,,,150000,comm,private,
<SOURCE_VECSTRAIGHT_REPO>/remote-results/phase3_vecstraight_clean_msgsource_learned_15seeds_remote_20260410/train/cond1_seed1212.pt,cond1,1212,1,9001,greedy,public_marginal,none,none,none,regime,cooperative,5877,0.8319720946060916,17.311553513697465,0.4611196188531564,69.24621405478986,,,150000,comm,private,
<SOURCE_VECSTRAIGHT_REPO>/remote-results/phase3_vecstraight_clean_msgsource_learned_15seeds_remote_20260410/train/cond1_seed1212.pt,cond1,1212,1,9001,greedy,public_marginal,none,none,none,regime,mixed,17742,0.27735035508961786,6.556842520572652,0.0467252846353286,26.22737008229061,,,150000,comm,private,
<SOURCE_VECSTRAIGHT_REPO>/remote-results/phase3_vecstraight_clean_msgsource_learned_15seeds_remote_20260410/train/cond1_seed1212.pt,cond1,1212,1,9001,greedy,public_marginal,none,none,none,f_value,0.500,6381,0.00027425168468892024,3.999451496630622,0.0,15.997805986522488,0.0004874878128046799,7.566585956416465e-05,150000,comm,private,
<SOURCE_VECSTRAIGHT_REPO>/remote-results/phase3_vecstraight_clean_msgsource_learned_15seeds_remote_20260410/train/cond1_seed1212.pt,cond1,1212,1,9001,greedy,public_marginal,none,none,none,f_value,1.500,5647,0.0064636089959270405,4.012927217991854,0.0,16.051708871967417,0.011185885776646053,0.001984126984126984,150000,comm,private,
<SOURCE_VECSTRAIGHT_REPO>/remote-results/phase3_vecstraight_clean_msgsource_learned_15seeds_remote_20260410/train/cond1_seed1212.pt,cond1,1212,1,9001,greedy,public_marginal,none,none,none,f_value,2.500,6241,0.1422848902419484,4.85370934145169,0.0004806921967633392,19.41483736580676,0.22728867064188005,0.07079646017699115,150000,comm,private,
<SOURCE_VECSTRAIGHT_REPO>/remote-results/phase3_vecstraight_clean_msgsource_learned_15seeds_remote_20260410/train/cond1_seed1212.pt,cond1,1212,1,9001,greedy,public_marginal,none,none,none,f_value,3.500,5854,0.68265288691493,10.8265288691493,0.1411001024940212,43.3061154765972,0.7458377612469005,0.6238040250742329,150000,comm,private,
<SOURCE_VECSTRAIGHT_REPO>/remote-results/phase3_vecstraight_clean_msgsource_learned_15seeds_remote_20260410/train/cond1_seed1212.pt,cond1,1212,1,9001,greedy,public_marginal,none,none,none,f_value,5.000,5877,0.8319720946060916,17.311553513697465,0.4611196188531564,69.24621405478986,0.7167354715782788,0.9649926686217009,150000,comm,private,
<SOURCE_VECSTRAIGHT_REPO>/remote-results/phase3_vecstraight_clean_msgsource_learned_15seeds_remote_20260410/train/cond1_seed1212.pt,cond1,1212,1,9001,greedy,public_random,none,none,none,regime,competitive,5929,0.00029515938606847696,3.999409681227863,0.0,15.997638724911452,,,150000,comm,private,
<SOURCE_VECSTRAIGHT_REPO>/remote-results/phase3_vecstraight_clean_msgsource_learned_15seeds_remote_20260410/train/cond1_seed1212.pt,cond1,1212,1,9001,greedy,public_random,none,none,none,regime,cooperative,5836,0.8485692254969157,17.57710760795065,0.5097669636737492,70.3084304318026,,,150000,comm,private,
<SOURCE_VECSTRAIGHT_REPO>/remote-results/phase3_vecstraight_clean_msgsource_learned_15seeds_remote_20260410/train/cond1_seed1212.pt,cond1,1212,1,9001,greedy,public_random,none,none,none,regime,mixed,18235,0.2882917466410749,6.638990951466959,0.04886207842061969,26.555963805867837,,,150000,comm,private,
<SOURCE_VECSTRAIGHT_REPO>/remote-results/phase3_vecstraight_clean_msgsource_learned_15seeds_remote_20260410/train/cond1_seed1212.pt,cond1,1212,1,9001,greedy,public_random,none,none,none,f_value,0.500,5929,0.00029515938606847696,3.999409681227863,0.0,15.997638724911452,0.0005083022704168078,8.3948959032908e-05,150000,comm,private,
<SOURCE_VECSTRAIGHT_REPO>/remote-results/phase3_vecstraight_clean_msgsource_learned_15seeds_remote_20260410/train/cond1_seed1212.pt,cond1,1212,1,9001,greedy,public_random,none,none,none,f_value,1.500,5872,0.00847241144414169,4.016944822888283,0.0,16.067779291553133,0.013865260292616536,0.003068530514831231,150000,comm,private,
<SOURCE_VECSTRAIGHT_REPO>/remote-results/phase3_vecstraight_clean_msgsource_learned_15seeds_remote_20260410/train/cond1_seed1212.pt,cond1,1212,1,9001,greedy,public_random,none,none,none,f_value,2.500,6262,0.16168955605237942,4.970137336314276,0.0011178537208559566,19.880549345257105,0.23967270416269462,0.08290529695024076,150000,comm,private,
<SOURCE_VECSTRAIGHT_REPO>/remote-results/phase3_vecstraight_clean_msgsource_learned_15seeds_remote_20260410/train/cond1_seed1212.pt,cond1,1212,1,9001,greedy,public_random,none,none,none,f_value,3.500,6101,0.6875512211112932,10.875512211112932,0.14489427962629078,43.50204884445173,0.7476159158171654,0.627859477124183,150000,comm,private,
<SOURCE_VECSTRAIGHT_REPO>/remote-results/phase3_vecstraight_clean_msgsource_learned_15seeds_remote_20260410/train/cond1_seed1212.pt,cond1,1212,1,9001,greedy,public_random,none,none,none,f_value,5.000,5836,0.8485692254969157,17.57710760795065,0.5097669636737492,70.3084304318026,0.7277815468113975,0.9718663434903048,150000,comm,private,
<SOURCE_VECSTRAIGHT_REPO>/remote-results/phase3_vecstraight_clean_msgsource_learned_15seeds_remote_20260410/train/cond1_seed1212.pt,cond1,1212,1,9001,greedy,sender_shuffle,none,none,none,regime,competitive,5288,0.00014183055975794251,3.999716338880484,0.0,15.998865355521936,,,150000,comm,private,
<SOURCE_VECSTRAIGHT_REPO>/remote-results/phase3_vecstraight_clean_msgsource_learned_15seeds_remote_20260410/train/cond1_seed1212.pt,cond1,1212,1,9001,greedy,sender_shuffle,none,none,none,regime,cooperative,5917,0.9170187595065067,18.672300152104107,0.6853135034645935,74.68920060841643,,,150000,comm,private,
<SOURCE_VECSTRAIGHT_REPO>/remote-results/phase3_vecstraight_clean_msgsource_learned_15seeds_remote_20260410/train/cond1_seed1212.pt,cond1,1212,1,9001,greedy,sender_shuffle,none,none,none,regime,mixed,18795,0.29378824155360467,6.810029263101889,0.08278797552540569,27.240117052407555,,,150000,comm,private,
<SOURCE_VECSTRAIGHT_REPO>/remote-results/phase3_vecstraight_clean_msgsource_learned_15seeds_remote_20260410/train/cond1_seed1212.pt,cond1,1212,1,9001,greedy,sender_shuffle,none,none,none,f_value,0.500,5288,0.00014183055975794251,3.999716338880484,0.0,15.998865355521936,0.00015979546180888463,0.00015569856757317833,150000,comm,private,
<SOURCE_VECSTRAIGHT_REPO>/remote-results/phase3_vecstraight_clean_msgsource_learned_15seeds_remote_20260410/train/cond1_seed1212.pt,cond1,1212,1,9001,greedy,sender_shuffle,none,none,none,f_value,1.500,5824,0.005923763736263736,4.011847527472527,0.0,16.04739010989011,0.005807481972608043,0.005862489447518994,150000,comm,private,
<SOURCE_VECSTRAIGHT_REPO>/remote-results/phase3_vecstraight_clean_msgsource_learned_15seeds_remote_20260410/train/cond1_seed1212.pt,cond1,1212,1,9001,greedy,sender_shuffle,none,none,none,f_value,2.500,6298,0.08443156557637345,4.506589393458241,0.000476341695776437,18.026357573832964,0.08220274898803434,0.07839288051302186,150000,comm,private,
<SOURCE_VECSTRAIGHT_REPO>/remote-results/phase3_vecstraight_clean_msgsource_learned_15seeds_remote_20260410/train/cond1_seed1212.pt,cond1,1212,1,9001,greedy,sender_shuffle,none,none,none,f_value,3.500,6673,0.7426195114641091,11.426195114641091,0.23272890753783906,45.704780458564365,0.7339507472111134,0.7433392175376657,150000,comm,private,
<SOURCE_VECSTRAIGHT_REPO>/remote-results/phase3_vecstraight_clean_msgsource_learned_15seeds_remote_20260410/train/cond1_seed1212.pt,cond1,1212,1,9001,greedy,sender_shuffle,none,none,none,f_value,5.000,5917,0.9170187595065067,18.672300152104107,0.6853135034645935,74.68920060841643,0.9119217502244483,0.9186751168062174,150000,comm,private,
<SOURCE_VECSTRAIGHT_REPO>/remote-results/phase3_vecstraight_clean_msgsource_learned_15seeds_remote_20260410/train/cond1_seed1212.pt,cond1,1212,1,9001,greedy,zeros,none,none,none,regime,competitive,5288,0.00170196671709531,3.9965960665658096,0.0,15.986384266263238,,,150000,comm,private,
<SOURCE_VECSTRAIGHT_REPO>/remote-results/phase3_vecstraight_clean_msgsource_learned_15seeds_remote_20260410/train/cond1_seed1212.pt,cond1,1212,1,9001,greedy,zeros,none,none,none,regime,cooperative,5917,0.648681764407639,14.378908230522224,0.060672638161230356,57.5156329220889,,,150000,comm,private,
<SOURCE_VECSTRAIGHT_REPO>/remote-results/phase3_vecstraight_clean_msgsource_learned_15seeds_remote_20260410/train/cond1_seed1212.pt,cond1,1212,1,9001,greedy,zeros,none,none,none,regime,mixed,18795,0.43367916999201916,7.638467677573823,0.08906624102154828,30.553870710295293,,,150000,comm,private,
<SOURCE_VECSTRAIGHT_REPO>/remote-results/phase3_vecstraight_clean_msgsource_learned_15seeds_remote_20260410/train/cond1_seed1212.pt,cond1,1212,1,9001,greedy,zeros,none,none,none,f_value,0.500,5288,0.00170196671709531,3.9965960665658096,0.0,15.986384266263238,0.0011574074074074073,0.00170196671709531,150000,comm,private,
<SOURCE_VECSTRAIGHT_REPO>/remote-results/phase3_vecstraight_clean_msgsource_learned_15seeds_remote_20260410/train/cond1_seed1212.pt,cond1,1212,1,9001,greedy,zeros,none,none,none,f_value,1.500,5824,0.027086195054945056,4.0541723901098905,0.0,16.216689560439562,0.014244582512501894,0.02700845892910816,150000,comm,private,
<SOURCE_VECSTRAIGHT_REPO>/remote-results/phase3_vecstraight_clean_msgsource_learned_15seeds_remote_20260410/train/cond1_seed1212.pt,cond1,1212,1,9001,greedy,zeros,none,none,none,f_value,2.500,6298,0.47090346141632267,6.825420768497936,0.0022229279136233727,27.301683073991743,0.5302647412755715,0.46982775766736945,150000,comm,private,
<SOURCE_VECSTRAIGHT_REPO>/remote-results/phase3_vecstraight_clean_msgsource_learned_15seeds_remote_20260410/train/cond1_seed1212.pt,cond1,1212,1,9001,greedy,zeros,none,none,none,f_value,3.500,6673,0.7534092612018582,11.534092612018583,0.24876367450921624,46.13637044807433,0.7718059577168697,0.7499899026616584,150000,comm,private,
<SOURCE_VECSTRAIGHT_REPO>/remote-results/phase3_vecstraight_clean_msgsource_learned_15seeds_remote_20260410/train/cond1_seed1212.pt,cond1,1212,1,9001,greedy,zeros,none,none,none,f_value,5.000,5917,0.648681764407639,14.378908230522224,0.060672638161230356,57.5156329220889,0.6486497908126612,0.5606488580421274,150000,comm,private,
<SOURCE_VECSTRAIGHT_REPO>/remote-results/phase3_vecstraight_clean_msgsource_learned_15seeds_remote_20260410/train/cond1_seed1313.pt,cond1,1313,1,9001,greedy,fixed0,none,none,none,regime,competitive,5288,0.005389561270801815,3.989220877458396,0.0,15.956883509833585,,,150000,comm,private,
<SOURCE_VECSTRAIGHT_REPO>/remote-results/phase3_vecstraight_clean_msgsource_learned_15seeds_remote_20260410/train/cond1_seed1313.pt,cond1,1313,1,9001,greedy,fixed0,none,none,none,regime,cooperative,5917,0.9047659286800743,18.47625485888119,0.6190637147202974,73.90501943552476,,,150000,comm,private,
<SOURCE_VECSTRAIGHT_REPO>/remote-results/phase3_vecstraight_clean_msgsource_learned_15seeds_remote_20260410/train/cond1_seed1313.pt,cond1,1313,1,9001,greedy,fixed0,none,none,none,regime,mixed,18795,0.6105081138600692,8.979888268156424,0.41239691407289175,35.919553072625696,,,150000,comm,private,
<SOURCE_VECSTRAIGHT_REPO>/remote-results/phase3_vecstraight_clean_msgsource_learned_15seeds_remote_20260410/train/cond1_seed1313.pt,cond1,1313,1,9001,greedy,fixed0,none,none,none,f_value,0.500,5288,0.005389561270801815,3.989220877458396,0.0,15.956883509833585,0.005389561270801815,,150000,comm,private,
<SOURCE_VECSTRAIGHT_REPO>/remote-results/phase3_vecstraight_clean_msgsource_learned_15seeds_remote_20260410/train/cond1_seed1313.pt,cond1,1313,1,9001,greedy,fixed0,none,none,none,f_value,1.500,5824,0.05086710164835165,4.1017342032967035,0.00034340659340659343,16.406936813186814,0.05086710164835165,,150000,comm,private,
<SOURCE_VECSTRAIGHT_REPO>/remote-results/phase3_vecstraight_clean_msgsource_learned_15seeds_remote_20260410/train/cond1_seed1313.pt,cond1,1313,1,9001,greedy,fixed0,none,none,none,f_value,2.500,6298,0.7453953636074945,8.472372181644968,0.28755160368370913,33.88948872657987,0.7453953636074945,,150000,comm,private,
<SOURCE_VECSTRAIGHT_REPO>/remote-results/phase3_vecstraight_clean_msgsource_learned_15seeds_remote_20260410/train/cond1_seed1313.pt,cond1,1313,1,9001,greedy,fixed0,none,none,none,f_value,3.500,6673,0.9716394425295969,13.716394425295968,0.8898546380938109,54.865577701183874,0.9716394425295969,,150000,comm,private,
<SOURCE_VECSTRAIGHT_REPO>/remote-results/phase3_vecstraight_clean_msgsource_learned_15seeds_remote_20260410/train/cond1_seed1313.pt,cond1,1313,1,9001,greedy,fixed0,none,none,none,f_value,5.000,5917,0.9047659286800743,18.47625485888119,0.6190637147202974,73.90501943552476,0.9047659286800743,,150000,comm,private,
<SOURCE_VECSTRAIGHT_REPO>/remote-results/phase3_vecstraight_clean_msgsource_learned_15seeds_remote_20260410/train/cond1_seed1313.pt,cond1,1313,1,9001,greedy,fixed1,none,none,none,regime,competitive,5288,0.00028366111951588503,3.9994326777609683,0.0,15.997730711043873,,,150000,comm,private,
<SOURCE_VECSTRAIGHT_REPO>/remote-results/phase3_vecstraight_clean_msgsource_learned_15seeds_remote_20260410/train/cond1_seed1313.pt,cond1,1313,1,9001,greedy,fixed1,none,none,none,regime,cooperative,5917,0.8113486564137232,16.98157850261957,0.25063376711171204,67.92631401047828,,,150000,comm,private,
<SOURCE_VECSTRAIGHT_REPO>/remote-results/phase3_vecstraight_clean_msgsource_learned_15seeds_remote_20260410/train/cond1_seed1313.pt,cond1,1313,1,9001,greedy,fixed1,none,none,none,regime,mixed,18795,0.3711625432295823,7.485554668794892,0.2893322692205374,29.942218675179568,,,150000,comm,private,
<SOURCE_VECSTRAIGHT_REPO>/remote-results/phase3_vecstraight_clean_msgsource_learned_15seeds_remote_20260410/train/cond1_seed1313.pt,cond1,1313,1,9001,greedy,fixed1,none,none,none,f_value,0.500,5288,0.00028366111951588503,3.9994326777609683,0.0,15.997730711043873,,0.00028366111951588503,150000,comm,private,
<SOURCE_VECSTRAIGHT_REPO>/remote-results/phase3_vecstraight_clean_msgsource_learned_15seeds_remote_20260410/train/cond1_seed1313.pt,cond1,1313,1,9001,greedy,fixed1,none,none,none,f_value,1.500,5824,0.008284684065934066,4.016569368131868,0.0006868131868131869,16.06627747252747,,0.008284684065934066,150000,comm,private,
<SOURCE_VECSTRAIGHT_REPO>/remote-results/phase3_vecstraight_clean_msgsource_learned_15seeds_remote_20260410/train/cond1_seed1313.pt,cond1,1313,1,9001,greedy,fixed1,none,none,none,f_value,2.500,6298,0.153342330898698,4.920053985392188,0.06684661797395999,19.68021594156875,,0.153342330898698,150000,comm,private,
<SOURCE_VECSTRAIGHT_REPO>/remote-results/phase3_vecstraight_clean_msgsource_learned_15seeds_remote_20260410/train/cond1_seed1313.pt,cond1,1313,1,9001,greedy,fixed1,none,none,none,f_value,3.500,6673,0.8934512213397272,12.934512213397273,0.7512363254907838,51.73804885358909,,0.8934512213397272,150000,comm,private,
<SOURCE_VECSTRAIGHT_REPO>/remote-results/phase3_vecstraight_clean_msgsource_learned_15seeds_remote_20260410/train/cond1_seed1313.pt,cond1,1313,1,9001,greedy,fixed1,none,none,none,f_value,5.000,5917,0.8113486564137232,16.98157850261957,0.25063376711171204,67.92631401047828,,0.8113486564137232,150000,comm,private,
<SOURCE_VECSTRAIGHT_REPO>/remote-results/phase3_vecstraight_clean_msgsource_learned_15seeds_remote_20260410/train/cond1_seed1313.pt,cond1,1313,1,9001,greedy,indep_random,none,none,none,regime,competitive,5444,0.005097354886113152,3.989805290227774,0.0,15.959221160911095,,,150000,comm,private,
<SOURCE_VECSTRAIGHT_REPO>/remote-results/phase3_vecstraight_clean_msgsource_learned_15seeds_remote_20260410/train/cond1_seed1313.pt,cond1,1313,1,9001,greedy,indep_random,none,none,none,regime,cooperative,5829,0.8967232801509692,18.347572482415508,0.5977011494252874,73.39028992966203,,,150000,comm,private,
<SOURCE_VECSTRAIGHT_REPO>/remote-results/phase3_vecstraight_clean_msgsource_learned_15seeds_remote_20260410/train/cond1_seed1313.pt,cond1,1313,1,9001,greedy,indep_random,none,none,none,regime,mixed,18727,0.42301222833342234,7.616142468094195,0.1785123084316762,30.46456987237678,,,150000,comm,private,
<SOURCE_VECSTRAIGHT_REPO>/remote-results/phase3_vecstraight_clean_msgsource_learned_15seeds_remote_20260410/train/cond1_seed1313.pt,cond1,1313,1,9001,greedy,indep_random,none,none,none,f_value,0.500,5444,0.005097354886113152,3.989805290227774,0.0,15.959221160911095,0.005816105324380056,0.0048991202655007116,150000,comm,private,
<SOURCE_VECSTRAIGHT_REPO>/remote-results/phase3_vecstraight_clean_msgsource_learned_15seeds_remote_20260410/train/cond1_seed1313.pt,cond1,1313,1,9001,greedy,indep_random,none,none,none,f_value,1.500,5205,0.05509125840537944,4.110182516810759,0.00019212295869356388,16.440730067243035,0.06180456097829679,0.05660584743899758,150000,comm,private,
<SOURCE_VECSTRAIGHT_REPO>/remote-results/phase3_vecstraight_clean_msgsource_learned_15seeds_remote_20260410/train/cond1_seed1313.pt,cond1,1313,1,9001,greedy,indep_random,none,none,none,f_value,2.500,7182,0.3203842940685046,5.9223057644110275,0.02102478418267892,23.68922305764411,0.33714011899532803,0.3020150232502683,150000,comm,private,
<SOURCE_VECSTRAIGHT_REPO>/remote-results/phase3_vecstraight_clean_msgsource_learned_15seeds_remote_20260410/train/cond1_seed1313.pt,cond1,1313,1,9001,greedy,indep_random,none,none,none,f_value,3.500,6340,0.8413249211356467,12.413249211356467,0.5033123028391168,49.65299684542587,0.8498304318335971,0.8241589523594491,150000,comm,private,
<SOURCE_VECSTRAIGHT_REPO>/remote-results/phase3_vecstraight_clean_msgsource_learned_15seeds_remote_20260410/train/cond1_seed1313.pt,cond1,1313,1,9001,greedy,indep_random,none,none,none,f_value,5.000,5829,0.8967232801509692,18.347572482415508,0.5977011494252874,73.39028992966203,0.9173508754575131,0.8895054517133957,150000,comm,private,
<SOURCE_VECSTRAIGHT_REPO>/remote-results/phase3_vecstraight_clean_msgsource_learned_15seeds_remote_20260410/train/cond1_seed1313.pt,cond1,1313,1,9001,greedy,marginal,none,none,none,regime,competitive,5980,0.0038879598662207356,3.9922240802675586,0.0,15.968896321070234,,,150000,comm,private,
<SOURCE_VECSTRAIGHT_REPO>/remote-results/phase3_vecstraight_clean_msgsource_learned_15seeds_remote_20260410/train/cond1_seed1313.pt,cond1,1313,1,9001,greedy,marginal,none,none,none,regime,cooperative,5921,0.8820300624894444,18.11248099983111,0.5499071102854247,72.44992399932444,,,150000,comm,private,
<SOURCE_VECSTRAIGHT_REPO>/remote-results/phase3_vecstraight_clean_msgsource_learned_15seeds_remote_20260410/train/cond1_seed1313.pt,cond1,1313,1,9001,greedy,marginal,none,none,none,regime,mixed,18099,0.38108459030885683,7.379661859771258,0.15271561964749433,29.518647439085033,,,150000,comm,private,
<SOURCE_VECSTRAIGHT_REPO>/remote-results/phase3_vecstraight_clean_msgsource_learned_15seeds_remote_20260410/train/cond1_seed1313.pt,cond1,1313,1,9001,greedy,marginal,none,none,none,f_value,0.500,5980,0.0038879598662207356,3.9922240802675586,0.0,15.968896321070234,0.005017644464049405,0.0040518277750567705,150000,comm,private,
<SOURCE_VECSTRAIGHT_REPO>/remote-results/phase3_vecstraight_clean_msgsource_learned_15seeds_remote_20260410/train/cond1_seed1313.pt,cond1,1313,1,9001,greedy,marginal,none,none,none,f_value,1.500,5804,0.041006202618883526,4.082012405237767,0.00034458993797381116,16.328049620951067,0.05258664845484036,0.04026814821617154,150000,comm,private,
<SOURCE_VECSTRAIGHT_REPO>/remote-results/phase3_vecstraight_clean_msgsource_learned_15seeds_remote_20260410/train/cond1_seed1313.pt,cond1,1313,1,9001,greedy,marginal,none,none,none,f_value,2.500,5884,0.25067980965329706,5.504078857919782,0.013426240652617267,22.01631543167913,0.27208273362119517,0.2350382343513897,150000,comm,private,
<SOURCE_VECSTRAIGHT_REPO>/remote-results/phase3_vecstraight_clean_msgsource_learned_15seeds_remote_20260410/train/cond1_seed1313.pt,cond1,1313,1,9001,greedy,marginal,none,none,none,f_value,3.500,6411,0.8086491966931836,12.086491966931836,0.41849945406332867,48.345967867727346,0.8176953946111217,0.7947700708130706,150000,comm,private,
<SOURCE_VECSTRAIGHT_REPO>/remote-results/phase3_vecstraight_clean_msgsource_learned_15seeds_remote_20260410/train/cond1_seed1313.pt,cond1,1313,1,9001,greedy,marginal,none,none,none,f_value,5.000,5921,0.8820300624894444,18.11248099983111,0.5499071102854247,72.44992399932444,0.9143133856662249,0.8743059767648019,150000,comm,private,
<SOURCE_VECSTRAIGHT_REPO>/remote-results/phase3_vecstraight_clean_msgsource_learned_15seeds_remote_20260410/train/cond1_seed1313.pt,cond1,1313,1,9001,greedy,none,none,none,none,regime,competitive,5288,0.004254916792738275,3.9914901664145233,0.0,15.965960665658093,,,150000,comm,private,
<SOURCE_VECSTRAIGHT_REPO>/remote-results/phase3_vecstraight_clean_msgsource_learned_15seeds_remote_20260410/train/cond1_seed1313.pt,cond1,1313,1,9001,greedy,none,none,none,none,regime,cooperative,5917,0.9349754943383471,18.959607909413553,0.7404089910427581,75.83843163765421,,,150000,comm,private,
<SOURCE_VECSTRAIGHT_REPO>/remote-results/phase3_vecstraight_clean_msgsource_learned_15seeds_remote_20260410/train/cond1_seed1313.pt,cond1,1313,1,9001,greedy,none,none,none,none,regime,mixed,18795,0.3070364458632615,6.904735301942006,0.10337855812716149,27.618941207768025,,,150000,comm,private,
<SOURCE_VECSTRAIGHT_REPO>/remote-results/phase3_vecstraight_clean_msgsource_learned_15seeds_remote_20260410/train/cond1_seed1313.pt,cond1,1313,1,9001,greedy,none,none,none,none,f_value,0.500,5288,0.004254916792738275,3.9914901664145233,0.0,15.965960665658093,0.0680786686838124,0.0042094310173579905,150000,comm,private,
<SOURCE_VECSTRAIGHT_REPO>/remote-results/phase3_vecstraight_clean_msgsource_learned_15seeds_remote_20260410/train/cond1_seed1313.pt,cond1,1313,1,9001,greedy,none,none,none,none,f_value,1.500,5824,0.009443681318681318,4.018887362637362,0.0,16.07554945054945,0.1583949313621964,0.008185068711497868,150000,comm,private,
<SOURCE_VECSTRAIGHT_REPO>/remote-results/phase3_vecstraight_clean_msgsource_learned_15seeds_remote_20260410/train/cond1_seed1313.pt,cond1,1313,1,9001,greedy,none,none,none,none,f_value,2.500,6298,0.10610511273420134,4.636630676405208,0.002381708478882185,18.54652270562083,0.15049342105263158,0.09893381613357473,150000,comm,private,
<SOURCE_VECSTRAIGHT_REPO>/remote-results/phase3_vecstraight_clean_msgsource_learned_15seeds_remote_20260410/train/cond1_seed1313.pt,cond1,1313,1,9001,greedy,none,none,none,none,f_value,3.500,6673,0.7564064139067885,11.564064139067886,0.2889255207552825,46.256256556271545,0.7529329147389293,0.7440949650744942,150000,comm,private,
<SOURCE_VECSTRAIGHT_REPO>/remote-results/phase3_vecstraight_clean_msgsource_learned_15seeds_remote_20260410/train/cond1_seed1313.pt,cond1,1313,1,9001,greedy,none,none,none,none,f_value,5.000,5917,0.9349754943383471,18.959607909413553,0.7404089910427581,75.83843163765421,0.9644696189495365,0.9228080838778301,150000,comm,private,
<SOURCE_VECSTRAIGHT_REPO>/remote-results/phase3_vecstraight_clean_msgsource_learned_15seeds_remote_20260410/train/cond1_seed1313.pt,cond1,1313,1,9001,greedy,permute_slots,none,none,none,regime,competitive,5862,0.0017911975435005118,3.996417604912999,0.0,15.985670419651996,,,150000,comm,private,
<SOURCE_VECSTRAIGHT_REPO>/remote-results/phase3_vecstraight_clean_msgsource_learned_15seeds_remote_20260410/train/cond1_seed1313.pt,cond1,1313,1,9001,greedy,permute_slots,none,none,none,regime,cooperative,6068,0.9161173368490442,18.657877389584705,0.6760052735662492,74.63150955833882,,,150000,comm,private,
<SOURCE_VECSTRAIGHT_REPO>/remote-results/phase3_vecstraight_clean_msgsource_learned_15seeds_remote_20260410/train/cond1_seed1313.pt,cond1,1313,1,9001,greedy,permute_slots,none,none,none,regime,mixed,18070,0.3527393469839513,7.277089097952407,0.16662977310459326,29.10835639180963,,,150000,comm,private,
<SOURCE_VECSTRAIGHT_REPO>/remote-results/phase3_vecstraight_clean_msgsource_learned_15seeds_remote_20260410/train/cond1_seed1313.pt,cond1,1313,1,9001,greedy,permute_slots,none,none,none,f_value,0.500,5862,0.0017911975435005118,3.996417604912999,0.0,15.985670419651996,0.025137952176578784,0.0017492213831648109,150000,comm,private,
<SOURCE_VECSTRAIGHT_REPO>/remote-results/phase3_vecstraight_clean_msgsource_learned_15seeds_remote_20260410/train/cond1_seed1313.pt,cond1,1313,1,9001,greedy,permute_slots,none,none,none,f_value,1.500,5576,0.009056671449067431,4.018113342898135,0.0003586800573888092,16.07245337159254,0.16874292185730463,0.008488278092158448,150000,comm,private,
<SOURCE_VECSTRAIGHT_REPO>/remote-results/phase3_vecstraight_clean_msgsource_learned_15seeds_remote_20260410/train/cond1_seed1313.pt,cond1,1313,1,9001,greedy,permute_slots,none,none,none,f_value,2.500,6045,0.17034739454094291,5.022084367245657,0.01588089330024814,20.08833746898263,0.2872584343268916,0.16217126025668,150000,comm,private,
<SOURCE_VECSTRAIGHT_REPO>/remote-results/phase3_vecstraight_clean_msgsource_learned_15seeds_remote_20260410/train/cond1_seed1313.pt,cond1,1313,1,9001,greedy,permute_slots,none,none,none,f_value,3.500,6449,0.8208636997984183,12.208636997984184,0.45169793766475425,48.83454799193674,0.831232312837664,0.8127604600766795,150000,comm,private,
<SOURCE_VECSTRAIGHT_REPO>/remote-results/phase3_vecstraight_clean_msgsource_learned_15seeds_remote_20260410/train/cond1_seed1313.pt,cond1,1313,1,9001,greedy,permute_slots,none,none,none,f_value,5.000,6068,0.9161173368490442,18.657877389584705,0.6760052735662492,74.63150955833882,0.9315381513508669,0.9008682003237357,150000,comm,private,
<SOURCE_VECSTRAIGHT_REPO>/remote-results/phase3_vecstraight_clean_msgsource_learned_15seeds_remote_20260410/train/cond1_seed1313.pt,cond1,1313,1,9001,greedy,public_marginal,none,none,none,regime,competitive,6381,0.0013712584234446012,3.9972574831531107,0.0,15.989029932612443,,,150000,comm,private,
<SOURCE_VECSTRAIGHT_REPO>/remote-results/phase3_vecstraight_clean_msgsource_learned_15seeds_remote_20260410/train/cond1_seed1313.pt,cond1,1313,1,9001,greedy,public_marginal,none,none,none,regime,cooperative,5877,0.8642589756678577,17.828143610685725,0.460098689807725,71.3125744427429,,,150000,comm,private,
<SOURCE_VECSTRAIGHT_REPO>/remote-results/phase3_vecstraight_clean_msgsource_learned_15seeds_remote_20260410/train/cond1_seed1313.pt,cond1,1313,1,9001,greedy,public_marginal,none,none,none,regime,mixed,17742,0.4644487656408522,8.00949723819186,0.32346973283733516,32.03798895276744,,,150000,comm,private,
<SOURCE_VECSTRAIGHT_REPO>/remote-results/phase3_vecstraight_clean_msgsource_learned_15seeds_remote_20260410/train/cond1_seed1313.pt,cond1,1313,1,9001,greedy,public_marginal,none,none,none,f_value,0.500,6381,0.0013712584234446012,3.9972574831531107,0.0,15.989029932612443,0.002617801047120419,0.000577219086711134,150000,comm,private,
<SOURCE_VECSTRAIGHT_REPO>/remote-results/phase3_vecstraight_clean_msgsource_learned_15seeds_remote_20260410/train/cond1_seed1313.pt,cond1,1313,1,9001,greedy,public_marginal,none,none,none,f_value,1.500,5647,0.020940322295023905,4.041880644590048,0.0003541703559412077,16.16752257836019,0.04227107887579329,0.007265329845975007,150000,comm,private,
<SOURCE_VECSTRAIGHT_REPO>/remote-results/phase3_vecstraight_clean_msgsource_learned_15seeds_remote_20260410/train/cond1_seed1313.pt,cond1,1313,1,9001,greedy,public_marginal,none,none,none,f_value,2.500,6241,0.41339528921647173,6.480371735298831,0.11921166479730812,25.921486941195322,0.5716374269005848,0.30297878128400435,150000,comm,private,
<SOURCE_VECSTRAIGHT_REPO>/remote-results/phase3_vecstraight_clean_msgsource_learned_15seeds_remote_20260410/train/cond1_seed1313.pt,cond1,1313,1,9001,greedy,public_marginal,none,none,none,f_value,3.500,5854,0.9467031089853092,13.467031089853092,0.8529210796036898,53.86812435941237,0.9711302211302212,0.9292203985932005,150000,comm,private,
<SOURCE_VECSTRAIGHT_REPO>/remote-results/phase3_vecstraight_clean_msgsource_learned_15seeds_remote_20260410/train/cond1_seed1313.pt,cond1,1313,1,9001,greedy,public_marginal,none,none,none,f_value,5.000,5877,0.8642589756678577,17.828143610685725,0.460098689807725,71.3125744427429,0.9345588235294118,0.8036902122267976,150000,comm,private,
<SOURCE_VECSTRAIGHT_REPO>/remote-results/phase3_vecstraight_clean_msgsource_learned_15seeds_remote_20260410/train/cond1_seed1313.pt,cond1,1313,1,9001,greedy,public_random,none,none,none,regime,competitive,5929,0.002066115702479339,3.9958677685950414,0.0,15.983471074380166,,,150000,comm,private,
<SOURCE_VECSTRAIGHT_REPO>/remote-results/phase3_vecstraight_clean_msgsource_learned_15seeds_remote_20260410/train/cond1_seed1313.pt,cond1,1313,1,9001,greedy,public_random,none,none,none,regime,cooperative,5836,0.8680174777244688,17.888279643591503,0.47344071281699796,71.55311857436601,,,150000,comm,private,
<SOURCE_VECSTRAIGHT_REPO>/remote-results/phase3_vecstraight_clean_msgsource_learned_15seeds_remote_20260410/train/cond1_seed1313.pt,cond1,1313,1,9001,greedy,public_random,none,none,none,regime,mixed,18235,0.4952426652042775,8.214669591445023,0.34104743624897177,32.858678365780094,,,150000,comm,private,
<SOURCE_VECSTRAIGHT_REPO>/remote-results/phase3_vecstraight_clean_msgsource_learned_15seeds_remote_20260410/train/cond1_seed1313.pt,cond1,1313,1,9001,greedy,public_random,none,none,none,f_value,0.500,5929,0.002066115702479339,3.9958677685950414,0.0,15.983471074380166,0.003896984073195527,0.00025184687709872396,150000,comm,private,
<SOURCE_VECSTRAIGHT_REPO>/remote-results/phase3_vecstraight_clean_msgsource_learned_15seeds_remote_20260410/train/cond1_seed1313.pt,cond1,1313,1,9001,greedy,public_random,none,none,none,f_value,1.500,5872,0.025076634877384197,4.050153269754769,0.00017029972752043596,16.200613079019075,0.04210615855733243,0.008012274122059324,150000,comm,private,
<SOURCE_VECSTRAIGHT_REPO>/remote-results/phase3_vecstraight_clean_msgsource_learned_15seeds_remote_20260410/train/cond1_seed1313.pt,cond1,1313,1,9001,greedy,public_random,none,none,none,f_value,2.500,6262,0.4900590865538167,6.9403545193229,0.14883423826253592,27.7614180772916,0.607801080394026,0.371107544141252,150000,comm,private,
<SOURCE_VECSTRAIGHT_REPO>/remote-results/phase3_vecstraight_clean_msgsource_learned_15seeds_remote_20260410/train/cond1_seed1313.pt,cond1,1313,1,9001,greedy,public_random,none,none,none,f_value,3.500,6101,0.9530814620554008,13.530814620554008,0.8664153417472545,54.12325848221603,0.9682670174284774,0.9379901960784314,150000,comm,private,
<SOURCE_VECSTRAIGHT_REPO>/remote-results/phase3_vecstraight_clean_msgsource_learned_15seeds_remote_20260410/train/cond1_seed1313.pt,cond1,1313,1,9001,greedy,public_random,none,none,none,f_value,5.000,5836,0.8680174777244688,17.888279643591503,0.47344071281699796,71.55311857436601,0.9300373134328358,0.8047091412742382,150000,comm,private,
<SOURCE_VECSTRAIGHT_REPO>/remote-results/phase3_vecstraight_clean_msgsource_learned_15seeds_remote_20260410/train/cond1_seed1313.pt,cond1,1313,1,9001,greedy,sender_shuffle,none,none,none,regime,competitive,5288,0.00170196671709531,3.9965960665658096,0.0,15.986384266263238,,,150000,comm,private,
<SOURCE_VECSTRAIGHT_REPO>/remote-results/phase3_vecstraight_clean_msgsource_learned_15seeds_remote_20260410/train/cond1_seed1313.pt,cond1,1313,1,9001,greedy,sender_shuffle,none,none,none,regime,cooperative,5917,0.8248690214635795,17.19790434341727,0.3550785871218523,68.79161737366908,,,150000,comm,private,
<SOURCE_VECSTRAIGHT_REPO>/remote-results/phase3_vecstraight_clean_msgsource_learned_15seeds_remote_20260410/train/cond1_seed1313.pt,cond1,1313,1,9001,greedy,sender_shuffle,none,none,none,regime,mixed,18795,0.32802607076350093,7.048975791433892,0.1312583133812184,28.19590316573557,,,150000,comm,private,
<SOURCE_VECSTRAIGHT_REPO>/remote-results/phase3_vecstraight_clean_msgsource_learned_15seeds_remote_20260410/train/cond1_seed1313.pt,cond1,1313,1,9001,greedy,sender_shuffle,none,none,none,f_value,0.500,5288,0.00170196671709531,3.9965960665658096,0.0,15.986384266263238,0.0025686930800965205,0.00172885751332661,150000,comm,private,
<SOURCE_VECSTRAIGHT_REPO>/remote-results/phase3_vecstraight_clean_msgsource_learned_15seeds_remote_20260410/train/cond1_seed1313.pt,cond1,1313,1,9001,greedy,sender_shuffle,none,none,none,f_value,1.500,5824,0.01708447802197802,4.034168956043956,0.0,16.136675824175825,0.024376417233560092,0.01685026342143075,150000,comm,private,
<SOURCE_VECSTRAIGHT_REPO>/remote-results/phase3_vecstraight_clean_msgsource_learned_15seeds_remote_20260410/train/cond1_seed1313.pt,cond1,1313,1,9001,greedy,sender_shuffle,none,none,none,f_value,2.500,6298,0.14095744680851063,4.845744680851064,0.007145125436646554,19.382978723404257,0.14660645330191766,0.13902321083172148,150000,comm,private,
<SOURCE_VECSTRAIGHT_REPO>/remote-results/phase3_vecstraight_clean_msgsource_learned_15seeds_remote_20260410/train/cond1_seed1313.pt,cond1,1313,1,9001,greedy,sender_shuffle,none,none,none,f_value,3.500,6673,0.7759628353064588,11.759628353064588,0.36295519256706127,47.038513412258354,0.770302917673295,0.7733130583539252,150000,comm,private,
<SOURCE_VECSTRAIGHT_REPO>/remote-results/phase3_vecstraight_clean_msgsource_learned_15seeds_remote_20260410/train/cond1_seed1313.pt,cond1,1313,1,9001,greedy,sender_shuffle,none,none,none,f_value,5.000,5917,0.8248690214635795,17.19790434341727,0.3550785871218523,68.79161737366908,0.8917748917748918,0.8222508591065292,150000,comm,private,
<SOURCE_VECSTRAIGHT_REPO>/remote-results/phase3_vecstraight_clean_msgsource_learned_15seeds_remote_20260410/train/cond1_seed1313.pt,cond1,1313,1,9001,greedy,zeros,none,none,none,regime,competitive,5288,0.0024583963691376704,3.995083207261725,0.0,15.9803328290469,,,150000,comm,private,
<SOURCE_VECSTRAIGHT_REPO>/remote-results/phase3_vecstraight_clean_msgsource_learned_15seeds_remote_20260410/train/cond1_seed1313.pt,cond1,1313,1,9001,greedy,zeros,none,none,none,regime,cooperative,5917,0.7720550954875781,16.35288152780125,0.08822038195031266,65.411526111205,,,150000,comm,private,
<SOURCE_VECSTRAIGHT_REPO>/remote-results/phase3_vecstraight_clean_msgsource_learned_15seeds_remote_20260410/train/cond1_seed1313.pt,cond1,1313,1,9001,greedy,zeros,none,none,none,regime,mixed,18795,0.5594040968342644,8.535567970204841,0.2599095504123437,34.142271880819365,,,150000,comm,private,
<SOURCE_VECSTRAIGHT_REPO>/remote-results/phase3_vecstraight_clean_msgsource_learned_15seeds_remote_20260410/train/cond1_seed1313.pt,cond1,1313,1,9001,greedy,zeros,none,none,none,f_value,0.500,5288,0.0024583963691376704,3.995083207261725,0.0,15.9803328290469,0.01625441696113074,0.0024587450943307013,150000,comm,private,
<SOURCE_VECSTRAIGHT_REPO>/remote-results/phase3_vecstraight_clean_msgsource_learned_15seeds_remote_20260410/train/cond1_seed1313.pt,cond1,1313,1,9001,greedy,zeros,none,none,none,f_value,1.500,5824,0.033052884615384616,4.066105769230769,0.0005151098901098901,16.264423076923077,0.26941176470588235,0.030474381663573184,150000,comm,private,
<SOURCE_VECSTRAIGHT_REPO>/remote-results/phase3_vecstraight_clean_msgsource_learned_15seeds_remote_20260410/train/cond1_seed1313.pt,cond1,1313,1,9001,greedy,zeros,none,none,none,f_value,2.500,6298,0.7285646236900604,8.371387742140362,0.2973959987297555,33.48555096856145,0.7832533798517226,0.7155216284987277,150000,comm,private,
<SOURCE_VECSTRAIGHT_REPO>/remote-results/phase3_vecstraight_clean_msgsource_learned_15seeds_remote_20260410/train/cond1_seed1313.pt,cond1,1313,1,9001,greedy,zeros,none,none,none,f_value,3.500,6673,0.8591338228682751,12.591338228682751,0.4509216244567661,50.365352914731005,0.9114153327716934,0.8526106018333998,150000,comm,private,
<SOURCE_VECSTRAIGHT_REPO>/remote-results/phase3_vecstraight_clean_msgsource_learned_15seeds_remote_20260410/train/cond1_seed1313.pt,cond1,1313,1,9001,greedy,zeros,none,none,none,f_value,5.000,5917,0.7720550954875781,16.35288152780125,0.08822038195031266,65.411526111205,0.7769452697756535,0.7218260537374251,150000,comm,private,
<SOURCE_VECSTRAIGHT_REPO>/remote-results/phase3_vecstraight_clean_msgsource_learned_15seeds_remote_20260410/train/cond1_seed1414.pt,cond1,1414,1,9001,greedy,fixed0,none,none,none,regime,competitive,5288,0.0009928139183055975,3.998014372163389,0.0,15.992057488653556,,,150000,comm,private,
<SOURCE_VECSTRAIGHT_REPO>/remote-results/phase3_vecstraight_clean_msgsource_learned_15seeds_remote_20260410/train/cond1_seed1414.pt,cond1,1414,1,9001,greedy,fixed0,none,none,none,regime,cooperative,5917,0.8821615683623458,18.114585093797533,0.5286462734493831,72.45834037519013,,,150000,comm,private,
<SOURCE_VECSTRAIGHT_REPO>/remote-results/phase3_vecstraight_clean_msgsource_learned_15seeds_remote_20260410/train/cond1_seed1414.pt,cond1,1414,1,9001,greedy,fixed0,none,none,none,regime,mixed,18795,0.5625698324022347,8.55073157754722,0.2151636073423783,34.20292631018888,,,150000,comm,private,
<SOURCE_VECSTRAIGHT_REPO>/remote-results/phase3_vecstraight_clean_msgsource_learned_15seeds_remote_20260410/train/cond1_seed1414.pt,cond1,1414,1,9001,greedy,fixed0,none,none,none,f_value,0.500,5288,0.0009928139183055975,3.998014372163389,0.0,15.992057488653556,0.0009928139183055975,,150000,comm,private,
<SOURCE_VECSTRAIGHT_REPO>/remote-results/phase3_vecstraight_clean_msgsource_learned_15seeds_remote_20260410/train/cond1_seed1414.pt,cond1,1414,1,9001,greedy,fixed0,none,none,none,f_value,1.500,5824,0.04331215659340659,4.086624313186813,0.0,16.346497252747252,0.04331215659340659,,150000,comm,private,
<SOURCE_VECSTRAIGHT_REPO>/remote-results/phase3_vecstraight_clean_msgsource_learned_15seeds_remote_20260410/train/cond1_seed1414.pt,cond1,1414,1,9001,greedy,fixed0,none,none,none,f_value,2.500,6298,0.7218958399491903,8.331375039695141,0.14607812003810733,33.325500158780564,0.7218958399491903,,150000,comm,private,
<SOURCE_VECSTRAIGHT_REPO>/remote-results/phase3_vecstraight_clean_msgsource_learned_15seeds_remote_20260410/train/cond1_seed1414.pt,cond1,1414,1,9001,greedy,fixed0,none,none,none,f_value,3.500,6673,0.8653903791398172,12.653903791398172,0.4681552525101154,50.615615165592686,0.8653903791398172,,150000,comm,private,
<SOURCE_VECSTRAIGHT_REPO>/remote-results/phase3_vecstraight_clean_msgsource_learned_15seeds_remote_20260410/train/cond1_seed1414.pt,cond1,1414,1,9001,greedy,fixed0,none,none,none,f_value,5.000,5917,0.8821615683623458,18.114585093797533,0.5286462734493831,72.45834037519013,0.8821615683623458,,150000,comm,private,
<SOURCE_VECSTRAIGHT_REPO>/remote-results/phase3_vecstraight_clean_msgsource_learned_15seeds_remote_20260410/train/cond1_seed1414.pt,cond1,1414,1,9001,greedy,fixed1,none,none,none,regime,competitive,5288,0.0,4.0,0.0,16.0,,,150000,comm,private,
<SOURCE_VECSTRAIGHT_REPO>/remote-results/phase3_vecstraight_clean_msgsource_learned_15seeds_remote_20260410/train/cond1_seed1414.pt,cond1,1414,1,9001,greedy,fixed1,none,none,none,regime,cooperative,5917,0.9844515801926652,19.751225283082643,0.9391583572756464,79.00490113233057,,,150000,comm,private,
<SOURCE_VECSTRAIGHT_REPO>/remote-results/phase3_vecstraight_clean_msgsource_learned_15seeds_remote_20260410/train/cond1_seed1414.pt,cond1,1414,1,9001,greedy,fixed1,none,none,none,regime,mixed,18795,0.10470869912210694,5.024847033785581,0.0003192338387869114,20.099388135142323,,,150000,comm,private,
<SOURCE_VECSTRAIGHT_REPO>/remote-results/phase3_vecstraight_clean_msgsource_learned_15seeds_remote_20260410/train/cond1_seed1414.pt,cond1,1414,1,9001,greedy,fixed1,none,none,none,f_value,0.500,5288,0.0,4.0,0.0,16.0,,0.0,150000,comm,private,
<SOURCE_VECSTRAIGHT_REPO>/remote-results/phase3_vecstraight_clean_msgsource_learned_15seeds_remote_20260410/train/cond1_seed1414.pt,cond1,1414,1,9001,greedy,fixed1,none,none,none,f_value,1.500,5824,8.585164835164836e-05,4.0001717032967035,0.0,16.000686813186814,,8.585164835164836e-05,150000,comm,private,
<SOURCE_VECSTRAIGHT_REPO>/remote-results/phase3_vecstraight_clean_msgsource_learned_15seeds_remote_20260410/train/cond1_seed1414.pt,cond1,1414,1,9001,greedy,fixed1,none,none,none,f_value,2.500,6298,0.016433788504287075,4.098602731025722,0.0,16.39441092410289,,0.016433788504287075,150000,comm,private,
<SOURCE_VECSTRAIGHT_REPO>/remote-results/phase3_vecstraight_clean_msgsource_learned_15seeds_remote_20260410/train/cond1_seed1414.pt,cond1,1414,1,9001,greedy,fixed1,none,none,none,f_value,3.500,6673,0.2793346320995055,6.793346320995055,0.0008991458114790948,27.17338528398022,,0.2793346320995055,150000,comm,private,
<SOURCE_VECSTRAIGHT_REPO>/remote-results/phase3_vecstraight_clean_msgsource_learned_15seeds_remote_20260410/train/cond1_seed1414.pt,cond1,1414,1,9001,greedy,fixed1,none,none,none,f_value,5.000,5917,0.9844515801926652,19.751225283082643,0.9391583572756464,79.00490113233057,,0.9844515801926652,150000,comm,private,
<SOURCE_VECSTRAIGHT_REPO>/remote-results/phase3_vecstraight_clean_msgsource_learned_15seeds_remote_20260410/train/cond1_seed1414.pt,cond1,1414,1,9001,greedy,indep_random,none,none,none,regime,competitive,5444,0.00013776634827332844,3.9997244673034533,0.0,15.998897869213813,,,150000,comm,private,
<SOURCE_VECSTRAIGHT_REPO>/remote-results/phase3_vecstraight_clean_msgsource_learned_15seeds_remote_20260410/train/cond1_seed1414.pt,cond1,1414,1,9001,greedy,indep_random,none,none,none,regime,cooperative,5829,0.9083033110310517,18.532852976496827,0.6592897581060216,74.1314119059873,,,150000,comm,private,
<SOURCE_VECSTRAIGHT_REPO>/remote-results/phase3_vecstraight_clean_msgsource_learned_15seeds_remote_20260410/train/cond1_seed1414.pt,cond1,1414,1,9001,greedy,indep_random,none,none,none,regime,mixed,18727,0.34984247343407915,7.111923960057671,0.11341912746302131,28.447695840230683,,,150000,comm,private,
<SOURCE_VECSTRAIGHT_REPO>/remote-results/phase3_vecstraight_clean_msgsource_learned_15seeds_remote_20260410/train/cond1_seed1414.pt,cond1,1414,1,9001,greedy,indep_random,none,none,none,f_value,0.500,5444,0.00013776634827332844,3.9997244673034533,0.0,15.998897869213813,0.00015862105430127426,0.00010535742506453143,150000,comm,private,
<SOURCE_VECSTRAIGHT_REPO>/remote-results/phase3_vecstraight_clean_msgsource_learned_15seeds_remote_20260410/train/cond1_seed1414.pt,cond1,1414,1,9001,greedy,indep_random,none,none,none,f_value,1.500,5205,0.012776176753121997,4.025552353506244,0.0,16.102209414024976,0.014321912526165033,0.012090569355902397,150000,comm,private,
<SOURCE_VECSTRAIGHT_REPO>/remote-results/phase3_vecstraight_clean_msgsource_learned_15seeds_remote_20260410/train/cond1_seed1414.pt,cond1,1414,1,9001,greedy,indep_random,none,none,none,f_value,2.500,7182,0.2334307992202729,5.400584795321637,0.007658033973823447,21.60233918128655,0.2593139799544783,0.22002305154803067,150000,comm,private,
<SOURCE_VECSTRAIGHT_REPO>/remote-results/phase3_vecstraight_clean_msgsource_learned_15seeds_remote_20260410/train/cond1_seed1414.pt,cond1,1414,1,9001,greedy,indep_random,none,none,none,f_value,3.500,6340,0.7584384858044164,11.584384858044164,0.32634069400630916,46.337539432176655,0.7899615645489487,0.7520433506434862,150000,comm,private,
<SOURCE_VECSTRAIGHT_REPO>/remote-results/phase3_vecstraight_clean_msgsource_learned_15seeds_remote_20260410/train/cond1_seed1414.pt,cond1,1414,1,9001,greedy,indep_random,none,none,none,f_value,5.000,5829,0.9083033110310517,18.532852976496827,0.6592897581060216,74.1314119059873,0.9123553269363933,0.9070288161993769,150000,comm,private,
<SOURCE_VECSTRAIGHT_REPO>/remote-results/phase3_vecstraight_clean_msgsource_learned_15seeds_remote_20260410/train/cond1_seed1414.pt,cond1,1414,1,9001,greedy,marginal,none,none,none,regime,competitive,5980,0.00020903010033444816,3.9995819397993313,0.0,15.998327759197325,,,150000,comm,private,
<SOURCE_VECSTRAIGHT_REPO>/remote-results/phase3_vecstraight_clean_msgsource_learned_15seeds_remote_20260410/train/cond1_seed1414.pt,cond1,1414,1,9001,greedy,marginal,none,none,none,regime,cooperative,5921,0.9330349603107583,18.928559364972134,0.7432866069920622,75.71423745988854,,,150000,comm,private,
<SOURCE_VECSTRAIGHT_REPO>/remote-results/phase3_vecstraight_clean_msgsource_learned_15seeds_remote_20260410/train/cond1_seed1414.pt,cond1,1414,1,9001,greedy,marginal,none,none,none,regime,mixed,18099,0.365227360627659,7.284352726669982,0.13995248356262777,29.13741090667993,,,150000,comm,private,
<SOURCE_VECSTRAIGHT_REPO>/remote-results/phase3_vecstraight_clean_msgsource_learned_15seeds_remote_20260410/train/cond1_seed1414.pt,cond1,1414,1,9001,greedy,marginal,none,none,none,f_value,0.500,5980,0.00020903010033444816,3.9995819397993313,0.0,15.998327759197325,0.00023696682464454977,0.00023631723225257586,150000,comm,private,
<SOURCE_VECSTRAIGHT_REPO>/remote-results/phase3_vecstraight_clean_msgsource_learned_15seeds_remote_20260410/train/cond1_seed1414.pt,cond1,1414,1,9001,greedy,marginal,none,none,none,f_value,1.500,5804,0.01374052377670572,4.027481047553412,0.0,16.109924190213647,0.015710686230917446,0.01279215158218717,150000,comm,private,
<SOURCE_VECSTRAIGHT_REPO>/remote-results/phase3_vecstraight_clean_msgsource_learned_15seeds_remote_20260410/train/cond1_seed1414.pt,cond1,1414,1,9001,greedy,marginal,none,none,none,f_value,2.500,5884,0.25582087015635624,5.534925220938137,0.011216859279401768,22.13970088375255,0.28347674755873536,0.24180150765832814,150000,comm,private,
<SOURCE_VECSTRAIGHT_REPO>/remote-results/phase3_vecstraight_clean_msgsource_learned_15seeds_remote_20260410/train/cond1_seed1414.pt,cond1,1414,1,9001,greedy,marginal,none,none,none,f_value,3.500,6411,0.7838480736234597,11.838480736234597,0.38480736234596785,47.35392294493839,0.8235955561552647,0.7796617576366736,150000,comm,private,
<SOURCE_VECSTRAIGHT_REPO>/remote-results/phase3_vecstraight_clean_msgsource_learned_15seeds_remote_20260410/train/cond1_seed1414.pt,cond1,1414,1,9001,greedy,marginal,none,none,none,f_value,5.000,5921,0.9330349603107583,18.928559364972134,0.7432866069920622,75.71423745988854,0.945428434657731,0.9343443947893886,150000,comm,private,
<SOURCE_VECSTRAIGHT_REPO>/remote-results/phase3_vecstraight_clean_msgsource_learned_15seeds_remote_20260410/train/cond1_seed1414.pt,cond1,1414,1,9001,greedy,none,none,none,none,regime,competitive,5288,0.0,4.0,0.0,16.0,,,150000,comm,private,
<SOURCE_VECSTRAIGHT_REPO>/remote-results/phase3_vecstraight_clean_msgsource_learned_15seeds_remote_20260410/train/cond1_seed1414.pt,cond1,1414,1,9001,greedy,none,none,none,none,regime,cooperative,5917,0.9959861416258239,19.935778266013184,0.9839445665032955,79.74311306405274,,,150000,comm,private,
<SOURCE_VECSTRAIGHT_REPO>/remote-results/phase3_vecstraight_clean_msgsource_learned_15seeds_remote_20260410/train/cond1_seed1414.pt,cond1,1414,1,9001,greedy,none,none,none,none,regime,mixed,18795,0.42500665070497473,7.83218941207768,0.24506517690875232,31.32875764831072,,,150000,comm,private,
<SOURCE_VECSTRAIGHT_REPO>/remote-results/phase3_vecstraight_clean_msgsource_learned_15seeds_remote_20260410/train/cond1_seed1414.pt,cond1,1414,1,9001,greedy,none,none,none,none,f_value,0.500,5288,0.0,4.0,0.0,16.0,0.0,0.0,150000,comm,private,
<SOURCE_VECSTRAIGHT_REPO>/remote-results/phase3_vecstraight_clean_msgsource_learned_15seeds_remote_20260410/train/cond1_seed1414.pt,cond1,1414,1,9001,greedy,none,none,none,none,f_value,1.500,5824,0.007941277472527472,4.015882554945055,0.0,16.06353021978022,0.008766079085278704,0.00797836975311378,150000,comm,private,
<SOURCE_VECSTRAIGHT_REPO>/remote-results/phase3_vecstraight_clean_msgsource_learned_15seeds_remote_20260410/train/cond1_seed1414.pt,cond1,1414,1,9001,greedy,none,none,none,none,f_value,2.500,6298,0.29707843759923785,5.782470625595427,0.011273420133375674,23.129882502381708,0.30855817875210795,0.2907752571994318,150000,comm,private,
<SOURCE_VECSTRAIGHT_REPO>/remote-results/phase3_vecstraight_clean_msgsource_learned_15seeds_remote_20260410/train/cond1_seed1414.pt,cond1,1414,1,9001,greedy,none,none,none,none,f_value,3.500,6673,0.9097482391727858,13.097482391727858,0.6796043758429492,52.389929566911434,0.9083077698869605,0.9249088800530152,150000,comm,private,
<SOURCE_VECSTRAIGHT_REPO>/remote-results/phase3_vecstraight_clean_msgsource_learned_15seeds_remote_20260410/train/cond1_seed1414.pt,cond1,1414,1,9001,greedy,none,none,none,none,f_value,5.000,5917,0.9959861416258239,19.935778266013184,0.9839445665032955,79.74311306405274,0.9960057788731197,0.9971020954079358,150000,comm,private,
<SOURCE_VECSTRAIGHT_REPO>/remote-results/phase3_vecstraight_clean_msgsource_learned_15seeds_remote_20260410/train/cond1_seed1414.pt,cond1,1414,1,9001,greedy,permute_slots,none,none,none,regime,competitive,5862,0.00012794268167860799,3.9997441146366426,0.0,15.99897645854657,,,150000,comm,private,
<SOURCE_VECSTRAIGHT_REPO>/remote-results/phase3_vecstraight_clean_msgsource_learned_15seeds_remote_20260410/train/cond1_seed1414.pt,cond1,1414,1,9001,greedy,permute_slots,none,none,none,regime,cooperative,6068,0.9085365853658537,18.536585365853657,0.6896835860250494,74.14634146341463,,,150000,comm,private,
<SOURCE_VECSTRAIGHT_REPO>/remote-results/phase3_vecstraight_clean_msgsource_learned_15seeds_remote_20260410/train/cond1_seed1414.pt,cond1,1414,1,9001,greedy,permute_slots,none,none,none,regime,mixed,18070,0.34135307138904264,7.084311012728279,0.09662423907028224,28.337244050913117,,,150000,comm,private,
<SOURCE_VECSTRAIGHT_REPO>/remote-results/phase3_vecstraight_clean_msgsource_learned_15seeds_remote_20260410/train/cond1_seed1414.pt,cond1,1414,1,9001,greedy,permute_slots,none,none,none,f_value,0.500,5862,0.00012794268167860799,3.9997441146366426,0.0,15.99897645854657,0.00012989824637367397,0.00013627072450601862,150000,comm,private,
<SOURCE_VECSTRAIGHT_REPO>/remote-results/phase3_vecstraight_clean_msgsource_learned_15seeds_remote_20260410/train/cond1_seed1414.pt,cond1,1414,1,9001,greedy,permute_slots,none,none,none,f_value,1.500,5576,0.009460186513629842,4.018920373027259,0.0,16.075681492109037,0.010280980186654689,0.009166666666666667,150000,comm,private,
<SOURCE_VECSTRAIGHT_REPO>/remote-results/phase3_vecstraight_clean_msgsource_learned_15seeds_remote_20260410/train/cond1_seed1414.pt,cond1,1414,1,9001,greedy,permute_slots,none,none,none,f_value,2.500,6045,0.22857733664185276,5.371464019851117,0.006286186931348222,21.485856079404467,0.23468721431369988,0.21634006895648758,150000,comm,private,
<SOURCE_VECSTRAIGHT_REPO>/remote-results/phase3_vecstraight_clean_msgsource_learned_15seeds_remote_20260410/train/cond1_seed1414.pt,cond1,1414,1,9001,greedy,permute_slots,none,none,none,f_value,3.500,6449,0.7340285315552799,11.3402853155528,0.26484726314157236,45.3611412622112,0.7520330743719049,0.7333280025587718,150000,comm,private,
<SOURCE_VECSTRAIGHT_REPO>/remote-results/phase3_vecstraight_clean_msgsource_learned_15seeds_remote_20260410/train/cond1_seed1414.pt,cond1,1414,1,9001,greedy,permute_slots,none,none,none,f_value,5.000,6068,0.9085365853658537,18.536585365853657,0.6896835860250494,74.14634146341463,0.9101866577383444,0.9043715846994536,150000,comm,private,
<SOURCE_VECSTRAIGHT_REPO>/remote-results/phase3_vecstraight_clean_msgsource_learned_15seeds_remote_20260410/train/cond1_seed1414.pt,cond1,1414,1,9001,greedy,public_marginal,none,none,none,regime,competitive,6381,0.00023507287259050304,3.9995298542548188,0.0,15.998119417019275,,,150000,comm,private,
<SOURCE_VECSTRAIGHT_REPO>/remote-results/phase3_vecstraight_clean_msgsource_learned_15seeds_remote_20260410/train/cond1_seed1414.pt,cond1,1414,1,9001,greedy,public_marginal,none,none,none,regime,cooperative,5877,0.9121575633826783,18.59452101412285,0.6489705632125234,74.3780840564914,,,150000,comm,private,
<SOURCE_VECSTRAIGHT_REPO>/remote-results/phase3_vecstraight_clean_msgsource_learned_15seeds_remote_20260410/train/cond1_seed1414.pt,cond1,1414,1,9001,greedy,public_marginal,none,none,none,regime,mixed,17742,0.2890880396798557,6.503663623041371,0.056307067974298276,26.014654492165484,,,150000,comm,private,
<SOURCE_VECSTRAIGHT_REPO>/remote-results/phase3_vecstraight_clean_msgsource_learned_15seeds_remote_20260410/train/cond1_seed1414.pt,cond1,1414,1,9001,greedy,public_marginal,none,none,none,f_value,0.500,6381,0.00023507287259050304,3.9995298542548188,0.0,15.998119417019275,0.00047110552763819093,0.0,150000,comm,private,
<SOURCE_VECSTRAIGHT_REPO>/remote-results/phase3_vecstraight_clean_msgsource_learned_15seeds_remote_20260410/train/cond1_seed1414.pt,cond1,1414,1,9001,greedy,public_marginal,none,none,none,f_value,1.500,5647,0.015450681777935188,4.030901363555871,0.00017708517797060386,16.123605454223483,0.03120503597122302,0.00017439832577607255,150000,comm,private,
<SOURCE_VECSTRAIGHT_REPO>/remote-results/phase3_vecstraight_clean_msgsource_learned_15seeds_remote_20260410/train/cond1_seed1414.pt,cond1,1414,1,9001,greedy,public_marginal,none,none,none,f_value,2.500,6241,0.2472360198686108,5.483416119211665,0.009613843935266785,21.93366447684666,0.45779543197616684,0.049689440993788817,150000,comm,private,
<SOURCE_VECSTRAIGHT_REPO>/remote-results/phase3_vecstraight_clean_msgsource_learned_15seeds_remote_20260410/train/cond1_seed1414.pt,cond1,1414,1,9001,greedy,public_marginal,none,none,none,f_value,3.500,5854,0.5976682610181073,9.976682610181072,0.16023231978134608,39.90673044072429,0.8264536970567121,0.38991199478487615,150000,comm,private,
<SOURCE_VECSTRAIGHT_REPO>/remote-results/phase3_vecstraight_clean_msgsource_learned_15seeds_remote_20260410/train/cond1_seed1414.pt,cond1,1414,1,9001,greedy,public_marginal,none,none,none,f_value,5.000,5877,0.9121575633826783,18.59452101412285,0.6489705632125234,74.3780840564914,0.8487218298015473,0.9771005509641874,150000,comm,private,
<SOURCE_VECSTRAIGHT_REPO>/remote-results/phase3_vecstraight_clean_msgsource_learned_15seeds_remote_20260410/train/cond1_seed1414.pt,cond1,1414,1,9001,greedy,public_random,none,none,none,regime,competitive,5929,0.0006324843987181649,3.9987350312025636,0.0,15.994940124810254,,,150000,comm,private,
<SOURCE_VECSTRAIGHT_REPO>/remote-results/phase3_vecstraight_clean_msgsource_learned_15seeds_remote_20260410/train/cond1_seed1414.pt,cond1,1414,1,9001,greedy,public_random,none,none,none,regime,cooperative,5836,0.9150102810143934,18.640164496230295,0.660212474297464,74.56065798492118,,,150000,comm,private,
<SOURCE_VECSTRAIGHT_REPO>/remote-results/phase3_vecstraight_clean_msgsource_learned_15seeds_remote_20260410/train/cond1_seed1414.pt,cond1,1414,1,9001,greedy,public_random,none,none,none,regime,mixed,18235,0.30085001370989856,6.601700027419797,0.06196874143131341,26.40680010967919,,,150000,comm,private,
<SOURCE_VECSTRAIGHT_REPO>/remote-results/phase3_vecstraight_clean_msgsource_learned_15seeds_remote_20260410/train/cond1_seed1414.pt,cond1,1414,1,9001,greedy,public_random,none,none,none,f_value,0.500,5929,0.0006324843987181649,3.9987350312025636,0.0,15.994940124810254,0.0012707556760420196,0.0,150000,comm,private,
<SOURCE_VECSTRAIGHT_REPO>/remote-results/phase3_vecstraight_clean_msgsource_learned_15seeds_remote_20260410/train/cond1_seed1414.pt,cond1,1414,1,9001,greedy,public_random,none,none,none,f_value,1.500,5872,0.015156675749318801,4.030313351498638,0.0,16.12125340599455,0.03011228308948622,0.00017047391749062393,150000,comm,private,
<SOURCE_VECSTRAIGHT_REPO>/remote-results/phase3_vecstraight_clean_msgsource_learned_15seeds_remote_20260410/train/cond1_seed1414.pt,cond1,1414,1,9001,greedy,public_random,none,none,none,f_value,2.500,6262,0.2677259661450016,5.60635579687001,0.01085915043117215,22.42542318748004,0.47934540832538924,0.05393258426966292,150000,comm,private,
<SOURCE_VECSTRAIGHT_REPO>/remote-results/phase3_vecstraight_clean_msgsource_learned_15seeds_remote_20260410/train/cond1_seed1414.pt,cond1,1414,1,9001,greedy,public_random,none,none,none,f_value,3.500,6101,0.6098180626126865,10.098180626126865,0.17406982461891493,40.39272250450746,0.830976652416968,0.3900326797385621,150000,comm,private,
<SOURCE_VECSTRAIGHT_REPO>/remote-results/phase3_vecstraight_clean_msgsource_learned_15seeds_remote_20260410/train/cond1_seed1414.pt,cond1,1414,1,9001,greedy,public_random,none,none,none,f_value,5.000,5836,0.9150102810143934,18.640164496230295,0.660212474297464,74.56065798492118,0.850067842605156,0.9813019390581718,150000,comm,private,
<SOURCE_VECSTRAIGHT_REPO>/remote-results/phase3_vecstraight_clean_msgsource_learned_15seeds_remote_20260410/train/cond1_seed1414.pt,cond1,1414,1,9001,greedy,sender_shuffle,none,none,none,regime,competitive,5288,0.00023638426626323752,3.9995272314674737,0.0,15.998108925869895,,,150000,comm,private,
<SOURCE_VECSTRAIGHT_REPO>/remote-results/phase3_vecstraight_clean_msgsource_learned_15seeds_remote_20260410/train/cond1_seed1414.pt,cond1,1414,1,9001,greedy,sender_shuffle,none,none,none,regime,cooperative,5917,0.9489606219367923,19.183369950988677,0.7977015379415244,76.73347980395471,,,150000,comm,private,
<SOURCE_VECSTRAIGHT_REPO>/remote-results/phase3_vecstraight_clean_msgsource_learned_15seeds_remote_20260410/train/cond1_seed1414.pt,cond1,1414,1,9001,greedy,sender_shuffle,none,none,none,regime,mixed,18795,0.3984836392657622,7.549880287310455,0.1696195796754456,30.19952114924182,,,150000,comm,private,
<SOURCE_VECSTRAIGHT_REPO>/remote-results/phase3_vecstraight_clean_msgsource_learned_15seeds_remote_20260410/train/cond1_seed1414.pt,cond1,1414,1,9001,greedy,sender_shuffle,none,none,none,f_value,0.500,5288,0.00023638426626323752,3.9995272314674737,0.0,15.998108925869895,0.0002637826431020839,0.0002080083203328133,150000,comm,private,
<SOURCE_VECSTRAIGHT_REPO>/remote-results/phase3_vecstraight_clean_msgsource_learned_15seeds_remote_20260410/train/cond1_seed1414.pt,cond1,1414,1,9001,greedy,sender_shuffle,none,none,none,f_value,1.500,5824,0.016097184065934064,4.032194368131868,0.00017170329670329672,16.12877747252747,0.017701641684511063,0.01609249646059462,150000,comm,private,
<SOURCE_VECSTRAIGHT_REPO>/remote-results/phase3_vecstraight_clean_msgsource_learned_15seeds_remote_20260410/train/cond1_seed1414.pt,cond1,1414,1,9001,greedy,sender_shuffle,none,none,none,f_value,2.500,6298,0.29473642426167035,5.7684185455700225,0.016671959352175292,23.07367418228009,0.319068374939462,0.2829758301530903,150000,comm,private,
<SOURCE_VECSTRAIGHT_REPO>/remote-results/phase3_vecstraight_clean_msgsource_learned_15seeds_remote_20260410/train/cond1_seed1414.pt,cond1,1414,1,9001,greedy,sender_shuffle,none,none,none,f_value,3.500,6673,0.8301363704480743,12.301363704480742,0.46186123182976174,49.20545481792297,0.8698104599560367,0.8224357116236697,150000,comm,private,
<SOURCE_VECSTRAIGHT_REPO>/remote-results/phase3_vecstraight_clean_msgsource_learned_15seeds_remote_20260410/train/cond1_seed1414.pt,cond1,1414,1,9001,greedy,sender_shuffle,none,none,none,f_value,5.000,5917,0.9489606219367923,19.183369950988677,0.7977015379415244,76.73347980395471,0.9707940085458046,0.9506155567991047,150000,comm,private,
<SOURCE_VECSTRAIGHT_REPO>/remote-results/phase3_vecstraight_clean_msgsource_learned_15seeds_remote_20260410/train/cond1_seed1414.pt,cond1,1414,1,9001,greedy,zeros,none,none,none,regime,competitive,5288,0.0004254916792738275,3.9991490166414523,0.0,15.99659606656581,,,150000,comm,private,
<SOURCE_VECSTRAIGHT_REPO>/remote-results/phase3_vecstraight_clean_msgsource_learned_15seeds_remote_20260410/train/cond1_seed1414.pt,cond1,1414,1,9001,greedy,zeros,none,none,none,regime,cooperative,5917,0.9882964340037181,19.81274294405949,0.9531857360148724,79.25097177623796,,,150000,comm,private,
<SOURCE_VECSTRAIGHT_REPO>/remote-results/phase3_vecstraight_clean_msgsource_learned_15seeds_remote_20260410/train/cond1_seed1414.pt,cond1,1414,1,9001,greedy,zeros,none,none,none,regime,mixed,18795,0.43511572226656026,7.836605480180899,0.19287044426709232,31.346421920723596,,,150000,comm,private,
<SOURCE_VECSTRAIGHT_REPO>/remote-results/phase3_vecstraight_clean_msgsource_learned_15seeds_remote_20260410/train/cond1_seed1414.pt,cond1,1414,1,9001,greedy,zeros,none,none,none,f_value,0.500,5288,0.0004254916792738275,3.9991490166414523,0.0,15.99659606656581,0.0004325883201153569,0.0003538928210313448,150000,comm,private,
<SOURCE_VECSTRAIGHT_REPO>/remote-results/phase3_vecstraight_clean_msgsource_learned_15seeds_remote_20260410/train/cond1_seed1414.pt,cond1,1414,1,9001,greedy,zeros,none,none,none,f_value,1.500,5824,0.012362637362637362,4.024725274725275,0.0,16.0989010989011,0.012469658750178478,0.01157068759143503,150000,comm,private,
<SOURCE_VECSTRAIGHT_REPO>/remote-results/phase3_vecstraight_clean_msgsource_learned_15seeds_remote_20260410/train/cond1_seed1414.pt,cond1,1414,1,9001,greedy,zeros,none,none,none,f_value,2.500,6298,0.3610273102572245,6.166163861543347,0.03127977135598603,24.664655446173388,0.3524004959172331,0.3591643912798509,150000,comm,private,
<SOURCE_VECSTRAIGHT_REPO>/remote-results/phase3_vecstraight_clean_msgsource_learned_15seeds_remote_20260410/train/cond1_seed1414.pt,cond1,1414,1,9001,greedy,zeros,none,none,none,f_value,3.500,6673,0.8740071931664918,12.740071931664918,0.5137119736250562,50.96028772665967,0.8573462168924165,0.8792561029031102,150000,comm,private,
<SOURCE_VECSTRAIGHT_REPO>/remote-results/phase3_vecstraight_clean_msgsource_learned_15seeds_remote_20260410/train/cond1_seed1414.pt,cond1,1414,1,9001,greedy,zeros,none,none,none,f_value,5.000,5917,0.9882964340037181,19.81274294405949,0.9531857360148724,79.25097177623796,0.9882538196365493,0.987750556792873,150000,comm,private,
<SOURCE_VECSTRAIGHT_REPO>/remote-results/phase3_vecstraight_clean_msgsource_learned_15seeds_remote_20260410/train/cond1_seed1515.pt,cond1,1515,1,9001,greedy,fixed0,none,none,none,regime,competitive,5288,0.0,4.0,0.0,16.0,,,150000,comm,private,
<SOURCE_VECSTRAIGHT_REPO>/remote-results/phase3_vecstraight_clean_msgsource_learned_15seeds_remote_20260410/train/cond1_seed1515.pt,cond1,1515,1,9001,greedy,fixed0,none,none,none,regime,cooperative,5917,0.714973804292716,15.439580868683455,0.19063714720297448,61.75832347473382,,,150000,comm,private,
<SOURCE_VECSTRAIGHT_REPO>/remote-results/phase3_vecstraight_clean_msgsource_learned_15seeds_remote_20260410/train/cond1_seed1515.pt,cond1,1515,1,9001,greedy,fixed0,none,none,none,regime,mixed,18795,0.17410215482841182,5.439984038308061,0.0,21.759936153232243,,,150000,comm,private,
<SOURCE_VECSTRAIGHT_REPO>/remote-results/phase3_vecstraight_clean_msgsource_learned_15seeds_remote_20260410/train/cond1_seed1515.pt,cond1,1515,1,9001,greedy,fixed0,none,none,none,f_value,0.500,5288,0.0,4.0,0.0,16.0,0.0,,150000,comm,private,
<SOURCE_VECSTRAIGHT_REPO>/remote-results/phase3_vecstraight_clean_msgsource_learned_15seeds_remote_20260410/train/cond1_seed1515.pt,cond1,1515,1,9001,greedy,fixed0,none,none,none,f_value,1.500,5824,0.019874656593406592,4.039749313186813,0.0,16.158997252747252,0.019874656593406592,,150000,comm,private,
<SOURCE_VECSTRAIGHT_REPO>/remote-results/phase3_vecstraight_clean_msgsource_learned_15seeds_remote_20260410/train/cond1_seed1515.pt,cond1,1515,1,9001,greedy,fixed0,none,none,none,f_value,2.500,6298,0.18783740870117496,5.12702445220705,0.0,20.5080978088282,0.18783740870117496,,150000,comm,private,
<SOURCE_VECSTRAIGHT_REPO>/remote-results/phase3_vecstraight_clean_msgsource_learned_15seeds_remote_20260410/train/cond1_seed1515.pt,cond1,1515,1,9001,greedy,fixed0,none,none,none,f_value,3.500,6673,0.29574404315899894,6.95744043158999,0.0,27.82976172635996,0.29574404315899894,,150000,comm,private,
<SOURCE_VECSTRAIGHT_REPO>/remote-results/phase3_vecstraight_clean_msgsource_learned_15seeds_remote_20260410/train/cond1_seed1515.pt,cond1,1515,1,9001,greedy,fixed0,none,none,none,f_value,5.000,5917,0.714973804292716,15.439580868683455,0.19063714720297448,61.75832347473382,0.714973804292716,,150000,comm,private,
<SOURCE_VECSTRAIGHT_REPO>/remote-results/phase3_vecstraight_clean_msgsource_learned_15seeds_remote_20260410/train/cond1_seed1515.pt,cond1,1515,1,9001,greedy,fixed1,none,none,none,regime,competitive,5288,0.00014183055975794251,3.999716338880484,0.0,15.998865355521936,,,150000,comm,private,
<SOURCE_VECSTRAIGHT_REPO>/remote-results/phase3_vecstraight_clean_msgsource_learned_15seeds_remote_20260410/train/cond1_seed1515.pt,cond1,1515,1,9001,greedy,fixed1,none,none,none,regime,cooperative,5917,0.8014618894710157,16.82339023153625,0.20635457157343248,67.293560926145,,,150000,comm,private,
<SOURCE_VECSTRAIGHT_REPO>/remote-results/phase3_vecstraight_clean_msgsource_learned_15seeds_remote_20260410/train/cond1_seed1515.pt,cond1,1515,1,9001,greedy,fixed1,none,none,none,regime,mixed,18795,0.3463421122639,7.16073423782921,0.09018355945730247,28.64293695131684,,,150000,comm,private,
<SOURCE_VECSTRAIGHT_REPO>/remote-results/phase3_vecstraight_clean_msgsource_learned_15seeds_remote_20260410/train/cond1_seed1515.pt,cond1,1515,1,9001,greedy,fixed1,none,none,none,f_value,0.500,5288,0.00014183055975794251,3.999716338880484,0.0,15.998865355521936,,0.00014183055975794251,150000,comm,private,
<SOURCE_VECSTRAIGHT_REPO>/remote-results/phase3_vecstraight_clean_msgsource_learned_15seeds_remote_20260410/train/cond1_seed1515.pt,cond1,1515,1,9001,greedy,fixed1,none,none,none,f_value,1.500,5824,0.00596668956043956,4.0119333791208796,0.0,16.047733516483518,,0.00596668956043956,150000,comm,private,
<SOURCE_VECSTRAIGHT_REPO>/remote-results/phase3_vecstraight_clean_msgsource_learned_15seeds_remote_20260410/train/cond1_seed1515.pt,cond1,1515,1,9001,greedy,fixed1,none,none,none,f_value,2.500,6298,0.21479040965385837,5.28874245792315,0.0011114639568116863,21.1549698316926,,0.21479040965385837,150000,comm,private,
<SOURCE_VECSTRAIGHT_REPO>/remote-results/phase3_vecstraight_clean_msgsource_learned_15seeds_remote_20260410/train/cond1_seed1515.pt,cond1,1515,1,9001,greedy,fixed1,none,none,none,f_value,3.500,6673,0.767570807732654,11.67570807732654,0.2529596882961187,46.70283230930616,,0.767570807732654,150000,comm,private,
<SOURCE_VECSTRAIGHT_REPO>/remote-results/phase3_vecstraight_clean_msgsource_learned_15seeds_remote_20260410/train/cond1_seed1515.pt,cond1,1515,1,9001,greedy,fixed1,none,none,none,f_value,5.000,5917,0.8014618894710157,16.82339023153625,0.20635457157343248,67.293560926145,,0.8014618894710157,150000,comm,private,
<SOURCE_VECSTRAIGHT_REPO>/remote-results/phase3_vecstraight_clean_msgsource_learned_15seeds_remote_20260410/train/cond1_seed1515.pt,cond1,1515,1,9001,greedy,indep_random,none,none,none,regime,competitive,5444,0.0004132990448199853,3.99917340191036,0.0,15.99669360764144,,,150000,comm,private,
<SOURCE_VECSTRAIGHT_REPO>/remote-results/phase3_vecstraight_clean_msgsource_learned_15seeds_remote_20260410/train/cond1_seed1515.pt,cond1,1515,1,9001,greedy,indep_random,none,none,none,regime,cooperative,5829,0.7959770114942529,16.735632183908045,0.36181163149768397,66.94252873563218,,,150000,comm,private,
<SOURCE_VECSTRAIGHT_REPO>/remote-results/phase3_vecstraight_clean_msgsource_learned_15seeds_remote_20260410/train/cond1_seed1515.pt,cond1,1515,1,9001,greedy,indep_random,none,none,none,regime,mixed,18727,0.29335985475516635,6.587467293213008,0.046456987237678216,26.34986917285203,,,150000,comm,private,
<SOURCE_VECSTRAIGHT_REPO>/remote-results/phase3_vecstraight_clean_msgsource_learned_15seeds_remote_20260410/train/cond1_seed1515.pt,cond1,1515,1,9001,greedy,indep_random,none,none,none,f_value,0.500,5444,0.0004132990448199853,3.99917340191036,0.0,15.99669360764144,0.00021149473906836568,0.00036875098772585997,150000,comm,private,
<SOURCE_VECSTRAIGHT_REPO>/remote-results/phase3_vecstraight_clean_msgsource_learned_15seeds_remote_20260410/train/cond1_seed1515.pt,cond1,1515,1,9001,greedy,indep_random,none,none,none,f_value,1.500,5205,0.017867435158501442,4.035734870317003,0.0,16.142939481268012,0.01553376666299438,0.018850296768520555,150000,comm,private,
<SOURCE_VECSTRAIGHT_REPO>/remote-results/phase3_vecstraight_clean_msgsource_learned_15seeds_remote_20260410/train/cond1_seed1515.pt,cond1,1515,1,9001,greedy,indep_random,none,none,none,f_value,2.500,7182,0.19973544973544974,5.198412698412699,0.0018100807574491784,20.793650793650794,0.19466517589745638,0.21036524780414134,150000,comm,private,
<SOURCE_VECSTRAIGHT_REPO>/remote-results/phase3_vecstraight_clean_msgsource_learned_15seeds_remote_20260410/train/cond1_seed1515.pt,cond1,1515,1,9001,greedy,indep_random,none,none,none,f_value,3.500,6340,0.6255914826498423,10.255914826498422,0.13517350157728705,41.02365930599369,0.6151480895319918,0.6357191239557463,150000,comm,private,
<SOURCE_VECSTRAIGHT_REPO>/remote-results/phase3_vecstraight_clean_msgsource_learned_15seeds_remote_20260410/train/cond1_seed1515.pt,cond1,1515,1,9001,greedy,indep_random,none,none,none,f_value,5.000,5829,0.7959770114942529,16.735632183908045,0.36181163149768397,66.94252873563218,0.8012167375605895,0.7979945482866043,150000,comm,private,
<SOURCE_VECSTRAIGHT_REPO>/remote-results/phase3_vecstraight_clean_msgsource_learned_15seeds_remote_20260410/train/cond1_seed1515.pt,cond1,1515,1,9001,greedy,marginal,none,none,none,regime,competitive,5980,0.00025083612040133777,3.999498327759197,0.0,15.997993311036788,,,150000,comm,private,
<SOURCE_VECSTRAIGHT_REPO>/remote-results/phase3_vecstraight_clean_msgsource_learned_15seeds_remote_20260410/train/cond1_seed1515.pt,cond1,1515,1,9001,greedy,marginal,none,none,none,regime,cooperative,5921,0.7839891910150313,16.5438270562405,0.3315318358385408,66.175308224962,,,150000,comm,private,
<SOURCE_VECSTRAIGHT_REPO>/remote-results/phase3_vecstraight_clean_msgsource_learned_15seeds_remote_20260410/train/cond1_seed1515.pt,cond1,1515,1,9001,greedy,marginal,none,none,none,regime,mixed,18099,0.28505718547986075,6.5688435825183715,0.049505497541300625,26.275374330073486,,,150000,comm,private,
<SOURCE_VECSTRAIGHT_REPO>/remote-results/phase3_vecstraight_clean_msgsource_learned_15seeds_remote_20260410/train/cond1_seed1515.pt,cond1,1515,1,9001,greedy,marginal,none,none,none,f_value,0.500,5980,0.00025083612040133777,3.999498327759197,0.0,15.997993311036788,0.0001906486821409847,0.0002827654460624912,150000,comm,private,
<SOURCE_VECSTRAIGHT_REPO>/remote-results/phase3_vecstraight_clean_msgsource_learned_15seeds_remote_20260410/train/cond1_seed1515.pt,cond1,1515,1,9001,greedy,marginal,none,none,none,f_value,1.500,5804,0.015937284631288767,4.031874569262578,0.0,16.12749827705031,0.012721158064044452,0.016644765659220323,150000,comm,private,
<SOURCE_VECSTRAIGHT_REPO>/remote-results/phase3_vecstraight_clean_msgsource_learned_15seeds_remote_20260410/train/cond1_seed1515.pt,cond1,1515,1,9001,greedy,marginal,none,none,none,f_value,2.500,5884,0.18520564242012236,5.1112338545207345,0.0013596193065941536,20.444935418082938,0.17957302280446386,0.1941710279925097,150000,comm,private,
<SOURCE_VECSTRAIGHT_REPO>/remote-results/phase3_vecstraight_clean_msgsource_learned_15seeds_remote_20260410/train/cond1_seed1515.pt,cond1,1515,1,9001,greedy,marginal,none,none,none,f_value,3.500,6411,0.6203400405552956,10.203400405552955,0.13851193261581657,40.81360162221182,0.6160619469026549,0.6269059088699341,150000,comm,private,
<SOURCE_VECSTRAIGHT_REPO>/remote-results/phase3_vecstraight_clean_msgsource_learned_15seeds_remote_20260410/train/cond1_seed1515.pt,cond1,1515,1,9001,greedy,marginal,none,none,none,f_value,5.000,5921,0.7839891910150313,16.5438270562405,0.3315318358385408,66.175308224962,0.7972542872072585,0.7857489328676756,150000,comm,private,
<SOURCE_VECSTRAIGHT_REPO>/remote-results/phase3_vecstraight_clean_msgsource_learned_15seeds_remote_20260410/train/cond1_seed1515.pt,cond1,1515,1,9001,greedy,none,none,none,none,regime,competitive,5288,0.00028366111951588503,3.9994326777609683,0.0,15.997730711043873,,,150000,comm,private,
<SOURCE_VECSTRAIGHT_REPO>/remote-results/phase3_vecstraight_clean_msgsource_learned_15seeds_remote_20260410/train/cond1_seed1515.pt,cond1,1515,1,9001,greedy,none,none,none,none,regime,cooperative,5917,0.8536842994760858,17.658948791617373,0.4522562109176948,70.63579516646949,,,150000,comm,private,
<SOURCE_VECSTRAIGHT_REPO>/remote-results/phase3_vecstraight_clean_msgsource_learned_15seeds_remote_20260410/train/cond1_seed1515.pt,cond1,1515,1,9001,greedy,none,none,none,none,regime,mixed,18795,0.33861399308326684,7.147246608140463,0.1378026070763501,28.588986432561853,,,150000,comm,private,
<SOURCE_VECSTRAIGHT_REPO>/remote-results/phase3_vecstraight_clean_msgsource_learned_15seeds_remote_20260410/train/cond1_seed1515.pt,cond1,1515,1,9001,greedy,none,none,none,none,f_value,0.500,5288,0.00028366111951588503,3.9994326777609683,0.0,15.997730711043873,4.926593753079121e-05,0.00028368794326241134,150000,comm,private,
<SOURCE_VECSTRAIGHT_REPO>/remote-results/phase3_vecstraight_clean_msgsource_learned_15seeds_remote_20260410/train/cond1_seed1515.pt,cond1,1515,1,9001,greedy,none,none,none,none,f_value,1.500,5824,0.00626717032967033,4.01253434065934,0.0,16.05013736263736,0.003775222390974181,0.00628551747890477,150000,comm,private,
<SOURCE_VECSTRAIGHT_REPO>/remote-results/phase3_vecstraight_clean_msgsource_learned_15seeds_remote_20260410/train/cond1_seed1515.pt,cond1,1515,1,9001,greedy,none,none,none,none,f_value,2.500,6298,0.16664020323912354,4.9998412194347415,0.00825658939345824,19.999364877738966,0.1434951543030682,0.1720718081767586,150000,comm,private,
<SOURCE_VECSTRAIGHT_REPO>/remote-results/phase3_vecstraight_clean_msgsource_learned_15seeds_remote_20260410/train/cond1_seed1515.pt,cond1,1515,1,9001,greedy,none,none,none,none,f_value,3.500,6673,0.790986063239922,11.909860632399221,0.38033867825565715,47.639442529596884,0.8011210211930284,0.7936434108527132,150000,comm,private,
<SOURCE_VECSTRAIGHT_REPO>/remote-results/phase3_vecstraight_clean_msgsource_learned_15seeds_remote_20260410/train/cond1_seed1515.pt,cond1,1515,1,9001,greedy,none,none,none,none,f_value,5.000,5917,0.8536842994760858,17.658948791617373,0.4522562109176948,70.63579516646949,0.8529925452609158,0.8523847455939461,150000,comm,private,
<SOURCE_VECSTRAIGHT_REPO>/remote-results/phase3_vecstraight_clean_msgsource_learned_15seeds_remote_20260410/train/cond1_seed1515.pt,cond1,1515,1,9001,greedy,permute_slots,none,none,none,regime,competitive,5862,0.00025588536335721597,3.9994882292732856,0.0,15.997952917093142,,,150000,comm,private,
<SOURCE_VECSTRAIGHT_REPO>/remote-results/phase3_vecstraight_clean_msgsource_learned_15seeds_remote_20260410/train/cond1_seed1515.pt,cond1,1515,1,9001,greedy,permute_slots,none,none,none,regime,cooperative,6068,0.7802406064601186,16.483849703361898,0.3210283454185893,65.93539881344759,,,150000,comm,private,
<SOURCE_VECSTRAIGHT_REPO>/remote-results/phase3_vecstraight_clean_msgsource_learned_15seeds_remote_20260410/train/cond1_seed1515.pt,cond1,1515,1,9001,greedy,permute_slots,none,none,none,regime,mixed,18070,0.30078859988931933,6.698478140564472,0.04587714443829552,26.793912562257887,,,150000,comm,private,
<SOURCE_VECSTRAIGHT_REPO>/remote-results/phase3_vecstraight_clean_msgsource_learned_15seeds_remote_20260410/train/cond1_seed1515.pt,cond1,1515,1,9001,greedy,permute_slots,none,none,none,f_value,0.500,5862,0.00025588536335721597,3.9994882292732856,0.0,15.997952917093142,0.0002655807365439094,0.0002559399394275477,150000,comm,private,
<SOURCE_VECSTRAIGHT_REPO>/remote-results/phase3_vecstraight_clean_msgsource_learned_15seeds_remote_20260410/train/cond1_seed1515.pt,cond1,1515,1,9001,greedy,permute_slots,none,none,none,f_value,1.500,5576,0.015826757532281206,4.031653515064562,0.0,16.126614060258248,0.015002045733509115,0.015854480125757915,150000,comm,private,
<SOURCE_VECSTRAIGHT_REPO>/remote-results/phase3_vecstraight_clean_msgsource_learned_15seeds_remote_20260410/train/cond1_seed1515.pt,cond1,1515,1,9001,greedy,permute_slots,none,none,none,f_value,2.500,6045,0.2020264681555004,5.212158808933003,0.0004962779156327543,20.84863523573201,0.19564314395163152,0.20658539759663355,150000,comm,private,
<SOURCE_VECSTRAIGHT_REPO>/remote-results/phase3_vecstraight_clean_msgsource_learned_15seeds_remote_20260410/train/cond1_seed1515.pt,cond1,1515,1,9001,greedy,permute_slots,none,none,none,f_value,3.500,6449,0.639750348891301,10.39750348891301,0.12808187315862923,41.59001395565204,0.6406139511667568,0.6440091227498574,150000,comm,private,
<SOURCE_VECSTRAIGHT_REPO>/remote-results/phase3_vecstraight_clean_msgsource_learned_15seeds_remote_20260410/train/cond1_seed1515.pt,cond1,1515,1,9001,greedy,permute_slots,none,none,none,f_value,5.000,6068,0.7802406064601186,16.483849703361898,0.3210283454185893,65.93539881344759,0.7807671483903211,0.7668952947383567,150000,comm,private,
<SOURCE_VECSTRAIGHT_REPO>/remote-results/phase3_vecstraight_clean_msgsource_learned_15seeds_remote_20260410/train/cond1_seed1515.pt,cond1,1515,1,9001,greedy,public_marginal,none,none,none,regime,competitive,6381,0.00011753643629525152,3.9997649271274094,0.0,15.999059708509638,,,150000,comm,private,
<SOURCE_VECSTRAIGHT_REPO>/remote-results/phase3_vecstraight_clean_msgsource_learned_15seeds_remote_20260410/train/cond1_seed1515.pt,cond1,1515,1,9001,greedy,public_marginal,none,none,none,regime,cooperative,5877,0.7341755997958141,15.746809596733026,0.19618853156372298,62.987238386932106,,,150000,comm,private,
<SOURCE_VECSTRAIGHT_REPO>/remote-results/phase3_vecstraight_clean_msgsource_learned_15seeds_remote_20260410/train/cond1_seed1515.pt,cond1,1515,1,9001,greedy,public_marginal,none,none,none,regime,mixed,17742,0.2595113290497125,6.290694397474918,0.04847255100890542,25.162777589899672,,,150000,comm,private,
<SOURCE_VECSTRAIGHT_REPO>/remote-results/phase3_vecstraight_clean_msgsource_learned_15seeds_remote_20260410/train/cond1_seed1515.pt,cond1,1515,1,9001,greedy,public_marginal,none,none,none,f_value,0.500,6381,0.00011753643629525152,3.9997649271274094,0.0,15.999059708509638,0.0001593879502709595,7.706535141800247e-05,150000,comm,private,
<SOURCE_VECSTRAIGHT_REPO>/remote-results/phase3_vecstraight_clean_msgsource_learned_15seeds_remote_20260410/train/cond1_seed1515.pt,cond1,1515,1,9001,greedy,public_marginal,none,none,none,f_value,1.500,5647,0.013015760580839383,4.026031521161679,0.0,16.104126084646715,0.02104524728165556,0.004828326180257511,150000,comm,private,
<SOURCE_VECSTRAIGHT_REPO>/remote-results/phase3_vecstraight_clean_msgsource_learned_15seeds_remote_20260410/train/cond1_seed1515.pt,cond1,1515,1,9001,greedy,public_marginal,none,none,none,f_value,2.500,6241,0.19279762858516264,5.156785771510976,0.0,20.627143086043905,0.18801996672212978,0.19723423980222496,150000,comm,private,
<SOURCE_VECSTRAIGHT_REPO>/remote-results/phase3_vecstraight_clean_msgsource_learned_15seeds_remote_20260410/train/cond1_seed1515.pt,cond1,1515,1,9001,greedy,public_marginal,none,none,none,f_value,3.500,5854,0.5684147591390503,9.684147591390502,0.14690809702767338,38.73659036556201,0.36349480968858133,0.7682186234817814,150000,comm,private,
<SOURCE_VECSTRAIGHT_REPO>/remote-results/phase3_vecstraight_clean_msgsource_learned_15seeds_remote_20260410/train/cond1_seed1515.pt,cond1,1515,1,9001,greedy,public_marginal,none,none,none,f_value,5.000,5877,0.7341755997958141,15.746809596733026,0.19618853156372298,62.987238386932106,0.660495867768595,0.8123246844319776,150000,comm,private,
<SOURCE_VECSTRAIGHT_REPO>/remote-results/phase3_vecstraight_clean_msgsource_learned_15seeds_remote_20260410/train/cond1_seed1515.pt,cond1,1515,1,9001,greedy,public_random,none,none,none,regime,competitive,5929,0.00016866250632484398,3.9996626749873503,0.0,15.998650699949401,,,150000,comm,private,
<SOURCE_VECSTRAIGHT_REPO>/remote-results/phase3_vecstraight_clean_msgsource_learned_15seeds_remote_20260410/train/cond1_seed1515.pt,cond1,1515,1,9001,greedy,public_random,none,none,none,regime,cooperative,5836,0.7352638793694312,15.764222069910899,0.18437285812200138,63.056888279643594,,,150000,comm,private,
<SOURCE_VECSTRAIGHT_REPO>/remote-results/phase3_vecstraight_clean_msgsource_learned_15seeds_remote_20260410/train/cond1_seed1515.pt,cond1,1515,1,9001,greedy,public_random,none,none,none,regime,mixed,18235,0.25741705511379215,6.285549766931725,0.04875239923224568,25.1421990677269,,,150000,comm,private,
<SOURCE_VECSTRAIGHT_REPO>/remote-results/phase3_vecstraight_clean_msgsource_learned_15seeds_remote_20260410/train/cond1_seed1515.pt,cond1,1515,1,9001,greedy,public_random,none,none,none,f_value,0.500,5929,0.00016866250632484398,3.9996626749873503,0.0,15.998650699949401,0.0002541511352084039,8.3948959032908e-05,150000,comm,private,
<SOURCE_VECSTRAIGHT_REPO>/remote-results/phase3_vecstraight_clean_msgsource_learned_15seeds_remote_20260410/train/cond1_seed1515.pt,cond1,1515,1,9001,greedy,public_random,none,none,none,f_value,1.500,5872,0.01060115803814714,4.021202316076295,0.0,16.08480926430518,0.017267778155835318,0.003920900102284351,150000,comm,private,
<SOURCE_VECSTRAIGHT_REPO>/remote-results/phase3_vecstraight_clean_msgsource_learned_15seeds_remote_20260410/train/cond1_seed1515.pt,cond1,1515,1,9001,greedy,public_random,none,none,none,f_value,2.500,6262,0.19023474928137976,5.141408495688278,0.00031938677738741617,20.565633982753113,0.18811566571337782,0.19237560192616374,150000,comm,private,
<SOURCE_VECSTRAIGHT_REPO>/remote-results/phase3_vecstraight_clean_msgsource_learned_15seeds_remote_20260410/train/cond1_seed1515.pt,cond1,1515,1,9001,greedy,public_random,none,none,none,f_value,3.500,6101,0.5639239468939519,9.639239468939518,0.14538600229470577,38.55695787575807,0.36188753699440973,0.7647058823529411,150000,comm,private,
<SOURCE_VECSTRAIGHT_REPO>/remote-results/phase3_vecstraight_clean_msgsource_learned_15seeds_remote_20260410/train/cond1_seed1515.pt,cond1,1515,1,9001,greedy,public_random,none,none,none,f_value,5.000,5836,0.7352638793694312,15.764222069910899,0.18437285812200138,63.056888279643594,0.6668080054274084,0.8051419667590027,150000,comm,private,
<SOURCE_VECSTRAIGHT_REPO>/remote-results/phase3_vecstraight_clean_msgsource_learned_15seeds_remote_20260410/train/cond1_seed1515.pt,cond1,1515,1,9001,greedy,sender_shuffle,none,none,none,regime,competitive,5288,0.00028366111951588503,3.9994326777609683,0.0,15.997730711043873,,,150000,comm,private,
<SOURCE_VECSTRAIGHT_REPO>/remote-results/phase3_vecstraight_clean_msgsource_learned_15seeds_remote_20260410/train/cond1_seed1515.pt,cond1,1515,1,9001,greedy,sender_shuffle,none,none,none,regime,cooperative,5917,0.7374514111881021,15.799222579009633,0.22308602332262972,63.196890316038534,,,150000,comm,private,
<SOURCE_VECSTRAIGHT_REPO>/remote-results/phase3_vecstraight_clean_msgsource_learned_15seeds_remote_20260410/train/cond1_seed1515.pt,cond1,1515,1,9001,greedy,sender_shuffle,none,none,none,regime,mixed,18795,0.2507847831870178,6.272625698324022,0.02192072359670125,25.09050279329609,,,150000,comm,private,
<SOURCE_VECSTRAIGHT_REPO>/remote-results/phase3_vecstraight_clean_msgsource_learned_15seeds_remote_20260410/train/cond1_seed1515.pt,cond1,1515,1,9001,greedy,sender_shuffle,none,none,none,f_value,0.500,5288,0.00028366111951588503,3.9994326777609683,0.0,15.997730711043873,0.0002649848958609359,0.0003147458427319939,150000,comm,private,
<SOURCE_VECSTRAIGHT_REPO>/remote-results/phase3_vecstraight_clean_msgsource_learned_15seeds_remote_20260410/train/cond1_seed1515.pt,cond1,1515,1,9001,greedy,sender_shuffle,none,none,none,f_value,1.500,5824,0.010559752747252748,4.0211195054945055,0.0,16.084478021978022,0.008180643926709084,0.010776378179031564,150000,comm,private,
<SOURCE_VECSTRAIGHT_REPO>/remote-results/phase3_vecstraight_clean_msgsource_learned_15seeds_remote_20260410/train/cond1_seed1515.pt,cond1,1515,1,9001,greedy,sender_shuffle,none,none,none,f_value,2.500,6298,0.1559622102254684,4.935773261352811,0.00015878056525881233,19.743093045411243,0.1546428412677246,0.16162508279973503,150000,comm,private,
<SOURCE_VECSTRAIGHT_REPO>/remote-results/phase3_vecstraight_clean_msgsource_learned_15seeds_remote_20260410/train/cond1_seed1515.pt,cond1,1515,1,9001,greedy,sender_shuffle,none,none,none,f_value,3.500,6673,0.5499400569459014,9.499400569459015,0.061591488086318,37.99760227783606,0.5579022207352264,0.5445056538126993,150000,comm,private,
<SOURCE_VECSTRAIGHT_REPO>/remote-results/phase3_vecstraight_clean_msgsource_learned_15seeds_remote_20260410/train/cond1_seed1515.pt,cond1,1515,1,9001,greedy,sender_shuffle,none,none,none,f_value,5.000,5917,0.7374514111881021,15.799222579009633,0.22308602332262972,63.196890316038534,0.7633063757758134,0.7280776113779787,150000,comm,private,
<SOURCE_VECSTRAIGHT_REPO>/remote-results/phase3_vecstraight_clean_msgsource_learned_15seeds_remote_20260410/train/cond1_seed1515.pt,cond1,1515,1,9001,greedy,zeros,none,none,none,regime,competitive,5288,4.7276853252647505e-05,3.9999054462934946,0.0,15.999621785173979,,,150000,comm,private,
<SOURCE_VECSTRAIGHT_REPO>/remote-results/phase3_vecstraight_clean_msgsource_learned_15seeds_remote_20260410/train/cond1_seed1515.pt,cond1,1515,1,9001,greedy,zeros,none,none,none,regime,cooperative,5917,0.6065151259083995,13.704242014534392,0.002028054757478452,54.81696805813757,,,150000,comm,private,
<SOURCE_VECSTRAIGHT_REPO>/remote-results/phase3_vecstraight_clean_msgsource_learned_15seeds_remote_20260410/train/cond1_seed1515.pt,cond1,1515,1,9001,greedy,zeros,none,none,none,regime,mixed,18795,0.2948656557595105,6.584676775738228,0.022133546155892525,26.338707102952913,,,150000,comm,private,
<SOURCE_VECSTRAIGHT_REPO>/remote-results/phase3_vecstraight_clean_msgsource_learned_15seeds_remote_20260410/train/cond1_seed1515.pt,cond1,1515,1,9001,greedy,zeros,none,none,none,f_value,0.500,5288,4.7276853252647505e-05,3.9999054462934946,0.0,15.999621785173979,4.922713399625874e-05,4.7296977723123494e-05,150000,comm,private,
<SOURCE_VECSTRAIGHT_REPO>/remote-results/phase3_vecstraight_clean_msgsource_learned_15seeds_remote_20260410/train/cond1_seed1515.pt,cond1,1515,1,9001,greedy,zeros,none,none,none,f_value,1.500,5824,0.004378434065934066,4.008756868131868,0.0,16.03502747252747,0.0042762731631463,0.004391440995393292,150000,comm,private,
<SOURCE_VECSTRAIGHT_REPO>/remote-results/phase3_vecstraight_clean_msgsource_learned_15seeds_remote_20260410/train/cond1_seed1515.pt,cond1,1515,1,9001,greedy,zeros,none,none,none,f_value,2.500,6298,0.2634566529056843,5.580739917434106,0.0007939028262940616,22.322959669736424,0.26008478650408634,0.25708315921437525,150000,comm,private,
<SOURCE_VECSTRAIGHT_REPO>/remote-results/phase3_vecstraight_clean_msgsource_learned_15seeds_remote_20260410/train/cond1_seed1515.pt,cond1,1515,1,9001,greedy,zeros,none,none,none,f_value,3.500,6673,0.5780383635546231,9.780383635546231,0.061591488086318,39.121534542184925,0.5926047523289695,0.5685796158612144,150000,comm,private,
<SOURCE_VECSTRAIGHT_REPO>/remote-results/phase3_vecstraight_clean_msgsource_learned_15seeds_remote_20260410/train/cond1_seed1515.pt,cond1,1515,1,9001,greedy,zeros,none,none,none,f_value,5.000,5917,0.6065151259083995,13.704242014534392,0.002028054757478452,54.81696805813757,0.6035874439461884,0.6819318837791033,150000,comm,private,
<SOURCE_VECSTRAIGHT_REPO>/remote-results/phase3_vecstraight_clean_msgsource_learned_15seeds_remote_20260410/train/cond1_seed1616.pt,cond1,1616,1,9001,greedy,fixed0,none,none,none,regime,competitive,5288,0.0,4.0,0.0,16.0,,,150000,comm,private,
<SOURCE_VECSTRAIGHT_REPO>/remote-results/phase3_vecstraight_clean_msgsource_learned_15seeds_remote_20260410/train/cond1_seed1616.pt,cond1,1616,1,9001,greedy,fixed0,none,none,none,regime,cooperative,5917,0.7963917525773195,16.742268041237114,0.37299307081291194,66.96907216494846,,,150000,comm,private,
<SOURCE_VECSTRAIGHT_REPO>/remote-results/phase3_vecstraight_clean_msgsource_learned_15seeds_remote_20260410/train/cond1_seed1616.pt,cond1,1616,1,9001,greedy,fixed0,none,none,none,regime,mixed,18795,0.07656291566906093,4.757382282521947,0.00021282255919127428,19.029529130087788,,,150000,comm,private,
<SOURCE_VECSTRAIGHT_REPO>/remote-results/phase3_vecstraight_clean_msgsource_learned_15seeds_remote_20260410/train/cond1_seed1616.pt,cond1,1616,1,9001,greedy,fixed0,none,none,none,f_value,0.500,5288,0.0,4.0,0.0,16.0,0.0,,150000,comm,private,
<SOURCE_VECSTRAIGHT_REPO>/remote-results/phase3_vecstraight_clean_msgsource_learned_15seeds_remote_20260410/train/cond1_seed1616.pt,cond1,1616,1,9001,greedy,fixed0,none,none,none,f_value,1.500,5824,0.00021462912087912088,4.000429258241758,0.0,16.001717032967033,0.00021462912087912088,,150000,comm,private,
<SOURCE_VECSTRAIGHT_REPO>/remote-results/phase3_vecstraight_clean_msgsource_learned_15seeds_remote_20260410/train/cond1_seed1616.pt,cond1,1616,1,9001,greedy,fixed0,none,none,none,f_value,2.500,6298,0.005755795490631947,4.0345347729437915,0.0,16.138139091775166,0.005755795490631947,,150000,comm,private,
<SOURCE_VECSTRAIGHT_REPO>/remote-results/phase3_vecstraight_clean_msgsource_learned_15seeds_remote_20260410/train/cond1_seed1616.pt,cond1,1616,1,9001,greedy,fixed0,none,none,none,f_value,3.500,6673,0.2100254757979919,6.100254757979919,0.0005994305409860632,24.401019031919677,0.2100254757979919,,150000,comm,private,
<SOURCE_VECSTRAIGHT_REPO>/remote-results/phase3_vecstraight_clean_msgsource_learned_15seeds_remote_20260410/train/cond1_seed1616.pt,cond1,1616,1,9001,greedy,fixed0,none,none,none,f_value,5.000,5917,0.7963917525773195,16.742268041237114,0.37299307081291194,66.96907216494846,0.7963917525773195,,150000,comm,private,
<SOURCE_VECSTRAIGHT_REPO>/remote-results/phase3_vecstraight_clean_msgsource_learned_15seeds_remote_20260410/train/cond1_seed1616.pt,cond1,1616,1,9001,greedy,fixed1,none,none,none,regime,competitive,5288,0.0,4.0,0.0,16.0,,,150000,comm,private,
<SOURCE_VECSTRAIGHT_REPO>/remote-results/phase3_vecstraight_clean_msgsource_learned_15seeds_remote_20260410/train/cond1_seed1616.pt,cond1,1616,1,9001,greedy,fixed1,none,none,none,regime,cooperative,5917,0.7784350177454791,16.454960283927665,0.12726043603177287,65.81984113571066,,,150000,comm,private,
<SOURCE_VECSTRAIGHT_REPO>/remote-results/phase3_vecstraight_clean_msgsource_learned_15seeds_remote_20260410/train/cond1_seed1616.pt,cond1,1616,1,9001,greedy,fixed1,none,none,none,regime,mixed,18795,0.20837988826815643,6.051290236765097,0.0,24.20516094706039,,,150000,comm,private,
<SOURCE_VECSTRAIGHT_REPO>/remote-results/phase3_vecstraight_clean_msgsource_learned_15seeds_remote_20260410/train/cond1_seed1616.pt,cond1,1616,1,9001,greedy,fixed1,none,none,none,f_value,0.500,5288,0.0,4.0,0.0,16.0,,0.0,150000,comm,private,
<SOURCE_VECSTRAIGHT_REPO>/remote-results/phase3_vecstraight_clean_msgsource_learned_15seeds_remote_20260410/train/cond1_seed1616.pt,cond1,1616,1,9001,greedy,fixed1,none,none,none,f_value,1.500,5824,0.00030048076923076925,4.000600961538462,0.0,16.002403846153847,,0.00030048076923076925,150000,comm,private,
<SOURCE_VECSTRAIGHT_REPO>/remote-results/phase3_vecstraight_clean_msgsource_learned_15seeds_remote_20260410/train/cond1_seed1616.pt,cond1,1616,1,9001,greedy,fixed1,none,none,none,f_value,2.500,6298,0.02369799936487774,4.142187996189266,0.0,16.568751984757064,,0.02369799936487774,150000,comm,private,
<SOURCE_VECSTRAIGHT_REPO>/remote-results/phase3_vecstraight_clean_msgsource_learned_15seeds_remote_20260410/train/cond1_seed1616.pt,cond1,1616,1,9001,greedy,fixed1,none,none,none,f_value,3.500,6673,0.5642889255207553,9.642889255207553,0.0,38.57155702083021,,0.5642889255207553,150000,comm,private,
<SOURCE_VECSTRAIGHT_REPO>/remote-results/phase3_vecstraight_clean_msgsource_learned_15seeds_remote_20260410/train/cond1_seed1616.pt,cond1,1616,1,9001,greedy,fixed1,none,none,none,f_value,5.000,5917,0.7784350177454791,16.454960283927665,0.12726043603177287,65.81984113571066,,0.7784350177454791,150000,comm,private,
<SOURCE_VECSTRAIGHT_REPO>/remote-results/phase3_vecstraight_clean_msgsource_learned_15seeds_remote_20260410/train/cond1_seed1616.pt,cond1,1616,1,9001,greedy,indep_random,none,none,none,regime,competitive,5444,0.0,4.0,0.0,16.0,,,150000,comm,private,
<SOURCE_VECSTRAIGHT_REPO>/remote-results/phase3_vecstraight_clean_msgsource_learned_15seeds_remote_20260410/train/cond1_seed1616.pt,cond1,1616,1,9001,greedy,indep_random,none,none,none,regime,cooperative,5829,0.8398524618287871,17.437639389260593,0.4764110482072397,69.75055755704237,,,150000,comm,private,
<SOURCE_VECSTRAIGHT_REPO>/remote-results/phase3_vecstraight_clean_msgsource_learned_15seeds_remote_20260410/train/cond1_seed1616.pt,cond1,1616,1,9001,greedy,indep_random,none,none,none,regime,mixed,18727,0.13395097986863885,5.311635606343781,0.0025097452875527315,21.246542425375125,,,150000,comm,private,
<SOURCE_VECSTRAIGHT_REPO>/remote-results/phase3_vecstraight_clean_msgsource_learned_15seeds_remote_20260410/train/cond1_seed1616.pt,cond1,1616,1,9001,greedy,indep_random,none,none,none,f_value,0.500,5444,0.0,4.0,0.0,16.0,0.0,0.0,150000,comm,private,
<SOURCE_VECSTRAIGHT_REPO>/remote-results/phase3_vecstraight_clean_msgsource_learned_15seeds_remote_20260410/train/cond1_seed1616.pt,cond1,1616,1,9001,greedy,indep_random,none,none,none,f_value,1.500,5205,0.0004322766570605187,4.000864553314121,0.0,16.003458213256483,0.0003855899526275201,0.00043965706748735987,150000,comm,private,
<SOURCE_VECSTRAIGHT_REPO>/remote-results/phase3_vecstraight_clean_msgsource_learned_15seeds_remote_20260410/train/cond1_seed1616.pt,cond1,1616,1,9001,greedy,indep_random,none,none,none,f_value,2.500,7182,0.017543859649122806,4.105263157894737,0.0,16.42105263157895,0.016691290979515234,0.01852072652120345,150000,comm,private,
<SOURCE_VECSTRAIGHT_REPO>/remote-results/phase3_vecstraight_clean_msgsource_learned_15seeds_remote_20260410/train/cond1_seed1616.pt,cond1,1616,1,9001,greedy,indep_random,none,none,none,f_value,3.500,6340,0.37543375394321765,7.754337539432177,0.007413249211356467,31.017350157728707,0.3610671489938955,0.3861819823888011,150000,comm,private,
<SOURCE_VECSTRAIGHT_REPO>/remote-results/phase3_vecstraight_clean_msgsource_learned_15seeds_remote_20260410/train/cond1_seed1616.pt,cond1,1616,1,9001,greedy,indep_random,none,none,none,f_value,5.000,5829,0.8398524618287871,17.437639389260593,0.4764110482072397,69.75055755704237,0.841181125729548,0.8608352803738317,150000,comm,private,
<SOURCE_VECSTRAIGHT_REPO>/remote-results/phase3_vecstraight_clean_msgsource_learned_15seeds_remote_20260410/train/cond1_seed1616.pt,cond1,1616,1,9001,greedy,marginal,none,none,none,regime,competitive,5980,0.0,4.0,0.0,16.0,,,150000,comm,private,
<SOURCE_VECSTRAIGHT_REPO>/remote-results/phase3_vecstraight_clean_msgsource_learned_15seeds_remote_20260410/train/cond1_seed1616.pt,cond1,1616,1,9001,greedy,marginal,none,none,none,regime,cooperative,5921,0.8371896639081237,17.395034622529977,0.46529302482688734,69.58013849011991,,,150000,comm,private,
<SOURCE_VECSTRAIGHT_REPO>/remote-results/phase3_vecstraight_clean_msgsource_learned_15seeds_remote_20260410/train/cond1_seed1616.pt,cond1,1616,1,9001,greedy,marginal,none,none,none,regime,mixed,18099,0.1341096193159843,5.3182772528869,0.0022653185258854082,21.2731090115476,,,150000,comm,private,
<SOURCE_VECSTRAIGHT_REPO>/remote-results/phase3_vecstraight_clean_msgsource_learned_15seeds_remote_20260410/train/cond1_seed1616.pt,cond1,1616,1,9001,greedy,marginal,none,none,none,f_value,0.500,5980,0.0,4.0,0.0,16.0,0.0,0.0,150000,comm,private,
<SOURCE_VECSTRAIGHT_REPO>/remote-results/phase3_vecstraight_clean_msgsource_learned_15seeds_remote_20260410/train/cond1_seed1616.pt,cond1,1616,1,9001,greedy,marginal,none,none,none,f_value,1.500,5804,0.0008184011026878015,4.001636802205375,0.0,16.0065472088215,0.0008878089808887435,0.0008875894115804312,150000,comm,private,
<SOURCE_VECSTRAIGHT_REPO>/remote-results/phase3_vecstraight_clean_msgsource_learned_15seeds_remote_20260410/train/cond1_seed1616.pt,cond1,1616,1,9001,greedy,marginal,none,none,none,f_value,2.500,5884,0.01593303874915024,4.095598232494901,0.0,16.382392929979606,0.015425950803724464,0.017033758748456154,150000,comm,private,
<SOURCE_VECSTRAIGHT_REPO>/remote-results/phase3_vecstraight_clean_msgsource_learned_15seeds_remote_20260410/train/cond1_seed1616.pt,cond1,1616,1,9001,greedy,marginal,none,none,none,f_value,3.500,6411,0.36324286382779597,7.632428638277959,0.006395258150054594,30.529714553111837,0.3513607210955105,0.3735976922020239,150000,comm,private,
<SOURCE_VECSTRAIGHT_REPO>/remote-results/phase3_vecstraight_clean_msgsource_learned_15seeds_remote_20260410/train/cond1_seed1616.pt,cond1,1616,1,9001,greedy,marginal,none,none,none,f_value,5.000,5921,0.8371896639081237,17.395034622529977,0.46529302482688734,69.58013849011991,0.8369580274276216,0.8562756108665959,150000,comm,private,
<SOURCE_VECSTRAIGHT_REPO>/remote-results/phase3_vecstraight_clean_msgsource_learned_15seeds_remote_20260410/train/cond1_seed1616.pt,cond1,1616,1,9001,greedy,none,none,none,none,regime,competitive,5288,9.455370650529501e-05,3.9998108925869893,0.0,15.999243570347957,,,150000,comm,private,
<SOURCE_VECSTRAIGHT_REPO>/remote-results/phase3_vecstraight_clean_msgsource_learned_15seeds_remote_20260410/train/cond1_seed1616.pt,cond1,1616,1,9001,greedy,none,none,none,none,regime,cooperative,5917,0.8475156329220889,17.560250126753424,0.4865641372317053,70.2410005070137,,,150000,comm,private,
<SOURCE_VECSTRAIGHT_REPO>/remote-results/phase3_vecstraight_clean_msgsource_learned_15seeds_remote_20260410/train/cond1_seed1616.pt,cond1,1616,1,9001,greedy,none,none,none,none,regime,mixed,18795,0.16520351157222665,5.625219473264166,0.002500665070497473,22.500877893056664,,,150000,comm,private,
<SOURCE_VECSTRAIGHT_REPO>/remote-results/phase3_vecstraight_clean_msgsource_learned_15seeds_remote_20260410/train/cond1_seed1616.pt,cond1,1616,1,9001,greedy,none,none,none,none,f_value,0.500,5288,9.455370650529501e-05,3.9998108925869893,0.0,15.999243570347957,9.485866059571239e-05,0.00012097018085042038,150000,comm,private,
<SOURCE_VECSTRAIGHT_REPO>/remote-results/phase3_vecstraight_clean_msgsource_learned_15seeds_remote_20260410/train/cond1_seed1616.pt,cond1,1616,1,9001,greedy,none,none,none,none,f_value,1.500,5824,0.0006868131868131869,4.001373626373627,0.0,16.005494505494507,0.0005607799154516435,0.0009084199171066825,150000,comm,private,
<SOURCE_VECSTRAIGHT_REPO>/remote-results/phase3_vecstraight_clean_msgsource_learned_15seeds_remote_20260410/train/cond1_seed1616.pt,cond1,1616,1,9001,greedy,none,none,none,none,f_value,2.500,6298,0.018736106700539854,4.112416640203239,0.0,16.449666560812958,0.01669079794079794,0.023666703021049187,150000,comm,private,
<SOURCE_VECSTRAIGHT_REPO>/remote-results/phase3_vecstraight_clean_msgsource_learned_15seeds_remote_20260410/train/cond1_seed1616.pt,cond1,1616,1,9001,greedy,none,none,none,none,f_value,3.500,6673,0.44702532594035665,8.470253259403567,0.007043308856586243,33.88101303761427,0.406966826772007,0.4656137947705572,150000,comm,private,
<SOURCE_VECSTRAIGHT_REPO>/remote-results/phase3_vecstraight_clean_msgsource_learned_15seeds_remote_20260410/train/cond1_seed1616.pt,cond1,1616,1,9001,greedy,none,none,none,none,f_value,5.000,5917,0.8475156329220889,17.560250126753424,0.4865641372317053,70.2410005070137,0.8481886387995713,0.8683112355395911,150000,comm,private,
<SOURCE_VECSTRAIGHT_REPO>/remote-results/phase3_vecstraight_clean_msgsource_learned_15seeds_remote_20260410/train/cond1_seed1616.pt,cond1,1616,1,9001,greedy,permute_slots,none,none,none,regime,competitive,5862,0.0,4.0,0.0,16.0,,,150000,comm,private,
<SOURCE_VECSTRAIGHT_REPO>/remote-results/phase3_vecstraight_clean_msgsource_learned_15seeds_remote_20260410/train/cond1_seed1616.pt,cond1,1616,1,9001,greedy,permute_slots,none,none,none,regime,cooperative,6068,0.8308750823994726,17.29400131839156,0.4925840474620962,69.17600527356625,,,150000,comm,private,
<SOURCE_VECSTRAIGHT_REPO>/remote-results/phase3_vecstraight_clean_msgsource_learned_15seeds_remote_20260410/train/cond1_seed1616.pt,cond1,1616,1,9001,greedy,permute_slots,none,none,none,regime,mixed,18070,0.1490868843386829,5.466408411732153,0.0032097399003873824,21.86563364692861,,,150000,comm,private,
<SOURCE_VECSTRAIGHT_REPO>/remote-results/phase3_vecstraight_clean_msgsource_learned_15seeds_remote_20260410/train/cond1_seed1616.pt,cond1,1616,1,9001,greedy,permute_slots,none,none,none,f_value,0.500,5862,0.0,4.0,0.0,16.0,0.0,0.0,150000,comm,private,
<SOURCE_VECSTRAIGHT_REPO>/remote-results/phase3_vecstraight_clean_msgsource_learned_15seeds_remote_20260410/train/cond1_seed1616.pt,cond1,1616,1,9001,greedy,permute_slots,none,none,none,f_value,1.500,5576,0.0004931850789096126,4.000986370157819,0.0,16.003945480631277,0.0004502679094060966,0.0006498493531045076,150000,comm,private,
<SOURCE_VECSTRAIGHT_REPO>/remote-results/phase3_vecstraight_clean_msgsource_learned_15seeds_remote_20260410/train/cond1_seed1616.pt,cond1,1616,1,9001,greedy,permute_slots,none,none,none,f_value,2.500,6045,0.017369727047146403,4.104218362282879,0.0,16.416873449131515,0.016026445727675954,0.02041835432502913,150000,comm,private,
<SOURCE_VECSTRAIGHT_REPO>/remote-results/phase3_vecstraight_clean_msgsource_learned_15seeds_remote_20260410/train/cond1_seed1616.pt,cond1,1616,1,9001,greedy,permute_slots,none,none,none,f_value,3.500,6449,0.40103116762288726,8.010311676228874,0.008993642425182198,32.041246704915494,0.3802131177659379,0.41266466566616644,150000,comm,private,
<SOURCE_VECSTRAIGHT_REPO>/remote-results/phase3_vecstraight_clean_msgsource_learned_15seeds_remote_20260410/train/cond1_seed1616.pt,cond1,1616,1,9001,greedy,permute_slots,none,none,none,f_value,5.000,6068,0.8308750823994726,17.29400131839156,0.4925840474620962,69.17600527356625,0.8312544622233422,0.8609723527375241,150000,comm,private,
<SOURCE_VECSTRAIGHT_REPO>/remote-results/phase3_vecstraight_clean_msgsource_learned_15seeds_remote_20260410/train/cond1_seed1616.pt,cond1,1616,1,9001,greedy,public_marginal,none,none,none,regime,competitive,6381,0.0,4.0,0.0,16.0,,,150000,comm,private,
<SOURCE_VECSTRAIGHT_REPO>/remote-results/phase3_vecstraight_clean_msgsource_learned_15seeds_remote_20260410/train/cond1_seed1616.pt,cond1,1616,1,9001,greedy,public_marginal,none,none,none,regime,cooperative,5877,0.7698230389654586,16.317168623447337,0.22817764165390506,65.26867449378935,,,150000,comm,private,
<SOURCE_VECSTRAIGHT_REPO>/remote-results/phase3_vecstraight_clean_msgsource_learned_15seeds_remote_20260410/train/cond1_seed1616.pt,cond1,1616,1,9001,greedy,public_marginal,none,none,none,regime,mixed,17742,0.12159001239995491,5.199272911734867,0.00016909029421711193,20.797091646939467,,,150000,comm,private,
<SOURCE_VECSTRAIGHT_REPO>/remote-results/phase3_vecstraight_clean_msgsource_learned_15seeds_remote_20260410/train/cond1_seed1616.pt,cond1,1616,1,9001,greedy,public_marginal,none,none,none,f_value,0.500,6381,0.0,4.0,0.0,16.0,0.0,0.0,150000,comm,private,
<SOURCE_VECSTRAIGHT_REPO>/remote-results/phase3_vecstraight_clean_msgsource_learned_15seeds_remote_20260410/train/cond1_seed1616.pt,cond1,1616,1,9001,greedy,public_marginal,none,none,none,f_value,1.500,5647,8.854258898530193e-05,4.00017708517797,0.0,16.00070834071188,7.689941556444171e-05,0.00010434056761268782,150000,comm,private,
<SOURCE_VECSTRAIGHT_REPO>/remote-results/phase3_vecstraight_clean_msgsource_learned_15seeds_remote_20260410/train/cond1_seed1616.pt,cond1,1616,1,9001,greedy,public_marginal,none,none,none,f_value,2.500,6241,0.011656785771510976,4.069940714629066,0.0,16.279762858516264,0.004601668104687949,0.020531837916063677,150000,comm,private,
<SOURCE_VECSTRAIGHT_REPO>/remote-results/phase3_vecstraight_clean_msgsource_learned_15seeds_remote_20260410/train/cond1_seed1616.pt,cond1,1616,1,9001,greedy,public_marginal,none,none,none,f_value,3.500,5854,0.35599590023915273,7.559959002391527,0.0005124701059104886,30.23983600956611,0.2609324758842444,0.4637390670553936,150000,comm,private,
<SOURCE_VECSTRAIGHT_REPO>/remote-results/phase3_vecstraight_clean_msgsource_learned_15seeds_remote_20260410/train/cond1_seed1616.pt,cond1,1616,1,9001,greedy,public_marginal,none,none,none,f_value,5.000,5877,0.7698230389654586,16.317168623447337,0.22817764165390506,65.26867449378935,0.7594424460431655,0.7834513970877607,150000,comm,private,
<SOURCE_VECSTRAIGHT_REPO>/remote-results/phase3_vecstraight_clean_msgsource_learned_15seeds_remote_20260410/train/cond1_seed1616.pt,cond1,1616,1,9001,greedy,public_random,none,none,none,regime,competitive,5929,0.0,4.0,0.0,16.0,,,150000,comm,private,
<SOURCE_VECSTRAIGHT_REPO>/remote-results/phase3_vecstraight_clean_msgsource_learned_15seeds_remote_20260410/train/cond1_seed1616.pt,cond1,1616,1,9001,greedy,public_random,none,none,none,regime,cooperative,5836,0.7641792323509253,16.226867717614805,0.2064770390678547,64.90747087045922,,,150000,comm,private,
<SOURCE_VECSTRAIGHT_REPO>/remote-results/phase3_vecstraight_clean_msgsource_learned_15seeds_remote_20260410/train/cond1_seed1616.pt,cond1,1616,1,9001,greedy,public_random,none,none,none,regime,mixed,18235,0.12578831916643818,5.2393474088291745,0.0,20.957389635316698,,,150000,comm,private,
<SOURCE_VECSTRAIGHT_REPO>/remote-results/phase3_vecstraight_clean_msgsource_learned_15seeds_remote_20260410/train/cond1_seed1616.pt,cond1,1616,1,9001,greedy,public_random,none,none,none,f_value,0.500,5929,0.0,4.0,0.0,16.0,0.0,0.0,150000,comm,private,
<SOURCE_VECSTRAIGHT_REPO>/remote-results/phase3_vecstraight_clean_msgsource_learned_15seeds_remote_20260410/train/cond1_seed1616.pt,cond1,1616,1,9001,greedy,public_random,none,none,none,f_value,1.500,5872,8.514986376021798e-05,4.000170299727521,0.0,16.000681198910083,8.506294658046955e-05,8.523695874531196e-05,150000,comm,private,
<SOURCE_VECSTRAIGHT_REPO>/remote-results/phase3_vecstraight_clean_msgsource_learned_15seeds_remote_20260410/train/cond1_seed1616.pt,cond1,1616,1,9001,greedy,public_random,none,none,none,f_value,2.500,6262,0.013334397955924625,4.080006387735548,0.0,16.32002555094219,0.0065141404512233875,0.020224719101123594,150000,comm,private,
<SOURCE_VECSTRAIGHT_REPO>/remote-results/phase3_vecstraight_clean_msgsource_learned_15seeds_remote_20260410/train/cond1_seed1616.pt,cond1,1616,1,9001,greedy,public_random,none,none,none,f_value,3.500,6101,0.36219472217669235,7.6219472217669235,0.0,30.487788887067694,0.2697303518579415,0.45408496732026143,150000,comm,private,
<SOURCE_VECSTRAIGHT_REPO>/remote-results/phase3_vecstraight_clean_msgsource_learned_15seeds_remote_20260410/train/cond1_seed1616.pt,cond1,1616,1,9001,greedy,public_random,none,none,none,f_value,5.000,5836,0.7641792323509253,16.226867717614805,0.2064770390678547,64.90747087045922,0.7454206241519674,0.7833275623268698,150000,comm,private,
<SOURCE_VECSTRAIGHT_REPO>/remote-results/phase3_vecstraight_clean_msgsource_learned_15seeds_remote_20260410/train/cond1_seed1616.pt,cond1,1616,1,9001,greedy,sender_shuffle,none,none,none,regime,competitive,5288,0.0,4.0,0.0,16.0,,,150000,comm,private,
<SOURCE_VECSTRAIGHT_REPO>/remote-results/phase3_vecstraight_clean_msgsource_learned_15seeds_remote_20260410/train/cond1_seed1616.pt,cond1,1616,1,9001,greedy,sender_shuffle,none,none,none,regime,cooperative,5917,0.8334037519013013,17.33446003042082,0.4471860740239986,69.33784012168329,,,150000,comm,private,
<SOURCE_VECSTRAIGHT_REPO>/remote-results/phase3_vecstraight_clean_msgsource_learned_15seeds_remote_20260410/train/cond1_seed1616.pt,cond1,1616,1,9001,greedy,sender_shuffle,none,none,none,regime,mixed,18795,0.09739292364990688,4.960840649108806,0.0009577015163607343,19.843362596435224,,,150000,comm,private,
<SOURCE_VECSTRAIGHT_REPO>/remote-results/phase3_vecstraight_clean_msgsource_learned_15seeds_remote_20260410/train/cond1_seed1616.pt,cond1,1616,1,9001,greedy,sender_shuffle,none,none,none,f_value,0.500,5288,0.0,4.0,0.0,16.0,0.0,0.0,150000,comm,private,
<SOURCE_VECSTRAIGHT_REPO>/remote-results/phase3_vecstraight_clean_msgsource_learned_15seeds_remote_20260410/train/cond1_seed1616.pt,cond1,1616,1,9001,greedy,sender_shuffle,none,none,none,f_value,1.500,5824,0.0005151098901098901,4.00103021978022,0.0,16.00412087912088,0.0005322451876164287,0.0005632533513574405,150000,comm,private,
<SOURCE_VECSTRAIGHT_REPO>/remote-results/phase3_vecstraight_clean_msgsource_learned_15seeds_remote_20260410/train/cond1_seed1616.pt,cond1,1616,1,9001,greedy,sender_shuffle,none,none,none,f_value,2.500,6298,0.008812321371864084,4.052873928231184,0.0,16.211495712924737,0.008693877551020409,0.009468129139072847,150000,comm,private,
<SOURCE_VECSTRAIGHT_REPO>/remote-results/phase3_vecstraight_clean_msgsource_learned_15seeds_remote_20260410/train/cond1_seed1616.pt,cond1,1616,1,9001,greedy,sender_shuffle,none,none,none,f_value,3.500,6673,0.265547729656826,6.65547729656826,0.0026974374344372848,26.62190918627304,0.26286551963583055,0.2562557698848452,150000,comm,private,
<SOURCE_VECSTRAIGHT_REPO>/remote-results/phase3_vecstraight_clean_msgsource_learned_15seeds_remote_20260410/train/cond1_seed1616.pt,cond1,1616,1,9001,greedy,sender_shuffle,none,none,none,f_value,5.000,5917,0.8334037519013013,17.33446003042082,0.4471860740239986,69.33784012168329,0.8322737960463293,0.8538266431407145,150000,comm,private,
<SOURCE_VECSTRAIGHT_REPO>/remote-results/phase3_vecstraight_clean_msgsource_learned_15seeds_remote_20260410/train/cond1_seed1616.pt,cond1,1616,1,9001,greedy,zeros,none,none,none,regime,competitive,5288,0.0,4.0,0.0,16.0,,,150000,comm,private,
<SOURCE_VECSTRAIGHT_REPO>/remote-results/phase3_vecstraight_clean_msgsource_learned_15seeds_remote_20260410/train/cond1_seed1616.pt,cond1,1616,1,9001,greedy,zeros,none,none,none,regime,cooperative,5917,0.6883133344600304,15.013013351360486,0.0,60.052053405441946,,,150000,comm,private,
<SOURCE_VECSTRAIGHT_REPO>/remote-results/phase3_vecstraight_clean_msgsource_learned_15seeds_remote_20260410/train/cond1_seed1616.pt,cond1,1616,1,9001,greedy,zeros,none,none,none,regime,mixed,18795,0.2587789305666401,6.346980579941474,0.0,25.387922319765895,,,150000,comm,private,
<SOURCE_VECSTRAIGHT_REPO>/remote-results/phase3_vecstraight_clean_msgsource_learned_15seeds_remote_20260410/train/cond1_seed1616.pt,cond1,1616,1,9001,greedy,zeros,none,none,none,f_value,0.500,5288,0.0,4.0,0.0,16.0,0.0,0.0,150000,comm,private,
<SOURCE_VECSTRAIGHT_REPO>/remote-results/phase3_vecstraight_clean_msgsource_learned_15seeds_remote_20260410/train/cond1_seed1616.pt,cond1,1616,1,9001,greedy,zeros,none,none,none,f_value,1.500,5824,0.003133585164835165,4.006267170329671,0.0,16.025068681318682,0.003137356025442668,0.0022829747160550196,150000,comm,private,
<SOURCE_VECSTRAIGHT_REPO>/remote-results/phase3_vecstraight_clean_msgsource_learned_15seeds_remote_20260410/train/cond1_seed1616.pt,cond1,1616,1,9001,greedy,zeros,none,none,none,f_value,2.500,6298,0.1738647189583995,5.043188313750397,0.0,20.172753255001588,0.1765374928913803,0.17404052568197287,150000,comm,private,
<SOURCE_VECSTRAIGHT_REPO>/remote-results/phase3_vecstraight_clean_msgsource_learned_15seeds_remote_20260410/train/cond1_seed1616.pt,cond1,1616,1,9001,greedy,zeros,none,none,none,f_value,3.500,6673,0.5620410609920575,9.620410609920576,0.0,38.481642439682304,0.5452195287336836,0.5693296226569534,150000,comm,private,
<SOURCE_VECSTRAIGHT_REPO>/remote-results/phase3_vecstraight_clean_msgsource_learned_15seeds_remote_20260410/train/cond1_seed1616.pt,cond1,1616,1,9001,greedy,zeros,none,none,none,f_value,5.000,5917,0.6883133344600304,15.013013351360486,0.0,60.052053405441946,0.6901890342998888,0.6618024918795753,150000,comm,private,
<SOURCE_VECSTRAIGHT_REPO>/remote-results/phase3_vecstraight_clean_msgsource_learned_15seeds_remote_20260410/train/cond1_seed202.pt,cond1,202,1,9001,greedy,fixed0,none,none,none,regime,competitive,5288,0.0071860816944024205,3.985627836611195,0.0,15.94251134644478,,,150000,comm,private,
<SOURCE_VECSTRAIGHT_REPO>/remote-results/phase3_vecstraight_clean_msgsource_learned_15seeds_remote_20260410/train/cond1_seed202.pt,cond1,202,1,9001,greedy,fixed0,none,none,none,regime,cooperative,5917,0.9914652695622782,19.86344431299645,0.9658610782491127,79.4537772519858,,,150000,comm,private,
<SOURCE_VECSTRAIGHT_REPO>/remote-results/phase3_vecstraight_clean_msgsource_learned_15seeds_remote_20260410/train/cond1_seed202.pt,cond1,202,1,9001,greedy,fixed0,none,none,none,regime,mixed,18795,0.6058393189678106,8.973157754722001,0.5256717212024474,35.892631018888004,,,150000,comm,private,
<SOURCE_VECSTRAIGHT_REPO>/remote-results/phase3_vecstraight_clean_msgsource_learned_15seeds_remote_20260410/train/cond1_seed202.pt,cond1,202,1,9001,greedy,fixed0,none,none,none,f_value,0.500,5288,0.0071860816944024205,3.985627836611195,0.0,15.94251134644478,0.0071860816944024205,,150000,comm,private,
<SOURCE_VECSTRAIGHT_REPO>/remote-results/phase3_vecstraight_clean_msgsource_learned_15seeds_remote_20260410/train/cond1_seed202.pt,cond1,202,1,9001,greedy,fixed0,none,none,none,f_value,1.500,5824,0.042067307692307696,4.084134615384615,0.0025755494505494505,16.33653846153846,0.042067307692307696,,150000,comm,private,
<SOURCE_VECSTRAIGHT_REPO>/remote-results/phase3_vecstraight_clean_msgsource_learned_15seeds_remote_20260410/train/cond1_seed202.pt,cond1,202,1,9001,greedy,fixed0,none,none,none,f_value,2.500,6298,0.7318593204191807,8.391155922515084,0.5593839314067958,33.56462369006034,0.7318593204191807,,150000,comm,private,
<SOURCE_VECSTRAIGHT_REPO>/remote-results/phase3_vecstraight_clean_msgsource_learned_15seeds_remote_20260410/train/cond1_seed202.pt,cond1,202,1,9001,greedy,fixed0,none,none,none,f_value,3.500,6673,0.9789450022478645,13.789450022478645,0.9503971227334033,55.15780008991458,0.9789450022478645,,150000,comm,private,
<SOURCE_VECSTRAIGHT_REPO>/remote-results/phase3_vecstraight_clean_msgsource_learned_15seeds_remote_20260410/train/cond1_seed202.pt,cond1,202,1,9001,greedy,fixed0,none,none,none,f_value,5.000,5917,0.9914652695622782,19.86344431299645,0.9658610782491127,79.4537772519858,0.9914652695622782,,150000,comm,private,
<SOURCE_VECSTRAIGHT_REPO>/remote-results/phase3_vecstraight_clean_msgsource_learned_15seeds_remote_20260410/train/cond1_seed202.pt,cond1,202,1,9001,greedy,fixed1,none,none,none,regime,competitive,5288,0.003829425113464448,3.992341149773071,0.0,15.969364599092284,,,150000,comm,private,
<SOURCE_VECSTRAIGHT_REPO>/remote-results/phase3_vecstraight_clean_msgsource_learned_15seeds_remote_20260410/train/cond1_seed202.pt,cond1,202,1,9001,greedy,fixed1,none,none,none,regime,cooperative,5917,0.9929018083488255,19.886428933581207,0.9721142470846713,79.54571573432483,,,150000,comm,private,
<SOURCE_VECSTRAIGHT_REPO>/remote-results/phase3_vecstraight_clean_msgsource_learned_15seeds_remote_20260410/train/cond1_seed202.pt,cond1,202,1,9001,greedy,fixed1,none,none,none,regime,mixed,18795,0.4440808725724927,7.893695131683958,0.21612130885873904,31.574780526735832,,,150000,comm,private,
<SOURCE_VECSTRAIGHT_REPO>/remote-results/phase3_vecstraight_clean_msgsource_learned_15seeds_remote_20260410/train/cond1_seed202.pt,cond1,202,1,9001,greedy,fixed1,none,none,none,f_value,0.500,5288,0.003829425113464448,3.992341149773071,0.0,15.969364599092284,,0.003829425113464448,150000,comm,private,
<SOURCE_VECSTRAIGHT_REPO>/remote-results/phase3_vecstraight_clean_msgsource_learned_15seeds_remote_20260410/train/cond1_seed202.pt,cond1,202,1,9001,greedy,fixed1,none,none,none,f_value,1.500,5824,0.020260989010989012,4.040521978021978,0.0,16.162087912087912,,0.020260989010989012,150000,comm,private,
<SOURCE_VECSTRAIGHT_REPO>/remote-results/phase3_vecstraight_clean_msgsource_learned_15seeds_remote_20260410/train/cond1_seed202.pt,cond1,202,1,9001,greedy,fixed1,none,none,none,f_value,2.500,6298,0.37071292473801204,6.224277548428073,0.005398539218799619,24.89711019371229,,0.37071292473801204,150000,comm,private,
<SOURCE_VECSTRAIGHT_REPO>/remote-results/phase3_vecstraight_clean_msgsource_learned_15seeds_remote_20260410/train/cond1_seed202.pt,cond1,202,1,9001,greedy,fixed1,none,none,none,f_value,3.500,6673,0.8832234377341526,12.832234377341525,0.6036265547729657,51.3289375093661,,0.8832234377341526,150000,comm,private,
<SOURCE_VECSTRAIGHT_REPO>/remote-results/phase3_vecstraight_clean_msgsource_learned_15seeds_remote_20260410/train/cond1_seed202.pt,cond1,202,1,9001,greedy,fixed1,none,none,none,f_value,5.000,5917,0.9929018083488255,19.886428933581207,0.9721142470846713,79.54571573432483,,0.9929018083488255,150000,comm,private,
<SOURCE_VECSTRAIGHT_REPO>/remote-results/phase3_vecstraight_clean_msgsource_learned_15seeds_remote_20260410/train/cond1_seed202.pt,cond1,202,1,9001,greedy,indep_random,none,none,none,regime,competitive,5444,0.005372887582659809,3.9892542248346805,0.0,15.957016899338722,,,150000,comm,private,
<SOURCE_VECSTRAIGHT_REPO>/remote-results/phase3_vecstraight_clean_msgsource_learned_15seeds_remote_20260410/train/cond1_seed202.pt,cond1,202,1,9001,greedy,indep_random,none,none,none,regime,cooperative,5829,0.8887459255446903,18.219934808715045,0.6363012523588952,72.87973923486018,,,150000,comm,private,
<SOURCE_VECSTRAIGHT_REPO>/remote-results/phase3_vecstraight_clean_msgsource_learned_15seeds_remote_20260410/train/cond1_seed202.pt,cond1,202,1,9001,greedy,indep_random,none,none,none,regime,mixed,18727,0.47100443210338017,8.012975917125006,0.26224168313130775,32.051903668500024,,,150000,comm,private,
<SOURCE_VECSTRAIGHT_REPO>/remote-results/phase3_vecstraight_clean_msgsource_learned_15seeds_remote_20260410/train/cond1_seed202.pt,cond1,202,1,9001,greedy,indep_random,none,none,none,f_value,0.500,5444,0.005372887582659809,3.9892542248346805,0.0,15.957016899338722,0.005551736900544599,0.0055312648158879,150000,comm,private,
<SOURCE_VECSTRAIGHT_REPO>/remote-results/phase3_vecstraight_clean_msgsource_learned_15seeds_remote_20260410/train/cond1_seed202.pt,cond1,202,1,9001,greedy,indep_random,none,none,none,f_value,1.500,5205,0.025552353506243995,4.051104707012488,0.0009606147934678194,16.204418828049953,0.025559105431309903,0.026269509782369752,150000,comm,private,
<SOURCE_VECSTRAIGHT_REPO>/remote-results/phase3_vecstraight_clean_msgsource_learned_15seeds_remote_20260410/train/cond1_seed202.pt,cond1,202,1,9001,greedy,indep_random,none,none,none,f_value,2.500,7182,0.4173628515733779,6.504177109440267,0.0873015873015873,26.016708437761068,0.41903925248572454,0.41476888835896825,150000,comm,private,
<SOURCE_VECSTRAIGHT_REPO>/remote-results/phase3_vecstraight_clean_msgsource_learned_15seeds_remote_20260410/train/cond1_seed202.pt,cond1,202,1,9001,greedy,indep_random,none,none,none,f_value,3.500,6340,0.8974763406940063,12.974763406940063,0.6749211356466877,51.89905362776025,0.8971286457155777,0.8881011515014676,150000,comm,private,
<SOURCE_VECSTRAIGHT_REPO>/remote-results/phase3_vecstraight_clean_msgsource_learned_15seeds_remote_20260410/train/cond1_seed202.pt,cond1,202,1,9001,greedy,indep_random,none,none,none,f_value,5.000,5829,0.8887459255446903,18.219934808715045,0.6363012523588952,72.87973923486018,0.8801562963695717,0.8784559968847352,150000,comm,private,
<SOURCE_VECSTRAIGHT_REPO>/remote-results/phase3_vecstraight_clean_msgsource_learned_15seeds_remote_20260410/train/cond1_seed202.pt,cond1,202,1,9001,greedy,marginal,none,none,none,regime,competitive,5980,0.003929765886287626,3.992140468227425,0.0,15.9685618729097,,,150000,comm,private,
<SOURCE_VECSTRAIGHT_REPO>/remote-results/phase3_vecstraight_clean_msgsource_learned_15seeds_remote_20260410/train/cond1_seed202.pt,cond1,202,1,9001,greedy,marginal,none,none,none,regime,cooperative,5921,0.8813545009288971,18.101672014862356,0.6196588414119236,72.40668805944942,,,150000,comm,private,
<SOURCE_VECSTRAIGHT_REPO>/remote-results/phase3_vecstraight_clean_msgsource_learned_15seeds_remote_20260410/train/cond1_seed202.pt,cond1,202,1,9001,greedy,marginal,none,none,none,regime,mixed,18099,0.48410133156527985,8.160533731145367,0.29393889165147247,32.64213492458147,,,150000,comm,private,
<SOURCE_VECSTRAIGHT_REPO>/remote-results/phase3_vecstraight_clean_msgsource_learned_15seeds_remote_20260410/train/cond1_seed202.pt,cond1,202,1,9001,greedy,marginal,none,none,none,f_value,0.500,5980,0.003929765886287626,3.992140468227425,0.0,15.9685618729097,0.004181184668989547,0.004033182089004996,150000,comm,private,
<SOURCE_VECSTRAIGHT_REPO>/remote-results/phase3_vecstraight_clean_msgsource_learned_15seeds_remote_20260410/train/cond1_seed202.pt,cond1,202,1,9001,greedy,marginal,none,none,none,f_value,1.500,5804,0.02929014472777395,4.058580289455548,0.00034458993797381116,16.23432115782219,0.03006225011387216,0.03000615268114913,150000,comm,private,
<SOURCE_VECSTRAIGHT_REPO>/remote-results/phase3_vecstraight_clean_msgsource_learned_15seeds_remote_20260410/train/cond1_seed202.pt,cond1,202,1,9001,greedy,marginal,none,none,none,f_value,2.500,5884,0.46549966009517335,6.79299796057104,0.11471787899388171,27.17199184228416,0.4727210283583554,0.4630750893921335,150000,comm,private,
<SOURCE_VECSTRAIGHT_REPO>/remote-results/phase3_vecstraight_clean_msgsource_learned_15seeds_remote_20260410/train/cond1_seed202.pt,cond1,202,1,9001,greedy,marginal,none,none,none,f_value,3.500,6411,0.9129231009202933,13.129231009202933,0.724223990017158,52.51692403681173,0.9134121042662577,0.9067908284283581,150000,comm,private,
<SOURCE_VECSTRAIGHT_REPO>/remote-results/phase3_vecstraight_clean_msgsource_learned_15seeds_remote_20260410/train/cond1_seed202.pt,cond1,202,1,9001,greedy,marginal,none,none,none,f_value,5.000,5921,0.8813545009288971,18.101672014862356,0.6196588414119236,72.40668805944942,0.8741394356637254,0.8727031005175443,150000,comm,private,
<SOURCE_VECSTRAIGHT_REPO>/remote-results/phase3_vecstraight_clean_msgsource_learned_15seeds_remote_20260410/train/cond1_seed202.pt,cond1,202,1,9001,greedy,none,none,none,none,regime,competitive,5288,0.003498487140695915,3.993003025718608,0.0,15.972012102874432,,,150000,comm,private,
<SOURCE_VECSTRAIGHT_REPO>/remote-results/phase3_vecstraight_clean_msgsource_learned_15seeds_remote_20260410/train/cond1_seed202.pt,cond1,202,1,9001,greedy,none,none,none,none,regime,cooperative,5917,0.8612050025350685,17.779280040561094,0.483860064221734,71.11712016224438,,,150000,comm,private,
<SOURCE_VECSTRAIGHT_REPO>/remote-results/phase3_vecstraight_clean_msgsource_learned_15seeds_remote_20260410/train/cond1_seed202.pt,cond1,202,1,9001,greedy,none,none,none,none,regime,mixed,18795,0.4946129289704709,8.276961957967545,0.2989092843841447,33.10784783187018,,,150000,comm,private,
<SOURCE_VECSTRAIGHT_REPO>/remote-results/phase3_vecstraight_clean_msgsource_learned_15seeds_remote_20260410/train/cond1_seed202.pt,cond1,202,1,9001,greedy,none,none,none,none,f_value,0.500,5288,0.003498487140695915,3.993003025718608,0.0,15.972012102874432,0.0057054741711642255,0.003455294173332702,150000,comm,private,
<SOURCE_VECSTRAIGHT_REPO>/remote-results/phase3_vecstraight_clean_msgsource_learned_15seeds_remote_20260410/train/cond1_seed202.pt,cond1,202,1,9001,greedy,none,none,none,none,f_value,1.500,5824,0.021248282967032968,4.042496565934066,0.0,16.169986263736263,0.025238244842391875,0.01992683451689262,150000,comm,private,
<SOURCE_VECSTRAIGHT_REPO>/remote-results/phase3_vecstraight_clean_msgsource_learned_15seeds_remote_20260410/train/cond1_seed202.pt,cond1,202,1,9001,greedy,none,none,none,none,f_value,2.500,6298,0.4599476024134646,6.759685614480787,0.046840266751349634,27.03874245792315,0.4688884949477043,0.4439295644114921,150000,comm,private,
<SOURCE_VECSTRAIGHT_REPO>/remote-results/phase3_vecstraight_clean_msgsource_learned_15seeds_remote_20260410/train/cond1_seed202.pt,cond1,202,1,9001,greedy,none,none,none,none,f_value,3.500,6673,0.9404690543983216,13.404690543983216,0.7976921924172037,53.618762175932865,0.9377563533341791,0.9359023763648041,150000,comm,private,
<SOURCE_VECSTRAIGHT_REPO>/remote-results/phase3_vecstraight_clean_msgsource_learned_15seeds_remote_20260410/train/cond1_seed202.pt,cond1,202,1,9001,greedy,none,none,none,none,f_value,5.000,5917,0.8612050025350685,17.779280040561094,0.483860064221734,71.11712016224438,0.8643517695180508,0.8403707518022657,150000,comm,private,
<SOURCE_VECSTRAIGHT_REPO>/remote-results/phase3_vecstraight_clean_msgsource_learned_15seeds_remote_20260410/train/cond1_seed202.pt,cond1,202,1,9001,greedy,permute_slots,none,none,none,regime,competitive,5862,0.0033265097236438077,3.993346980552712,0.0,15.973387922210849,,,150000,comm,private,
<SOURCE_VECSTRAIGHT_REPO>/remote-results/phase3_vecstraight_clean_msgsource_learned_15seeds_remote_20260410/train/cond1_seed202.pt,cond1,202,1,9001,greedy,permute_slots,none,none,none,regime,cooperative,6068,0.8958882663150955,18.33421226104153,0.6348055372445617,73.33684904416612,,,150000,comm,private,
<SOURCE_VECSTRAIGHT_REPO>/remote-results/phase3_vecstraight_clean_msgsource_learned_15seeds_remote_20260410/train/cond1_seed202.pt,cond1,202,1,9001,greedy,permute_slots,none,none,none,regime,mixed,18070,0.4810459324847814,8.16546762589928,0.2937465412285556,32.66187050359712,,,150000,comm,private,
<SOURCE_VECSTRAIGHT_REPO>/remote-results/phase3_vecstraight_clean_msgsource_learned_15seeds_remote_20260410/train/cond1_seed202.pt,cond1,202,1,9001,greedy,permute_slots,none,none,none,f_value,0.500,5862,0.0033265097236438077,3.993346980552712,0.0,15.973387922210849,0.005132473297267305,0.0032019809588865644,150000,comm,private,
<SOURCE_VECSTRAIGHT_REPO>/remote-results/phase3_vecstraight_clean_msgsource_learned_15seeds_remote_20260410/train/cond1_seed202.pt,cond1,202,1,9001,greedy,permute_slots,none,none,none,f_value,1.500,5576,0.02187948350071736,4.043758967001435,0.0001793400286944046,16.17503586800574,0.023020156404890406,0.020820217645471716,150000,comm,private,
<SOURCE_VECSTRAIGHT_REPO>/remote-results/phase3_vecstraight_clean_msgsource_learned_15seeds_remote_20260410/train/cond1_seed202.pt,cond1,202,1,9001,greedy,permute_slots,none,none,none,f_value,2.500,6045,0.441645988420182,6.649875930521092,0.10570719602977667,26.599503722084368,0.43840853523005113,0.4242993102243954,150000,comm,private,
<SOURCE_VECSTRAIGHT_REPO>/remote-results/phase3_vecstraight_clean_msgsource_learned_15seeds_remote_20260410/train/cond1_seed202.pt,cond1,202,1,9001,greedy,permute_slots,none,none,none,f_value,3.500,6449,0.914986819661963,13.14986819661963,0.7238331524267329,52.59947278647852,0.9088648459994765,0.9079566645946185,150000,comm,private,
<SOURCE_VECSTRAIGHT_REPO>/remote-results/phase3_vecstraight_clean_msgsource_learned_15seeds_remote_20260410/train/cond1_seed202.pt,cond1,202,1,9001,greedy,permute_slots,none,none,none,f_value,5.000,6068,0.8958882663150955,18.33421226104153,0.6348055372445617,73.33684904416612,0.8941934345217084,0.8808098089535216,150000,comm,private,
<SOURCE_VECSTRAIGHT_REPO>/remote-results/phase3_vecstraight_clean_msgsource_learned_15seeds_remote_20260410/train/cond1_seed202.pt,cond1,202,1,9001,greedy,public_marginal,none,none,none,regime,competitive,6381,0.00430966933082589,3.991380661338348,0.0,15.965522645353392,,,150000,comm,private,
<SOURCE_VECSTRAIGHT_REPO>/remote-results/phase3_vecstraight_clean_msgsource_learned_15seeds_remote_20260410/train/cond1_seed202.pt,cond1,202,1,9001,greedy,public_marginal,none,none,none,regime,cooperative,5877,0.9923855708694912,19.87816913391186,0.9697124383188702,79.51267653564744,,,150000,comm,private,
<SOURCE_VECSTRAIGHT_REPO>/remote-results/phase3_vecstraight_clean_msgsource_learned_15seeds_remote_20260410/train/cond1_seed202.pt,cond1,202,1,9001,greedy,public_marginal,none,none,none,regime,mixed,17742,0.48148461278322624,8.08330515161763,0.31394431292977115,32.33322060647052,,,150000,comm,private,
<SOURCE_VECSTRAIGHT_REPO>/remote-results/phase3_vecstraight_clean_msgsource_learned_15seeds_remote_20260410/train/cond1_seed202.pt,cond1,202,1,9001,greedy,public_marginal,none,none,none,f_value,0.500,6381,0.00430966933082589,3.991380661338348,0.0,15.965522645353392,0.004888268156424581,0.0038384987205004263,150000,comm,private,
<SOURCE_VECSTRAIGHT_REPO>/remote-results/phase3_vecstraight_clean_msgsource_learned_15seeds_remote_20260410/train/cond1_seed202.pt,cond1,202,1,9001,greedy,public_marginal,none,none,none,f_value,1.500,5647,0.028687798831237826,4.0573755976624755,0.0008854258898530193,16.229502390649902,0.034339622641509436,0.023690357023690357,150000,comm,private,
<SOURCE_VECSTRAIGHT_REPO>/remote-results/phase3_vecstraight_clean_msgsource_learned_15seeds_remote_20260410/train/cond1_seed202.pt,cond1,202,1,9001,greedy,public_marginal,none,none,none,f_value,2.500,6241,0.4679939112321743,6.807963467393046,0.15670565614484858,27.231853869572184,0.56669449081803,0.37692544670363526,150000,comm,private,
<SOURCE_VECSTRAIGHT_REPO>/remote-results/phase3_vecstraight_clean_msgsource_learned_15seeds_remote_20260410/train/cond1_seed202.pt,cond1,202,1,9001,greedy,public_marginal,none,none,none,f_value,3.500,5854,0.93265288691493,13.3265288691493,0.783566791937137,53.3061154765972,0.9757832193014044,0.8937276568085798,150000,comm,private,
<SOURCE_VECSTRAIGHT_REPO>/remote-results/phase3_vecstraight_clean_msgsource_learned_15seeds_remote_20260410/train/cond1_seed202.pt,cond1,202,1,9001,greedy,public_marginal,none,none,none,f_value,5.000,5877,0.9923855708694912,19.87816913391186,0.9697124383188702,79.51267653564744,0.9909753557792433,0.9937416555407209,150000,comm,private,
<SOURCE_VECSTRAIGHT_REPO>/remote-results/phase3_vecstraight_clean_msgsource_learned_15seeds_remote_20260410/train/cond1_seed202.pt,cond1,202,1,9001,greedy,public_random,none,none,none,regime,competitive,5929,0.004596053297351999,3.990807893405296,0.0,15.963231573621185,,,150000,comm,private,
<SOURCE_VECSTRAIGHT_REPO>/remote-results/phase3_vecstraight_clean_msgsource_learned_15seeds_remote_20260410/train/cond1_seed202.pt,cond1,202,1,9001,greedy,public_random,none,none,none,regime,cooperative,5836,0.9919037011651817,19.870459218642907,0.9676148046607266,79.48183687457163,,,150000,comm,private,
<SOURCE_VECSTRAIGHT_REPO>/remote-results/phase3_vecstraight_clean_msgsource_learned_15seeds_remote_20260410/train/cond1_seed202.pt,cond1,202,1,9001,greedy,public_random,none,none,none,regime,mixed,18235,0.4896078969015629,8.1421990677269,0.3234987661091308,32.5687962709076,,,150000,comm,private,
<SOURCE_VECSTRAIGHT_REPO>/remote-results/phase3_vecstraight_clean_msgsource_learned_15seeds_remote_20260410/train/cond1_seed202.pt,cond1,202,1,9001,greedy,public_random,none,none,none,f_value,0.500,5929,0.004596053297351999,3.990807893405296,0.0,15.963231573621185,0.005252456794307014,0.003945601074546675,150000,comm,private,
<SOURCE_VECSTRAIGHT_REPO>/remote-results/phase3_vecstraight_clean_msgsource_learned_15seeds_remote_20260410/train/cond1_seed202.pt,cond1,202,1,9001,greedy,public_random,none,none,none,f_value,1.500,5872,0.032782697547683926,4.065565395095367,0.0018732970027247955,16.26226158038147,0.036832255869343314,0.028724855097170134,150000,comm,private,
<SOURCE_VECSTRAIGHT_REPO>/remote-results/phase3_vecstraight_clean_msgsource_learned_15seeds_remote_20260410/train/cond1_seed202.pt,cond1,202,1,9001,greedy,public_random,none,none,none,f_value,2.500,6262,0.48734429894602366,6.924065793676141,0.17725966145001598,27.696263174704566,0.5862726406101049,0.38739967897271266,150000,comm,private,
<SOURCE_VECSTRAIGHT_REPO>/remote-results/phase3_vecstraight_clean_msgsource_learned_15seeds_remote_20260410/train/cond1_seed202.pt,cond1,202,1,9001,greedy,public_random,none,none,none,f_value,3.500,6101,0.9316095722012785,13.316095722012784,0.7831503032289788,53.26438288805114,0.976076948372246,0.8874183006535947,150000,comm,private,
<SOURCE_VECSTRAIGHT_REPO>/remote-results/phase3_vecstraight_clean_msgsource_learned_15seeds_remote_20260410/train/cond1_seed202.pt,cond1,202,1,9001,greedy,public_random,none,none,none,f_value,5.000,5836,0.9919037011651817,19.870459218642907,0.9676148046607266,79.48183687457163,0.989145183175034,0.9947195290858726,150000,comm,private,
<SOURCE_VECSTRAIGHT_REPO>/remote-results/phase3_vecstraight_clean_msgsource_learned_15seeds_remote_20260410/train/cond1_seed202.pt,cond1,202,1,9001,greedy,sender_shuffle,none,none,none,regime,competitive,5288,0.008178895612708018,3.983642208774584,0.0,15.934568835098336,,,150000,comm,private,
<SOURCE_VECSTRAIGHT_REPO>/remote-results/phase3_vecstraight_clean_msgsource_learned_15seeds_remote_20260410/train/cond1_seed202.pt,cond1,202,1,9001,greedy,sender_shuffle,none,none,none,regime,cooperative,5917,0.8868091938482339,18.188947101571742,0.6268379246239648,72.75578840628697,,,150000,comm,private,
<SOURCE_VECSTRAIGHT_REPO>/remote-results/phase3_vecstraight_clean_msgsource_learned_15seeds_remote_20260410/train/cond1_seed202.pt,cond1,202,1,9001,greedy,sender_shuffle,none,none,none,regime,mixed,18795,0.5572625698324022,8.628278797552541,0.3663208300079808,34.513115190210165,,,150000,comm,private,
<SOURCE_VECSTRAIGHT_REPO>/remote-results/phase3_vecstraight_clean_msgsource_learned_15seeds_remote_20260410/train/cond1_seed202.pt,cond1,202,1,9001,greedy,sender_shuffle,none,none,none,f_value,0.500,5288,0.008178895612708018,3.983642208774584,0.0,15.934568835098336,0.008057296329453895,0.008482187406446462,150000,comm,private,
<SOURCE_VECSTRAIGHT_REPO>/remote-results/phase3_vecstraight_clean_msgsource_learned_15seeds_remote_20260410/train/cond1_seed202.pt,cond1,202,1,9001,greedy,sender_shuffle,none,none,none,f_value,1.500,5824,0.03914835164835165,4.0782967032967035,0.00034340659340659343,16.313186813186814,0.039993886284899124,0.04025903450774387,150000,comm,private,
<SOURCE_VECSTRAIGHT_REPO>/remote-results/phase3_vecstraight_clean_msgsource_learned_15seeds_remote_20260410/train/cond1_seed202.pt,cond1,202,1,9001,greedy,sender_shuffle,none,none,none,f_value,2.500,6298,0.6321451254366466,7.792870752619879,0.25023817084788824,31.171483010479516,0.6409813084112149,0.6353948141310732,150000,comm,private,
<SOURCE_VECSTRAIGHT_REPO>/remote-results/phase3_vecstraight_clean_msgsource_learned_15seeds_remote_20260410/train/cond1_seed202.pt,cond1,202,1,9001,greedy,sender_shuffle,none,none,none,f_value,3.500,6673,0.9387831560017983,13.387831560017982,0.7952944702532594,53.55132624007193,0.9421381984840472,0.9369897756994531,150000,comm,private,
<SOURCE_VECSTRAIGHT_REPO>/remote-results/phase3_vecstraight_clean_msgsource_learned_15seeds_remote_20260410/train/cond1_seed202.pt,cond1,202,1,9001,greedy,sender_shuffle,none,none,none,f_value,5.000,5917,0.8868091938482339,18.188947101571742,0.6268379246239648,72.75578840628697,0.8761234272019173,0.8875206353455584,150000,comm,private,
<SOURCE_VECSTRAIGHT_REPO>/remote-results/phase3_vecstraight_clean_msgsource_learned_15seeds_remote_20260410/train/cond1_seed202.pt,cond1,202,1,9001,greedy,zeros,none,none,none,regime,competitive,5288,0.007611573373676248,3.9847768532526473,0.0,15.93910741301059,,,150000,comm,private,
<SOURCE_VECSTRAIGHT_REPO>/remote-results/phase3_vecstraight_clean_msgsource_learned_15seeds_remote_20260410/train/cond1_seed202.pt,cond1,202,1,9001,greedy,zeros,none,none,none,regime,cooperative,5917,0.8769224269055265,18.030758830488423,0.5350684468480649,72.1230353219537,,,150000,comm,private,
<SOURCE_VECSTRAIGHT_REPO>/remote-results/phase3_vecstraight_clean_msgsource_learned_15seeds_remote_20260410/train/cond1_seed202.pt,cond1,202,1,9001,greedy,zeros,none,none,none,regime,mixed,18795,0.617730779462623,8.822585794094174,0.33391859537110935,35.290343176376695,,,150000,comm,private,
<SOURCE_VECSTRAIGHT_REPO>/remote-results/phase3_vecstraight_clean_msgsource_learned_15seeds_remote_20260410/train/cond1_seed202.pt,cond1,202,1,9001,greedy,zeros,none,none,none,f_value,0.500,5288,0.007611573373676248,3.9847768532526473,0.0,15.93910741301059,0.011435149654643132,0.007474690131516699,150000,comm,private,
<SOURCE_VECSTRAIGHT_REPO>/remote-results/phase3_vecstraight_clean_msgsource_learned_15seeds_remote_20260410/train/cond1_seed202.pt,cond1,202,1,9001,greedy,zeros,none,none,none,f_value,1.500,5824,0.10237809065934066,4.204756181318682,0.005322802197802198,16.819024725274726,0.11909351393592081,0.09738912423273105,150000,comm,private,
<SOURCE_VECSTRAIGHT_REPO>/remote-results/phase3_vecstraight_clean_msgsource_learned_15seeds_remote_20260410/train/cond1_seed202.pt,cond1,202,1,9001,greedy,zeros,none,none,none,f_value,2.500,6298,0.8213718640838361,8.928231184503018,0.4561765639885678,35.71292473801207,0.8217339768012869,0.8117967950903512,150000,comm,private,
<SOURCE_VECSTRAIGHT_REPO>/remote-results/phase3_vecstraight_clean_msgsource_learned_15seeds_remote_20260410/train/cond1_seed202.pt,cond1,202,1,9001,greedy,zeros,none,none,none,f_value,3.500,6673,0.8753184474748988,12.753184474748988,0.5053199460512513,51.01273789899595,0.8706062560464366,0.9074574792847797,150000,comm,private,
<SOURCE_VECSTRAIGHT_REPO>/remote-results/phase3_vecstraight_clean_msgsource_learned_15seeds_remote_20260410/train/cond1_seed202.pt,cond1,202,1,9001,greedy,zeros,none,none,none,f_value,5.000,5917,0.8769224269055265,18.030758830488423,0.5350684468480649,72.1230353219537,0.8670581707204291,0.8951068883610451,150000,comm,private,
<SOURCE_VECSTRAIGHT_REPO>/remote-results/phase3_vecstraight_clean_msgsource_learned_15seeds_remote_20260410/train/cond1_seed303.pt,cond1,303,1,9001,greedy,fixed0,none,none,none,regime,competitive,5288,0.0015128593040847202,3.9969742813918305,0.0,15.987897125567322,,,150000,comm,private,
<SOURCE_VECSTRAIGHT_REPO>/remote-results/phase3_vecstraight_clean_msgsource_learned_15seeds_remote_20260410/train/cond1_seed303.pt,cond1,303,1,9001,greedy,fixed0,none,none,none,regime,cooperative,5917,0.9596924116951158,19.355078587121852,0.8387696467804631,77.42031434848741,,,150000,comm,private,
<SOURCE_VECSTRAIGHT_REPO>/remote-results/phase3_vecstraight_clean_msgsource_learned_15seeds_remote_20260410/train/cond1_seed303.pt,cond1,303,1,9001,greedy,fixed0,none,none,none,regime,mixed,18795,0.3444001064112796,7.08390529396116,0.00558659217877095,28.33562117584464,,,150000,comm,private,
<SOURCE_VECSTRAIGHT_REPO>/remote-results/phase3_vecstraight_clean_msgsource_learned_15seeds_remote_20260410/train/cond1_seed303.pt,cond1,303,1,9001,greedy,fixed0,none,none,none,f_value,0.500,5288,0.0015128593040847202,3.9969742813918305,0.0,15.987897125567322,0.0015128593040847202,,150000,comm,private,
<SOURCE_VECSTRAIGHT_REPO>/remote-results/phase3_vecstraight_clean_msgsource_learned_15seeds_remote_20260410/train/cond1_seed303.pt,cond1,303,1,9001,greedy,fixed0,none,none,none,f_value,1.500,5824,0.012276785714285714,4.024553571428571,0.0,16.098214285714285,0.012276785714285714,,150000,comm,private,
<SOURCE_VECSTRAIGHT_REPO>/remote-results/phase3_vecstraight_clean_msgsource_learned_15seeds_remote_20260410/train/cond1_seed303.pt,cond1,303,1,9001,greedy,fixed0,none,none,none,f_value,2.500,6298,0.24595109558590028,5.475706573515402,0.0,21.902826294061608,0.24595109558590028,,150000,comm,private,
<SOURCE_VECSTRAIGHT_REPO>/remote-results/phase3_vecstraight_clean_msgsource_learned_15seeds_remote_20260410/train/cond1_seed303.pt,cond1,303,1,9001,greedy,fixed0,none,none,none,f_value,3.500,6673,0.727184175033718,11.27184175033718,0.01573505170088416,45.08736700134872,0.727184175033718,,150000,comm,private,
<SOURCE_VECSTRAIGHT_REPO>/remote-results/phase3_vecstraight_clean_msgsource_learned_15seeds_remote_20260410/train/cond1_seed303.pt,cond1,303,1,9001,greedy,fixed0,none,none,none,f_value,5.000,5917,0.9596924116951158,19.355078587121852,0.8387696467804631,77.42031434848741,0.9596924116951158,,150000,comm,private,
<SOURCE_VECSTRAIGHT_REPO>/remote-results/phase3_vecstraight_clean_msgsource_learned_15seeds_remote_20260410/train/cond1_seed303.pt,cond1,303,1,9001,greedy,fixed1,none,none,none,regime,competitive,5288,0.0017492435703479576,3.996501512859304,0.0,15.986006051437217,,,150000,comm,private,
<SOURCE_VECSTRAIGHT_REPO>/remote-results/phase3_vecstraight_clean_msgsource_learned_15seeds_remote_20260410/train/cond1_seed303.pt,cond1,303,1,9001,greedy,fixed1,none,none,none,regime,cooperative,5917,0.9998732465776576,19.997971945242522,0.9994929863106304,79.99188778097009,,,150000,comm,private,
<SOURCE_VECSTRAIGHT_REPO>/remote-results/phase3_vecstraight_clean_msgsource_learned_15seeds_remote_20260410/train/cond1_seed303.pt,cond1,303,1,9001,greedy,fixed1,none,none,none,regime,mixed,18795,0.5651104017025804,8.73852088321362,0.4390529396115988,34.95408353285448,,,150000,comm,private,
<SOURCE_VECSTRAIGHT_REPO>/remote-results/phase3_vecstraight_clean_msgsource_learned_15seeds_remote_20260410/train/cond1_seed303.pt,cond1,303,1,9001,greedy,fixed1,none,none,none,f_value,0.500,5288,0.0017492435703479576,3.996501512859304,0.0,15.986006051437217,,0.0017492435703479576,150000,comm,private,
<SOURCE_VECSTRAIGHT_REPO>/remote-results/phase3_vecstraight_clean_msgsource_learned_15seeds_remote_20260410/train/cond1_seed303.pt,cond1,303,1,9001,greedy,fixed1,none,none,none,f_value,1.500,5824,0.03300995879120879,4.066019917582418,0.0020604395604395605,16.26407967032967,,0.03300995879120879,150000,comm,private,
<SOURCE_VECSTRAIGHT_REPO>/remote-results/phase3_vecstraight_clean_msgsource_learned_15seeds_remote_20260410/train/cond1_seed303.pt,cond1,303,1,9001,greedy,fixed1,none,none,none,f_value,2.500,6298,0.6197999364877739,7.718799618926643,0.31390917751667197,30.875198475706572,,0.6197999364877739,150000,comm,private,
<SOURCE_VECSTRAIGHT_REPO>/remote-results/phase3_vecstraight_clean_msgsource_learned_15seeds_remote_20260410/train/cond1_seed303.pt,cond1,303,1,9001,greedy,fixed1,none,none,none,f_value,3.500,6673,0.9778959988011389,13.778959988011389,0.9385583695489286,55.115839952045555,,0.9778959988011389,150000,comm,private,
<SOURCE_VECSTRAIGHT_REPO>/remote-results/phase3_vecstraight_clean_msgsource_learned_15seeds_remote_20260410/train/cond1_seed303.pt,cond1,303,1,9001,greedy,fixed1,none,none,none,f_value,5.000,5917,0.9998732465776576,19.997971945242522,0.9994929863106304,79.99188778097009,,0.9998732465776576,150000,comm,private,
<SOURCE_VECSTRAIGHT_REPO>/remote-results/phase3_vecstraight_clean_msgsource_learned_15seeds_remote_20260410/train/cond1_seed303.pt,cond1,303,1,9001,greedy,indep_random,none,none,none,regime,competitive,5444,0.002709404849375459,3.994581190301249,0.0,15.978324761204997,,,150000,comm,private,
<SOURCE_VECSTRAIGHT_REPO>/remote-results/phase3_vecstraight_clean_msgsource_learned_15seeds_remote_20260410/train/cond1_seed303.pt,cond1,303,1,9001,greedy,indep_random,none,none,none,regime,cooperative,5829,0.9559101046491679,19.29456167438669,0.8243266426488248,77.17824669754675,,,150000,comm,private,
<SOURCE_VECSTRAIGHT_REPO>/remote-results/phase3_vecstraight_clean_msgsource_learned_15seeds_remote_20260410/train/cond1_seed303.pt,cond1,303,1,9001,greedy,indep_random,none,none,none,regime,mixed,18727,0.49221711966679127,8.074251081326427,0.2061729054306616,32.29700432530571,,,150000,comm,private,
<SOURCE_VECSTRAIGHT_REPO>/remote-results/phase3_vecstraight_clean_msgsource_learned_15seeds_remote_20260410/train/cond1_seed303.pt,cond1,303,1,9001,greedy,indep_random,none,none,none,f_value,0.500,5444,0.002709404849375459,3.994581190301249,0.0,15.978324761204997,0.002802305292655845,0.002897329189274614,150000,comm,private,
<SOURCE_VECSTRAIGHT_REPO>/remote-results/phase3_vecstraight_clean_msgsource_learned_15seeds_remote_20260410/train/cond1_seed303.pt,cond1,303,1,9001,greedy,indep_random,none,none,none,f_value,1.500,5205,0.05110470701248799,4.102209414024976,0.00019212295869356388,16.408837656099905,0.053266497741544565,0.05578149043745878,150000,comm,private,
<SOURCE_VECSTRAIGHT_REPO>/remote-results/phase3_vecstraight_clean_msgsource_learned_15seeds_remote_20260410/train/cond1_seed303.pt,cond1,303,1,9001,greedy,indep_random,none,none,none,f_value,2.500,7182,0.478661932609301,6.871971595655806,0.04873294346978557,27.487886382623223,0.47721918300523103,0.4928261992766583,150000,comm,private,
<SOURCE_VECSTRAIGHT_REPO>/remote-results/phase3_vecstraight_clean_msgsource_learned_15seeds_remote_20260410/train/cond1_seed303.pt,cond1,303,1,9001,greedy,indep_random,none,none,none,f_value,3.500,6340,0.8697160883280757,12.697160883280757,0.5536277602523659,50.78864353312303,0.8599593036400633,0.8895010160307067,150000,comm,private,
<SOURCE_VECSTRAIGHT_REPO>/remote-results/phase3_vecstraight_clean_msgsource_learned_15seeds_remote_20260410/train/cond1_seed303.pt,cond1,303,1,9001,greedy,indep_random,none,none,none,f_value,5.000,5829,0.9559101046491679,19.29456167438669,0.8243266426488248,77.17824669754675,0.9497972104065684,0.9632009345794392,150000,comm,private,
<SOURCE_VECSTRAIGHT_REPO>/remote-results/phase3_vecstraight_clean_msgsource_learned_15seeds_remote_20260410/train/cond1_seed303.pt,cond1,303,1,9001,greedy,marginal,none,none,none,regime,competitive,5980,0.0023411371237458192,3.9953177257525083,0.0,15.981270903010033,,,150000,comm,private,
<SOURCE_VECSTRAIGHT_REPO>/remote-results/phase3_vecstraight_clean_msgsource_learned_15seeds_remote_20260410/train/cond1_seed303.pt,cond1,303,1,9001,greedy,marginal,none,none,none,regime,cooperative,5921,0.9459550751562236,19.135281202499577,0.7844958621854417,76.54112480999831,,,150000,comm,private,
<SOURCE_VECSTRAIGHT_REPO>/remote-results/phase3_vecstraight_clean_msgsource_learned_15seeds_remote_20260410/train/cond1_seed303.pt,cond1,303,1,9001,greedy,marginal,none,none,none,regime,mixed,18099,0.46785734018454056,7.996602022211172,0.209790596165534,31.986408088844687,,,150000,comm,private,
<SOURCE_VECSTRAIGHT_REPO>/remote-results/phase3_vecstraight_clean_msgsource_learned_15seeds_remote_20260410/train/cond1_seed303.pt,cond1,303,1,9001,greedy,marginal,none,none,none,f_value,0.500,5980,0.0023411371237458192,3.9953177257525083,0.0,15.981270903010033,0.002421758569299553,0.002428127428127428,150000,comm,private,
<SOURCE_VECSTRAIGHT_REPO>/remote-results/phase3_vecstraight_clean_msgsource_learned_15seeds_remote_20260410/train/cond1_seed303.pt,cond1,303,1,9001,greedy,marginal,none,none,none,f_value,1.500,5804,0.035535837353549274,4.071071674707099,0.00017229496898690558,16.284286698828396,0.03613763977539953,0.0381517173214727,150000,comm,private,
<SOURCE_VECSTRAIGHT_REPO>/remote-results/phase3_vecstraight_clean_msgsource_learned_15seeds_remote_20260410/train/cond1_seed303.pt,cond1,303,1,9001,greedy,marginal,none,none,none,f_value,2.500,5884,0.4543252889191027,6.7259517335146155,0.049966009517335146,26.903806934058462,0.4499172772394233,0.4715951010771728,150000,comm,private,
<SOURCE_VECSTRAIGHT_REPO>/remote-results/phase3_vecstraight_clean_msgsource_learned_15seeds_remote_20260410/train/cond1_seed303.pt,cond1,303,1,9001,greedy,marginal,none,none,none,f_value,3.500,6411,0.8716658867571362,12.716658867571361,0.5462486351583217,50.866635470285445,0.8636324230602515,0.8957420869643744,150000,comm,private,
<SOURCE_VECSTRAIGHT_REPO>/remote-results/phase3_vecstraight_clean_msgsource_learned_15seeds_remote_20260410/train/cond1_seed303.pt,cond1,303,1,9001,greedy,marginal,none,none,none,f_value,5.000,5921,0.9459550751562236,19.135281202499577,0.7844958621854417,76.54112480999831,0.9408517350157729,0.9520755654983842,150000,comm,private,
<SOURCE_VECSTRAIGHT_REPO>/remote-results/phase3_vecstraight_clean_msgsource_learned_15seeds_remote_20260410/train/cond1_seed303.pt,cond1,303,1,9001,greedy,none,none,none,none,regime,competitive,5288,0.0007564296520423601,3.9984871406959153,0.0,15.993948562783661,,,150000,comm,private,
<SOURCE_VECSTRAIGHT_REPO>/remote-results/phase3_vecstraight_clean_msgsource_learned_15seeds_remote_20260410/train/cond1_seed303.pt,cond1,303,1,9001,greedy,none,none,none,none,regime,cooperative,5917,0.9730015210410681,19.56802433665709,0.8920060841642724,78.27209734662836,,,150000,comm,private,
<SOURCE_VECSTRAIGHT_REPO>/remote-results/phase3_vecstraight_clean_msgsource_learned_15seeds_remote_20260410/train/cond1_seed303.pt,cond1,303,1,9001,greedy,none,none,none,none,regime,mixed,18795,0.4600292631018888,8.035035913806864,0.2512902367650971,32.140143655227455,,,150000,comm,private,
<SOURCE_VECSTRAIGHT_REPO>/remote-results/phase3_vecstraight_clean_msgsource_learned_15seeds_remote_20260410/train/cond1_seed303.pt,cond1,303,1,9001,greedy,none,none,none,none,f_value,0.500,5288,0.0007564296520423601,3.9984871406959153,0.0,15.993948562783661,0.0007577192650123129,0.0008323795650816773,150000,comm,private,
<SOURCE_VECSTRAIGHT_REPO>/remote-results/phase3_vecstraight_clean_msgsource_learned_15seeds_remote_20260410/train/cond1_seed303.pt,cond1,303,1,9001,greedy,none,none,none,none,f_value,1.500,5824,0.01480940934065934,4.029618818681318,0.0,16.118475274725274,0.015143534369238872,0.013748854262144821,150000,comm,private,
<SOURCE_VECSTRAIGHT_REPO>/remote-results/phase3_vecstraight_clean_msgsource_learned_15seeds_remote_20260410/train/cond1_seed303.pt,cond1,303,1,9001,greedy,none,none,none,none,f_value,2.500,6298,0.3943315338202604,6.365989202921562,0.031914893617021274,25.46395681168625,0.39312419065123855,0.4052253614287064,150000,comm,private,
<SOURCE_VECSTRAIGHT_REPO>/remote-results/phase3_vecstraight_clean_msgsource_learned_15seeds_remote_20260410/train/cond1_seed303.pt,cond1,303,1,9001,greedy,none,none,none,none,f_value,3.500,6673,0.9106099205754533,13.106099205754534,0.6776562265847444,52.424396823018135,0.9092431218843944,0.9125946609129755,150000,comm,private,
<SOURCE_VECSTRAIGHT_REPO>/remote-results/phase3_vecstraight_clean_msgsource_learned_15seeds_remote_20260410/train/cond1_seed303.pt,cond1,303,1,9001,greedy,none,none,none,none,f_value,5.000,5917,0.9730015210410681,19.56802433665709,0.8920060841642724,78.27209734662836,0.9729072446454475,0.9700068166325835,150000,comm,private,
<SOURCE_VECSTRAIGHT_REPO>/remote-results/phase3_vecstraight_clean_msgsource_learned_15seeds_remote_20260410/train/cond1_seed303.pt,cond1,303,1,9001,greedy,permute_slots,none,none,none,regime,competitive,5862,0.0019617877857386556,3.9960764244285225,0.0,15.98430569771409,,,150000,comm,private,
<SOURCE_VECSTRAIGHT_REPO>/remote-results/phase3_vecstraight_clean_msgsource_learned_15seeds_remote_20260410/train/cond1_seed303.pt,cond1,303,1,9001,greedy,permute_slots,none,none,none,regime,cooperative,6068,0.9517963085036256,19.22874093605801,0.8078444297956493,76.91496374423204,,,150000,comm,private,
<SOURCE_VECSTRAIGHT_REPO>/remote-results/phase3_vecstraight_clean_msgsource_learned_15seeds_remote_20260410/train/cond1_seed303.pt,cond1,303,1,9001,greedy,permute_slots,none,none,none,regime,mixed,18070,0.47692307692307695,8.016270060874378,0.19546209186496957,32.06508024349751,,,150000,comm,private,
<SOURCE_VECSTRAIGHT_REPO>/remote-results/phase3_vecstraight_clean_msgsource_learned_15seeds_remote_20260410/train/cond1_seed303.pt,cond1,303,1,9001,greedy,permute_slots,none,none,none,f_value,0.500,5862,0.0019617877857386556,3.9960764244285225,0.0,15.98430569771409,0.0019234879247702502,0.0020592502457059954,150000,comm,private,
<SOURCE_VECSTRAIGHT_REPO>/remote-results/phase3_vecstraight_clean_msgsource_learned_15seeds_remote_20260410/train/cond1_seed303.pt,cond1,303,1,9001,greedy,permute_slots,none,none,none,f_value,1.500,5576,0.06075143472022956,4.121502869440459,0.0001793400286944046,16.486011477761835,0.05940315315315315,0.0592636525388932,150000,comm,private,
<SOURCE_VECSTRAIGHT_REPO>/remote-results/phase3_vecstraight_clean_msgsource_learned_15seeds_remote_20260410/train/cond1_seed303.pt,cond1,303,1,9001,greedy,permute_slots,none,none,none,f_value,2.500,6045,0.45062034739454093,6.703722084367246,0.02481389578163772,26.814888337468982,0.45421327035337106,0.4540902283788843,150000,comm,private,
<SOURCE_VECSTRAIGHT_REPO>/remote-results/phase3_vecstraight_clean_msgsource_learned_15seeds_remote_20260410/train/cond1_seed303.pt,cond1,303,1,9001,greedy,permute_slots,none,none,none,f_value,3.500,6449,0.8614126221119554,12.614126221119554,0.5242673282679485,50.456504884478214,0.8629896083133494,0.8759046402724564,150000,comm,private,
<SOURCE_VECSTRAIGHT_REPO>/remote-results/phase3_vecstraight_clean_msgsource_learned_15seeds_remote_20260410/train/cond1_seed303.pt,cond1,303,1,9001,greedy,permute_slots,none,none,none,f_value,5.000,6068,0.9517963085036256,19.22874093605801,0.8078444297956493,76.91496374423204,0.9511767651477215,0.9707102258180142,150000,comm,private,
<SOURCE_VECSTRAIGHT_REPO>/remote-results/phase3_vecstraight_clean_msgsource_learned_15seeds_remote_20260410/train/cond1_seed303.pt,cond1,303,1,9001,greedy,public_marginal,none,none,none,regime,competitive,6381,0.0007835762419683435,3.9984328475160633,0.0,15.993731390064253,,,150000,comm,private,
<SOURCE_VECSTRAIGHT_REPO>/remote-results/phase3_vecstraight_clean_msgsource_learned_15seeds_remote_20260410/train/cond1_seed303.pt,cond1,303,1,9001,greedy,public_marginal,none,none,none,regime,cooperative,5877,0.9795814190913732,19.67330270546197,0.9183256763654926,78.69321082184788,,,150000,comm,private,
<SOURCE_VECSTRAIGHT_REPO>/remote-results/phase3_vecstraight_clean_msgsource_learned_15seeds_remote_20260410/train/cond1_seed303.pt,cond1,303,1,9001,greedy,public_marginal,none,none,none,regime,mixed,17742,0.3975171908465787,7.454768346296922,0.13256679066621577,29.81907338518769,,,150000,comm,private,
<SOURCE_VECSTRAIGHT_REPO>/remote-results/phase3_vecstraight_clean_msgsource_learned_15seeds_remote_20260410/train/cond1_seed303.pt,cond1,303,1,9001,greedy,public_marginal,none,none,none,f_value,0.500,6381,0.0007835762419683435,3.9984328475160633,0.0,15.993731390064253,0.00044816253361219,0.0011535926170072512,150000,comm,private,
<SOURCE_VECSTRAIGHT_REPO>/remote-results/phase3_vecstraight_clean_msgsource_learned_15seeds_remote_20260410/train/cond1_seed303.pt,cond1,303,1,9001,greedy,public_marginal,none,none,none,f_value,1.500,5647,0.018151230741986896,4.036302461483974,0.0005312555339118116,16.145209845935895,0.01440013633265167,0.022207887946922227,150000,comm,private,
<SOURCE_VECSTRAIGHT_REPO>/remote-results/phase3_vecstraight_clean_msgsource_learned_15seeds_remote_20260410/train/cond1_seed303.pt,cond1,303,1,9001,greedy,public_marginal,none,none,none,f_value,2.500,6241,0.3370052876141644,6.022031725684986,0.015862842493190196,24.088126902739944,0.28967875318066155,0.38505004843396834,150000,comm,private,
<SOURCE_VECSTRAIGHT_REPO>/remote-results/phase3_vecstraight_clean_msgsource_learned_15seeds_remote_20260410/train/cond1_seed303.pt,cond1,303,1,9001,greedy,public_marginal,none,none,none,f_value,3.500,5854,0.8279808677827126,12.279808677827127,0.38435257943286644,49.11923471130851,0.727872411489646,0.9327797202797202,150000,comm,private,
<SOURCE_VECSTRAIGHT_REPO>/remote-results/phase3_vecstraight_clean_msgsource_learned_15seeds_remote_20260410/train/cond1_seed303.pt,cond1,303,1,9001,greedy,public_marginal,none,none,none,f_value,5.000,5877,0.9795814190913732,19.67330270546197,0.9183256763654926,78.69321082184788,0.9626095118898623,0.9998135024244685,150000,comm,private,
<SOURCE_VECSTRAIGHT_REPO>/remote-results/phase3_vecstraight_clean_msgsource_learned_15seeds_remote_20260410/train/cond1_seed303.pt,cond1,303,1,9001,greedy,public_random,none,none,none,regime,competitive,5929,0.000969809411367853,3.998060381177264,0.0,15.992241524709057,,,150000,comm,private,
<SOURCE_VECSTRAIGHT_REPO>/remote-results/phase3_vecstraight_clean_msgsource_learned_15seeds_remote_20260410/train/cond1_seed303.pt,cond1,303,1,9001,greedy,public_random,none,none,none,regime,cooperative,5836,0.9802947224126114,19.68471555860178,0.9211788896504455,78.73886223440712,,,150000,comm,private,
<SOURCE_VECSTRAIGHT_REPO>/remote-results/phase3_vecstraight_clean_msgsource_learned_15seeds_remote_20260410/train/cond1_seed303.pt,cond1,303,1,9001,greedy,public_random,none,none,none,regime,mixed,18235,0.4026460104195229,7.507787222374555,0.14126679462571978,30.03114888949822,,,150000,comm,private,
<SOURCE_VECSTRAIGHT_REPO>/remote-results/phase3_vecstraight_clean_msgsource_learned_15seeds_remote_20260410/train/cond1_seed303.pt,cond1,303,1,9001,greedy,public_random,none,none,none,f_value,0.500,5929,0.000969809411367853,3.998060381177264,0.0,15.992241524709057,0.0013554727211114877,0.0005876427132303559,150000,comm,private,
<SOURCE_VECSTRAIGHT_REPO>/remote-results/phase3_vecstraight_clean_msgsource_learned_15seeds_remote_20260410/train/cond1_seed303.pt,cond1,303,1,9001,greedy,public_random,none,none,none,f_value,1.500,5872,0.017924046321525885,4.035848092643052,0.0003405994550408719,16.143392370572208,0.014886015651582171,0.020968291851346743,150000,comm,private,
<SOURCE_VECSTRAIGHT_REPO>/remote-results/phase3_vecstraight_clean_msgsource_learned_15seeds_remote_20260410/train/cond1_seed303.pt,cond1,303,1,9001,greedy,public_random,none,none,none,f_value,2.500,6262,0.3439795592462472,6.063877355477484,0.019642286809326094,24.255509421909935,0.2953606609469336,0.39309791332263244,150000,comm,private,
<SOURCE_VECSTRAIGHT_REPO>/remote-results/phase3_vecstraight_clean_msgsource_learned_15seeds_remote_20260410/train/cond1_seed303.pt,cond1,303,1,9001,greedy,public_random,none,none,none,f_value,3.500,6101,0.8331421078511719,12.331421078511719,0.40173742009506636,49.325684314046875,0.7310095363367314,0.934640522875817,150000,comm,private,
<SOURCE_VECSTRAIGHT_REPO>/remote-results/phase3_vecstraight_clean_msgsource_learned_15seeds_remote_20260410/train/cond1_seed303.pt,cond1,303,1,9001,greedy,public_random,none,none,none,f_value,5.000,5836,0.9802947224126114,19.68471555860178,0.9211788896504455,78.73886223440712,0.9610753052917232,0.9999134349030471,150000,comm,private,
<SOURCE_VECSTRAIGHT_REPO>/remote-results/phase3_vecstraight_clean_msgsource_learned_15seeds_remote_20260410/train/cond1_seed303.pt,cond1,303,1,9001,greedy,sender_shuffle,none,none,none,regime,competitive,5288,0.0015601361573373677,3.996879727685325,0.0,15.9875189107413,,,150000,comm,private,
<SOURCE_VECSTRAIGHT_REPO>/remote-results/phase3_vecstraight_clean_msgsource_learned_15seeds_remote_20260410/train/cond1_seed303.pt,cond1,303,1,9001,greedy,sender_shuffle,none,none,none,regime,cooperative,5917,0.9151174581713706,18.64187933074193,0.6604698326854825,74.56751732296772,,,150000,comm,private,
<SOURCE_VECSTRAIGHT_REPO>/remote-results/phase3_vecstraight_clean_msgsource_learned_15seeds_remote_20260410/train/cond1_seed303.pt,cond1,303,1,9001,greedy,sender_shuffle,none,none,none,regime,mixed,18795,0.4435754189944134,7.863527533918595,0.1841979249800479,31.45411013567438,,,150000,comm,private,
<SOURCE_VECSTRAIGHT_REPO>/remote-results/phase3_vecstraight_clean_msgsource_learned_15seeds_remote_20260410/train/cond1_seed303.pt,cond1,303,1,9001,greedy,sender_shuffle,none,none,none,f_value,0.500,5288,0.0015601361573373677,3.996879727685325,0.0,15.9875189107413,0.0016304347826086956,0.0014460511679644048,150000,comm,private,
<SOURCE_VECSTRAIGHT_REPO>/remote-results/phase3_vecstraight_clean_msgsource_learned_15seeds_remote_20260410/train/cond1_seed303.pt,cond1,303,1,9001,greedy,sender_shuffle,none,none,none,f_value,1.500,5824,0.015152815934065934,4.030305631868132,0.00034340659340659343,16.12122252747253,0.015492074863436912,0.01574074074074074,150000,comm,private,
<SOURCE_VECSTRAIGHT_REPO>/remote-results/phase3_vecstraight_clean_msgsource_learned_15seeds_remote_20260410/train/cond1_seed303.pt,cond1,303,1,9001,greedy,sender_shuffle,none,none,none,f_value,2.500,6298,0.39889647507145126,6.393378850428707,0.04541124166402032,25.57351540171483,0.3950099634672866,0.41791185481970305,150000,comm,private,
<SOURCE_VECSTRAIGHT_REPO>/remote-results/phase3_vecstraight_clean_msgsource_learned_15seeds_remote_20260410/train/cond1_seed303.pt,cond1,303,1,9001,greedy,sender_shuffle,none,none,none,f_value,3.500,6673,0.8596583245916379,12.59658324591638,0.4756481342724412,50.38633298366552,0.8538569863871068,0.8939529876188768,150000,comm,private,
<SOURCE_VECSTRAIGHT_REPO>/remote-results/phase3_vecstraight_clean_msgsource_learned_15seeds_remote_20260410/train/cond1_seed303.pt,cond1,303,1,9001,greedy,sender_shuffle,none,none,none,f_value,5.000,5917,0.9151174581713706,18.64187933074193,0.6604698326854825,74.56751732296772,0.911319171487877,0.9191336470826376,150000,comm,private,
<SOURCE_VECSTRAIGHT_REPO>/remote-results/phase3_vecstraight_clean_msgsource_learned_15seeds_remote_20260410/train/cond1_seed303.pt,cond1,303,1,9001,greedy,zeros,none,none,none,regime,competitive,5288,0.009880862329803328,3.9802382753403935,0.0,15.920953101361574,,,150000,comm,private,
<SOURCE_VECSTRAIGHT_REPO>/remote-results/phase3_vecstraight_clean_msgsource_learned_15seeds_remote_20260410/train/cond1_seed303.pt,cond1,303,1,9001,greedy,zeros,none,none,none,regime,cooperative,5917,1.0,20.0,1.0,80.0,,,150000,comm,private,
<SOURCE_VECSTRAIGHT_REPO>/remote-results/phase3_vecstraight_clean_msgsource_learned_15seeds_remote_20260410/train/cond1_seed303.pt,cond1,303,1,9001,greedy,zeros,none,none,none,regime,mixed,18795,0.6632482043096568,9.18826815642458,0.4679436020218143,36.75307262569832,,,150000,comm,private,
<SOURCE_VECSTRAIGHT_REPO>/remote-results/phase3_vecstraight_clean_msgsource_learned_15seeds_remote_20260410/train/cond1_seed303.pt,cond1,303,1,9001,greedy,zeros,none,none,none,f_value,0.500,5288,0.009880862329803328,3.9802382753403935,0.0,15.920953101361574,0.00990286661928453,0.008537607374816677,150000,comm,private,
<SOURCE_VECSTRAIGHT_REPO>/remote-results/phase3_vecstraight_clean_msgsource_learned_15seeds_remote_20260410/train/cond1_seed303.pt,cond1,303,1,9001,greedy,zeros,none,none,none,f_value,1.500,5824,0.1251717032967033,4.250343406593407,0.026614010989010988,17.001373626373628,0.13016754689491897,0.10311782966662168,150000,comm,private,
<SOURCE_VECSTRAIGHT_REPO>/remote-results/phase3_vecstraight_clean_msgsource_learned_15seeds_remote_20260410/train/cond1_seed303.pt,cond1,303,1,9001,greedy,zeros,none,none,none,f_value,2.500,6298,0.845982851698952,9.075897110193713,0.47777072086376626,36.30358844077485,0.844712671706088,0.8466090599633412,150000,comm,private,
<SOURCE_VECSTRAIGHT_REPO>/remote-results/phase3_vecstraight_clean_msgsource_learned_15seeds_remote_20260410/train/cond1_seed303.pt,cond1,303,1,9001,greedy,zeros,none,none,none,f_value,3.500,6673,0.9604001198861082,13.604001198861083,0.8438483440731305,54.41600479544433,0.9597241274196007,0.9566721512044889,150000,comm,private,
<SOURCE_VECSTRAIGHT_REPO>/remote-results/phase3_vecstraight_clean_msgsource_learned_15seeds_remote_20260410/train/cond1_seed303.pt,cond1,303,1,9001,greedy,zeros,none,none,none,f_value,5.000,5917,1.0,20.0,1.0,80.0,1.0,1.0,150000,comm,private,
<SOURCE_VECSTRAIGHT_REPO>/remote-results/phase3_vecstraight_clean_msgsource_learned_15seeds_remote_20260410/train/cond1_seed404.pt,cond1,404,1,9001,greedy,fixed0,none,none,none,regime,competitive,5288,0.0012764750378214825,3.997447049924357,0.0,15.989788199697427,,,150000,comm,private,
<SOURCE_VECSTRAIGHT_REPO>/remote-results/phase3_vecstraight_clean_msgsource_learned_15seeds_remote_20260410/train/cond1_seed404.pt,cond1,404,1,9001,greedy,fixed0,none,none,none,regime,cooperative,5917,0.777632246070644,16.442115937130303,0.3116444143991888,65.76846374852121,,,150000,comm,private,
<SOURCE_VECSTRAIGHT_REPO>/remote-results/phase3_vecstraight_clean_msgsource_learned_15seeds_remote_20260410/train/cond1_seed404.pt,cond1,404,1,9001,greedy,fixed0,none,none,none,regime,mixed,18795,0.4761239691407289,7.9468209630220805,0.17483373237563182,31.787283852088322,,,150000,comm,private,
<SOURCE_VECSTRAIGHT_REPO>/remote-results/phase3_vecstraight_clean_msgsource_learned_15seeds_remote_20260410/train/cond1_seed404.pt,cond1,404,1,9001,greedy,fixed0,none,none,none,f_value,0.500,5288,0.0012764750378214825,3.997447049924357,0.0,15.989788199697427,0.0012764750378214825,,150000,comm,private,
<SOURCE_VECSTRAIGHT_REPO>/remote-results/phase3_vecstraight_clean_msgsource_learned_15seeds_remote_20260410/train/cond1_seed404.pt,cond1,404,1,9001,greedy,fixed0,none,none,none,f_value,1.500,5824,0.03644402472527473,4.072888049450549,0.00017170329670329672,16.291552197802197,0.03644402472527473,,150000,comm,private,
<SOURCE_VECSTRAIGHT_REPO>/remote-results/phase3_vecstraight_clean_msgsource_learned_15seeds_remote_20260410/train/cond1_seed404.pt,cond1,404,1,9001,greedy,fixed0,none,none,none,f_value,2.500,6298,0.5402111781517942,7.241267068910766,0.1664020323912353,28.965068275643063,0.5402111781517942,,150000,comm,private,
<SOURCE_VECSTRAIGHT_REPO>/remote-results/phase3_vecstraight_clean_msgsource_learned_15seeds_remote_20260410/train/cond1_seed404.pt,cond1,404,1,9001,greedy,fixed0,none,none,none,f_value,3.500,6673,0.7993780908137269,11.99378090813727,0.3352315300464559,47.97512363254908,0.7993780908137269,,150000,comm,private,
<SOURCE_VECSTRAIGHT_REPO>/remote-results/phase3_vecstraight_clean_msgsource_learned_15seeds_remote_20260410/train/cond1_seed404.pt,cond1,404,1,9001,greedy,fixed0,none,none,none,f_value,5.000,5917,0.777632246070644,16.442115937130303,0.3116444143991888,65.76846374852121,0.777632246070644,,150000,comm,private,
<SOURCE_VECSTRAIGHT_REPO>/remote-results/phase3_vecstraight_clean_msgsource_learned_15seeds_remote_20260410/train/cond1_seed404.pt,cond1,404,1,9001,greedy,fixed1,none,none,none,regime,competitive,5288,0.005531391830559758,3.9889372163388805,0.0,15.955748865355522,,,150000,comm,private,
<SOURCE_VECSTRAIGHT_REPO>/remote-results/phase3_vecstraight_clean_msgsource_learned_15seeds_remote_20260410/train/cond1_seed404.pt,cond1,404,1,9001,greedy,fixed1,none,none,none,regime,cooperative,5917,0.8764154132161568,18.02264661145851,0.5056616528646274,72.09058644583403,,,150000,comm,private,
<SOURCE_VECSTRAIGHT_REPO>/remote-results/phase3_vecstraight_clean_msgsource_learned_15seeds_remote_20260410/train/cond1_seed404.pt,cond1,404,1,9001,greedy,fixed1,none,none,none,regime,mixed,18795,0.5165469539771216,8.235700984304335,0.16621441872838522,32.94280393721734,,,150000,comm,private,
<SOURCE_VECSTRAIGHT_REPO>/remote-results/phase3_vecstraight_clean_msgsource_learned_15seeds_remote_20260410/train/cond1_seed404.pt,cond1,404,1,9001,greedy,fixed1,none,none,none,f_value,0.500,5288,0.005531391830559758,3.9889372163388805,0.0,15.955748865355522,,0.005531391830559758,150000,comm,private,
<SOURCE_VECSTRAIGHT_REPO>/remote-results/phase3_vecstraight_clean_msgsource_learned_15seeds_remote_20260410/train/cond1_seed404.pt,cond1,404,1,9001,greedy,fixed1,none,none,none,f_value,1.500,5824,0.05249828296703297,4.104996565934066,0.0,16.419986263736263,,0.05249828296703297,150000,comm,private,
<SOURCE_VECSTRAIGHT_REPO>/remote-results/phase3_vecstraight_clean_msgsource_learned_15seeds_remote_20260410/train/cond1_seed404.pt,cond1,404,1,9001,greedy,fixed1,none,none,none,f_value,2.500,6298,0.5965782788186726,7.579469672912036,0.04922197523023182,30.317878691648144,,0.5965782788186726,150000,comm,private,
<SOURCE_VECSTRAIGHT_REPO>/remote-results/phase3_vecstraight_clean_msgsource_learned_15seeds_remote_20260410/train/cond1_seed404.pt,cond1,404,1,9001,greedy,fixed1,none,none,none,f_value,3.500,6673,0.846021279784205,12.46021279784205,0.42169938558369546,49.8408511913682,,0.846021279784205,150000,comm,private,
<SOURCE_VECSTRAIGHT_REPO>/remote-results/phase3_vecstraight_clean_msgsource_learned_15seeds_remote_20260410/train/cond1_seed404.pt,cond1,404,1,9001,greedy,fixed1,none,none,none,f_value,5.000,5917,0.8764154132161568,18.02264661145851,0.5056616528646274,72.09058644583403,,0.8764154132161568,150000,comm,private,
<SOURCE_VECSTRAIGHT_REPO>/remote-results/phase3_vecstraight_clean_msgsource_learned_15seeds_remote_20260410/train/cond1_seed404.pt,cond1,404,1,9001,greedy,indep_random,none,none,none,regime,competitive,5444,0.002709404849375459,3.994581190301249,0.0,15.978324761204997,,,150000,comm,private,
<SOURCE_VECSTRAIGHT_REPO>/remote-results/phase3_vecstraight_clean_msgsource_learned_15seeds_remote_20260410/train/cond1_seed404.pt,cond1,404,1,9001,greedy,indep_random,none,none,none,regime,cooperative,5829,0.8830416881111683,18.12866700977869,0.5911820209298336,72.51466803911477,,,150000,comm,private,
<SOURCE_VECSTRAIGHT_REPO>/remote-results/phase3_vecstraight_clean_msgsource_learned_15seeds_remote_20260410/train/cond1_seed404.pt,cond1,404,1,9001,greedy,indep_random,none,none,none,regime,mixed,18727,0.48272547658461046,7.989800822342073,0.18945906979227853,31.959203289368293,,,150000,comm,private,
<SOURCE_VECSTRAIGHT_REPO>/remote-results/phase3_vecstraight_clean_msgsource_learned_15seeds_remote_20260410/train/cond1_seed404.pt,cond1,404,1,9001,greedy,indep_random,none,none,none,f_value,0.500,5444,0.002709404849375459,3.994581190301249,0.0,15.978324761204997,0.002379315814519114,0.0028446504767423485,150000,comm,private,
<SOURCE_VECSTRAIGHT_REPO>/remote-results/phase3_vecstraight_clean_msgsource_learned_15seeds_remote_20260410/train/cond1_seed404.pt,cond1,404,1,9001,greedy,indep_random,none,none,none,f_value,1.500,5205,0.032516810758885684,4.065033621517771,0.00019212295869356388,16.260134486071085,0.02803789798391539,0.03390855132996263,150000,comm,private,
<SOURCE_VECSTRAIGHT_REPO>/remote-results/phase3_vecstraight_clean_msgsource_learned_15seeds_remote_20260410/train/cond1_seed404.pt,cond1,404,1,9001,greedy,indep_random,none,none,none,f_value,2.500,7182,0.4987816764132554,6.992690058479532,0.06975772765246449,27.970760233918128,0.47454378469033265,0.5031596518421366,150000,comm,private,
<SOURCE_VECSTRAIGHT_REPO>/remote-results/phase3_vecstraight_clean_msgsource_learned_15seeds_remote_20260410/train/cond1_seed404.pt,cond1,404,1,9001,greedy,indep_random,none,none,none,f_value,3.500,6340,0.8341482649842271,12.341482649842272,0.4804416403785489,49.36593059936909,0.8233777978747456,0.8344547301874012,150000,comm,private,
<SOURCE_VECSTRAIGHT_REPO>/remote-results/phase3_vecstraight_clean_msgsource_learned_15seeds_remote_20260410/train/cond1_seed404.pt,cond1,404,1,9001,greedy,indep_random,none,none,none,f_value,5.000,5829,0.8830416881111683,18.12866700977869,0.5911820209298336,72.51466803911477,0.8780294786823623,0.8883372274143302,150000,comm,private,
<SOURCE_VECSTRAIGHT_REPO>/remote-results/phase3_vecstraight_clean_msgsource_learned_15seeds_remote_20260410/train/cond1_seed404.pt,cond1,404,1,9001,greedy,marginal,none,none,none,regime,competitive,5980,0.00229933110367893,3.995401337792642,0.0,15.981605351170568,,,150000,comm,private,
<SOURCE_VECSTRAIGHT_REPO>/remote-results/phase3_vecstraight_clean_msgsource_learned_15seeds_remote_20260410/train/cond1_seed404.pt,cond1,404,1,9001,greedy,marginal,none,none,none,regime,cooperative,5921,0.8884478973146428,18.215166357034285,0.6054720486404324,72.86066542813714,,,150000,comm,private,
<SOURCE_VECSTRAIGHT_REPO>/remote-results/phase3_vecstraight_clean_msgsource_learned_15seeds_remote_20260410/train/cond1_seed404.pt,cond1,404,1,9001,greedy,marginal,none,none,none,regime,mixed,18099,0.4607575004143875,7.913890270180673,0.18387756229625946,31.65556108072269,,,150000,comm,private,
<SOURCE_VECSTRAIGHT_REPO>/remote-results/phase3_vecstraight_clean_msgsource_learned_15seeds_remote_20260410/train/cond1_seed404.pt,cond1,404,1,9001,greedy,marginal,none,none,none,f_value,0.500,5980,0.00229933110367893,3.995401337792642,0.0,15.981605351170568,0.001931807205640877,0.002336776183577137,150000,comm,private,
<SOURCE_VECSTRAIGHT_REPO>/remote-results/phase3_vecstraight_clean_msgsource_learned_15seeds_remote_20260410/train/cond1_seed404.pt,cond1,404,1,9001,greedy,marginal,none,none,none,f_value,1.500,5804,0.02700723638869745,4.054014472777395,0.00017229496898690558,16.21605789110958,0.02418355716338768,0.026057529610829102,150000,comm,private,
<SOURCE_VECSTRAIGHT_REPO>/remote-results/phase3_vecstraight_clean_msgsource_learned_15seeds_remote_20260410/train/cond1_seed404.pt,cond1,404,1,9001,greedy,marginal,none,none,none,f_value,2.500,5884,0.4801580557443916,6.88094833446635,0.058123725356900066,27.5237933378654,0.4523239099185434,0.48173438033458515,150000,comm,private,
<SOURCE_VECSTRAIGHT_REPO>/remote-results/phase3_vecstraight_clean_msgsource_learned_15seeds_remote_20260410/train/cond1_seed404.pt,cond1,404,1,9001,greedy,marginal,none,none,none,f_value,3.500,6411,0.835634066448292,12.35634066448292,0.4656059897051942,49.42536265793168,0.8267343776897917,0.832700675863346,150000,comm,private,
<SOURCE_VECSTRAIGHT_REPO>/remote-results/phase3_vecstraight_clean_msgsource_learned_15seeds_remote_20260410/train/cond1_seed404.pt,cond1,404,1,9001,greedy,marginal,none,none,none,f_value,5.000,5921,0.8884478973146428,18.215166357034285,0.6054720486404324,72.86066542813714,0.8851394899180555,0.9073785803237858,150000,comm,private,
<SOURCE_VECSTRAIGHT_REPO>/remote-results/phase3_vecstraight_clean_msgsource_learned_15seeds_remote_20260410/train/cond1_seed404.pt,cond1,404,1,9001,greedy,none,none,none,none,regime,competitive,5288,0.0016546898638426625,3.9966906202723145,0.0,15.986762481089258,,,150000,comm,private,
<SOURCE_VECSTRAIGHT_REPO>/remote-results/phase3_vecstraight_clean_msgsource_learned_15seeds_remote_20260410/train/cond1_seed404.pt,cond1,404,1,9001,greedy,none,none,none,none,regime,cooperative,5917,0.7871387527463242,16.594220043941185,0.3319249619739733,66.37688017576474,,,150000,comm,private,
<SOURCE_VECSTRAIGHT_REPO>/remote-results/phase3_vecstraight_clean_msgsource_learned_15seeds_remote_20260410/train/cond1_seed404.pt,cond1,404,1,9001,greedy,none,none,none,none,regime,mixed,18795,0.4290369779196595,7.609071561585528,0.08826815642458101,30.436286246342114,,,150000,comm,private,
<SOURCE_VECSTRAIGHT_REPO>/remote-results/phase3_vecstraight_clean_msgsource_learned_15seeds_remote_20260410/train/cond1_seed404.pt,cond1,404,1,9001,greedy,none,none,none,none,f_value,0.500,5288,0.0016546898638426625,3.9966906202723145,0.0,15.986762481089258,0.0001260716086737267,0.0016546898638426625,150000,comm,private,
<SOURCE_VECSTRAIGHT_REPO>/remote-results/phase3_vecstraight_clean_msgsource_learned_15seeds_remote_20260410/train/cond1_seed404.pt,cond1,404,1,9001,greedy,none,none,none,none,f_value,1.500,5824,0.028245192307692308,4.056490384615385,0.0,16.22596153846154,0.00809901328922603,0.02824761741220915,150000,comm,private,
<SOURCE_VECSTRAIGHT_REPO>/remote-results/phase3_vecstraight_clean_msgsource_learned_15seeds_remote_20260410/train/cond1_seed404.pt,cond1,404,1,9001,greedy,none,none,none,none,f_value,2.500,6298,0.4560574785646237,6.736344871387742,0.029374404572880278,26.94537948555097,0.4099188937641271,0.453620637850367,150000,comm,private,
<SOURCE_VECSTRAIGHT_REPO>/remote-results/phase3_vecstraight_clean_msgsource_learned_15seeds_remote_20260410/train/cond1_seed404.pt,cond1,404,1,9001,greedy,none,none,none,none,f_value,3.500,6673,0.753334332384235,11.53334332384235,0.22089015435336432,46.1333732953694,0.7531401147313561,0.6854763491005996,150000,comm,private,
<SOURCE_VECSTRAIGHT_REPO>/remote-results/phase3_vecstraight_clean_msgsource_learned_15seeds_remote_20260410/train/cond1_seed404.pt,cond1,404,1,9001,greedy,none,none,none,none,f_value,5.000,5917,0.7871387527463242,16.594220043941185,0.3319249619739733,66.37688017576474,0.7871387527463242,0.9165701042873696,150000,comm,private,
<SOURCE_VECSTRAIGHT_REPO>/remote-results/phase3_vecstraight_clean_msgsource_learned_15seeds_remote_20260410/train/cond1_seed404.pt,cond1,404,1,9001,greedy,permute_slots,none,none,none,regime,competitive,5862,0.0026015011941316955,3.994796997611737,0.0,15.979187990446947,,,150000,comm,private,
<SOURCE_VECSTRAIGHT_REPO>/remote-results/phase3_vecstraight_clean_msgsource_learned_15seeds_remote_20260410/train/cond1_seed404.pt,cond1,404,1,9001,greedy,permute_slots,none,none,none,regime,cooperative,6068,0.7883157547791694,16.613052076466712,0.3365194462755438,66.45220830586685,,,150000,comm,private,
<SOURCE_VECSTRAIGHT_REPO>/remote-results/phase3_vecstraight_clean_msgsource_learned_15seeds_remote_20260410/train/cond1_seed404.pt,cond1,404,1,9001,greedy,permute_slots,none,none,none,regime,mixed,18070,0.4780852241283896,8.044216934144991,0.1991698948533481,32.176867736579965,,,150000,comm,private,
<SOURCE_VECSTRAIGHT_REPO>/remote-results/phase3_vecstraight_clean_msgsource_learned_15seeds_remote_20260410/train/cond1_seed404.pt,cond1,404,1,9001,greedy,permute_slots,none,none,none,f_value,0.500,5862,0.0026015011941316955,3.994796997611737,0.0,15.979187990446947,0.002388263391334016,0.0026015011941316955,150000,comm,private,
<SOURCE_VECSTRAIGHT_REPO>/remote-results/phase3_vecstraight_clean_msgsource_learned_15seeds_remote_20260410/train/cond1_seed404.pt,cond1,404,1,9001,greedy,permute_slots,none,none,none,f_value,1.500,5576,0.029411764705882353,4.0588235294117645,0.0,16.235294117647058,0.02203823932336649,0.02941308344168946,150000,comm,private,
<SOURCE_VECSTRAIGHT_REPO>/remote-results/phase3_vecstraight_clean_msgsource_learned_15seeds_remote_20260410/train/cond1_seed404.pt,cond1,404,1,9001,greedy,permute_slots,none,none,none,f_value,2.500,6045,0.4962365591397849,6.97741935483871,0.07129859387923904,27.90967741935484,0.4805655337570231,0.48289362459402946,150000,comm,private,
<SOURCE_VECSTRAIGHT_REPO>/remote-results/phase3_vecstraight_clean_msgsource_learned_15seeds_remote_20260410/train/cond1_seed404.pt,cond1,404,1,9001,greedy,permute_slots,none,none,none,f_value,3.500,6449,0.8490075980772213,12.490075980772213,0.49123895177546906,49.96030392308885,0.8489057892286203,0.8560964542684903,150000,comm,private,
<SOURCE_VECSTRAIGHT_REPO>/remote-results/phase3_vecstraight_clean_msgsource_learned_15seeds_remote_20260410/train/cond1_seed404.pt,cond1,404,1,9001,greedy,permute_slots,none,none,none,f_value,5.000,6068,0.7883157547791694,16.613052076466712,0.3365194462755438,66.45220830586685,0.7883157547791694,0.9332146037399822,150000,comm,private,
<SOURCE_VECSTRAIGHT_REPO>/remote-results/phase3_vecstraight_clean_msgsource_learned_15seeds_remote_20260410/train/cond1_seed404.pt,cond1,404,1,9001,greedy,public_marginal,none,none,none,regime,competitive,6381,0.0027816956589876195,3.9944366086820247,0.0,15.977746434728099,,,150000,comm,private,
<SOURCE_VECSTRAIGHT_REPO>/remote-results/phase3_vecstraight_clean_msgsource_learned_15seeds_remote_20260410/train/cond1_seed404.pt,cond1,404,1,9001,greedy,public_marginal,none,none,none,regime,cooperative,5877,0.8094691168963757,16.95150587034201,0.3486472690148035,67.80602348136804,,,150000,comm,private,
<SOURCE_VECSTRAIGHT_REPO>/remote-results/phase3_vecstraight_clean_msgsource_learned_15seeds_remote_20260410/train/cond1_seed404.pt,cond1,404,1,9001,greedy,public_marginal,none,none,none,regime,mixed,17742,0.5018177206628339,8.057293428023899,0.16824484274602639,32.229173712095594,,,150000,comm,private,
<SOURCE_VECSTRAIGHT_REPO>/remote-results/phase3_vecstraight_clean_msgsource_learned_15seeds_remote_20260410/train/cond1_seed404.pt,cond1,404,1,9001,greedy,public_marginal,none,none,none,f_value,0.500,6381,0.0027816956589876195,3.9944366086820247,0.0,15.977746434728099,0.0013003901170351106,0.00416036308623298,150000,comm,private,
<SOURCE_VECSTRAIGHT_REPO>/remote-results/phase3_vecstraight_clean_msgsource_learned_15seeds_remote_20260410/train/cond1_seed404.pt,cond1,404,1,9001,greedy,public_marginal,none,none,none,f_value,1.500,5647,0.04511244908801133,4.0902248981760225,0.0,16.36089959270409,0.03858636855391273,0.05140918580375783,150000,comm,private,
<SOURCE_VECSTRAIGHT_REPO>/remote-results/phase3_vecstraight_clean_msgsource_learned_15seeds_remote_20260410/train/cond1_seed404.pt,cond1,404,1,9001,greedy,public_marginal,none,none,none,f_value,2.500,6241,0.6012658227848101,7.6075949367088604,0.09277359397532446,30.430379746835442,0.5859423434593924,0.6176616915422886,150000,comm,private,
<SOURCE_VECSTRAIGHT_REPO>/remote-results/phase3_vecstraight_clean_msgsource_learned_15seeds_remote_20260410/train/cond1_seed404.pt,cond1,404,1,9001,greedy,public_marginal,none,none,none,f_value,3.500,5854,0.8363512128459173,12.363512128459174,0.41100102494021185,49.454048513836696,0.8188542650299024,0.8571161748225625,150000,comm,private,
<SOURCE_VECSTRAIGHT_REPO>/remote-results/phase3_vecstraight_clean_msgsource_learned_15seeds_remote_20260410/train/cond1_seed404.pt,cond1,404,1,9001,greedy,public_marginal,none,none,none,f_value,5.000,5877,0.8094691168963757,16.95150587034201,0.3486472690148035,67.80602348136804,0.7720545134818289,0.8612576064908722,150000,comm,private,
<SOURCE_VECSTRAIGHT_REPO>/remote-results/phase3_vecstraight_clean_msgsource_learned_15seeds_remote_20260410/train/cond1_seed404.pt,cond1,404,1,9001,greedy,public_random,none,none,none,regime,competitive,5929,0.0025299375948726597,3.9949401248102547,0.0,15.979760499241019,,,150000,comm,private,
<SOURCE_VECSTRAIGHT_REPO>/remote-results/phase3_vecstraight_clean_msgsource_learned_15seeds_remote_20260410/train/cond1_seed404.pt,cond1,404,1,9001,greedy,public_random,none,none,none,regime,cooperative,5836,0.8177261823166553,17.083618917066484,0.35555174777244686,68.33447566826594,,,150000,comm,private,
<SOURCE_VECSTRAIGHT_REPO>/remote-results/phase3_vecstraight_clean_msgsource_learned_15seeds_remote_20260410/train/cond1_seed404.pt,cond1,404,1,9001,greedy,public_random,none,none,none,regime,mixed,18235,0.5021250342747464,8.06594461200987,0.16830271455991225,32.26377844803948,,,150000,comm,private,
<SOURCE_VECSTRAIGHT_REPO>/remote-results/phase3_vecstraight_clean_msgsource_learned_15seeds_remote_20260410/train/cond1_seed404.pt,cond1,404,1,9001,greedy,public_random,none,none,none,f_value,0.500,5929,0.0025299375948726597,3.9949401248102547,0.0,15.979760499241019,0.0011013215859030838,0.003945601074546675,150000,comm,private,
<SOURCE_VECSTRAIGHT_REPO>/remote-results/phase3_vecstraight_clean_msgsource_learned_15seeds_remote_20260410/train/cond1_seed404.pt,cond1,404,1,9001,greedy,public_random,none,none,none,f_value,1.500,5872,0.0483225476839237,4.0966450953678475,0.00017029972752043596,16.38658038147139,0.037767948281728476,0.05889873849301057,150000,comm,private,
<SOURCE_VECSTRAIGHT_REPO>/remote-results/phase3_vecstraight_clean_msgsource_learned_15seeds_remote_20260410/train/cond1_seed404.pt,cond1,404,1,9001,greedy,public_random,none,none,none,f_value,2.500,6262,0.6048387096774194,7.629032258064516,0.09326093899712552,30.516129032258064,0.5846838258659041,0.6252006420545746,150000,comm,private,
<SOURCE_VECSTRAIGHT_REPO>/remote-results/phase3_vecstraight_clean_msgsource_learned_15seeds_remote_20260410/train/cond1_seed404.pt,cond1,404,1,9001,greedy,public_random,none,none,none,f_value,3.500,6101,0.8334699229634486,12.334699229634486,0.40714636944763155,49.338796918537945,0.8107530417625781,0.8560457516339869,150000,comm,private,
<SOURCE_VECSTRAIGHT_REPO>/remote-results/phase3_vecstraight_clean_msgsource_learned_15seeds_remote_20260410/train/cond1_seed404.pt,cond1,404,1,9001,greedy,public_random,none,none,none,f_value,5.000,5836,0.8177261823166553,17.083618917066484,0.35555174777244686,68.33447566826594,0.7734905020352781,0.8628808864265928,150000,comm,private,
<SOURCE_VECSTRAIGHT_REPO>/remote-results/phase3_vecstraight_clean_msgsource_learned_15seeds_remote_20260410/train/cond1_seed404.pt,cond1,404,1,9001,greedy,sender_shuffle,none,none,none,regime,competitive,5288,0.0012764750378214825,3.997447049924357,0.0,15.989788199697427,,,150000,comm,private,
<SOURCE_VECSTRAIGHT_REPO>/remote-results/phase3_vecstraight_clean_msgsource_learned_15seeds_remote_20260410/train/cond1_seed404.pt,cond1,404,1,9001,greedy,sender_shuffle,none,none,none,regime,cooperative,5917,0.9197228325164779,18.715565320263646,0.6893696129795505,74.86226128105459,,,150000,comm,private,
<SOURCE_VECSTRAIGHT_REPO>/remote-results/phase3_vecstraight_clean_msgsource_learned_15seeds_remote_20260410/train/cond1_seed404.pt,cond1,404,1,9001,greedy,sender_shuffle,none,none,none,regime,mixed,18795,0.44796488427773345,7.870444267092312,0.18691141260973662,31.481777068369247,,,150000,comm,private,
<SOURCE_VECSTRAIGHT_REPO>/remote-results/phase3_vecstraight_clean_msgsource_learned_15seeds_remote_20260410/train/cond1_seed404.pt,cond1,404,1,9001,greedy,sender_shuffle,none,none,none,f_value,0.500,5288,0.0012764750378214825,3.997447049924357,0.0,15.989788199697427,0.0007443060586513174,0.0013712154453707766,150000,comm,private,
<SOURCE_VECSTRAIGHT_REPO>/remote-results/phase3_vecstraight_clean_msgsource_learned_15seeds_remote_20260410/train/cond1_seed404.pt,cond1,404,1,9001,greedy,sender_shuffle,none,none,none,f_value,1.500,5824,0.01850103021978022,4.03700206043956,0.00017170329670329672,16.14800824175824,0.015508069605986836,0.01827143283879319,150000,comm,private,
<SOURCE_VECSTRAIGHT_REPO>/remote-results/phase3_vecstraight_clean_msgsource_learned_15seeds_remote_20260410/train/cond1_seed404.pt,cond1,404,1,9001,greedy,sender_shuffle,none,none,none,f_value,2.500,6298,0.4202921562400762,6.521752937440457,0.047475389012384885,26.087011749761828,0.39751061526933645,0.4164831560699058,150000,comm,private,
<SOURCE_VECSTRAIGHT_REPO>/remote-results/phase3_vecstraight_clean_msgsource_learned_15seeds_remote_20260410/train/cond1_seed404.pt,cond1,404,1,9001,greedy,sender_shuffle,none,none,none,f_value,3.500,6673,0.8489060392627005,12.489060392627005,0.4814925820470553,49.95624157050802,0.8413260886683991,0.8437913104785406,150000,comm,private,
<SOURCE_VECSTRAIGHT_REPO>/remote-results/phase3_vecstraight_clean_msgsource_learned_15seeds_remote_20260410/train/cond1_seed404.pt,cond1,404,1,9001,greedy,sender_shuffle,none,none,none,f_value,5.000,5917,0.9197228325164779,18.715565320263646,0.6893696129795505,74.86226128105459,0.9158600479531125,0.9290632585327191,150000,comm,private,
<SOURCE_VECSTRAIGHT_REPO>/remote-results/phase3_vecstraight_clean_msgsource_learned_15seeds_remote_20260410/train/cond1_seed404.pt,cond1,404,1,9001,greedy,zeros,none,none,none,regime,competitive,5288,0.00283661119515885,3.9943267776096825,0.0,15.97730711043873,,,150000,comm,private,
<SOURCE_VECSTRAIGHT_REPO>/remote-results/phase3_vecstraight_clean_msgsource_learned_15seeds_remote_20260410/train/cond1_seed404.pt,cond1,404,1,9001,greedy,zeros,none,none,none,regime,cooperative,5917,0.8580784181172891,17.729254689876626,0.43231367246915664,70.9170187595065,,,150000,comm,private,
<SOURCE_VECSTRAIGHT_REPO>/remote-results/phase3_vecstraight_clean_msgsource_learned_15seeds_remote_20260410/train/cond1_seed404.pt,cond1,404,1,9001,greedy,zeros,none,none,none,regime,mixed,18795,0.5267624368183027,8.14291034849694,0.004682096302208034,32.57164139398776,,,150000,comm,private,
<SOURCE_VECSTRAIGHT_REPO>/remote-results/phase3_vecstraight_clean_msgsource_learned_15seeds_remote_20260410/train/cond1_seed404.pt,cond1,404,1,9001,greedy,zeros,none,none,none,f_value,0.500,5288,0.00283661119515885,3.9943267776096825,0.0,15.97730711043873,0.0030887544125063034,0.00283661119515885,150000,comm,private,
<SOURCE_VECSTRAIGHT_REPO>/remote-results/phase3_vecstraight_clean_msgsource_learned_15seeds_remote_20260410/train/cond1_seed404.pt,cond1,404,1,9001,greedy,zeros,none,none,none,f_value,1.500,5824,0.06936813186813187,4.138736263736264,0.0,16.554945054945055,0.08137884036572207,0.06903217492160316,150000,comm,private,
<SOURCE_VECSTRAIGHT_REPO>/remote-results/phase3_vecstraight_clean_msgsource_learned_15seeds_remote_20260410/train/cond1_seed404.pt,cond1,404,1,9001,greedy,zeros,none,none,none,f_value,2.500,6298,0.710820895522388,8.264925373134329,0.0,33.059701492537314,0.7113347022587269,0.6716635338345864,150000,comm,private,
<SOURCE_VECSTRAIGHT_REPO>/remote-results/phase3_vecstraight_clean_msgsource_learned_15seeds_remote_20260410/train/cond1_seed404.pt,cond1,404,1,9001,greedy,zeros,none,none,none,f_value,3.500,6673,0.7522478645286977,11.522478645286977,0.013187471901693391,46.08991458114791,0.7521550108687505,0.6804578043807143,150000,comm,private,
<SOURCE_VECSTRAIGHT_REPO>/remote-results/phase3_vecstraight_clean_msgsource_learned_15seeds_remote_20260410/train/cond1_seed404.pt,cond1,404,1,9001,greedy,zeros,none,none,none,f_value,5.000,5917,0.8580784181172891,17.729254689876626,0.43231367246915664,70.9170187595065,0.8580784181172891,0.8175559380378657,150000,comm,private,
<SOURCE_VECSTRAIGHT_REPO>/remote-results/phase3_vecstraight_clean_msgsource_learned_15seeds_remote_20260410/train/cond1_seed505.pt,cond1,505,1,9001,greedy,fixed0,none,none,none,regime,competitive,5288,0.00028366111951588503,3.9994326777609683,0.0,15.997730711043873,,,150000,comm,private,
<SOURCE_VECSTRAIGHT_REPO>/remote-results/phase3_vecstraight_clean_msgsource_learned_15seeds_remote_20260410/train/cond1_seed505.pt,cond1,505,1,9001,greedy,fixed0,none,none,none,regime,cooperative,5917,0.9757055940510394,19.61128950481663,0.9028223762041575,78.44515801926651,,,150000,comm,private,
<SOURCE_VECSTRAIGHT_REPO>/remote-results/phase3_vecstraight_clean_msgsource_learned_15seeds_remote_20260410/train/cond1_seed505.pt,cond1,505,1,9001,greedy,fixed0,none,none,none,regime,mixed,18795,0.34314977387603085,7.009577015163607,0.014737962223995744,28.03830806065443,,,150000,comm,private,
<SOURCE_VECSTRAIGHT_REPO>/remote-results/phase3_vecstraight_clean_msgsource_learned_15seeds_remote_20260410/train/cond1_seed505.pt,cond1,505,1,9001,greedy,fixed0,none,none,none,f_value,0.500,5288,0.00028366111951588503,3.9994326777609683,0.0,15.997730711043873,0.00028366111951588503,,150000,comm,private,
<SOURCE_VECSTRAIGHT_REPO>/remote-results/phase3_vecstraight_clean_msgsource_learned_15seeds_remote_20260410/train/cond1_seed505.pt,cond1,505,1,9001,greedy,fixed0,none,none,none,f_value,1.500,5824,0.008585164835164836,4.017170329670329,0.0,16.068681318681318,0.008585164835164836,,150000,comm,private,
<SOURCE_VECSTRAIGHT_REPO>/remote-results/phase3_vecstraight_clean_msgsource_learned_15seeds_remote_20260410/train/cond1_seed505.pt,cond1,505,1,9001,greedy,fixed0,none,none,none,f_value,2.500,6298,0.2989044140997142,5.793426484598285,0.0,23.17370593839314,0.2989044140997142,,150000,comm,private,
<SOURCE_VECSTRAIGHT_REPO>/remote-results/phase3_vecstraight_clean_msgsource_learned_15seeds_remote_20260410/train/cond1_seed505.pt,cond1,505,1,9001,greedy,fixed0,none,none,none,f_value,3.500,6673,0.6769069384085119,10.76906938408512,0.04151056496328488,43.07627753634048,0.6769069384085119,,150000,comm,private,
<SOURCE_VECSTRAIGHT_REPO>/remote-results/phase3_vecstraight_clean_msgsource_learned_15seeds_remote_20260410/train/cond1_seed505.pt,cond1,505,1,9001,greedy,fixed0,none,none,none,f_value,5.000,5917,0.9757055940510394,19.61128950481663,0.9028223762041575,78.44515801926651,0.9757055940510394,,150000,comm,private,
<SOURCE_VECSTRAIGHT_REPO>/remote-results/phase3_vecstraight_clean_msgsource_learned_15seeds_remote_20260410/train/cond1_seed505.pt,cond1,505,1,9001,greedy,fixed1,none,none,none,regime,competitive,5288,0.0012291981845688352,3.997541603630862,0.0,15.990166414523449,,,150000,comm,private,
<SOURCE_VECSTRAIGHT_REPO>/remote-results/phase3_vecstraight_clean_msgsource_learned_15seeds_remote_20260410/train/cond1_seed505.pt,cond1,505,1,9001,greedy,fixed1,none,none,none,regime,cooperative,5917,0.9983099543687679,19.972959269900286,0.9932398174750718,79.89183707960115,,,150000,comm,private,
<SOURCE_VECSTRAIGHT_REPO>/remote-results/phase3_vecstraight_clean_msgsource_learned_15seeds_remote_20260410/train/cond1_seed505.pt,cond1,505,1,9001,greedy,fixed1,none,none,none,regime,mixed,18795,0.4688613993083267,8.144958765629157,0.3261505719606278,32.57983506251663,,,150000,comm,private,
<SOURCE_VECSTRAIGHT_REPO>/remote-results/phase3_vecstraight_clean_msgsource_learned_15seeds_remote_20260410/train/cond1_seed505.pt,cond1,505,1,9001,greedy,fixed1,none,none,none,f_value,0.500,5288,0.0012291981845688352,3.997541603630862,0.0,15.990166414523449,,0.0012291981845688352,150000,comm,private,
<SOURCE_VECSTRAIGHT_REPO>/remote-results/phase3_vecstraight_clean_msgsource_learned_15seeds_remote_20260410/train/cond1_seed505.pt,cond1,505,1,9001,greedy,fixed1,none,none,none,f_value,1.500,5824,0.033782623626373624,4.067565247252747,0.0,16.27026098901099,,0.033782623626373624,150000,comm,private,
<SOURCE_VECSTRAIGHT_REPO>/remote-results/phase3_vecstraight_clean_msgsource_learned_15seeds_remote_20260410/train/cond1_seed505.pt,cond1,505,1,9001,greedy,fixed1,none,none,none,f_value,2.500,6298,0.3431248015242934,6.058748809145761,0.0193712289615751,24.234995236583043,,0.3431248015242934,150000,comm,private,
<SOURCE_VECSTRAIGHT_REPO>/remote-results/phase3_vecstraight_clean_msgsource_learned_15seeds_remote_20260410/train/cond1_seed505.pt,cond1,505,1,9001,greedy,fixed1,none,none,none,f_value,3.500,6673,0.9672561066986363,13.672561066986363,0.900344672561067,54.69024426794545,,0.9672561066986363,150000,comm,private,
<SOURCE_VECSTRAIGHT_REPO>/remote-results/phase3_vecstraight_clean_msgsource_learned_15seeds_remote_20260410/train/cond1_seed505.pt,cond1,505,1,9001,greedy,fixed1,none,none,none,f_value,5.000,5917,0.9983099543687679,19.972959269900286,0.9932398174750718,79.89183707960115,,0.9983099543687679,150000,comm,private,
<SOURCE_VECSTRAIGHT_REPO>/remote-results/phase3_vecstraight_clean_msgsource_learned_15seeds_remote_20260410/train/cond1_seed505.pt,cond1,505,1,9001,greedy,indep_random,none,none,none,regime,competitive,5444,0.000964364437913299,3.9980712711241733,0.0,15.992285084496693,,,150000,comm,private,
<SOURCE_VECSTRAIGHT_REPO>/remote-results/phase3_vecstraight_clean_msgsource_learned_15seeds_remote_20260410/train/cond1_seed505.pt,cond1,505,1,9001,greedy,indep_random,none,none,none,regime,cooperative,5829,0.9848172928461143,19.75707668553783,0.9418425115800309,79.02830674215132,,,150000,comm,private,
<SOURCE_VECSTRAIGHT_REPO>/remote-results/phase3_vecstraight_clean_msgsource_learned_15seeds_remote_20260410/train/cond1_seed505.pt,cond1,505,1,9001,greedy,indep_random,none,none,none,regime,mixed,18727,0.39208095263523257,7.48272547658461,0.17151706092807176,29.93090190633844,,,150000,comm,private,
<SOURCE_VECSTRAIGHT_REPO>/remote-results/phase3_vecstraight_clean_msgsource_learned_15seeds_remote_20260410/train/cond1_seed505.pt,cond1,505,1,9001,greedy,indep_random,none,none,none,f_value,0.500,5444,0.000964364437913299,3.9980712711241733,0.0,15.992285084496693,0.0007931052715063713,0.0010535742506453142,150000,comm,private,
<SOURCE_VECSTRAIGHT_REPO>/remote-results/phase3_vecstraight_clean_msgsource_learned_15seeds_remote_20260410/train/cond1_seed505.pt,cond1,505,1,9001,greedy,indep_random,none,none,none,f_value,1.500,5205,0.019116234390009607,4.038232468780019,0.0,16.152929875120076,0.017682053541919138,0.020828753572213674,150000,comm,private,
<SOURCE_VECSTRAIGHT_REPO>/remote-results/phase3_vecstraight_clean_msgsource_learned_15seeds_remote_20260410/train/cond1_seed505.pt,cond1,505,1,9001,greedy,indep_random,none,none,none,f_value,2.500,7182,0.2578668894458368,5.547201336675021,0.004873294346978557,22.188805346700082,0.24274248292936149,0.267556933349231,150000,comm,private,
<SOURCE_VECSTRAIGHT_REPO>/remote-results/phase3_vecstraight_clean_msgsource_learned_15seeds_remote_20260410/train/cond1_seed505.pt,cond1,505,1,9001,greedy,indep_random,none,none,none,f_value,3.500,6340,0.8503154574132492,12.503154574132493,0.5011041009463723,50.01261829652997,0.8343205968799458,0.8644840821855949,150000,comm,private,
<SOURCE_VECSTRAIGHT_REPO>/remote-results/phase3_vecstraight_clean_msgsource_learned_15seeds_remote_20260410/train/cond1_seed505.pt,cond1,505,1,9001,greedy,indep_random,none,none,none,f_value,5.000,5829,0.9848172928461143,19.75707668553783,0.9418425115800309,79.02830674215132,0.9827876149965378,0.9858839563862928,150000,comm,private,
<SOURCE_VECSTRAIGHT_REPO>/remote-results/phase3_vecstraight_clean_msgsource_learned_15seeds_remote_20260410/train/cond1_seed505.pt,cond1,505,1,9001,greedy,marginal,none,none,none,regime,competitive,5980,0.0005434782608695652,3.998913043478261,0.0,15.995652173913044,,,150000,comm,private,
<SOURCE_VECSTRAIGHT_REPO>/remote-results/phase3_vecstraight_clean_msgsource_learned_15seeds_remote_20260410/train/cond1_seed505.pt,cond1,505,1,9001,greedy,marginal,none,none,none,regime,cooperative,5921,0.9849687552778247,19.759500084445197,0.942239486573214,79.03800033778079,,,150000,comm,private,
<SOURCE_VECSTRAIGHT_REPO>/remote-results/phase3_vecstraight_clean_msgsource_learned_15seeds_remote_20260410/train/cond1_seed505.pt,cond1,505,1,9001,greedy,marginal,none,none,none,regime,mixed,18099,0.3771479087242389,7.442786894303553,0.17498204320680702,29.77114757721421,,,150000,comm,private,
<SOURCE_VECSTRAIGHT_REPO>/remote-results/phase3_vecstraight_clean_msgsource_learned_15seeds_remote_20260410/train/cond1_seed505.pt,cond1,505,1,9001,greedy,marginal,none,none,none,f_value,0.500,5980,0.0005434782608695652,3.998913043478261,0.0,15.995652173913044,0.0005627462014631402,0.000572437151171111,150000,comm,private,
<SOURCE_VECSTRAIGHT_REPO>/remote-results/phase3_vecstraight_clean_msgsource_learned_15seeds_remote_20260410/train/cond1_seed505.pt,cond1,505,1,9001,greedy,marginal,none,none,none,f_value,1.500,5804,0.014601998621640248,4.029203997243281,0.0,16.116815988973123,0.013700605710989328,0.015854698710551403,150000,comm,private,
<SOURCE_VECSTRAIGHT_REPO>/remote-results/phase3_vecstraight_clean_msgsource_learned_15seeds_remote_20260410/train/cond1_seed505.pt,cond1,505,1,9001,greedy,marginal,none,none,none,f_value,2.500,5884,0.22395479265805573,5.343728755948335,0.0037389530931339226,21.37491502379334,0.2091231093241432,0.229624553331049,150000,comm,private,
<SOURCE_VECSTRAIGHT_REPO>/remote-results/phase3_vecstraight_clean_msgsource_learned_15seeds_remote_20260410/train/cond1_seed505.pt,cond1,505,1,9001,greedy,marginal,none,none,none,f_value,3.500,6411,0.8459678677273437,12.459678677273436,0.490563094681017,49.83871470909374,0.8286474501108647,0.8561051693404634,150000,comm,private,
<SOURCE_VECSTRAIGHT_REPO>/remote-results/phase3_vecstraight_clean_msgsource_learned_15seeds_remote_20260410/train/cond1_seed505.pt,cond1,505,1,9001,greedy,marginal,none,none,none,f_value,5.000,5921,0.9849687552778247,19.759500084445197,0.942239486573214,79.03800033778079,0.9831231720765211,0.9851766291269612,150000,comm,private,
<SOURCE_VECSTRAIGHT_REPO>/remote-results/phase3_vecstraight_clean_msgsource_learned_15seeds_remote_20260410/train/cond1_seed505.pt,cond1,505,1,9001,greedy,none,none,none,none,regime,competitive,5288,0.00014183055975794251,3.999716338880484,0.0,15.998865355521936,,,150000,comm,private,
<SOURCE_VECSTRAIGHT_REPO>/remote-results/phase3_vecstraight_clean_msgsource_learned_15seeds_remote_20260410/train/cond1_seed505.pt,cond1,505,1,9001,greedy,none,none,none,none,regime,cooperative,5917,0.984071319925638,19.745141118810206,0.9366232888287984,78.98056447524083,,,150000,comm,private,
<SOURCE_VECSTRAIGHT_REPO>/remote-results/phase3_vecstraight_clean_msgsource_learned_15seeds_remote_20260410/train/cond1_seed505.pt,cond1,505,1,9001,greedy,none,none,none,none,regime,mixed,18795,0.3952247938281458,7.6303006118648575,0.23809523809523808,30.52120244745943,,,150000,comm,private,
<SOURCE_VECSTRAIGHT_REPO>/remote-results/phase3_vecstraight_clean_msgsource_learned_15seeds_remote_20260410/train/cond1_seed505.pt,cond1,505,1,9001,greedy,none,none,none,none,f_value,0.500,5288,0.00014183055975794251,3.999716338880484,0.0,15.998865355521936,0.00014185067851907893,4.8883022926137754e-05,150000,comm,private,
<SOURCE_VECSTRAIGHT_REPO>/remote-results/phase3_vecstraight_clean_msgsource_learned_15seeds_remote_20260410/train/cond1_seed505.pt,cond1,505,1,9001,greedy,none,none,none,none,f_value,1.500,5824,0.008799793956043956,4.017599587912088,0.0,16.07039835164835,0.008785908092510444,0.008646917534027222,150000,comm,private,
<SOURCE_VECSTRAIGHT_REPO>/remote-results/phase3_vecstraight_clean_msgsource_learned_15seeds_remote_20260410/train/cond1_seed505.pt,cond1,505,1,9001,greedy,none,none,none,none,f_value,2.500,6298,0.22392029215624007,5.34352175293744,0.0025404890441409972,21.37408701174976,0.20899010069252666,0.22981896590449666,150000,comm,private,
<SOURCE_VECSTRAIGHT_REPO>/remote-results/phase3_vecstraight_clean_msgsource_learned_15seeds_remote_20260410/train/cond1_seed505.pt,cond1,505,1,9001,greedy,none,none,none,none,f_value,3.500,6673,0.8941630451071482,12.941630451071482,0.668215195564214,51.76652180428593,0.8859583952451708,0.8925735824845618,150000,comm,private,
<SOURCE_VECSTRAIGHT_REPO>/remote-results/phase3_vecstraight_clean_msgsource_learned_15seeds_remote_20260410/train/cond1_seed505.pt,cond1,505,1,9001,greedy,none,none,none,none,f_value,5.000,5917,0.984071319925638,19.745141118810206,0.9366232888287984,78.98056447524083,0.9814541519086973,0.9911736749196578,150000,comm,private,
<SOURCE_VECSTRAIGHT_REPO>/remote-results/phase3_vecstraight_clean_msgsource_learned_15seeds_remote_20260410/train/cond1_seed505.pt,cond1,505,1,9001,greedy,permute_slots,none,none,none,regime,competitive,5862,0.0005117707267144319,3.9989764585465712,0.0,15.995905834186285,,,150000,comm,private,
<SOURCE_VECSTRAIGHT_REPO>/remote-results/phase3_vecstraight_clean_msgsource_learned_15seeds_remote_20260410/train/cond1_seed505.pt,cond1,505,1,9001,greedy,permute_slots,none,none,none,regime,cooperative,6068,0.9851268951878708,19.762030323005934,0.9413315754779169,79.04812129202374,,,150000,comm,private,
<SOURCE_VECSTRAIGHT_REPO>/remote-results/phase3_vecstraight_clean_msgsource_learned_15seeds_remote_20260410/train/cond1_seed505.pt,cond1,505,1,9001,greedy,permute_slots,none,none,none,regime,mixed,18070,0.39297177642501385,7.576258992805755,0.18649695628112894,30.30503597122302,,,150000,comm,private,
<SOURCE_VECSTRAIGHT_REPO>/remote-results/phase3_vecstraight_clean_msgsource_learned_15seeds_remote_20260410/train/cond1_seed505.pt,cond1,505,1,9001,greedy,permute_slots,none,none,none,f_value,0.500,5862,0.0005117707267144319,3.9989764585465712,0.0,15.995905834186285,0.0005117925534183478,0.00048411231405686117,150000,comm,private,
<SOURCE_VECSTRAIGHT_REPO>/remote-results/phase3_vecstraight_clean_msgsource_learned_15seeds_remote_20260410/train/cond1_seed505.pt,cond1,505,1,9001,greedy,permute_slots,none,none,none,f_value,1.500,5576,0.01053622668579627,4.021072453371593,0.0,16.08428981348637,0.01051685393258427,0.011753075571177505,150000,comm,private,
<SOURCE_VECSTRAIGHT_REPO>/remote-results/phase3_vecstraight_clean_msgsource_learned_15seeds_remote_20260410/train/cond1_seed505.pt,cond1,505,1,9001,greedy,permute_slots,none,none,none,f_value,2.500,6045,0.2447063688999173,5.468238213399504,0.003970223325062035,21.872952853598015,0.2309662603780251,0.25897709852743067,150000,comm,private,
<SOURCE_VECSTRAIGHT_REPO>/remote-results/phase3_vecstraight_clean_msgsource_learned_15seeds_remote_20260410/train/cond1_seed505.pt,cond1,505,1,9001,greedy,permute_slots,none,none,none,f_value,3.500,6449,0.8626143588153202,12.626143588153202,0.5188401302527523,50.504574352612806,0.8499007679696263,0.8635134027379293,150000,comm,private,
<SOURCE_VECSTRAIGHT_REPO>/remote-results/phase3_vecstraight_clean_msgsource_learned_15seeds_remote_20260410/train/cond1_seed505.pt,cond1,505,1,9001,greedy,permute_slots,none,none,none,f_value,5.000,6068,0.9851268951878708,19.762030323005934,0.9413315754779169,79.04812129202374,0.9830029662413484,0.9938723857732783,150000,comm,private,
<SOURCE_VECSTRAIGHT_REPO>/remote-results/phase3_vecstraight_clean_msgsource_learned_15seeds_remote_20260410/train/cond1_seed505.pt,cond1,505,1,9001,greedy,public_marginal,none,none,none,regime,competitive,6381,0.0003526093088857546,3.9992947813822286,0.0,15.997179125528914,,,150000,comm,private,
<SOURCE_VECSTRAIGHT_REPO>/remote-results/phase3_vecstraight_clean_msgsource_learned_15seeds_remote_20260410/train/cond1_seed505.pt,cond1,505,1,9001,greedy,public_marginal,none,none,none,regime,cooperative,5877,0.9849412965798877,19.7590607452782,0.939935341160456,79.0362429811128,,,150000,comm,private,
<SOURCE_VECSTRAIGHT_REPO>/remote-results/phase3_vecstraight_clean_msgsource_learned_15seeds_remote_20260410/train/cond1_seed505.pt,cond1,505,1,9001,greedy,public_marginal,none,none,none,regime,mixed,17742,0.3740840942396573,7.289144403111261,0.14395220381016796,29.156577612445044,,,150000,comm,private,
<SOURCE_VECSTRAIGHT_REPO>/remote-results/phase3_vecstraight_clean_msgsource_learned_15seeds_remote_20260410/train/cond1_seed505.pt,cond1,505,1,9001,greedy,public_marginal,none,none,none,f_value,0.500,6381,0.0003526093088857546,3.9992947813822286,0.0,15.997179125528914,0.0,0.0007213850593138826,150000,comm,private,
<SOURCE_VECSTRAIGHT_REPO>/remote-results/phase3_vecstraight_clean_msgsource_learned_15seeds_remote_20260410/train/cond1_seed505.pt,cond1,505,1,9001,greedy,public_marginal,none,none,none,f_value,1.500,5647,0.018461129803435453,4.036922259606871,0.00017708517797060386,16.147689038427483,0.00894322284213981,0.029615384615384616,150000,comm,private,
<SOURCE_VECSTRAIGHT_REPO>/remote-results/phase3_vecstraight_clean_msgsource_learned_15seeds_remote_20260410/train/cond1_seed505.pt,cond1,505,1,9001,greedy,public_marginal,none,none,none,f_value,2.500,6241,0.2876141643967313,5.725684986380387,0.004486460503124499,22.90273994552155,0.25706573515401715,0.31872574385511,150000,comm,private,
<SOURCE_VECSTRAIGHT_REPO>/remote-results/phase3_vecstraight_clean_msgsource_learned_15seeds_remote_20260410/train/cond1_seed505.pt,cond1,505,1,9001,greedy,public_marginal,none,none,none,f_value,3.500,5854,0.809318414759139,12.09318414759139,0.43132900580799455,48.37273659036556,0.6734433480775774,0.9463121783876501,150000,comm,private,
<SOURCE_VECSTRAIGHT_REPO>/remote-results/phase3_vecstraight_clean_msgsource_learned_15seeds_remote_20260410/train/cond1_seed505.pt,cond1,505,1,9001,greedy,public_marginal,none,none,none,f_value,5.000,5877,0.9849412965798877,19.7590607452782,0.939935341160456,79.0362429811128,0.9720543806646526,0.9981884057971014,150000,comm,private,
<SOURCE_VECSTRAIGHT_REPO>/remote-results/phase3_vecstraight_clean_msgsource_learned_15seeds_remote_20260410/train/cond1_seed505.pt,cond1,505,1,9001,greedy,public_random,none,none,none,regime,competitive,5929,0.00042165626581210997,3.9991566874683757,0.0,15.996626749873503,,,150000,comm,private,
<SOURCE_VECSTRAIGHT_REPO>/remote-results/phase3_vecstraight_clean_msgsource_learned_15seeds_remote_20260410/train/cond1_seed505.pt,cond1,505,1,9001,greedy,public_random,none,none,none,regime,cooperative,5836,0.9847069910897875,19.7553118574366,0.9388279643591501,79.0212474297464,,,150000,comm,private,
<SOURCE_VECSTRAIGHT_REPO>/remote-results/phase3_vecstraight_clean_msgsource_learned_15seeds_remote_20260410/train/cond1_seed505.pt,cond1,505,1,9001,greedy,public_random,none,none,none,regime,mixed,18235,0.3744447491088566,7.302495201535509,0.14614751850836305,29.209980806142035,,,150000,comm,private,
<SOURCE_VECSTRAIGHT_REPO>/remote-results/phase3_vecstraight_clean_msgsource_learned_15seeds_remote_20260410/train/cond1_seed505.pt,cond1,505,1,9001,greedy,public_random,none,none,none,f_value,0.500,5929,0.00042165626581210997,3.9991566874683757,0.0,15.996626749873503,0.00016943409013893597,0.000671591672263264,150000,comm,private,
<SOURCE_VECSTRAIGHT_REPO>/remote-results/phase3_vecstraight_clean_msgsource_learned_15seeds_remote_20260410/train/cond1_seed505.pt,cond1,505,1,9001,greedy,public_random,none,none,none,f_value,1.500,5872,0.019329019073569483,4.038658038147139,0.0,16.154632152588555,0.010802994215719633,0.027872485509717014,150000,comm,private,
<SOURCE_VECSTRAIGHT_REPO>/remote-results/phase3_vecstraight_clean_msgsource_learned_15seeds_remote_20260410/train/cond1_seed505.pt,cond1,505,1,9001,greedy,public_random,none,none,none,f_value,2.500,6262,0.2854918556371766,5.71295113382306,0.004471414883423826,22.85180453529224,0.25794407372100414,0.313322632423756,150000,comm,private,
<SOURCE_VECSTRAIGHT_REPO>/remote-results/phase3_vecstraight_clean_msgsource_learned_15seeds_remote_20260410/train/cond1_seed505.pt,cond1,505,1,9001,greedy,public_random,none,none,none,f_value,3.500,6101,0.8075315522045566,12.075315522045566,0.43222422553679724,48.30126208818226,0.6712430121670503,0.9429738562091503,150000,comm,private,
<SOURCE_VECSTRAIGHT_REPO>/remote-results/phase3_vecstraight_clean_msgsource_learned_15seeds_remote_20260410/train/cond1_seed505.pt,cond1,505,1,9001,greedy,public_random,none,none,none,f_value,5.000,5836,0.9847069910897875,19.7553118574366,0.9388279643591501,79.0212474297464,0.971336499321574,0.9983552631578947,150000,comm,private,
<SOURCE_VECSTRAIGHT_REPO>/remote-results/phase3_vecstraight_clean_msgsource_learned_15seeds_remote_20260410/train/cond1_seed505.pt,cond1,505,1,9001,greedy,sender_shuffle,none,none,none,regime,competitive,5288,9.455370650529501e-05,3.9998108925869893,0.0,15.999243570347957,,,150000,comm,private,
<SOURCE_VECSTRAIGHT_REPO>/remote-results/phase3_vecstraight_clean_msgsource_learned_15seeds_remote_20260410/train/cond1_seed505.pt,cond1,505,1,9001,greedy,sender_shuffle,none,none,none,regime,cooperative,5917,0.9798884569883387,19.678215311813418,0.9212438735845868,78.71286124725367,,,150000,comm,private,
<SOURCE_VECSTRAIGHT_REPO>/remote-results/phase3_vecstraight_clean_msgsource_learned_15seeds_remote_20260410/train/cond1_seed505.pt,cond1,505,1,9001,greedy,sender_shuffle,none,none,none,regime,mixed,18795,0.3496807661612131,7.241686618781591,0.13950518754988028,28.966746475126364,,,150000,comm,private,
<SOURCE_VECSTRAIGHT_REPO>/remote-results/phase3_vecstraight_clean_msgsource_learned_15seeds_remote_20260410/train/cond1_seed505.pt,cond1,505,1,9001,greedy,sender_shuffle,none,none,none,f_value,0.500,5288,9.455370650529501e-05,3.9998108925869893,0.0,15.999243570347957,0.00010208248264597796,5.430650591940915e-05,150000,comm,private,
<SOURCE_VECSTRAIGHT_REPO>/remote-results/phase3_vecstraight_clean_msgsource_learned_15seeds_remote_20260410/train/cond1_seed505.pt,cond1,505,1,9001,greedy,sender_shuffle,none,none,none,f_value,1.500,5824,0.008413461538461538,4.016826923076923,0.0,16.067307692307693,0.006892697466467959,0.009030231645072634,150000,comm,private,
<SOURCE_VECSTRAIGHT_REPO>/remote-results/phase3_vecstraight_clean_msgsource_learned_15seeds_remote_20260410/train/cond1_seed505.pt,cond1,505,1,9001,greedy,sender_shuffle,none,none,none,f_value,2.500,6298,0.17477770720863767,5.048666243251826,0.0007939028262940616,20.194664973007303,0.16432409198366646,0.17232910356119524,150000,comm,private,
<SOURCE_VECSTRAIGHT_REPO>/remote-results/phase3_vecstraight_clean_msgsource_learned_15seeds_remote_20260410/train/cond1_seed505.pt,cond1,505,1,9001,greedy,sender_shuffle,none,none,none,f_value,3.500,6673,0.8126030271242319,12.12603027124232,0.3921774314401319,48.50412108496928,0.7996578829470941,0.8121916691690618,150000,comm,private,
<SOURCE_VECSTRAIGHT_REPO>/remote-results/phase3_vecstraight_clean_msgsource_learned_15seeds_remote_20260410/train/cond1_seed505.pt,cond1,505,1,9001,greedy,sender_shuffle,none,none,none,f_value,5.000,5917,0.9798884569883387,19.678215311813418,0.9212438735845868,78.71286124725367,0.9782608695652174,0.9789207829423479,150000,comm,private,
<SOURCE_VECSTRAIGHT_REPO>/remote-results/phase3_vecstraight_clean_msgsource_learned_15seeds_remote_20260410/train/cond1_seed505.pt,cond1,505,1,9001,greedy,zeros,none,none,none,regime,competitive,5288,0.0011346444780635401,3.997730711043873,0.0,15.990922844175492,,,150000,comm,private,
<SOURCE_VECSTRAIGHT_REPO>/remote-results/phase3_vecstraight_clean_msgsource_learned_15seeds_remote_20260410/train/cond1_seed505.pt,cond1,505,1,9001,greedy,zeros,none,none,none,regime,cooperative,5917,0.9999154977184384,19.998647963495014,0.9996619908737536,79.99459185398005,,,150000,comm,private,
<SOURCE_VECSTRAIGHT_REPO>/remote-results/phase3_vecstraight_clean_msgsource_learned_15seeds_remote_20260410/train/cond1_seed505.pt,cond1,505,1,9001,greedy,zeros,none,none,none,regime,mixed,18795,0.5712423516892791,8.800053205639799,0.3918063314711359,35.200212822559195,,,150000,comm,private,
<SOURCE_VECSTRAIGHT_REPO>/remote-results/phase3_vecstraight_clean_msgsource_learned_15seeds_remote_20260410/train/cond1_seed505.pt,cond1,505,1,9001,greedy,zeros,none,none,none,f_value,0.500,5288,0.0011346444780635401,3.997730711043873,0.0,15.990922844175492,0.0011348054281526314,4.8918892476274336e-05,150000,comm,private,
<SOURCE_VECSTRAIGHT_REPO>/remote-results/phase3_vecstraight_clean_msgsource_learned_15seeds_remote_20260410/train/cond1_seed505.pt,cond1,505,1,9001,greedy,zeros,none,none,none,f_value,1.500,5824,0.022707760989010988,4.045415521978022,0.0,16.181662087912088,0.022783065592833454,0.017011518771331058,150000,comm,private,
<SOURCE_VECSTRAIGHT_REPO>/remote-results/phase3_vecstraight_clean_msgsource_learned_15seeds_remote_20260410/train/cond1_seed505.pt,cond1,505,1,9001,greedy,zeros,none,none,none,f_value,2.500,6298,0.6386948237535726,7.832168942521435,0.16402032391235313,31.32867577008574,0.647871068793537,0.607887498890959,150000,comm,private,
<SOURCE_VECSTRAIGHT_REPO>/remote-results/phase3_vecstraight_clean_msgsource_learned_15seeds_remote_20260410/train/cond1_seed505.pt,cond1,505,1,9001,greedy,zeros,none,none,none,f_value,3.500,6673,0.9863254907837554,13.863254907837554,0.9487486887456916,55.453019631350216,0.9861724522227268,0.9868093677184945,150000,comm,private,
<SOURCE_VECSTRAIGHT_REPO>/remote-results/phase3_vecstraight_clean_msgsource_learned_15seeds_remote_20260410/train/cond1_seed505.pt,cond1,505,1,9001,greedy,zeros,none,none,none,f_value,5.000,5917,0.9999154977184384,19.998647963495014,0.9996619908737536,79.99459185398005,0.9999019607843137,1.0,150000,comm,private,
<SOURCE_VECSTRAIGHT_REPO>/remote-results/phase3_vecstraight_clean_msgsource_learned_15seeds_remote_20260410/train/cond1_seed606.pt,cond1,606,1,9001,greedy,fixed0,none,none,none,regime,competitive,5288,9.455370650529501e-05,3.9998108925869893,0.0,15.999243570347957,,,150000,comm,private,
<SOURCE_VECSTRAIGHT_REPO>/remote-results/phase3_vecstraight_clean_msgsource_learned_15seeds_remote_20260410/train/cond1_seed606.pt,cond1,606,1,9001,greedy,fixed0,none,none,none,regime,cooperative,5917,0.9666215987831671,19.465945580530676,0.8710495183369951,77.8637823221227,,,150000,comm,private,
<SOURCE_VECSTRAIGHT_REPO>/remote-results/phase3_vecstraight_clean_msgsource_learned_15seeds_remote_20260410/train/cond1_seed606.pt,cond1,606,1,9001,greedy,fixed0,none,none,none,regime,mixed,18795,0.20030593242883746,5.918409151370045,0.0005320563979781857,23.67363660548018,,,150000,comm,private,
<SOURCE_VECSTRAIGHT_REPO>/remote-results/phase3_vecstraight_clean_msgsource_learned_15seeds_remote_20260410/train/cond1_seed606.pt,cond1,606,1,9001,greedy,fixed0,none,none,none,f_value,0.500,5288,9.455370650529501e-05,3.9998108925869893,0.0,15.999243570347957,9.455370650529501e-05,,150000,comm,private,
<SOURCE_VECSTRAIGHT_REPO>/remote-results/phase3_vecstraight_clean_msgsource_learned_15seeds_remote_20260410/train/cond1_seed606.pt,cond1,606,1,9001,greedy,fixed0,none,none,none,f_value,1.500,5824,0.002446771978021978,4.004893543956044,0.0,16.019574175824175,0.002446771978021978,,150000,comm,private,
<SOURCE_VECSTRAIGHT_REPO>/remote-results/phase3_vecstraight_clean_msgsource_learned_15seeds_remote_20260410/train/cond1_seed606.pt,cond1,606,1,9001,greedy,fixed0,none,none,none,f_value,2.500,6298,0.05862972372181645,4.351778342330899,0.0,17.407113369323596,0.05862972372181645,,150000,comm,private,
<SOURCE_VECSTRAIGHT_REPO>/remote-results/phase3_vecstraight_clean_msgsource_learned_15seeds_remote_20260410/train/cond1_seed606.pt,cond1,606,1,9001,greedy,fixed0,none,none,none,f_value,3.500,6673,0.5067061291772815,9.067061291772816,0.0014985763524651581,36.268245167091266,0.5067061291772815,,150000,comm,private,
<SOURCE_VECSTRAIGHT_REPO>/remote-results/phase3_vecstraight_clean_msgsource_learned_15seeds_remote_20260410/train/cond1_seed606.pt,cond1,606,1,9001,greedy,fixed0,none,none,none,f_value,5.000,5917,0.9666215987831671,19.465945580530676,0.8710495183369951,77.8637823221227,0.9666215987831671,,150000,comm,private,
<SOURCE_VECSTRAIGHT_REPO>/remote-results/phase3_vecstraight_clean_msgsource_learned_15seeds_remote_20260410/train/cond1_seed606.pt,cond1,606,1,9001,greedy,fixed1,none,none,none,regime,competitive,5288,0.0,4.0,0.0,16.0,,,150000,comm,private,
<SOURCE_VECSTRAIGHT_REPO>/remote-results/phase3_vecstraight_clean_msgsource_learned_15seeds_remote_20260410/train/cond1_seed606.pt,cond1,606,1,9001,greedy,fixed1,none,none,none,regime,cooperative,5917,0.9962396484705087,19.93983437552814,0.9851275984451581,79.75933750211256,,,150000,comm,private,
<SOURCE_VECSTRAIGHT_REPO>/remote-results/phase3_vecstraight_clean_msgsource_learned_15seeds_remote_20260410/train/cond1_seed606.pt,cond1,606,1,9001,greedy,fixed1,none,none,none,regime,mixed,18795,0.24247140196860867,6.340755520085129,0.06682628358606012,25.363022080340517,,,150000,comm,private,
<SOURCE_VECSTRAIGHT_REPO>/remote-results/phase3_vecstraight_clean_msgsource_learned_15seeds_remote_20260410/train/cond1_seed606.pt,cond1,606,1,9001,greedy,fixed1,none,none,none,f_value,0.500,5288,0.0,4.0,0.0,16.0,,0.0,150000,comm,private,
<SOURCE_VECSTRAIGHT_REPO>/remote-results/phase3_vecstraight_clean_msgsource_learned_15seeds_remote_20260410/train/cond1_seed606.pt,cond1,606,1,9001,greedy,fixed1,none,none,none,f_value,1.500,5824,0.0009443681318681319,4.001888736263736,0.0,16.007554945054945,,0.0009443681318681319,150000,comm,private,
<SOURCE_VECSTRAIGHT_REPO>/remote-results/phase3_vecstraight_clean_msgsource_learned_15seeds_remote_20260410/train/cond1_seed606.pt,cond1,606,1,9001,greedy,fixed1,none,none,none,f_value,2.500,6298,0.06089234677675452,4.365354080660527,0.0,17.46141632264211,,0.06089234677675452,150000,comm,private,
<SOURCE_VECSTRAIGHT_REPO>/remote-results/phase3_vecstraight_clean_msgsource_learned_15seeds_remote_20260410/train/cond1_seed606.pt,cond1,606,1,9001,greedy,fixed1,none,none,none,f_value,3.500,6673,0.6246440881162896,10.246440881162895,0.18822118986962386,40.98576352465158,,0.6246440881162896,150000,comm,private,
<SOURCE_VECSTRAIGHT_REPO>/remote-results/phase3_vecstraight_clean_msgsource_learned_15seeds_remote_20260410/train/cond1_seed606.pt,cond1,606,1,9001,greedy,fixed1,none,none,none,f_value,5.000,5917,0.9962396484705087,19.93983437552814,0.9851275984451581,79.75933750211256,,0.9962396484705087,150000,comm,private,
<SOURCE_VECSTRAIGHT_REPO>/remote-results/phase3_vecstraight_clean_msgsource_learned_15seeds_remote_20260410/train/cond1_seed606.pt,cond1,606,1,9001,greedy,indep_random,none,none,none,regime,competitive,5444,0.0006429096252755327,3.998714180749449,0.0,15.994856722997795,,,150000,comm,private,
<SOURCE_VECSTRAIGHT_REPO>/remote-results/phase3_vecstraight_clean_msgsource_learned_15seeds_remote_20260410/train/cond1_seed606.pt,cond1,606,1,9001,greedy,indep_random,none,none,none,regime,cooperative,5829,0.9835735117515869,19.73717618802539,0.9363527191628066,78.94870475210156,,,150000,comm,private,
<SOURCE_VECSTRAIGHT_REPO>/remote-results/phase3_vecstraight_clean_msgsource_learned_15seeds_remote_20260410/train/cond1_seed606.pt,cond1,606,1,9001,greedy,indep_random,none,none,none,regime,mixed,18727,0.20052597853366796,5.8822822662465954,0.01270892294547979,23.529129064986382,,,150000,comm,private,
<SOURCE_VECSTRAIGHT_REPO>/remote-results/phase3_vecstraight_clean_msgsource_learned_15seeds_remote_20260410/train/cond1_seed606.pt,cond1,606,1,9001,greedy,indep_random,none,none,none,f_value,0.500,5444,0.0006429096252755327,3.998714180749449,0.0,15.994856722997795,0.0007402315867392798,0.0007375019754517199,150000,comm,private,
<SOURCE_VECSTRAIGHT_REPO>/remote-results/phase3_vecstraight_clean_msgsource_learned_15seeds_remote_20260410/train/cond1_seed606.pt,cond1,606,1,9001,greedy,indep_random,none,none,none,f_value,1.500,5205,0.004130643611911624,4.0082612872238235,0.0,16.033045148895294,0.004186405199955933,0.004616399208617278,150000,comm,private,
<SOURCE_VECSTRAIGHT_REPO>/remote-results/phase3_vecstraight_clean_msgsource_learned_15seeds_remote_20260410/train/cond1_seed606.pt,cond1,606,1,9001,greedy,indep_random,none,none,none,f_value,2.500,7182,0.07417850181008076,4.4450710108604845,0.0,17.780284043441938,0.07746675717765443,0.07559317992130679,150000,comm,private,
<SOURCE_VECSTRAIGHT_REPO>/remote-results/phase3_vecstraight_clean_msgsource_learned_15seeds_remote_20260410/train/cond1_seed606.pt,cond1,606,1,9001,greedy,indep_random,none,none,none,f_value,3.500,6340,0.5048895899053628,9.048895899053628,0.03753943217665615,36.19558359621451,0.4998869545557314,0.5040867012869722,150000,comm,private,
<SOURCE_VECSTRAIGHT_REPO>/remote-results/phase3_vecstraight_clean_msgsource_learned_15seeds_remote_20260410/train/cond1_seed606.pt,cond1,606,1,9001,greedy,indep_random,none,none,none,f_value,5.000,5829,0.9835735117515869,19.73717618802539,0.9363527191628066,78.94870475210156,0.9818478583440499,0.9867114485981309,150000,comm,private,
<SOURCE_VECSTRAIGHT_REPO>/remote-results/phase3_vecstraight_clean_msgsource_learned_15seeds_remote_20260410/train/cond1_seed606.pt,cond1,606,1,9001,greedy,marginal,none,none,none,regime,competitive,5980,0.00033444816053511704,3.9993311036789296,0.0,15.997324414715719,,,150000,comm,private,
<SOURCE_VECSTRAIGHT_REPO>/remote-results/phase3_vecstraight_clean_msgsource_learned_15seeds_remote_20260410/train/cond1_seed606.pt,cond1,606,1,9001,greedy,marginal,none,none,none,regime,cooperative,5921,0.9826887350109779,19.723019760175646,0.9329505151156899,78.89207904070258,,,150000,comm,private,
<SOURCE_VECSTRAIGHT_REPO>/remote-results/phase3_vecstraight_clean_msgsource_learned_15seeds_remote_20260410/train/cond1_seed606.pt,cond1,606,1,9001,greedy,marginal,none,none,none,regime,mixed,18099,0.19612962042101773,5.8731697883860985,0.012265871042599038,23.492679153544394,,,150000,comm,private,
<SOURCE_VECSTRAIGHT_REPO>/remote-results/phase3_vecstraight_clean_msgsource_learned_15seeds_remote_20260410/train/cond1_seed606.pt,cond1,606,1,9001,greedy,marginal,none,none,none,f_value,0.500,5980,0.00033444816053511704,3.9993311036789296,0.0,15.997324414715719,0.00037629350893697084,0.00033532934131736525,150000,comm,private,
<SOURCE_VECSTRAIGHT_REPO>/remote-results/phase3_vecstraight_clean_msgsource_learned_15seeds_remote_20260410/train/cond1_seed606.pt,cond1,606,1,9001,greedy,marginal,none,none,none,f_value,1.500,5804,0.002929014472777395,4.005858028945555,0.0,16.02343211578222,0.002987056090275473,0.0031900349384778974,150000,comm,private,
<SOURCE_VECSTRAIGHT_REPO>/remote-results/phase3_vecstraight_clean_msgsource_learned_15seeds_remote_20260410/train/cond1_seed606.pt,cond1,606,1,9001,greedy,marginal,none,none,none,f_value,2.500,5884,0.06199014276002719,4.371940856560163,0.0,17.48776342624065,0.06335310176033136,0.06068903714029673,150000,comm,private,
<SOURCE_VECSTRAIGHT_REPO>/remote-results/phase3_vecstraight_clean_msgsource_learned_15seeds_remote_20260410/train/cond1_seed606.pt,cond1,606,1,9001,greedy,marginal,none,none,none,f_value,3.500,6411,0.4941506785212915,8.941506785212916,0.03462798315395414,35.76602714085166,0.49033057485506926,0.49024140843818076,150000,comm,private,
<SOURCE_VECSTRAIGHT_REPO>/remote-results/phase3_vecstraight_clean_msgsource_learned_15seeds_remote_20260410/train/cond1_seed606.pt,cond1,606,1,9001,greedy,marginal,none,none,none,f_value,5.000,5921,0.9826887350109779,19.723019760175646,0.9329505151156899,78.89207904070258,0.981048463134075,0.985705162843248,150000,comm,private,
<SOURCE_VECSTRAIGHT_REPO>/remote-results/phase3_vecstraight_clean_msgsource_learned_15seeds_remote_20260410/train/cond1_seed606.pt,cond1,606,1,9001,greedy,none,none,none,none,regime,competitive,5288,0.0,4.0,0.0,16.0,,,150000,comm,private,
<SOURCE_VECSTRAIGHT_REPO>/remote-results/phase3_vecstraight_clean_msgsource_learned_15seeds_remote_20260410/train/cond1_seed606.pt,cond1,606,1,9001,greedy,none,none,none,none,regime,cooperative,5917,0.9847895893189116,19.756633429102585,0.9394963664018928,79.02653371641034,,,150000,comm,private,
<SOURCE_VECSTRAIGHT_REPO>/remote-results/phase3_vecstraight_clean_msgsource_learned_15seeds_remote_20260410/train/cond1_seed606.pt,cond1,606,1,9001,greedy,none,none,none,none,regime,mixed,18795,0.20816706570896515,6.048523543495611,0.01942005852620378,24.194094173982442,,,150000,comm,private,
<SOURCE_VECSTRAIGHT_REPO>/remote-results/phase3_vecstraight_clean_msgsource_learned_15seeds_remote_20260410/train/cond1_seed606.pt,cond1,606,1,9001,greedy,none,none,none,none,f_value,0.500,5288,0.0,4.0,0.0,16.0,0.0,0.0,150000,comm,private,
<SOURCE_VECSTRAIGHT_REPO>/remote-results/phase3_vecstraight_clean_msgsource_learned_15seeds_remote_20260410/train/cond1_seed606.pt,cond1,606,1,9001,greedy,none,none,none,none,f_value,1.500,5824,0.0005151098901098901,4.00103021978022,0.0,16.00412087912088,0.00043291917399021604,0.0006598482349059716,150000,comm,private,
<SOURCE_VECSTRAIGHT_REPO>/remote-results/phase3_vecstraight_clean_msgsource_learned_15seeds_remote_20260410/train/cond1_seed606.pt,cond1,606,1,9001,greedy,none,none,none,none,f_value,2.500,6298,0.023777389647507145,4.1426643378850425,0.0,16.57065735154017,0.020844337897688026,0.02699854468811161,150000,comm,private,
<SOURCE_VECSTRAIGHT_REPO>/remote-results/phase3_vecstraight_clean_msgsource_learned_15seeds_remote_20260410/train/cond1_seed606.pt,cond1,606,1,9001,greedy,none,none,none,none,f_value,3.500,6673,0.5634272441180879,9.634272441180878,0.05469803686497827,38.53708976472351,0.5472669131607875,0.5741596555674053,150000,comm,private,
<SOURCE_VECSTRAIGHT_REPO>/remote-results/phase3_vecstraight_clean_msgsource_learned_15seeds_remote_20260410/train/cond1_seed606.pt,cond1,606,1,9001,greedy,none,none,none,none,f_value,5.000,5917,0.9847895893189116,19.756633429102585,0.9394963664018928,79.02653371641034,0.9840564906515078,0.9936656027498159,150000,comm,private,
<SOURCE_VECSTRAIGHT_REPO>/remote-results/phase3_vecstraight_clean_msgsource_learned_15seeds_remote_20260410/train/cond1_seed606.pt,cond1,606,1,9001,greedy,permute_slots,none,none,none,regime,competitive,5862,8.5295121119072e-05,3.999829409757762,0.0,15.999317639031048,,,150000,comm,private,
<SOURCE_VECSTRAIGHT_REPO>/remote-results/phase3_vecstraight_clean_msgsource_learned_15seeds_remote_20260410/train/cond1_seed606.pt,cond1,606,1,9001,greedy,permute_slots,none,none,none,regime,cooperative,6068,0.9777933421226104,19.644693473961766,0.9146341463414634,78.57877389584706,,,150000,comm,private,
<SOURCE_VECSTRAIGHT_REPO>/remote-results/phase3_vecstraight_clean_msgsource_learned_15seeds_remote_20260410/train/cond1_seed606.pt,cond1,606,1,9001,greedy,permute_slots,none,none,none,regime,mixed,18070,0.21523242944106252,6.026092971776425,0.016159380188157168,24.1043718871057,,,150000,comm,private,
<SOURCE_VECSTRAIGHT_REPO>/remote-results/phase3_vecstraight_clean_msgsource_learned_15seeds_remote_20260410/train/cond1_seed606.pt,cond1,606,1,9001,greedy,permute_slots,none,none,none,f_value,0.500,5862,8.5295121119072e-05,3.999829409757762,0.0,15.999317639031048,9.001305189252441e-05,8.999685011024614e-05,150000,comm,private,
<SOURCE_VECSTRAIGHT_REPO>/remote-results/phase3_vecstraight_clean_msgsource_learned_15seeds_remote_20260410/train/cond1_seed606.pt,cond1,606,1,9001,greedy,permute_slots,none,none,none,f_value,1.500,5576,0.0029142754662840747,4.005828550932568,0.0,16.023314203730273,0.002308841504821404,0.0033673877061811542,150000,comm,private,
<SOURCE_VECSTRAIGHT_REPO>/remote-results/phase3_vecstraight_clean_msgsource_learned_15seeds_remote_20260410/train/cond1_seed606.pt,cond1,606,1,9001,greedy,permute_slots,none,none,none,f_value,2.500,6045,0.08895781637717122,4.533746898263027,0.0,18.13498759305211,0.08738162048404069,0.09165675270263281,150000,comm,private,
<SOURCE_VECSTRAIGHT_REPO>/remote-results/phase3_vecstraight_clean_msgsource_learned_15seeds_remote_20260410/train/cond1_seed606.pt,cond1,606,1,9001,greedy,permute_slots,none,none,none,f_value,3.500,6449,0.517173205148085,9.17173205148085,0.04527833772677935,36.6869282059234,0.509617786660005,0.516590761223162,150000,comm,private,
<SOURCE_VECSTRAIGHT_REPO>/remote-results/phase3_vecstraight_clean_msgsource_learned_15seeds_remote_20260410/train/cond1_seed606.pt,cond1,606,1,9001,greedy,permute_slots,none,none,none,f_value,5.000,6068,0.9777933421226104,19.644693473961766,0.9146341463414634,78.57877389584706,0.9768207616654391,0.9798791799457737,150000,comm,private,
<SOURCE_VECSTRAIGHT_REPO>/remote-results/phase3_vecstraight_clean_msgsource_learned_15seeds_remote_20260410/train/cond1_seed606.pt,cond1,606,1,9001,greedy,public_marginal,none,none,none,regime,competitive,6381,0.0,4.0,0.0,16.0,,,150000,comm,private,
<SOURCE_VECSTRAIGHT_REPO>/remote-results/phase3_vecstraight_clean_msgsource_learned_15seeds_remote_20260410/train/cond1_seed606.pt,cond1,606,1,9001,greedy,public_marginal,none,none,none,regime,cooperative,5877,0.983452441721967,19.735239067551472,0.9360217798196359,78.94095627020589,,,150000,comm,private,
<SOURCE_VECSTRAIGHT_REPO>/remote-results/phase3_vecstraight_clean_msgsource_learned_15seeds_remote_20260410/train/cond1_seed606.pt,cond1,606,1,9001,greedy,public_marginal,none,none,none,regime,mixed,17742,0.19200202908353062,5.833051516176305,0.014316311577048811,23.33220606470522,,,150000,comm,private,
<SOURCE_VECSTRAIGHT_REPO>/remote-results/phase3_vecstraight_clean_msgsource_learned_15seeds_remote_20260410/train/cond1_seed606.pt,cond1,606,1,9001,greedy,public_marginal,none,none,none,f_value,0.500,6381,0.0,4.0,0.0,16.0,0.0,0.0,150000,comm,private,
<SOURCE_VECSTRAIGHT_REPO>/remote-results/phase3_vecstraight_clean_msgsource_learned_15seeds_remote_20260410/train/cond1_seed606.pt,cond1,606,1,9001,greedy,public_marginal,none,none,none,f_value,1.500,5647,0.0018151230741986896,4.003630246148397,0.0,16.014520984593588,0.0026552944962986804,0.0007874015748031496,150000,comm,private,
<SOURCE_VECSTRAIGHT_REPO>/remote-results/phase3_vecstraight_clean_msgsource_learned_15seeds_remote_20260410/train/cond1_seed606.pt,cond1,606,1,9001,greedy,public_marginal,none,none,none,f_value,2.500,6241,0.058524274955936546,4.351145649735619,0.0,17.404582598942476,0.05773918342474101,0.059395065900642106,150000,comm,private,
<SOURCE_VECSTRAIGHT_REPO>/remote-results/phase3_vecstraight_clean_msgsource_learned_15seeds_remote_20260410/train/cond1_seed606.pt,cond1,606,1,9001,greedy,public_marginal,none,none,none,f_value,3.500,5854,0.5177656303382303,9.177656303382303,0.0433891356337547,36.71062521352921,0.5036157024793388,0.5316949152542373,150000,comm,private,
<SOURCE_VECSTRAIGHT_REPO>/remote-results/phase3_vecstraight_clean_msgsource_learned_15seeds_remote_20260410/train/cond1_seed606.pt,cond1,606,1,9001,greedy,public_marginal,none,none,none,f_value,5.000,5877,0.983452441721967,19.735239067551472,0.9360217798196359,78.94095627020589,0.9721603563474388,0.9964337966349671,150000,comm,private,
<SOURCE_VECSTRAIGHT_REPO>/remote-results/phase3_vecstraight_clean_msgsource_learned_15seeds_remote_20260410/train/cond1_seed606.pt,cond1,606,1,9001,greedy,public_random,none,none,none,regime,competitive,5929,4.2165626581210996e-05,3.9999156687468376,0.0,15.99966267498735,,,150000,comm,private,
<SOURCE_VECSTRAIGHT_REPO>/remote-results/phase3_vecstraight_clean_msgsource_learned_15seeds_remote_20260410/train/cond1_seed606.pt,cond1,606,1,9001,greedy,public_random,none,none,none,regime,cooperative,5836,0.9828221384509939,19.725154215215902,0.934201507882111,78.90061686086361,,,150000,comm,private,
<SOURCE_VECSTRAIGHT_REPO>/remote-results/phase3_vecstraight_clean_msgsource_learned_15seeds_remote_20260410/train/cond1_seed606.pt,cond1,606,1,9001,greedy,public_random,none,none,none,regime,mixed,18235,0.1971072114066356,5.8834384425555255,0.015190567589799836,23.533753770222102,,,150000,comm,private,
<SOURCE_VECSTRAIGHT_REPO>/remote-results/phase3_vecstraight_clean_msgsource_learned_15seeds_remote_20260410/train/cond1_seed606.pt,cond1,606,1,9001,greedy,public_random,none,none,none,f_value,0.500,5929,4.2165626581210996e-05,3.9999156687468376,0.0,15.99966267498735,8.471704506946798e-05,0.0,150000,comm,private,
<SOURCE_VECSTRAIGHT_REPO>/remote-results/phase3_vecstraight_clean_msgsource_learned_15seeds_remote_20260410/train/cond1_seed606.pt,cond1,606,1,9001,greedy,public_random,none,none,none,f_value,1.500,5872,0.0018732970027247955,4.00374659400545,0.0,16.0149863760218,0.003147329023477373,0.0005966587112171838,150000,comm,private,
<SOURCE_VECSTRAIGHT_REPO>/remote-results/phase3_vecstraight_clean_msgsource_learned_15seeds_remote_20260410/train/cond1_seed606.pt,cond1,606,1,9001,greedy,public_random,none,none,none,f_value,2.500,6262,0.0602842542318748,4.3617055253912485,0.0,17.446822101564994,0.05926278995869082,0.06131621187800963,150000,comm,private,
<SOURCE_VECSTRAIGHT_REPO>/remote-results/phase3_vecstraight_clean_msgsource_learned_15seeds_remote_20260410/train/cond1_seed606.pt,cond1,606,1,9001,greedy,public_random,none,none,none,f_value,3.500,6101,0.5254466480904769,9.25446648090477,0.04540239305031962,37.01786592361908,0.5138112463005591,0.5370098039215686,150000,comm,private,
<SOURCE_VECSTRAIGHT_REPO>/remote-results/phase3_vecstraight_clean_msgsource_learned_15seeds_remote_20260410/train/cond1_seed606.pt,cond1,606,1,9001,greedy,public_random,none,none,none,f_value,5.000,5836,0.9828221384509939,19.725154215215902,0.934201507882111,78.90061686086361,0.9692164179104478,0.9967105263157895,150000,comm,private,
<SOURCE_VECSTRAIGHT_REPO>/remote-results/phase3_vecstraight_clean_msgsource_learned_15seeds_remote_20260410/train/cond1_seed606.pt,cond1,606,1,9001,greedy,sender_shuffle,none,none,none,regime,competitive,5288,0.00037821482602118004,3.9992435703479576,0.0,15.99697428139183,,,150000,comm,private,
<SOURCE_VECSTRAIGHT_REPO>/remote-results/phase3_vecstraight_clean_msgsource_learned_15seeds_remote_20260410/train/cond1_seed606.pt,cond1,606,1,9001,greedy,sender_shuffle,none,none,none,regime,cooperative,5917,0.983015041406118,19.72824066249789,0.933074193003211,78.91296264999156,,,150000,comm,private,
<SOURCE_VECSTRAIGHT_REPO>/remote-results/phase3_vecstraight_clean_msgsource_learned_15seeds_remote_20260410/train/cond1_seed606.pt,cond1,606,1,9001,greedy,sender_shuffle,none,none,none,regime,mixed,18795,0.1805001330140995,5.733492950252727,0.008725724926842246,22.93397180101091,,,150000,comm,private,
<SOURCE_VECSTRAIGHT_REPO>/remote-results/phase3_vecstraight_clean_msgsource_learned_15seeds_remote_20260410/train/cond1_seed606.pt,cond1,606,1,9001,greedy,sender_shuffle,none,none,none,f_value,0.500,5288,0.00037821482602118004,3.9992435703479576,0.0,15.99697428139183,0.000404735404229485,0.00039021127153130054,150000,comm,private,
<SOURCE_VECSTRAIGHT_REPO>/remote-results/phase3_vecstraight_clean_msgsource_learned_15seeds_remote_20260410/train/cond1_seed606.pt,cond1,606,1,9001,greedy,sender_shuffle,none,none,none,f_value,1.500,5824,0.002189217032967033,4.004378434065934,0.0,16.017513736263737,0.002279981760145919,0.002043318348998774,150000,comm,private,
<SOURCE_VECSTRAIGHT_REPO>/remote-results/phase3_vecstraight_clean_msgsource_learned_15seeds_remote_20260410/train/cond1_seed606.pt,cond1,606,1,9001,greedy,sender_shuffle,none,none,none,f_value,2.500,6298,0.049301365512861225,4.295808193077168,0.0,17.18323277230867,0.05013360478432371,0.04739737621667372,150000,comm,private,
<SOURCE_VECSTRAIGHT_REPO>/remote-results/phase3_vecstraight_clean_msgsource_learned_15seeds_remote_20260410/train/cond1_seed606.pt,cond1,606,1,9001,greedy,sender_shuffle,none,none,none,f_value,3.500,6673,0.45995054698036864,8.599505469803686,0.024576652180428593,34.398021879214745,0.4599048114226293,0.4341668510732463,150000,comm,private,
<SOURCE_VECSTRAIGHT_REPO>/remote-results/phase3_vecstraight_clean_msgsource_learned_15seeds_remote_20260410/train/cond1_seed606.pt,cond1,606,1,9001,greedy,sender_shuffle,none,none,none,f_value,5.000,5917,0.983015041406118,19.72824066249789,0.933074193003211,78.91296264999156,0.9822733423545331,0.9838160136286201,150000,comm,private,
<SOURCE_VECSTRAIGHT_REPO>/remote-results/phase3_vecstraight_clean_msgsource_learned_15seeds_remote_20260410/train/cond1_seed606.pt,cond1,606,1,9001,greedy,zeros,none,none,none,regime,competitive,5288,0.0017965204236006051,3.996406959152799,0.0,15.985627836611195,,,150000,comm,private,
<SOURCE_VECSTRAIGHT_REPO>/remote-results/phase3_vecstraight_clean_msgsource_learned_15seeds_remote_20260410/train/cond1_seed606.pt,cond1,606,1,9001,greedy,zeros,none,none,none,regime,cooperative,5917,0.9994929863106304,19.991887780970085,0.9979719452425215,79.96755112388034,,,150000,comm,private,
<SOURCE_VECSTRAIGHT_REPO>/remote-results/phase3_vecstraight_clean_msgsource_learned_15seeds_remote_20260410/train/cond1_seed606.pt,cond1,606,1,9001,greedy,zeros,none,none,none,regime,mixed,18795,0.41105347166799683,7.787629688747007,0.2827879755254057,31.150518754988028,,,150000,comm,private,
<SOURCE_VECSTRAIGHT_REPO>/remote-results/phase3_vecstraight_clean_msgsource_learned_15seeds_remote_20260410/train/cond1_seed606.pt,cond1,606,1,9001,greedy,zeros,none,none,none,f_value,0.500,5288,0.0017965204236006051,3.996406959152799,0.0,15.985627836611195,0.001908492792928532,0.0018957345971563982,150000,comm,private,
<SOURCE_VECSTRAIGHT_REPO>/remote-results/phase3_vecstraight_clean_msgsource_learned_15seeds_remote_20260410/train/cond1_seed606.pt,cond1,606,1,9001,greedy,zeros,none,none,none,f_value,1.500,5824,0.011976304945054946,4.0239526098901095,0.0,16.095810439560438,0.011995827538247567,0.014918895459230728,150000,comm,private,
<SOURCE_VECSTRAIGHT_REPO>/remote-results/phase3_vecstraight_clean_msgsource_learned_15seeds_remote_20260410/train/cond1_seed606.pt,cond1,606,1,9001,greedy,zeros,none,none,none,f_value,2.500,6298,0.21875992378532869,5.312559542711972,0.005398539218799619,21.250238170847886,0.21475546498703224,0.24358974358974358,150000,comm,private,
<SOURCE_VECSTRAIGHT_REPO>/remote-results/phase3_vecstraight_clean_msgsource_learned_15seeds_remote_20260410/train/cond1_seed606.pt,cond1,606,1,9001,greedy,zeros,none,none,none,f_value,3.500,6673,0.9408436984864379,13.408436984864379,0.79139817173685,53.633747939457514,0.9361740140247443,0.9429503180610355,150000,comm,private,
<SOURCE_VECSTRAIGHT_REPO>/remote-results/phase3_vecstraight_clean_msgsource_learned_15seeds_remote_20260410/train/cond1_seed606.pt,cond1,606,1,9001,greedy,zeros,none,none,none,f_value,5.000,5917,0.9994929863106304,19.991887780970085,0.9979719452425215,79.96755112388034,0.9994718077380167,0.9993989180524945,150000,comm,private,
<SOURCE_VECSTRAIGHT_REPO>/remote-results/phase3_vecstraight_clean_msgsource_learned_15seeds_remote_20260410/train/cond1_seed707.pt,cond1,707,1,9001,greedy,fixed0,none,none,none,regime,competitive,5288,0.004113086232980333,3.9917738275340393,0.0,15.967095310136157,,,150000,comm,private,
<SOURCE_VECSTRAIGHT_REPO>/remote-results/phase3_vecstraight_clean_msgsource_learned_15seeds_remote_20260410/train/cond1_seed707.pt,cond1,707,1,9001,greedy,fixed0,none,none,none,regime,cooperative,5917,0.9999577488592192,19.99932398174751,0.9998309954368768,79.99729592699003,,,150000,comm,private,
<SOURCE_VECSTRAIGHT_REPO>/remote-results/phase3_vecstraight_clean_msgsource_learned_15seeds_remote_20260410/train/cond1_seed707.pt,cond1,707,1,9001,greedy,fixed0,none,none,none,regime,mixed,18795,0.5239691407289173,8.417398244213887,0.2518754988028731,33.66959297685555,,,150000,comm,private,
<SOURCE_VECSTRAIGHT_REPO>/remote-results/phase3_vecstraight_clean_msgsource_learned_15seeds_remote_20260410/train/cond1_seed707.pt,cond1,707,1,9001,greedy,fixed0,none,none,none,f_value,0.500,5288,0.004113086232980333,3.9917738275340393,0.0,15.967095310136157,0.004113086232980333,,150000,comm,private,
<SOURCE_VECSTRAIGHT_REPO>/remote-results/phase3_vecstraight_clean_msgsource_learned_15seeds_remote_20260410/train/cond1_seed707.pt,cond1,707,1,9001,greedy,fixed0,none,none,none,f_value,1.500,5824,0.024854052197802196,4.049708104395604,0.0,16.198832417582416,0.024854052197802196,,150000,comm,private,
<SOURCE_VECSTRAIGHT_REPO>/remote-results/phase3_vecstraight_clean_msgsource_learned_15seeds_remote_20260410/train/cond1_seed707.pt,cond1,707,1,9001,greedy,fixed0,none,none,none,f_value,2.500,6298,0.56752143537631,7.40512861225786,0.02540489044140997,29.62051444903144,0.56752143537631,,150000,comm,private,
<SOURCE_VECSTRAIGHT_REPO>/remote-results/phase3_vecstraight_clean_msgsource_learned_15seeds_remote_20260410/train/cond1_seed707.pt,cond1,707,1,9001,greedy,fixed0,none,none,none,f_value,3.500,6673,0.9184774464258953,13.184774464258954,0.6854488236175633,52.739097857035816,0.9184774464258953,,150000,comm,private,
<SOURCE_VECSTRAIGHT_REPO>/remote-results/phase3_vecstraight_clean_msgsource_learned_15seeds_remote_20260410/train/cond1_seed707.pt,cond1,707,1,9001,greedy,fixed0,none,none,none,f_value,5.000,5917,0.9999577488592192,19.99932398174751,0.9998309954368768,79.99729592699003,0.9999577488592192,,150000,comm,private,
<SOURCE_VECSTRAIGHT_REPO>/remote-results/phase3_vecstraight_clean_msgsource_learned_15seeds_remote_20260410/train/cond1_seed707.pt,cond1,707,1,9001,greedy,fixed1,none,none,none,regime,competitive,5288,0.0,4.0,0.0,16.0,,,150000,comm,private,
<SOURCE_VECSTRAIGHT_REPO>/remote-results/phase3_vecstraight_clean_msgsource_learned_15seeds_remote_20260410/train/cond1_seed707.pt,cond1,707,1,9001,greedy,fixed1,none,none,none,regime,cooperative,5917,0.9998309954368768,19.997295926990027,0.9993239817475071,79.98918370796011,,,150000,comm,private,
<SOURCE_VECSTRAIGHT_REPO>/remote-results/phase3_vecstraight_clean_msgsource_learned_15seeds_remote_20260410/train/cond1_seed707.pt,cond1,707,1,9001,greedy,fixed1,none,none,none,regime,mixed,18795,0.40650438946528333,7.812476722532589,0.32875764831072096,31.249906890130354,,,150000,comm,private,
<SOURCE_VECSTRAIGHT_REPO>/remote-results/phase3_vecstraight_clean_msgsource_learned_15seeds_remote_20260410/train/cond1_seed707.pt,cond1,707,1,9001,greedy,fixed1,none,none,none,f_value,0.500,5288,0.0,4.0,0.0,16.0,,0.0,150000,comm,private,
<SOURCE_VECSTRAIGHT_REPO>/remote-results/phase3_vecstraight_clean_msgsource_learned_15seeds_remote_20260410/train/cond1_seed707.pt,cond1,707,1,9001,greedy,fixed1,none,none,none,f_value,1.500,5824,0.005709134615384615,4.011418269230769,0.0,16.045673076923077,,0.005709134615384615,150000,comm,private,
<SOURCE_VECSTRAIGHT_REPO>/remote-results/phase3_vecstraight_clean_msgsource_learned_15seeds_remote_20260410/train/cond1_seed707.pt,cond1,707,1,9001,greedy,fixed1,none,none,none,f_value,2.500,6298,0.1778739282311845,5.067243569387107,0.01365512861225786,20.268974277548427,,0.1778739282311845,150000,comm,private,
<SOURCE_VECSTRAIGHT_REPO>/remote-results/phase3_vecstraight_clean_msgsource_learned_15seeds_remote_20260410/train/cond1_seed707.pt,cond1,707,1,9001,greedy,fixed1,none,none,none,f_value,3.500,6673,0.9720890154353364,13.720890154353365,0.9130825715570209,54.88356061741346,,0.9720890154353364,150000,comm,private,
<SOURCE_VECSTRAIGHT_REPO>/remote-results/phase3_vecstraight_clean_msgsource_learned_15seeds_remote_20260410/train/cond1_seed707.pt,cond1,707,1,9001,greedy,fixed1,none,none,none,f_value,5.000,5917,0.9998309954368768,19.997295926990027,0.9993239817475071,79.98918370796011,,0.9998309954368768,150000,comm,private,
<SOURCE_VECSTRAIGHT_REPO>/remote-results/phase3_vecstraight_clean_msgsource_learned_15seeds_remote_20260410/train/cond1_seed707.pt,cond1,707,1,9001,greedy,indep_random,none,none,none,regime,competitive,5444,0.0014695077149155032,3.997060984570169,0.0,15.988243938280675,,,150000,comm,private,
<SOURCE_VECSTRAIGHT_REPO>/remote-results/phase3_vecstraight_clean_msgsource_learned_15seeds_remote_20260410/train/cond1_seed707.pt,cond1,707,1,9001,greedy,indep_random,none,none,none,regime,cooperative,5829,0.9892777491851089,19.828443986961744,0.957282552753474,79.31377594784698,,,150000,comm,private,
<SOURCE_VECSTRAIGHT_REPO>/remote-results/phase3_vecstraight_clean_msgsource_learned_15seeds_remote_20260410/train/cond1_seed707.pt,cond1,707,1,9001,greedy,indep_random,none,none,none,regime,mixed,18727,0.42078282693437286,7.72264644630747,0.22326053292038234,30.89058578522988,,,150000,comm,private,
<SOURCE_VECSTRAIGHT_REPO>/remote-results/phase3_vecstraight_clean_msgsource_learned_15seeds_remote_20260410/train/cond1_seed707.pt,cond1,707,1,9001,greedy,indep_random,none,none,none,f_value,0.500,5444,0.0014695077149155032,3.997060984570169,0.0,15.988243938280675,0.0016919579125469254,0.0011062529631775799,150000,comm,private,
<SOURCE_VECSTRAIGHT_REPO>/remote-results/phase3_vecstraight_clean_msgsource_learned_15seeds_remote_20260410/train/cond1_seed707.pt,cond1,707,1,9001,greedy,indep_random,none,none,none,f_value,1.500,5205,0.017435158501440923,4.0348703170028815,0.0,16.139481268011526,0.018838823399801696,0.017696196966366234,150000,comm,private,
<SOURCE_VECSTRAIGHT_REPO>/remote-results/phase3_vecstraight_clean_msgsource_learned_15seeds_remote_20260410/train/cond1_seed707.pt,cond1,707,1,9001,greedy,indep_random,none,none,none,f_value,2.500,7182,0.291005291005291,5.746031746031746,0.01086048454469507,22.984126984126984,0.30327836121870383,0.2768570406581614,150000,comm,private,
<SOURCE_VECSTRAIGHT_REPO>/remote-results/phase3_vecstraight_clean_msgsource_learned_15seeds_remote_20260410/train/cond1_seed707.pt,cond1,707,1,9001,greedy,indep_random,none,none,none,f_value,3.500,6340,0.8989353312302839,12.989353312302839,0.647160883280757,51.957413249211356,0.8927877006556636,0.8923459020094829,150000,comm,private,
<SOURCE_VECSTRAIGHT_REPO>/remote-results/phase3_vecstraight_clean_msgsource_learned_15seeds_remote_20260410/train/cond1_seed707.pt,cond1,707,1,9001,greedy,indep_random,none,none,none,f_value,5.000,5829,0.9892777491851089,19.828443986961744,0.957282552753474,79.31377594784698,0.9879810070234445,0.9878309968847352,150000,comm,private,
<SOURCE_VECSTRAIGHT_REPO>/remote-results/phase3_vecstraight_clean_msgsource_learned_15seeds_remote_20260410/train/cond1_seed707.pt,cond1,707,1,9001,greedy,marginal,none,none,none,regime,competitive,5980,0.0015468227424749164,3.9969063545150503,0.0,15.987625418060201,,,150000,comm,private,
<SOURCE_VECSTRAIGHT_REPO>/remote-results/phase3_vecstraight_clean_msgsource_learned_15seeds_remote_20260410/train/cond1_seed707.pt,cond1,707,1,9001,greedy,marginal,none,none,none,regime,cooperative,5921,0.9801553791589258,19.682486066542815,0.9207904070258403,78.72994426617126,,,150000,comm,private,
<SOURCE_VECSTRAIGHT_REPO>/remote-results/phase3_vecstraight_clean_msgsource_learned_15seeds_remote_20260410/train/cond1_seed707.pt,cond1,707,1,9001,greedy,marginal,none,none,none,regime,mixed,18099,0.42121111663627825,7.778330294491409,0.23034421791259185,31.113321177965634,,,150000,comm,private,
<SOURCE_VECSTRAIGHT_REPO>/remote-results/phase3_vecstraight_clean_msgsource_learned_15seeds_remote_20260410/train/cond1_seed707.pt,cond1,707,1,9001,greedy,marginal,none,none,none,f_value,0.500,5980,0.0015468227424749164,3.9969063545150503,0.0,15.987625418060201,0.0017135976287513894,0.0013288709518653411,150000,comm,private,
<SOURCE_VECSTRAIGHT_REPO>/remote-results/phase3_vecstraight_clean_msgsource_learned_15seeds_remote_20260410/train/cond1_seed707.pt,cond1,707,1,9001,greedy,marginal,none,none,none,f_value,1.500,5804,0.01873707787732598,4.037474155754652,0.0,16.14989662301861,0.02061160606790272,0.017786856658861042,150000,comm,private,
<SOURCE_VECSTRAIGHT_REPO>/remote-results/phase3_vecstraight_clean_msgsource_learned_15seeds_remote_20260410/train/cond1_seed707.pt,cond1,707,1,9001,greedy,marginal,none,none,none,f_value,2.500,5884,0.2966094493541808,5.779656696125085,0.009007477906186268,23.11862678450034,0.31153846153846154,0.27693515927943846,150000,comm,private,
<SOURCE_VECSTRAIGHT_REPO>/remote-results/phase3_vecstraight_clean_msgsource_learned_15seeds_remote_20260410/train/cond1_seed707.pt,cond1,707,1,9001,greedy,marginal,none,none,none,f_value,3.500,6411,0.8999376072375604,12.999376072375604,0.6420215255030417,51.997504289502416,0.8958924121337114,0.8919705288845089,150000,comm,private,
<SOURCE_VECSTRAIGHT_REPO>/remote-results/phase3_vecstraight_clean_msgsource_learned_15seeds_remote_20260410/train/cond1_seed707.pt,cond1,707,1,9001,greedy,marginal,none,none,none,f_value,5.000,5921,0.9801553791589258,19.682486066542815,0.9207904070258403,78.72994426617126,0.9789202374925208,0.9756552367139749,150000,comm,private,
<SOURCE_VECSTRAIGHT_REPO>/remote-results/phase3_vecstraight_clean_msgsource_learned_15seeds_remote_20260410/train/cond1_seed707.pt,cond1,707,1,9001,greedy,none,none,none,none,regime,competitive,5288,0.0,4.0,0.0,16.0,,,150000,comm,private,
<SOURCE_VECSTRAIGHT_REPO>/remote-results/phase3_vecstraight_clean_msgsource_learned_15seeds_remote_20260410/train/cond1_seed707.pt,cond1,707,1,9001,greedy,none,none,none,none,regime,cooperative,5917,0.9295673483184046,18.873077573094474,0.7182693932736184,75.4923102923779,,,150000,comm,private,
<SOURCE_VECSTRAIGHT_REPO>/remote-results/phase3_vecstraight_clean_msgsource_learned_15seeds_remote_20260410/train/cond1_seed707.pt,cond1,707,1,9001,greedy,none,none,none,none,regime,mixed,18795,0.38781590848629954,7.571801010907156,0.19467943602021814,30.287204043628623,,,150000,comm,private,
<SOURCE_VECSTRAIGHT_REPO>/remote-results/phase3_vecstraight_clean_msgsource_learned_15seeds_remote_20260410/train/cond1_seed707.pt,cond1,707,1,9001,greedy,none,none,none,none,f_value,0.500,5288,0.0,4.0,0.0,16.0,0.0,0.0,150000,comm,private,
<SOURCE_VECSTRAIGHT_REPO>/remote-results/phase3_vecstraight_clean_msgsource_learned_15seeds_remote_20260410/train/cond1_seed707.pt,cond1,707,1,9001,greedy,none,none,none,none,f_value,1.500,5824,0.004206730769230769,4.008413461538462,0.0,16.033653846153847,0.004228329809725159,0.0038128249566724438,150000,comm,private,
<SOURCE_VECSTRAIGHT_REPO>/remote-results/phase3_vecstraight_clean_msgsource_learned_15seeds_remote_20260410/train/cond1_seed707.pt,cond1,707,1,9001,greedy,none,none,none,none,f_value,2.500,6298,0.22078437599237855,5.324706255954271,0.007303906001905367,21.298825023817084,0.23893317290820676,0.20284076750560678,150000,comm,private,
<SOURCE_VECSTRAIGHT_REPO>/remote-results/phase3_vecstraight_clean_msgsource_learned_15seeds_remote_20260410/train/cond1_seed707.pt,cond1,707,1,9001,greedy,none,none,none,none,f_value,3.500,6673,0.8802637494380339,12.802637494380338,0.5414356361456616,51.21054997752135,0.879405812044144,0.8386627025059159,150000,comm,private,
<SOURCE_VECSTRAIGHT_REPO>/remote-results/phase3_vecstraight_clean_msgsource_learned_15seeds_remote_20260410/train/cond1_seed707.pt,cond1,707,1,9001,greedy,none,none,none,none,f_value,5.000,5917,0.9295673483184046,18.873077573094474,0.7182693932736184,75.4923102923779,0.9295673483184046,0.8941452882905766,150000,comm,private,
<SOURCE_VECSTRAIGHT_REPO>/remote-results/phase3_vecstraight_clean_msgsource_learned_15seeds_remote_20260410/train/cond1_seed707.pt,cond1,707,1,9001,greedy,permute_slots,none,none,none,regime,competitive,5862,0.001108836574547936,3.997782326850904,0.0,15.991129307403616,,,150000,comm,private,
<SOURCE_VECSTRAIGHT_REPO>/remote-results/phase3_vecstraight_clean_msgsource_learned_15seeds_remote_20260410/train/cond1_seed707.pt,cond1,707,1,9001,greedy,permute_slots,none,none,none,regime,cooperative,6068,0.9799357284113381,19.67897165458141,0.9197429136453527,78.71588661832564,,,150000,comm,private,
<SOURCE_VECSTRAIGHT_REPO>/remote-results/phase3_vecstraight_clean_msgsource_learned_15seeds_remote_20260410/train/cond1_seed707.pt,cond1,707,1,9001,greedy,permute_slots,none,none,none,regime,mixed,18070,0.4112617598229109,7.726508024349751,0.2298284449363586,30.906032097399002,,,150000,comm,private,
<SOURCE_VECSTRAIGHT_REPO>/remote-results/phase3_vecstraight_clean_msgsource_learned_15seeds_remote_20260410/train/cond1_seed707.pt,cond1,707,1,9001,greedy,permute_slots,none,none,none,f_value,0.500,5862,0.001108836574547936,3.997782326850904,0.0,15.991129307403616,0.001112489837833212,0.0012896825396825397,150000,comm,private,
<SOURCE_VECSTRAIGHT_REPO>/remote-results/phase3_vecstraight_clean_msgsource_learned_15seeds_remote_20260410/train/cond1_seed707.pt,cond1,707,1,9001,greedy,permute_slots,none,none,none,f_value,1.500,5576,0.018651362984218076,4.037302725968436,0.0,16.149210903873744,0.019165885660731023,0.018194192377495463,150000,comm,private,
<SOURCE_VECSTRAIGHT_REPO>/remote-results/phase3_vecstraight_clean_msgsource_learned_15seeds_remote_20260410/train/cond1_seed707.pt,cond1,707,1,9001,greedy,permute_slots,none,none,none,f_value,2.500,6045,0.2541356492969396,5.524813895781637,0.006947890818858561,22.09925558312655,0.2759885444405366,0.23442058964421025,150000,comm,private,
<SOURCE_VECSTRAIGHT_REPO>/remote-results/phase3_vecstraight_clean_msgsource_learned_15seeds_remote_20260410/train/cond1_seed707.pt,cond1,707,1,9001,greedy,permute_slots,none,none,none,f_value,3.500,6449,0.8980074430144208,12.980074430144208,0.6374631725848969,51.92029772057683,0.9009001895135819,0.8752792896018333,150000,comm,private,
<SOURCE_VECSTRAIGHT_REPO>/remote-results/phase3_vecstraight_clean_msgsource_learned_15seeds_remote_20260410/train/cond1_seed707.pt,cond1,707,1,9001,greedy,permute_slots,none,none,none,f_value,5.000,6068,0.9799357284113381,19.67897165458141,0.9197429136453527,78.71588661832564,0.9799357284113381,0.9644681161535094,150000,comm,private,
<SOURCE_VECSTRAIGHT_REPO>/remote-results/phase3_vecstraight_clean_msgsource_learned_15seeds_remote_20260410/train/cond1_seed707.pt,cond1,707,1,9001,greedy,public_marginal,none,none,none,regime,competitive,6381,0.002194013477511362,3.9956119730449773,0.0,15.98244789217991,,,150000,comm,private,
<SOURCE_VECSTRAIGHT_REPO>/remote-results/phase3_vecstraight_clean_msgsource_learned_15seeds_remote_20260410/train/cond1_seed707.pt,cond1,707,1,9001,greedy,public_marginal,none,none,none,regime,cooperative,5877,0.9999574612897737,19.99931938063638,0.9998298451590948,79.99727752254552,,,150000,comm,private,
<SOURCE_VECSTRAIGHT_REPO>/remote-results/phase3_vecstraight_clean_msgsource_learned_15seeds_remote_20260410/train/cond1_seed707.pt,cond1,707,1,9001,greedy,public_marginal,none,none,none,regime,mixed,17742,0.42224664637583137,7.762033592605118,0.26710630143163117,31.04813437042047,,,150000,comm,private,
<SOURCE_VECSTRAIGHT_REPO>/remote-results/phase3_vecstraight_clean_msgsource_learned_15seeds_remote_20260410/train/cond1_seed707.pt,cond1,707,1,9001,greedy,public_marginal,none,none,none,f_value,0.500,6381,0.002194013477511362,3.9956119730449773,0.0,15.98244789217991,0.003969399538106236,8.570449091532397e-05,150000,comm,private,
<SOURCE_VECSTRAIGHT_REPO>/remote-results/phase3_vecstraight_clean_msgsource_learned_15seeds_remote_20260410/train/cond1_seed707.pt,cond1,707,1,9001,greedy,public_marginal,none,none,none,f_value,1.500,5647,0.013502744820258544,4.027005489640517,0.0,16.10802195856207,0.02171361502347418,0.004315196998123828,150000,comm,private,
<SOURCE_VECSTRAIGHT_REPO>/remote-results/phase3_vecstraight_clean_msgsource_learned_15seeds_remote_20260410/train/cond1_seed707.pt,cond1,707,1,9001,greedy,public_marginal,none,none,none,f_value,2.500,6241,0.3027960262778401,5.81677615766704,0.014420765902900177,23.26710463066816,0.3699810306670882,0.23375568551007148,150000,comm,private,
<SOURCE_VECSTRAIGHT_REPO>/remote-results/phase3_vecstraight_clean_msgsource_learned_15seeds_remote_20260410/train/cond1_seed707.pt,cond1,707,1,9001,greedy,public_marginal,none,none,none,f_value,3.500,5854,0.9438845234028015,13.438845234028015,0.7941578407926204,53.75538093611206,0.9215089034676663,0.9708820203543159,150000,comm,private,
<SOURCE_VECSTRAIGHT_REPO>/remote-results/phase3_vecstraight_clean_msgsource_learned_15seeds_remote_20260410/train/cond1_seed707.pt,cond1,707,1,9001,greedy,public_marginal,none,none,none,f_value,5.000,5877,0.9999574612897737,19.99931938063638,0.9998298451590948,79.99727752254552,0.9999250149970006,1.0,150000,comm,private,
<SOURCE_VECSTRAIGHT_REPO>/remote-results/phase3_vecstraight_clean_msgsource_learned_15seeds_remote_20260410/train/cond1_seed707.pt,cond1,707,1,9001,greedy,public_random,none,none,none,regime,competitive,5929,0.0022769438353853937,3.9954461123292293,0.0,15.981784449316917,,,150000,comm,private,
<SOURCE_VECSTRAIGHT_REPO>/remote-results/phase3_vecstraight_clean_msgsource_learned_15seeds_remote_20260410/train/cond1_seed707.pt,cond1,707,1,9001,greedy,public_random,none,none,none,regime,cooperative,5836,0.9998714873200822,19.997943797121316,0.999485949280329,79.99177518848526,,,150000,comm,private,
<SOURCE_VECSTRAIGHT_REPO>/remote-results/phase3_vecstraight_clean_msgsource_learned_15seeds_remote_20260410/train/cond1_seed707.pt,cond1,707,1,9001,greedy,public_random,none,none,none,regime,mixed,18235,0.42529476281875517,7.797669317247053,0.27194954757334794,31.19067726898821,,,150000,comm,private,
<SOURCE_VECSTRAIGHT_REPO>/remote-results/phase3_vecstraight_clean_msgsource_learned_15seeds_remote_20260410/train/cond1_seed707.pt,cond1,707,1,9001,greedy,public_random,none,none,none,f_value,0.500,5929,0.0022769438353853937,3.9954461123292293,0.0,15.981784449316917,0.004490003388681803,8.3948959032908e-05,150000,comm,private,
<SOURCE_VECSTRAIGHT_REPO>/remote-results/phase3_vecstraight_clean_msgsource_learned_15seeds_remote_20260410/train/cond1_seed707.pt,cond1,707,1,9001,greedy,public_random,none,none,none,f_value,1.500,5872,0.012346730245231608,4.024693460490464,0.0,16.098773841961854,0.019479414766927525,0.00519945448346403,150000,comm,private,
<SOURCE_VECSTRAIGHT_REPO>/remote-results/phase3_vecstraight_clean_msgsource_learned_15seeds_remote_20260410/train/cond1_seed707.pt,cond1,707,1,9001,greedy,public_random,none,none,none,f_value,2.500,6262,0.30828808687320347,5.8497285212392205,0.018843819865857554,23.398914084956882,0.3687639021290118,0.24719101123595505,150000,comm,private,
<SOURCE_VECSTRAIGHT_REPO>/remote-results/phase3_vecstraight_clean_msgsource_learned_15seeds_remote_20260410/train/cond1_seed707.pt,cond1,707,1,9001,greedy,public_random,none,none,none,f_value,3.500,6101,0.9428372397967546,13.428372397967546,0.7934764792656942,53.713489591870186,0.9154883262084841,0.970016339869281,150000,comm,private,
<SOURCE_VECSTRAIGHT_REPO>/remote-results/phase3_vecstraight_clean_msgsource_learned_15seeds_remote_20260410/train/cond1_seed707.pt,cond1,707,1,9001,greedy,public_random,none,none,none,f_value,5.000,5836,0.9998714873200822,19.997943797121316,0.999485949280329,79.99177518848526,0.999915196743555,0.9998268698060941,150000,comm,private,
<SOURCE_VECSTRAIGHT_REPO>/remote-results/phase3_vecstraight_clean_msgsource_learned_15seeds_remote_20260410/train/cond1_seed707.pt,cond1,707,1,9001,greedy,sender_shuffle,none,none,none,regime,competitive,5288,0.0021274583963691376,3.995745083207262,0.0,15.982980332829047,,,150000,comm,private,
<SOURCE_VECSTRAIGHT_REPO>/remote-results/phase3_vecstraight_clean_msgsource_learned_15seeds_remote_20260410/train/cond1_seed707.pt,cond1,707,1,9001,greedy,sender_shuffle,none,none,none,regime,cooperative,5917,0.9706354571573432,19.53016731451749,0.8827108331924962,78.12066925806997,,,150000,comm,private,
<SOURCE_VECSTRAIGHT_REPO>/remote-results/phase3_vecstraight_clean_msgsource_learned_15seeds_remote_20260410/train/cond1_seed707.pt,cond1,707,1,9001,greedy,sender_shuffle,none,none,none,regime,mixed,18795,0.4302873104549082,7.838175046554935,0.23000798084596968,31.35270018621974,,,150000,comm,private,
<SOURCE_VECSTRAIGHT_REPO>/remote-results/phase3_vecstraight_clean_msgsource_learned_15seeds_remote_20260410/train/cond1_seed707.pt,cond1,707,1,9001,greedy,sender_shuffle,none,none,none,f_value,0.500,5288,0.0021274583963691376,3.995745083207262,0.0,15.982980332829047,0.002237581423101785,0.0021812754721313356,150000,comm,private,
<SOURCE_VECSTRAIGHT_REPO>/remote-results/phase3_vecstraight_clean_msgsource_learned_15seeds_remote_20260410/train/cond1_seed707.pt,cond1,707,1,9001,greedy,sender_shuffle,none,none,none,f_value,1.500,5824,0.019144917582417584,4.038289835164835,0.0,16.15315934065934,0.02001799370220423,0.020144035069408203,150000,comm,private,
<SOURCE_VECSTRAIGHT_REPO>/remote-results/phase3_vecstraight_clean_msgsource_learned_15seeds_remote_20260410/train/cond1_seed707.pt,cond1,707,1,9001,greedy,sender_shuffle,none,none,none,f_value,2.500,6298,0.31128929818990153,5.8677357891394095,0.006668783740870117,23.470943156557638,0.31765439800374295,0.2924319646119819,150000,comm,private,
<SOURCE_VECSTRAIGHT_REPO>/remote-results/phase3_vecstraight_clean_msgsource_learned_15seeds_remote_20260410/train/cond1_seed707.pt,cond1,707,1,9001,greedy,sender_shuffle,none,none,none,f_value,3.500,6673,0.9014311404166042,13.014311404166042,0.6415405364903342,52.05724561666417,0.9018790785439107,0.8922552804905746,150000,comm,private,
<SOURCE_VECSTRAIGHT_REPO>/remote-results/phase3_vecstraight_clean_msgsource_learned_15seeds_remote_20260410/train/cond1_seed707.pt,cond1,707,1,9001,greedy,sender_shuffle,none,none,none,f_value,5.000,5917,0.9706354571573432,19.53016731451749,0.8827108331924962,78.12066925806997,0.9695602159100964,0.9641567818463125,150000,comm,private,
<SOURCE_VECSTRAIGHT_REPO>/remote-results/phase3_vecstraight_clean_msgsource_learned_15seeds_remote_20260410/train/cond1_seed707.pt,cond1,707,1,9001,greedy,zeros,none,none,none,regime,competitive,5288,0.000661875945537065,3.998676248108926,0.0,15.994704992435704,,,150000,comm,private,
<SOURCE_VECSTRAIGHT_REPO>/remote-results/phase3_vecstraight_clean_msgsource_learned_15seeds_remote_20260410/train/cond1_seed707.pt,cond1,707,1,9001,greedy,zeros,none,none,none,regime,cooperative,5917,0.8376711171201623,17.402737873922597,0.350684468480649,69.61095149569039,,,150000,comm,private,
<SOURCE_VECSTRAIGHT_REPO>/remote-results/phase3_vecstraight_clean_msgsource_learned_15seeds_remote_20260410/train/cond1_seed707.pt,cond1,707,1,9001,greedy,zeros,none,none,none,regime,mixed,18795,0.6081803671189147,9.009710029263102,0.43820164937483375,36.03884011705241,,,150000,comm,private,
<SOURCE_VECSTRAIGHT_REPO>/remote-results/phase3_vecstraight_clean_msgsource_learned_15seeds_remote_20260410/train/cond1_seed707.pt,cond1,707,1,9001,greedy,zeros,none,none,none,f_value,0.500,5288,0.000661875945537065,3.998676248108926,0.0,15.994704992435704,0.0006637273028966956,0.000769865273577124,150000,comm,private,
<SOURCE_VECSTRAIGHT_REPO>/remote-results/phase3_vecstraight_clean_msgsource_learned_15seeds_remote_20260410/train/cond1_seed707.pt,cond1,707,1,9001,greedy,zeros,none,none,none,f_value,1.500,5824,0.026828640109890108,4.05365728021978,0.0,16.21462912087912,0.025693254941900837,0.026575187806678537,150000,comm,private,
<SOURCE_VECSTRAIGHT_REPO>/remote-results/phase3_vecstraight_clean_msgsource_learned_15seeds_remote_20260410/train/cond1_seed707.pt,cond1,707,1,9001,greedy,zeros,none,none,none,f_value,2.500,6298,0.7502381708478882,8.50142902508733,0.32565893934582407,34.00571610034932,0.7610266742586834,0.7308562521997084,150000,comm,private,
<SOURCE_VECSTRAIGHT_REPO>/remote-results/phase3_vecstraight_clean_msgsource_learned_15seeds_remote_20260410/train/cond1_seed707.pt,cond1,707,1,9001,greedy,zeros,none,none,none,f_value,3.500,6673,0.9814925820470553,13.814925820470553,0.9268694739997003,55.25970328188221,0.9817708333333334,0.9794723294723294,150000,comm,private,
<SOURCE_VECSTRAIGHT_REPO>/remote-results/phase3_vecstraight_clean_msgsource_learned_15seeds_remote_20260410/train/cond1_seed707.pt,cond1,707,1,9001,greedy,zeros,none,none,none,f_value,5.000,5917,0.8376711171201623,17.402737873922597,0.350684468480649,69.61095149569039,0.8376711171201623,0.7860290229716232,150000,comm,private,
<SOURCE_VECSTRAIGHT_REPO>/remote-results/phase3_vecstraight_clean_msgsource_learned_15seeds_remote_20260410/train/cond1_seed808.pt,cond1,808,1,9001,greedy,fixed0,none,none,none,regime,competitive,5288,9.455370650529501e-05,3.9998108925869893,0.0,15.999243570347957,,,150000,comm,private,
<SOURCE_VECSTRAIGHT_REPO>/remote-results/phase3_vecstraight_clean_msgsource_learned_15seeds_remote_20260410/train/cond1_seed808.pt,cond1,808,1,9001,greedy,fixed0,none,none,none,regime,cooperative,5917,0.7084248774716917,15.334798039547067,0.23153625147878992,61.33919215818827,,,150000,comm,private,
<SOURCE_VECSTRAIGHT_REPO>/remote-results/phase3_vecstraight_clean_msgsource_learned_15seeds_remote_20260410/train/cond1_seed808.pt,cond1,808,1,9001,greedy,fixed0,none,none,none,regime,mixed,18795,0.30794094173982445,6.808592710827348,0.04421388667198723,27.234370843309392,,,150000,comm,private,
<SOURCE_VECSTRAIGHT_REPO>/remote-results/phase3_vecstraight_clean_msgsource_learned_15seeds_remote_20260410/train/cond1_seed808.pt,cond1,808,1,9001,greedy,fixed0,none,none,none,f_value,0.500,5288,9.455370650529501e-05,3.9998108925869893,0.0,15.999243570347957,9.455370650529501e-05,,150000,comm,private,
<SOURCE_VECSTRAIGHT_REPO>/remote-results/phase3_vecstraight_clean_msgsource_learned_15seeds_remote_20260410/train/cond1_seed808.pt,cond1,808,1,9001,greedy,fixed0,none,none,none,f_value,1.500,5824,0.007855425824175824,4.015710851648351,0.0,16.062843406593405,0.007855425824175824,,150000,comm,private,
<SOURCE_VECSTRAIGHT_REPO>/remote-results/phase3_vecstraight_clean_msgsource_learned_15seeds_remote_20260410/train/cond1_seed808.pt,cond1,808,1,9001,greedy,fixed0,none,none,none,f_value,2.500,6298,0.18751984757065734,5.125119085423944,0.0,20.500476341695776,0.18751984757065734,,150000,comm,private,
<SOURCE_VECSTRAIGHT_REPO>/remote-results/phase3_vecstraight_clean_msgsource_learned_15seeds_remote_20260410/train/cond1_seed808.pt,cond1,808,1,9001,greedy,fixed0,none,none,none,f_value,3.500,6673,0.6835006743593586,10.835006743593587,0.12453169488985463,43.34002697437435,0.6835006743593586,,150000,comm,private,
<SOURCE_VECSTRAIGHT_REPO>/remote-results/phase3_vecstraight_clean_msgsource_learned_15seeds_remote_20260410/train/cond1_seed808.pt,cond1,808,1,9001,greedy,fixed0,none,none,none,f_value,5.000,5917,0.7084248774716917,15.334798039547067,0.23153625147878992,61.33919215818827,0.7084248774716917,,150000,comm,private,
<SOURCE_VECSTRAIGHT_REPO>/remote-results/phase3_vecstraight_clean_msgsource_learned_15seeds_remote_20260410/train/cond1_seed808.pt,cond1,808,1,9001,greedy,fixed1,none,none,none,regime,competitive,5288,0.0,4.0,0.0,16.0,,,150000,comm,private,
<SOURCE_VECSTRAIGHT_REPO>/remote-results/phase3_vecstraight_clean_msgsource_learned_15seeds_remote_20260410/train/cond1_seed808.pt,cond1,808,1,9001,greedy,fixed1,none,none,none,regime,cooperative,5917,0.7380851782998141,15.809362852797026,0.23119824235254352,63.237451411188104,,,150000,comm,private,
<SOURCE_VECSTRAIGHT_REPO>/remote-results/phase3_vecstraight_clean_msgsource_learned_15seeds_remote_20260410/train/cond1_seed808.pt,cond1,808,1,9001,greedy,fixed1,none,none,none,regime,mixed,18795,0.20638467677573824,5.963926576217079,0.0005320563979781857,23.855706304868317,,,150000,comm,private,
<SOURCE_VECSTRAIGHT_REPO>/remote-results/phase3_vecstraight_clean_msgsource_learned_15seeds_remote_20260410/train/cond1_seed808.pt,cond1,808,1,9001,greedy,fixed1,none,none,none,f_value,0.500,5288,0.0,4.0,0.0,16.0,,0.0,150000,comm,private,
<SOURCE_VECSTRAIGHT_REPO>/remote-results/phase3_vecstraight_clean_msgsource_learned_15seeds_remote_20260410/train/cond1_seed808.pt,cond1,808,1,9001,greedy,fixed1,none,none,none,f_value,1.500,5824,0.000729739010989011,4.001459478021978,0.0,16.005837912087912,,0.000729739010989011,150000,comm,private,
<SOURCE_VECSTRAIGHT_REPO>/remote-results/phase3_vecstraight_clean_msgsource_learned_15seeds_remote_20260410/train/cond1_seed808.pt,cond1,808,1,9001,greedy,fixed1,none,none,none,f_value,2.500,6298,0.07319784058431247,4.439187043505875,0.0,17.7567481740235,,0.07319784058431247,150000,comm,private,
<SOURCE_VECSTRAIGHT_REPO>/remote-results/phase3_vecstraight_clean_msgsource_learned_15seeds_remote_20260410/train/cond1_seed808.pt,cond1,808,1,9001,greedy,fixed1,none,none,none,f_value,3.500,6673,0.5115765023227934,9.115765023227933,0.0014985763524651581,36.46306009291173,,0.5115765023227934,150000,comm,private,
<SOURCE_VECSTRAIGHT_REPO>/remote-results/phase3_vecstraight_clean_msgsource_learned_15seeds_remote_20260410/train/cond1_seed808.pt,cond1,808,1,9001,greedy,fixed1,none,none,none,f_value,5.000,5917,0.7380851782998141,15.809362852797026,0.23119824235254352,63.237451411188104,,0.7380851782998141,150000,comm,private,
<SOURCE_VECSTRAIGHT_REPO>/remote-results/phase3_vecstraight_clean_msgsource_learned_15seeds_remote_20260410/train/cond1_seed808.pt,cond1,808,1,9001,greedy,indep_random,none,none,none,regime,competitive,5444,0.0002296105804555474,3.999540778839089,0.0,15.998163115356355,,,150000,comm,private,
<SOURCE_VECSTRAIGHT_REPO>/remote-results/phase3_vecstraight_clean_msgsource_learned_15seeds_remote_20260410/train/cond1_seed808.pt,cond1,808,1,9001,greedy,indep_random,none,none,none,regime,cooperative,5829,0.7633813690169841,16.214101904271743,0.34808715045462346,64.85640761708697,,,150000,comm,private,
<SOURCE_VECSTRAIGHT_REPO>/remote-results/phase3_vecstraight_clean_msgsource_learned_15seeds_remote_20260410/train/cond1_seed808.pt,cond1,808,1,9001,greedy,indep_random,none,none,none,regime,mixed,18727,0.2731750947829337,6.462727612538047,0.04859294067389331,25.85091045015219,,,150000,comm,private,
<SOURCE_VECSTRAIGHT_REPO>/remote-results/phase3_vecstraight_clean_msgsource_learned_15seeds_remote_20260410/train/cond1_seed808.pt,cond1,808,1,9001,greedy,indep_random,none,none,none,f_value,0.500,5444,0.0002296105804555474,3.999540778839089,0.0,15.998163115356355,0.0002643684238354571,0.00021071485012906285,150000,comm,private,
<SOURCE_VECSTRAIGHT_REPO>/remote-results/phase3_vecstraight_clean_msgsource_learned_15seeds_remote_20260410/train/cond1_seed808.pt,cond1,808,1,9001,greedy,indep_random,none,none,none,f_value,1.500,5205,0.007877041306436119,4.015754082612872,0.0,16.06301633045149,0.00776688333149719,0.008353484282259837,150000,comm,private,
<SOURCE_VECSTRAIGHT_REPO>/remote-results/phase3_vecstraight_clean_msgsource_learned_15seeds_remote_20260410/train/cond1_seed808.pt,cond1,808,1,9001,greedy,indep_random,none,none,none,f_value,2.500,7182,0.1639515455304929,4.983709273182957,0.0006961849067112225,19.93483709273183,0.16631394002316016,0.1671634672707762,150000,comm,private,
<SOURCE_VECSTRAIGHT_REPO>/remote-results/phase3_vecstraight_clean_msgsource_learned_15seeds_remote_20260410/train/cond1_seed808.pt,cond1,808,1,9001,greedy,indep_random,none,none,none,f_value,3.500,6340,0.6147082018927444,10.147082018927446,0.14274447949526814,40.58832807570978,0.6171376893511191,0.6130955068864303,150000,comm,private,
<SOURCE_VECSTRAIGHT_REPO>/remote-results/phase3_vecstraight_clean_msgsource_learned_15seeds_remote_20260410/train/cond1_seed808.pt,cond1,808,1,9001,greedy,indep_random,none,none,none,f_value,5.000,5829,0.7633813690169841,16.214101904271743,0.34808715045462346,64.85640761708697,0.767731724206153,0.7606113707165109,150000,comm,private,
<SOURCE_VECSTRAIGHT_REPO>/remote-results/phase3_vecstraight_clean_msgsource_learned_15seeds_remote_20260410/train/cond1_seed808.pt,cond1,808,1,9001,greedy,marginal,none,none,none,regime,competitive,5980,0.00012541806020066888,3.999749163879599,0.0,15.998996655518395,,,150000,comm,private,
<SOURCE_VECSTRAIGHT_REPO>/remote-results/phase3_vecstraight_clean_msgsource_learned_15seeds_remote_20260410/train/cond1_seed808.pt,cond1,808,1,9001,greedy,marginal,none,none,none,regime,cooperative,5921,0.7685779429150481,16.29724708664077,0.35821651748015537,65.18898834656308,,,150000,comm,private,
<SOURCE_VECSTRAIGHT_REPO>/remote-results/phase3_vecstraight_clean_msgsource_learned_15seeds_remote_20260410/train/cond1_seed808.pt,cond1,808,1,9001,greedy,marginal,none,none,none,regime,mixed,18099,0.2613404055472678,6.418255152218355,0.04840046411403945,25.67302060887342,,,150000,comm,private,
<SOURCE_VECSTRAIGHT_REPO>/remote-results/phase3_vecstraight_clean_msgsource_learned_15seeds_remote_20260410/train/cond1_seed808.pt,cond1,808,1,9001,greedy,marginal,none,none,none,f_value,0.500,5980,0.00012541806020066888,3.999749163879599,0.0,15.998996655518395,0.0001482799525504152,0.00013837638376383763,150000,comm,private,
<SOURCE_VECSTRAIGHT_REPO>/remote-results/phase3_vecstraight_clean_msgsource_learned_15seeds_remote_20260410/train/cond1_seed808.pt,cond1,808,1,9001,greedy,marginal,none,none,none,f_value,1.500,5804,0.00680565127498277,4.013611302549966,0.0,16.054445210199862,0.006893495494608302,0.006968978367129652,150000,comm,private,
<SOURCE_VECSTRAIGHT_REPO>/remote-results/phase3_vecstraight_clean_msgsource_learned_15seeds_remote_20260410/train/cond1_seed808.pt,cond1,808,1,9001,greedy,marginal,none,none,none,f_value,2.500,5884,0.13664174031271245,4.819850441876275,0.0006798096532970768,19.2794017675051,0.13848481890071268,0.1376471714367761,150000,comm,private,
<SOURCE_VECSTRAIGHT_REPO>/remote-results/phase3_vecstraight_clean_msgsource_learned_15seeds_remote_20260410/train/cond1_seed808.pt,cond1,808,1,9001,greedy,marginal,none,none,none,f_value,3.500,6411,0.6062236780533458,10.062236780533459,0.13601622211823428,40.248947122133835,0.6036230904420711,0.6093578545406663,150000,comm,private,
<SOURCE_VECSTRAIGHT_REPO>/remote-results/phase3_vecstraight_clean_msgsource_learned_15seeds_remote_20260410/train/cond1_seed808.pt,cond1,808,1,9001,greedy,marginal,none,none,none,f_value,5.000,5921,0.7685779429150481,16.29724708664077,0.35821651748015537,65.18898834656308,0.7724250891222662,0.7689364957918898,150000,comm,private,
<SOURCE_VECSTRAIGHT_REPO>/remote-results/phase3_vecstraight_clean_msgsource_learned_15seeds_remote_20260410/train/cond1_seed808.pt,cond1,808,1,9001,greedy,none,none,none,none,regime,competitive,5288,9.455370650529501e-05,3.9998108925869893,0.0,15.999243570347957,,,150000,comm,private,
<SOURCE_VECSTRAIGHT_REPO>/remote-results/phase3_vecstraight_clean_msgsource_learned_15seeds_remote_20260410/train/cond1_seed808.pt,cond1,808,1,9001,greedy,none,none,none,none,regime,cooperative,5917,0.8688524590163934,17.901639344262296,0.5448707115092107,71.60655737704919,,,150000,comm,private,
<SOURCE_VECSTRAIGHT_REPO>/remote-results/phase3_vecstraight_clean_msgsource_learned_15seeds_remote_20260410/train/cond1_seed808.pt,cond1,808,1,9001,greedy,none,none,none,none,regime,mixed,18795,0.28729715349827084,6.765070497472732,0.10353817504655494,27.060281989890928,,,150000,comm,private,
<SOURCE_VECSTRAIGHT_REPO>/remote-results/phase3_vecstraight_clean_msgsource_learned_15seeds_remote_20260410/train/cond1_seed808.pt,cond1,808,1,9001,greedy,none,none,none,none,f_value,0.500,5288,9.455370650529501e-05,3.9998108925869893,0.0,15.999243570347957,0.00013234515616728428,9.478223780863466e-05,150000,comm,private,
<SOURCE_VECSTRAIGHT_REPO>/remote-results/phase3_vecstraight_clean_msgsource_learned_15seeds_remote_20260410/train/cond1_seed808.pt,cond1,808,1,9001,greedy,none,none,none,none,f_value,1.500,5824,0.0033052884615384615,4.006610576923077,0.0,16.026442307692307,0.003385061766386776,0.0026608505997818975,150000,comm,private,
<SOURCE_VECSTRAIGHT_REPO>/remote-results/phase3_vecstraight_clean_msgsource_learned_15seeds_remote_20260410/train/cond1_seed808.pt,cond1,808,1,9001,greedy,none,none,none,none,f_value,2.500,6298,0.07438869482375357,4.446332168942521,0.0014290250873293109,17.785328675770085,0.07278879104671843,0.064440734557596,150000,comm,private,
<SOURCE_VECSTRAIGHT_REPO>/remote-results/phase3_vecstraight_clean_msgsource_learned_15seeds_remote_20260410/train/cond1_seed808.pt,cond1,808,1,9001,greedy,none,none,none,none,f_value,3.500,6673,0.7361007043308857,11.361007043308856,0.29027423947250114,45.444028173235424,0.7701720074218946,0.7368379818238796,150000,comm,private,
<SOURCE_VECSTRAIGHT_REPO>/remote-results/phase3_vecstraight_clean_msgsource_learned_15seeds_remote_20260410/train/cond1_seed808.pt,cond1,808,1,9001,greedy,none,none,none,none,f_value,5.000,5917,0.8688524590163934,17.901639344262296,0.5448707115092107,71.60655737704919,0.8831162222674537,0.8944882633542719,150000,comm,private,
<SOURCE_VECSTRAIGHT_REPO>/remote-results/phase3_vecstraight_clean_msgsource_learned_15seeds_remote_20260410/train/cond1_seed808.pt,cond1,808,1,9001,greedy,permute_slots,none,none,none,regime,competitive,5862,0.00021323780279767997,3.9995735243944046,0.0,15.998294097577618,,,150000,comm,private,
<SOURCE_VECSTRAIGHT_REPO>/remote-results/phase3_vecstraight_clean_msgsource_learned_15seeds_remote_20260410/train/cond1_seed808.pt,cond1,808,1,9001,greedy,permute_slots,none,none,none,regime,cooperative,6068,0.7705998681608438,16.3295978905735,0.35794330916282135,65.318391562294,,,150000,comm,private,
<SOURCE_VECSTRAIGHT_REPO>/remote-results/phase3_vecstraight_clean_msgsource_learned_15seeds_remote_20260410/train/cond1_seed808.pt,cond1,808,1,9001,greedy,permute_slots,none,none,none,regime,mixed,18070,0.2759131156613171,6.5099335915882675,0.05052573325954621,26.03973436635307,,,150000,comm,private,
<SOURCE_VECSTRAIGHT_REPO>/remote-results/phase3_vecstraight_clean_msgsource_learned_15seeds_remote_20260410/train/cond1_seed808.pt,cond1,808,1,9001,greedy,permute_slots,none,none,none,f_value,0.500,5862,0.00021323780279767997,3.9995735243944046,0.0,15.998294097577618,0.00029507229271171436,0.0001710790813053334,150000,comm,private,
<SOURCE_VECSTRAIGHT_REPO>/remote-results/phase3_vecstraight_clean_msgsource_learned_15seeds_remote_20260410/train/cond1_seed808.pt,cond1,808,1,9001,greedy,permute_slots,none,none,none,f_value,1.500,5576,0.0078012912482065995,4.015602582496413,0.0,16.062410329985653,0.007542657406981557,0.007070340826686004,150000,comm,private,
<SOURCE_VECSTRAIGHT_REPO>/remote-results/phase3_vecstraight_clean_msgsource_learned_15seeds_remote_20260410/train/cond1_seed808.pt,cond1,808,1,9001,greedy,permute_slots,none,none,none,f_value,2.500,6045,0.1718362282878412,5.0310173697270475,0.0013234077750206782,20.12406947890819,0.17302222222222222,0.16317026655430877,150000,comm,private,
<SOURCE_VECSTRAIGHT_REPO>/remote-results/phase3_vecstraight_clean_msgsource_learned_15seeds_remote_20260410/train/cond1_seed808.pt,cond1,808,1,9001,greedy,permute_slots,none,none,none,f_value,3.500,6449,0.6052876414948054,10.052876414948054,0.14033183439292915,40.211505659792216,0.6088679820549675,0.6076143817985552,150000,comm,private,
<SOURCE_VECSTRAIGHT_REPO>/remote-results/phase3_vecstraight_clean_msgsource_learned_15seeds_remote_20260410/train/cond1_seed808.pt,cond1,808,1,9001,greedy,permute_slots,none,none,none,f_value,5.000,6068,0.7705998681608438,16.3295978905735,0.35794330916282135,65.318391562294,0.7697147101227664,0.751968873054566,150000,comm,private,
<SOURCE_VECSTRAIGHT_REPO>/remote-results/phase3_vecstraight_clean_msgsource_learned_15seeds_remote_20260410/train/cond1_seed808.pt,cond1,808,1,9001,greedy,public_marginal,none,none,none,regime,competitive,6381,7.835762419683435e-05,3.999843284751606,0.0,15.999373139006424,,,150000,comm,private,
<SOURCE_VECSTRAIGHT_REPO>/remote-results/phase3_vecstraight_clean_msgsource_learned_15seeds_remote_20260410/train/cond1_seed808.pt,cond1,808,1,9001,greedy,public_marginal,none,none,none,regime,cooperative,5877,0.6997192445125063,15.195507912200101,0.1812149055640633,60.782031648800405,,,150000,comm,private,
<SOURCE_VECSTRAIGHT_REPO>/remote-results/phase3_vecstraight_clean_msgsource_learned_15seeds_remote_20260410/train/cond1_seed808.pt,cond1,808,1,9001,greedy,public_marginal,none,none,none,regime,mixed,17742,0.23968549205275616,6.222128283169879,0.019783564423402098,24.888513132679517,,,150000,comm,private,
<SOURCE_VECSTRAIGHT_REPO>/remote-results/phase3_vecstraight_clean_msgsource_learned_15seeds_remote_20260410/train/cond1_seed808.pt,cond1,808,1,9001,greedy,public_marginal,none,none,none,f_value,0.500,6381,7.835762419683435e-05,3.999843284751606,0.0,15.999373139006424,0.00017129153819801302,0.0,150000,comm,private,
<SOURCE_VECSTRAIGHT_REPO>/remote-results/phase3_vecstraight_clean_msgsource_learned_15seeds_remote_20260410/train/cond1_seed808.pt,cond1,808,1,9001,greedy,public_marginal,none,none,none,f_value,1.500,5647,0.003984416504338587,4.007968833008677,0.0,16.03187533203471,0.007099209202012941,0.0009598603839441536,150000,comm,private,
<SOURCE_VECSTRAIGHT_REPO>/remote-results/phase3_vecstraight_clean_msgsource_learned_15seeds_remote_20260410/train/cond1_seed808.pt,cond1,808,1,9001,greedy,public_marginal,none,none,none,f_value,2.500,6241,0.11696843454574588,4.701810607274475,0.0,18.8072424290979,0.15585844903487978,0.08204075425790754,150000,comm,private,
<SOURCE_VECSTRAIGHT_REPO>/remote-results/phase3_vecstraight_clean_msgsource_learned_15seeds_remote_20260410/train/cond1_seed808.pt,cond1,808,1,9001,greedy,public_marginal,none,none,none,f_value,3.500,5854,0.5978817902289033,9.978817902289034,0.05995900239152716,39.915271609156136,0.6978041756659468,0.5076397919375812,150000,comm,private,
<SOURCE_VECSTRAIGHT_REPO>/remote-results/phase3_vecstraight_clean_msgsource_learned_15seeds_remote_20260410/train/cond1_seed808.pt,cond1,808,1,9001,greedy,public_marginal,none,none,none,f_value,5.000,5877,0.6997192445125063,15.195507912200101,0.1812149055640633,60.782031648800405,0.6960866644272757,0.7034482758620689,150000,comm,private,
<SOURCE_VECSTRAIGHT_REPO>/remote-results/phase3_vecstraight_clean_msgsource_learned_15seeds_remote_20260410/train/cond1_seed808.pt,cond1,808,1,9001,greedy,public_random,none,none,none,regime,competitive,5929,4.2165626581210996e-05,3.9999156687468376,0.0,15.99966267498735,,,150000,comm,private,
<SOURCE_VECSTRAIGHT_REPO>/remote-results/phase3_vecstraight_clean_msgsource_learned_15seeds_remote_20260410/train/cond1_seed808.pt,cond1,808,1,9001,greedy,public_random,none,none,none,regime,cooperative,5836,0.6990233036326251,15.184372858122002,0.17649074708704593,60.73749143248801,,,150000,comm,private,
<SOURCE_VECSTRAIGHT_REPO>/remote-results/phase3_vecstraight_clean_msgsource_learned_15seeds_remote_20260410/train/cond1_seed808.pt,cond1,808,1,9001,greedy,public_random,none,none,none,regime,mixed,18235,0.2445708801754867,6.266547847545928,0.021771318892240196,25.06619139018371,,,150000,comm,private,
<SOURCE_VECSTRAIGHT_REPO>/remote-results/phase3_vecstraight_clean_msgsource_learned_15seeds_remote_20260410/train/cond1_seed808.pt,cond1,808,1,9001,greedy,public_random,none,none,none,f_value,0.500,5929,4.2165626581210996e-05,3.9999156687468376,0.0,15.99966267498735,0.0,8.3948959032908e-05,150000,comm,private,
<SOURCE_VECSTRAIGHT_REPO>/remote-results/phase3_vecstraight_clean_msgsource_learned_15seeds_remote_20260410/train/cond1_seed808.pt,cond1,808,1,9001,greedy,public_random,none,none,none,f_value,1.500,5872,0.0038317438692098095,4.007663487738419,0.0,16.030653950953678,0.006209595100374277,0.0014490282986703035,150000,comm,private,
<SOURCE_VECSTRAIGHT_REPO>/remote-results/phase3_vecstraight_clean_msgsource_learned_15seeds_remote_20260410/train/cond1_seed808.pt,cond1,808,1,9001,greedy,public_random,none,none,none,f_value,2.500,6262,0.12324337272436921,4.739460236346215,0.0,18.95784094538486,0.1648395297108357,0.08121990369181381,150000,comm,private,
<SOURCE_VECSTRAIGHT_REPO>/remote-results/phase3_vecstraight_clean_msgsource_learned_15seeds_remote_20260410/train/cond1_seed808.pt,cond1,808,1,9001,greedy,public_random,none,none,none,f_value,3.500,6101,0.6008031470250779,10.008031470250778,0.06507129978692018,40.03212588100311,0.698454455771128,0.5037581699346405,150000,comm,private,
<SOURCE_VECSTRAIGHT_REPO>/remote-results/phase3_vecstraight_clean_msgsource_learned_15seeds_remote_20260410/train/cond1_seed808.pt,cond1,808,1,9001,greedy,public_random,none,none,none,f_value,5.000,5836,0.6990233036326251,15.184372858122002,0.17649074708704593,60.73749143248801,0.6953867028493894,0.7027354570637119,150000,comm,private,
<SOURCE_VECSTRAIGHT_REPO>/remote-results/phase3_vecstraight_clean_msgsource_learned_15seeds_remote_20260410/train/cond1_seed808.pt,cond1,808,1,9001,greedy,sender_shuffle,none,none,none,regime,competitive,5288,9.455370650529501e-05,3.9998108925869893,0.0,15.999243570347957,,,150000,comm,private,
<SOURCE_VECSTRAIGHT_REPO>/remote-results/phase3_vecstraight_clean_msgsource_learned_15seeds_remote_20260410/train/cond1_seed808.pt,cond1,808,1,9001,greedy,sender_shuffle,none,none,none,regime,cooperative,5917,0.7512252830826432,16.01960452932229,0.328375866148386,64.07841811728916,,,150000,comm,private,
<SOURCE_VECSTRAIGHT_REPO>/remote-results/phase3_vecstraight_clean_msgsource_learned_15seeds_remote_20260410/train/cond1_seed808.pt,cond1,808,1,9001,greedy,sender_shuffle,none,none,none,regime,mixed,18795,0.23548816174514497,6.203990422984837,0.03282787975525406,24.815961691939346,,,150000,comm,private,
<SOURCE_VECSTRAIGHT_REPO>/remote-results/phase3_vecstraight_clean_msgsource_learned_15seeds_remote_20260410/train/cond1_seed808.pt,cond1,808,1,9001,greedy,sender_shuffle,none,none,none,f_value,0.500,5288,9.455370650529501e-05,3.9998108925869893,0.0,15.999243570347957,0.0,0.0001006491872578129,150000,comm,private,
<SOURCE_VECSTRAIGHT_REPO>/remote-results/phase3_vecstraight_clean_msgsource_learned_15seeds_remote_20260410/train/cond1_seed808.pt,cond1,808,1,9001,greedy,sender_shuffle,none,none,none,f_value,1.500,5824,0.003219436813186813,4.006438873626373,0.0,16.025755494505493,0.0033013514907665326,0.0030300247911119274,150000,comm,private,
<SOURCE_VECSTRAIGHT_REPO>/remote-results/phase3_vecstraight_clean_msgsource_learned_15seeds_remote_20260410/train/cond1_seed808.pt,cond1,808,1,9001,greedy,sender_shuffle,none,none,none,f_value,2.500,6298,0.10662114957129247,4.639726897427755,0.00031756113051762465,18.55890758971102,0.10701511755448519,0.10836188300977033,150000,comm,private,
<SOURCE_VECSTRAIGHT_REPO>/remote-results/phase3_vecstraight_clean_msgsource_learned_15seeds_remote_20260410/train/cond1_seed808.pt,cond1,808,1,9001,greedy,sender_shuffle,none,none,none,f_value,3.500,6673,0.5598306608721715,9.598306608721714,0.09216244567660722,38.393226434886856,0.5413800854124522,0.5627164523705267,150000,comm,private,
<SOURCE_VECSTRAIGHT_REPO>/remote-results/phase3_vecstraight_clean_msgsource_learned_15seeds_remote_20260410/train/cond1_seed808.pt,cond1,808,1,9001,greedy,sender_shuffle,none,none,none,f_value,5.000,5917,0.7512252830826432,16.01960452932229,0.328375866148386,64.07841811728916,0.7531146707348081,0.7462383998558428,150000,comm,private,
<SOURCE_VECSTRAIGHT_REPO>/remote-results/phase3_vecstraight_clean_msgsource_learned_15seeds_remote_20260410/train/cond1_seed808.pt,cond1,808,1,9001,greedy,zeros,none,none,none,regime,competitive,5288,4.7276853252647505e-05,3.9999054462934946,0.0,15.999621785173979,,,150000,comm,private,
<SOURCE_VECSTRAIGHT_REPO>/remote-results/phase3_vecstraight_clean_msgsource_learned_15seeds_remote_20260410/train/cond1_seed808.pt,cond1,808,1,9001,greedy,zeros,none,none,none,regime,cooperative,5917,0.620838262633091,13.933412202129457,0.0,55.73364880851783,,,150000,comm,private,
<SOURCE_VECSTRAIGHT_REPO>/remote-results/phase3_vecstraight_clean_msgsource_learned_15seeds_remote_20260410/train/cond1_seed808.pt,cond1,808,1,9001,greedy,zeros,none,none,none,regime,mixed,18795,0.29667464751263634,6.528810853950519,0.0,26.115243415802077,,,150000,comm,private,
<SOURCE_VECSTRAIGHT_REPO>/remote-results/phase3_vecstraight_clean_msgsource_learned_15seeds_remote_20260410/train/cond1_seed808.pt,cond1,808,1,9001,greedy,zeros,none,none,none,f_value,0.500,5288,4.7276853252647505e-05,3.9999054462934946,0.0,15.999621785173979,0.0,4.73305566073457e-05,150000,comm,private,
<SOURCE_VECSTRAIGHT_REPO>/remote-results/phase3_vecstraight_clean_msgsource_learned_15seeds_remote_20260410/train/cond1_seed808.pt,cond1,808,1,9001,greedy,zeros,none,none,none,f_value,1.500,5824,0.011375343406593406,4.022750686813187,0.0,16.091002747252748,0.011504892885480032,0.010555916071814839,150000,comm,private,
<SOURCE_VECSTRAIGHT_REPO>/remote-results/phase3_vecstraight_clean_msgsource_learned_15seeds_remote_20260410/train/cond1_seed808.pt,cond1,808,1,9001,greedy,zeros,none,none,none,f_value,2.500,6298,0.3056922832645284,5.83415369958717,0.0,23.33661479834868,0.3141782110484009,0.3097540757115225,150000,comm,private,
<SOURCE_VECSTRAIGHT_REPO>/remote-results/phase3_vecstraight_clean_msgsource_learned_15seeds_remote_20260410/train/cond1_seed808.pt,cond1,808,1,9001,greedy,zeros,none,none,none,f_value,3.500,6673,0.5371646935411359,9.37164693541136,0.0,37.48658774164544,0.5107280617164899,0.5668284789644013,150000,comm,private,
<SOURCE_VECSTRAIGHT_REPO>/remote-results/phase3_vecstraight_clean_msgsource_learned_15seeds_remote_20260410/train/cond1_seed808.pt,cond1,808,1,9001,greedy,zeros,none,none,none,f_value,5.000,5917,0.620838262633091,13.933412202129457,0.0,55.73364880851783,0.6176708882350432,0.7119186046511627,150000,comm,private,
<SOURCE_VECSTRAIGHT_REPO>/remote-results/phase3_vecstraight_clean_msgsource_learned_15seeds_remote_20260410/train/cond1_seed909.pt,cond1,909,1,9001,greedy,fixed0,none,none,none,regime,competitive,5288,0.02363842662632375,3.9527231467473527,0.0,15.81089258698941,,,150000,comm,private,
<SOURCE_VECSTRAIGHT_REPO>/remote-results/phase3_vecstraight_clean_msgsource_learned_15seeds_remote_20260410/train/cond1_seed909.pt,cond1,909,1,9001,greedy,fixed0,none,none,none,regime,cooperative,5917,0.7229170187595065,15.566672300152105,0.20043941186412034,62.26668920060842,,,150000,comm,private,
<SOURCE_VECSTRAIGHT_REPO>/remote-results/phase3_vecstraight_clean_msgsource_learned_15seeds_remote_20260410/train/cond1_seed909.pt,cond1,909,1,9001,greedy,fixed0,none,none,none,regime,mixed,18795,0.37725458898643255,6.741633413141793,0.0,26.966533652567172,,,150000,comm,private,
<SOURCE_VECSTRAIGHT_REPO>/remote-results/phase3_vecstraight_clean_msgsource_learned_15seeds_remote_20260410/train/cond1_seed909.pt,cond1,909,1,9001,greedy,fixed0,none,none,none,f_value,0.500,5288,0.02363842662632375,3.9527231467473527,0.0,15.81089258698941,0.02363842662632375,,150000,comm,private,
<SOURCE_VECSTRAIGHT_REPO>/remote-results/phase3_vecstraight_clean_msgsource_learned_15seeds_remote_20260410/train/cond1_seed909.pt,cond1,909,1,9001,greedy,fixed0,none,none,none,f_value,1.500,5824,0.1834220467032967,4.366844093406593,0.0,17.467376373626372,0.1834220467032967,,150000,comm,private,
<SOURCE_VECSTRAIGHT_REPO>/remote-results/phase3_vecstraight_clean_msgsource_learned_15seeds_remote_20260410/train/cond1_seed909.pt,cond1,909,1,9001,greedy,fixed0,none,none,none,f_value,2.500,6298,0.42989838043823436,6.579390282629406,0.0,26.317561130517625,0.42989838043823436,,150000,comm,private,
<SOURCE_VECSTRAIGHT_REPO>/remote-results/phase3_vecstraight_clean_msgsource_learned_15seeds_remote_20260410/train/cond1_seed909.pt,cond1,909,1,9001,greedy,fixed0,none,none,none,f_value,3.500,6673,0.4967405964333883,8.967405964333883,0.0,35.86962385733553,0.4967405964333883,,150000,comm,private,
<SOURCE_VECSTRAIGHT_REPO>/remote-results/phase3_vecstraight_clean_msgsource_learned_15seeds_remote_20260410/train/cond1_seed909.pt,cond1,909,1,9001,greedy,fixed0,none,none,none,f_value,5.000,5917,0.7229170187595065,15.566672300152105,0.20043941186412034,62.26668920060842,0.7229170187595065,,150000,comm,private,
<SOURCE_VECSTRAIGHT_REPO>/remote-results/phase3_vecstraight_clean_msgsource_learned_15seeds_remote_20260410/train/cond1_seed909.pt,cond1,909,1,9001,greedy,fixed1,none,none,none,regime,competitive,5288,0.025624054462934948,3.94875189107413,0.0,15.79500756429652,,,150000,comm,private,
<SOURCE_VECSTRAIGHT_REPO>/remote-results/phase3_vecstraight_clean_msgsource_learned_15seeds_remote_20260410/train/cond1_seed909.pt,cond1,909,1,9001,greedy,fixed1,none,none,none,regime,cooperative,5917,0.8977522393104613,18.36403582896738,0.5910089572418455,73.45614331586953,,,150000,comm,private,
<SOURCE_VECSTRAIGHT_REPO>/remote-results/phase3_vecstraight_clean_msgsource_learned_15seeds_remote_20260410/train/cond1_seed909.pt,cond1,909,1,9001,greedy,fixed1,none,none,none,regime,mixed,18795,0.5188347964884278,7.925086459164671,0.008885341846235701,31.700345836658684,,,150000,comm,private,
<SOURCE_VECSTRAIGHT_REPO>/remote-results/phase3_vecstraight_clean_msgsource_learned_15seeds_remote_20260410/train/cond1_seed909.pt,cond1,909,1,9001,greedy,fixed1,none,none,none,f_value,0.500,5288,0.025624054462934948,3.94875189107413,0.0,15.79500756429652,,0.025624054462934948,150000,comm,private,
<SOURCE_VECSTRAIGHT_REPO>/remote-results/phase3_vecstraight_clean_msgsource_learned_15seeds_remote_20260410/train/cond1_seed909.pt,cond1,909,1,9001,greedy,fixed1,none,none,none,f_value,1.500,5824,0.19539835164835165,4.3907967032967035,0.0,17.563186813186814,,0.19539835164835165,150000,comm,private,
<SOURCE_VECSTRAIGHT_REPO>/remote-results/phase3_vecstraight_clean_msgsource_learned_15seeds_remote_20260410/train/cond1_seed909.pt,cond1,909,1,9001,greedy,fixed1,none,none,none,f_value,2.500,6298,0.5810971737059384,7.4865830422356305,0.0,29.946332168942522,,0.5810971737059384,150000,comm,private,
<SOURCE_VECSTRAIGHT_REPO>/remote-results/phase3_vecstraight_clean_msgsource_learned_15seeds_remote_20260410/train/cond1_seed909.pt,cond1,909,1,9001,greedy,fixed1,none,none,none,f_value,3.500,6673,0.7423572606024277,11.423572606024276,0.02502622508616814,45.694290424097105,,0.7423572606024277,150000,comm,private,
<SOURCE_VECSTRAIGHT_REPO>/remote-results/phase3_vecstraight_clean_msgsource_learned_15seeds_remote_20260410/train/cond1_seed909.pt,cond1,909,1,9001,greedy,fixed1,none,none,none,f_value,5.000,5917,0.8977522393104613,18.36403582896738,0.5910089572418455,73.45614331586953,,0.8977522393104613,150000,comm,private,
<SOURCE_VECSTRAIGHT_REPO>/remote-results/phase3_vecstraight_clean_msgsource_learned_15seeds_remote_20260410/train/cond1_seed909.pt,cond1,909,1,9001,greedy,indep_random,none,none,none,regime,competitive,5444,0.021399706098457018,3.957200587803086,0.0,15.828802351212344,,,150000,comm,private,
<SOURCE_VECSTRAIGHT_REPO>/remote-results/phase3_vecstraight_clean_msgsource_learned_15seeds_remote_20260410/train/cond1_seed909.pt,cond1,909,1,9001,greedy,indep_random,none,none,none,regime,cooperative,5829,0.8512609366958311,17.6201749871333,0.5436610053182364,70.4806999485332,,,150000,comm,private,
<SOURCE_VECSTRAIGHT_REPO>/remote-results/phase3_vecstraight_clean_msgsource_learned_15seeds_remote_20260410/train/cond1_seed909.pt,cond1,909,1,9001,greedy,indep_random,none,none,none,regime,mixed,18727,0.5065814065253378,7.916938110749186,0.1103753938164148,31.667752442996743,,,150000,comm,private,
<SOURCE_VECSTRAIGHT_REPO>/remote-results/phase3_vecstraight_clean_msgsource_learned_15seeds_remote_20260410/train/cond1_seed909.pt,cond1,909,1,9001,greedy,indep_random,none,none,none,f_value,0.500,5444,0.021399706098457018,3.957200587803086,0.0,15.828802351212344,0.021942579178342938,0.02138755728809988,150000,comm,private,
<SOURCE_VECSTRAIGHT_REPO>/remote-results/phase3_vecstraight_clean_msgsource_learned_15seeds_remote_20260410/train/cond1_seed909.pt,cond1,909,1,9001,greedy,indep_random,none,none,none,f_value,1.500,5205,0.11253602305475505,4.22507204610951,0.004418828049951969,16.90028818443804,0.10383386581469649,0.11733347988568917,150000,comm,private,
<SOURCE_VECSTRAIGHT_REPO>/remote-results/phase3_vecstraight_clean_msgsource_learned_15seeds_remote_20260410/train/cond1_seed909.pt,cond1,909,1,9001,greedy,indep_random,none,none,none,f_value,2.500,7182,0.5858047897521582,7.514828738512949,0.08047897521581732,30.059314954051796,0.5837559397835722,0.5970748380430031,150000,comm,private,
<SOURCE_VECSTRAIGHT_REPO>/remote-results/phase3_vecstraight_clean_msgsource_learned_15seeds_remote_20260410/train/cond1_seed909.pt,cond1,909,1,9001,greedy,indep_random,none,none,none,f_value,3.500,6340,0.7403391167192429,11.40339116719243,0.2312302839116719,45.61356466876972,0.7314492425955234,0.7660871528561752,150000,comm,private,
<SOURCE_VECSTRAIGHT_REPO>/remote-results/phase3_vecstraight_clean_msgsource_learned_15seeds_remote_20260410/train/cond1_seed909.pt,cond1,909,1,9001,greedy,indep_random,none,none,none,f_value,5.000,5829,0.8512609366958311,17.6201749871333,0.5436610053182364,70.4806999485332,0.8356909684439608,0.8729069314641744,150000,comm,private,
<SOURCE_VECSTRAIGHT_REPO>/remote-results/phase3_vecstraight_clean_msgsource_learned_15seeds_remote_20260410/train/cond1_seed909.pt,cond1,909,1,9001,greedy,marginal,none,none,none,regime,competitive,5980,0.01718227424749164,3.9656354515050167,0.00033444816053511704,15.862541806020067,,,150000,comm,private,
<SOURCE_VECSTRAIGHT_REPO>/remote-results/phase3_vecstraight_clean_msgsource_learned_15seeds_remote_20260410/train/cond1_seed909.pt,cond1,909,1,9001,greedy,marginal,none,none,none,regime,cooperative,5921,0.8740922141530147,17.985475426448236,0.5953386252322243,71.94190170579294,,,150000,comm,private,
<SOURCE_VECSTRAIGHT_REPO>/remote-results/phase3_vecstraight_clean_msgsource_learned_15seeds_remote_20260410/train/cond1_seed909.pt,cond1,909,1,9001,greedy,marginal,none,none,none,regime,mixed,18099,0.49439195535664954,7.883474225095309,0.11304491960881817,31.533896900381237,,,150000,comm,private,
<SOURCE_VECSTRAIGHT_REPO>/remote-results/phase3_vecstraight_clean_msgsource_learned_15seeds_remote_20260410/train/cond1_seed909.pt,cond1,909,1,9001,greedy,marginal,none,none,none,f_value,0.500,5980,0.01718227424749164,3.9656354515050167,0.00033444816053511704,15.862541806020067,0.017456238180672067,0.01778130396229057,150000,comm,private,
<SOURCE_VECSTRAIGHT_REPO>/remote-results/phase3_vecstraight_clean_msgsource_learned_15seeds_remote_20260410/train/cond1_seed909.pt,cond1,909,1,9001,greedy,marginal,none,none,none,f_value,1.500,5804,0.11746209510682289,4.234924190213646,0.005513439007580979,16.939696760854584,0.1098580203403484,0.12000765293920697,150000,comm,private,
<SOURCE_VECSTRAIGHT_REPO>/remote-results/phase3_vecstraight_clean_msgsource_learned_15seeds_remote_20260410/train/cond1_seed909.pt,cond1,909,1,9001,greedy,marginal,none,none,none,f_value,2.500,5884,0.5837440516655337,7.502464309993202,0.0827668252889191,30.009857239972806,0.5844778183973915,0.5928030303030303,150000,comm,private,
<SOURCE_VECSTRAIGHT_REPO>/remote-results/phase3_vecstraight_clean_msgsource_learned_15seeds_remote_20260410/train/cond1_seed909.pt,cond1,909,1,9001,greedy,marginal,none,none,none,f_value,3.500,6411,0.7536265793167992,11.536265793167992,0.2381843706130089,46.14506317267197,0.7508742867660593,0.7724289784992661,150000,comm,private,
<SOURCE_VECSTRAIGHT_REPO>/remote-results/phase3_vecstraight_clean_msgsource_learned_15seeds_remote_20260410/train/cond1_seed909.pt,cond1,909,1,9001,greedy,marginal,none,none,none,f_value,5.000,5921,0.8740922141530147,17.985475426448236,0.5953386252322243,71.94190170579294,0.8634776536312849,0.8894530886052362,150000,comm,private,
<SOURCE_VECSTRAIGHT_REPO>/remote-results/phase3_vecstraight_clean_msgsource_learned_15seeds_remote_20260410/train/cond1_seed909.pt,cond1,909,1,9001,greedy,none,none,none,none,regime,competitive,5288,0.009928139183055976,3.980143721633888,0.0,15.920574886535553,,,150000,comm,private,
<SOURCE_VECSTRAIGHT_REPO>/remote-results/phase3_vecstraight_clean_msgsource_learned_15seeds_remote_20260410/train/cond1_seed909.pt,cond1,909,1,9001,greedy,none,none,none,none,regime,cooperative,5917,0.9645090417441271,19.432144667906034,0.8580361669765084,77.72857867162413,,,150000,comm,private,
<SOURCE_VECSTRAIGHT_REPO>/remote-results/phase3_vecstraight_clean_msgsource_learned_15seeds_remote_20260410/train/cond1_seed909.pt,cond1,909,1,9001,greedy,none,none,none,none,regime,mixed,18795,0.538999733971801,8.333705772811918,0.19366852886405958,33.33482309124767,,,150000,comm,private,
<SOURCE_VECSTRAIGHT_REPO>/remote-results/phase3_vecstraight_clean_msgsource_learned_15seeds_remote_20260410/train/cond1_seed909.pt,cond1,909,1,9001,greedy,none,none,none,none,f_value,0.500,5288,0.009928139183055976,3.980143721633888,0.0,15.920574886535553,0.009931100023758613,0.009539489613093796,150000,comm,private,
<SOURCE_VECSTRAIGHT_REPO>/remote-results/phase3_vecstraight_clean_msgsource_learned_15seeds_remote_20260410/train/cond1_seed909.pt,cond1,909,1,9001,greedy,none,none,none,none,f_value,1.500,5824,0.07387534340659341,4.147750686813187,0.0005151098901098901,16.591002747252748,0.0656377835626627,0.07201450651929885,150000,comm,private,
<SOURCE_VECSTRAIGHT_REPO>/remote-results/phase3_vecstraight_clean_msgsource_learned_15seeds_remote_20260410/train/cond1_seed909.pt,cond1,909,1,9001,greedy,none,none,none,none,f_value,2.500,6298,0.6514369641155923,7.908621784693554,0.1276595744680851,31.634487138774215,0.6644811214108072,0.6453345940602571,150000,comm,private,
<SOURCE_VECSTRAIGHT_REPO>/remote-results/phase3_vecstraight_clean_msgsource_learned_15seeds_remote_20260410/train/cond1_seed909.pt,cond1,909,1,9001,greedy,none,none,none,none,f_value,3.500,6673,0.8388281132923723,12.388281132923723,0.4245466806533793,49.55312453169489,0.8792046907375568,0.8560874704491725,150000,comm,private,
<SOURCE_VECSTRAIGHT_REPO>/remote-results/phase3_vecstraight_clean_msgsource_learned_15seeds_remote_20260410/train/cond1_seed909.pt,cond1,909,1,9001,greedy,none,none,none,none,f_value,5.000,5917,0.9645090417441271,19.432144667906034,0.8580361669765084,77.72857867162413,0.966351418616227,0.963620614984842,150000,comm,private,
<SOURCE_VECSTRAIGHT_REPO>/remote-results/phase3_vecstraight_clean_msgsource_learned_15seeds_remote_20260410/train/cond1_seed909.pt,cond1,909,1,9001,greedy,permute_slots,none,none,none,regime,competitive,5862,0.018210508358921868,3.963578983282156,0.000170590242238144,15.854315933128625,,,150000,comm,private,
<SOURCE_VECSTRAIGHT_REPO>/remote-results/phase3_vecstraight_clean_msgsource_learned_15seeds_remote_20260410/train/cond1_seed909.pt,cond1,909,1,9001,greedy,permute_slots,none,none,none,regime,cooperative,6068,0.8942402768622281,18.30784442979565,0.6170072511535926,73.2313777191826,,,150000,comm,private,
<SOURCE_VECSTRAIGHT_REPO>/remote-results/phase3_vecstraight_clean_msgsource_learned_15seeds_remote_20260410/train/cond1_seed909.pt,cond1,909,1,9001,greedy,permute_slots,none,none,none,regime,mixed,18070,0.516754288876591,8.068096292197012,0.13635860542335362,32.27238516878805,,,150000,comm,private,
<SOURCE_VECSTRAIGHT_REPO>/remote-results/phase3_vecstraight_clean_msgsource_learned_15seeds_remote_20260410/train/cond1_seed909.pt,cond1,909,1,9001,greedy,permute_slots,none,none,none,f_value,0.500,5862,0.018210508358921868,3.963578983282156,0.000170590242238144,15.854315933128625,0.017600959273692776,0.018264441143056892,150000,comm,private,
<SOURCE_VECSTRAIGHT_REPO>/remote-results/phase3_vecstraight_clean_msgsource_learned_15seeds_remote_20260410/train/cond1_seed909.pt,cond1,909,1,9001,greedy,permute_slots,none,none,none,f_value,1.500,5576,0.11849892395982783,4.236997847919656,0.00824964131994261,16.947991391678624,0.10999660803411349,0.11852494181004974,150000,comm,private,
<SOURCE_VECSTRAIGHT_REPO>/remote-results/phase3_vecstraight_clean_msgsource_learned_15seeds_remote_20260410/train/cond1_seed909.pt,cond1,909,1,9001,greedy,permute_slots,none,none,none,f_value,2.500,6045,0.6030190239867659,7.618114143920596,0.09478908188585608,30.472456575682383,0.602818270165209,0.6068106020712656,150000,comm,private,
<SOURCE_VECSTRAIGHT_REPO>/remote-results/phase3_vecstraight_clean_msgsource_learned_15seeds_remote_20260410/train/cond1_seed909.pt,cond1,909,1,9001,greedy,permute_slots,none,none,none,f_value,3.500,6449,0.7802372460846643,11.802372460846643,0.28609086680105444,47.20948984338657,0.7722062361432143,0.7915974759216208,150000,comm,private,
<SOURCE_VECSTRAIGHT_REPO>/remote-results/phase3_vecstraight_clean_msgsource_learned_15seeds_remote_20260410/train/cond1_seed909.pt,cond1,909,1,9001,greedy,permute_slots,none,none,none,f_value,5.000,6068,0.8942402768622281,18.30784442979565,0.6170072511535926,73.2313777191826,0.8703837053801049,0.8950319847137991,150000,comm,private,
<SOURCE_VECSTRAIGHT_REPO>/remote-results/phase3_vecstraight_clean_msgsource_learned_15seeds_remote_20260410/train/cond1_seed909.pt,cond1,909,1,9001,greedy,public_marginal,none,none,none,regime,competitive,6381,0.021822598338818368,3.9563548033223634,0.0,15.825419213289454,,,150000,comm,private,
<SOURCE_VECSTRAIGHT_REPO>/remote-results/phase3_vecstraight_clean_msgsource_learned_15seeds_remote_20260410/train/cond1_seed909.pt,cond1,909,1,9001,greedy,public_marginal,none,none,none,regime,cooperative,5877,0.8061510974987238,16.89841755997958,0.4116045601497363,67.59367023991832,,,150000,comm,private,
<SOURCE_VECSTRAIGHT_REPO>/remote-results/phase3_vecstraight_clean_msgsource_learned_15seeds_remote_20260410/train/cond1_seed909.pt,cond1,909,1,9001,greedy,public_marginal,none,none,none,regime,mixed,17742,0.43546387104046896,7.24377184082967,0.006425431180250254,28.97508736331868,,,150000,comm,private,
<SOURCE_VECSTRAIGHT_REPO>/remote-results/phase3_vecstraight_clean_msgsource_learned_15seeds_remote_20260410/train/cond1_seed909.pt,cond1,909,1,9001,greedy,public_marginal,none,none,none,f_value,0.500,6381,0.021822598338818368,3.9563548033223634,0.0,15.825419213289454,0.016036184210526317,0.027087698293923976,150000,comm,private,
<SOURCE_VECSTRAIGHT_REPO>/remote-results/phase3_vecstraight_clean_msgsource_learned_15seeds_remote_20260410/train/cond1_seed909.pt,cond1,909,1,9001,greedy,public_marginal,none,none,none,f_value,1.500,5647,0.15919957499557286,4.318399149991146,0.0,17.273596599964584,0.11202185792349727,0.2038249483115093,150000,comm,private,
<SOURCE_VECSTRAIGHT_REPO>/remote-results/phase3_vecstraight_clean_msgsource_learned_15seeds_remote_20260410/train/cond1_seed909.pt,cond1,909,1,9001,greedy,public_marginal,none,none,none,f_value,2.500,6241,0.5014020189072264,7.008412113443359,0.0001602307322544464,28.033648453773434,0.44847528916929547,0.5459710743801653,150000,comm,private,
<SOURCE_VECSTRAIGHT_REPO>/remote-results/phase3_vecstraight_clean_msgsource_learned_15seeds_remote_20260410/train/cond1_seed909.pt,cond1,909,1,9001,greedy,public_marginal,none,none,none,f_value,3.500,5854,0.6316621113768364,10.316621113768363,0.019303040655961737,41.26648445507345,0.4968944099378882,0.737568639414277,150000,comm,private,
<SOURCE_VECSTRAIGHT_REPO>/remote-results/phase3_vecstraight_clean_msgsource_learned_15seeds_remote_20260410/train/cond1_seed909.pt,cond1,909,1,9001,greedy,public_marginal,none,none,none,f_value,5.000,5877,0.8061510974987238,16.89841755997958,0.4116045601497363,67.59367023991832,0.6750658142158706,0.9144655065257924,150000,comm,private,
<SOURCE_VECSTRAIGHT_REPO>/remote-results/phase3_vecstraight_clean_msgsource_learned_15seeds_remote_20260410/train/cond1_seed909.pt,cond1,909,1,9001,greedy,public_random,none,none,none,regime,competitive,5929,0.02281160398043515,3.9543767920391297,0.0,15.817507168156519,,,150000,comm,private,
<SOURCE_VECSTRAIGHT_REPO>/remote-results/phase3_vecstraight_clean_msgsource_learned_15seeds_remote_20260410/train/cond1_seed909.pt,cond1,909,1,9001,greedy,public_random,none,none,none,regime,cooperative,5836,0.7979780671692941,16.767649074708704,0.3910212474297464,67.07059629883481,,,150000,comm,private,
<SOURCE_VECSTRAIGHT_REPO>/remote-results/phase3_vecstraight_clean_msgsource_learned_15seeds_remote_20260410/train/cond1_seed909.pt,cond1,909,1,9001,greedy,public_random,none,none,none,regime,mixed,18235,0.4280367425281053,7.185111050178229,0.00636139292569235,28.740444200712915,,,150000,comm,private,
<SOURCE_VECSTRAIGHT_REPO>/remote-results/phase3_vecstraight_clean_msgsource_learned_15seeds_remote_20260410/train/cond1_seed909.pt,cond1,909,1,9001,greedy,public_random,none,none,none,f_value,0.500,5929,0.02281160398043515,3.9543767920391297,0.0,15.817507168156519,0.019230769230769232,0.02635997313633311,150000,comm,private,
<SOURCE_VECSTRAIGHT_REPO>/remote-results/phase3_vecstraight_clean_msgsource_learned_15seeds_remote_20260410/train/cond1_seed909.pt,cond1,909,1,9001,greedy,public_random,none,none,none,f_value,1.500,5872,0.16140156675749318,4.322803133514986,0.0,17.291212534059945,0.11823749574685267,0.20465393794749404,150000,comm,private,
<SOURCE_VECSTRAIGHT_REPO>/remote-results/phase3_vecstraight_clean_msgsource_learned_15seeds_remote_20260410/train/cond1_seed909.pt,cond1,909,1,9001,greedy,public_random,none,none,none,f_value,2.500,6262,0.4946502714787608,6.967901628872565,0.0,27.87160651549026,0.4489196059739434,0.5408507223113964,150000,comm,private,
<SOURCE_VECSTRAIGHT_REPO>/remote-results/phase3_vecstraight_clean_msgsource_learned_15seeds_remote_20260410/train/cond1_seed909.pt,cond1,909,1,9001,greedy,public_random,none,none,none,f_value,3.500,6101,0.6162924110801508,10.162924110801509,0.019013276512047206,40.651696443206035,0.4971226570207169,0.7347222222222223,150000,comm,private,
<SOURCE_VECSTRAIGHT_REPO>/remote-results/phase3_vecstraight_clean_msgsource_learned_15seeds_remote_20260410/train/cond1_seed909.pt,cond1,909,1,9001,greedy,public_random,none,none,none,f_value,5.000,5836,0.7979780671692941,16.767649074708704,0.3910212474297464,67.07059629883481,0.683768656716418,0.9145602493074793,150000,comm,private,
<SOURCE_VECSTRAIGHT_REPO>/remote-results/phase3_vecstraight_clean_msgsource_learned_15seeds_remote_20260410/train/cond1_seed909.pt,cond1,909,1,9001,greedy,sender_shuffle,none,none,none,regime,competitive,5288,0.021132753403933432,3.957734493192133,0.0,15.830937972768533,,,150000,comm,private,
<SOURCE_VECSTRAIGHT_REPO>/remote-results/phase3_vecstraight_clean_msgsource_learned_15seeds_remote_20260410/train/cond1_seed909.pt,cond1,909,1,9001,greedy,sender_shuffle,none,none,none,regime,cooperative,5917,0.8852881527801251,18.164610444482,0.6259929018083489,72.658441777928,,,150000,comm,private,
<SOURCE_VECSTRAIGHT_REPO>/remote-results/phase3_vecstraight_clean_msgsource_learned_15seeds_remote_20260410/train/cond1_seed909.pt,cond1,909,1,9001,greedy,sender_shuffle,none,none,none,regime,mixed,18795,0.49889598297419524,7.949906890130354,0.10502793296089385,31.799627560521415,,,150000,comm,private,
<SOURCE_VECSTRAIGHT_REPO>/remote-results/phase3_vecstraight_clean_msgsource_learned_15seeds_remote_20260410/train/cond1_seed909.pt,cond1,909,1,9001,greedy,sender_shuffle,none,none,none,f_value,0.500,5288,0.021132753403933432,3.957734493192133,0.0,15.830937972768533,0.02155293063875049,0.020875843666614345,150000,comm,private,
<SOURCE_VECSTRAIGHT_REPO>/remote-results/phase3_vecstraight_clean_msgsource_learned_15seeds_remote_20260410/train/cond1_seed909.pt,cond1,909,1,9001,greedy,sender_shuffle,none,none,none,f_value,1.500,5824,0.10516826923076923,4.210336538461538,0.0018887362637362637,16.841346153846153,0.0985274024593897,0.10678694563831295,150000,comm,private,
<SOURCE_VECSTRAIGHT_REPO>/remote-results/phase3_vecstraight_clean_msgsource_learned_15seeds_remote_20260410/train/cond1_seed909.pt,cond1,909,1,9001,greedy,sender_shuffle,none,none,none,f_value,2.500,6298,0.5807002222927914,7.484201333756748,0.04572880279453795,29.936805335026992,0.582039131046779,0.5832389580973952,150000,comm,private,
<SOURCE_VECSTRAIGHT_REPO>/remote-results/phase3_vecstraight_clean_msgsource_learned_15seeds_remote_20260410/train/cond1_seed909.pt,cond1,909,1,9001,greedy,sender_shuffle,none,none,none,f_value,3.500,6673,0.7653229432039562,11.653229432039563,0.25101153903791396,46.61291772815825,0.7627141208839975,0.7810480385296176,150000,comm,private,
<SOURCE_VECSTRAIGHT_REPO>/remote-results/phase3_vecstraight_clean_msgsource_learned_15seeds_remote_20260410/train/cond1_seed909.pt,cond1,909,1,9001,greedy,sender_shuffle,none,none,none,f_value,5.000,5917,0.8852881527801251,18.164610444482,0.6259929018083489,72.658441777928,0.8753372639152593,0.8997615596802094,150000,comm,private,
<SOURCE_VECSTRAIGHT_REPO>/remote-results/phase3_vecstraight_clean_msgsource_learned_15seeds_remote_20260410/train/cond1_seed909.pt,cond1,909,1,9001,greedy,zeros,none,none,none,regime,competitive,5288,0.021369137670196672,3.9572617246596065,0.0,15.829046898638426,,,150000,comm,private,
<SOURCE_VECSTRAIGHT_REPO>/remote-results/phase3_vecstraight_clean_msgsource_learned_15seeds_remote_20260410/train/cond1_seed909.pt,cond1,909,1,9001,greedy,zeros,none,none,none,regime,cooperative,5917,0.9977184383978367,19.96349501436539,0.990873753591347,79.85398005746156,,,150000,comm,private,
<SOURCE_VECSTRAIGHT_REPO>/remote-results/phase3_vecstraight_clean_msgsource_learned_15seeds_remote_20260410/train/cond1_seed909.pt,cond1,909,1,9001,greedy,zeros,none,none,none,regime,mixed,18795,0.6068369247140197,8.698643256185155,0.2002660281989891,34.79457302474062,,,150000,comm,private,
<SOURCE_VECSTRAIGHT_REPO>/remote-results/phase3_vecstraight_clean_msgsource_learned_15seeds_remote_20260410/train/cond1_seed909.pt,cond1,909,1,9001,greedy,zeros,none,none,none,f_value,0.500,5288,0.021369137670196672,3.9572617246596065,0.0,15.829046898638426,0.01841191303106713,0.02172121212121212,150000,comm,private,
<SOURCE_VECSTRAIGHT_REPO>/remote-results/phase3_vecstraight_clean_msgsource_learned_15seeds_remote_20260410/train/cond1_seed909.pt,cond1,909,1,9001,greedy,zeros,none,none,none,f_value,1.500,5824,0.14882383241758243,4.297647664835165,0.0,17.19059065934066,0.13507351572678206,0.14773764506454556,150000,comm,private,
<SOURCE_VECSTRAIGHT_REPO>/remote-results/phase3_vecstraight_clean_msgsource_learned_15seeds_remote_20260410/train/cond1_seed909.pt,cond1,909,1,9001,greedy,zeros,none,none,none,f_value,2.500,6298,0.746665608129565,8.47999364877739,0.06779930136551286,33.91997459510956,0.7568086741227695,0.7305145413870247,150000,comm,private,
<SOURCE_VECSTRAIGHT_REPO>/remote-results/phase3_vecstraight_clean_msgsource_learned_15seeds_remote_20260410/train/cond1_seed909.pt,cond1,909,1,9001,greedy,zeros,none,none,none,f_value,3.500,6673,0.8746066237074779,12.746066237074778,0.5000749288176233,50.98426494829911,0.8958914532082171,0.8593102231630942,150000,comm,private,
<SOURCE_VECSTRAIGHT_REPO>/remote-results/phase3_vecstraight_clean_msgsource_learned_15seeds_remote_20260410/train/cond1_seed909.pt,cond1,909,1,9001,greedy,zeros,none,none,none,f_value,5.000,5917,0.9977184383978367,19.96349501436539,0.990873753591347,79.85398005746156,0.9982433025911287,0.9975812953507122,150000,comm,private,
<SOURCE_VECSTRAIGHT_REPO>/remote-results/phase3_vecstraight_comm_history_factorial_without_comm_full_history_15seeds_remote_20260330par24/train/cond2_seed101.pt,cond2,101,0,9001,greedy,none,none,none,none,regime,competitive,5309,0.000141269542286683,3.9997174609154267,0.0,15.998869843661707,,,150000,baseline,private,
<SOURCE_VECSTRAIGHT_REPO>/remote-results/phase3_vecstraight_comm_history_factorial_without_comm_full_history_15seeds_remote_20260330par24/train/cond2_seed101.pt,cond2,101,0,9001,greedy,none,none,none,none,regime,cooperative,6363,0.5566949552098067,12.907119283356908,0.10121012101210121,51.62847713342763,,,150000,baseline,private,
<SOURCE_VECSTRAIGHT_REPO>/remote-results/phase3_vecstraight_comm_history_factorial_without_comm_full_history_15seeds_remote_20260330par24/train/cond2_seed101.pt,cond2,101,0,9001,greedy,none,none,none,none,regime,mixed,18328,0.14616979484941073,5.434690091663029,0.0036010475774770844,21.738760366652116,,,150000,baseline,private,
<SOURCE_VECSTRAIGHT_REPO>/remote-results/phase3_vecstraight_comm_history_factorial_without_comm_full_history_15seeds_remote_20260330par24/train/cond2_seed101.pt,cond2,101,0,9001,greedy,none,none,none,none,f_value,0.500,5309,0.000141269542286683,3.9997174609154267,0.0,15.998869843661707,,,150000,baseline,private,
<SOURCE_VECSTRAIGHT_REPO>/remote-results/phase3_vecstraight_comm_history_factorial_without_comm_full_history_15seeds_remote_20260330par24/train/cond2_seed101.pt,cond2,101,0,9001,greedy,none,none,none,none,f_value,1.500,5852,0.00098257006151743,4.001965140123035,0.0,16.00786056049214,,,150000,baseline,private,
<SOURCE_VECSTRAIGHT_REPO>/remote-results/phase3_vecstraight_comm_history_factorial_without_comm_full_history_15seeds_remote_20260330par24/train/cond2_seed101.pt,cond2,101,0,9001,greedy,none,none,none,none,f_value,2.500,6044,0.018572137657180673,4.111432825943084,0.0,16.445731303772337,,,150000,baseline,private,
<SOURCE_VECSTRAIGHT_REPO>/remote-results/phase3_vecstraight_comm_history_factorial_without_comm_full_history_15seeds_remote_20260330par24/train/cond2_seed101.pt,cond2,101,0,9001,greedy,none,none,none,none,f_value,3.500,6432,0.39816542288557216,7.981654228855722,0.010261194029850746,31.926616915422887,,,150000,baseline,private,
<SOURCE_VECSTRAIGHT_REPO>/remote-results/phase3_vecstraight_comm_history_factorial_without_comm_full_history_15seeds_remote_20260330par24/train/cond2_seed101.pt,cond2,101,0,9001,greedy,none,none,none,none,f_value,5.000,6363,0.5566949552098067,12.907119283356908,0.10121012101210121,51.62847713342763,,,150000,baseline,private,
<SOURCE_VECSTRAIGHT_REPO>/remote-results/phase3_vecstraight_comm_history_factorial_without_comm_full_history_15seeds_remote_20260330par24/train/cond2_seed1111.pt,cond2,1111,0,9001,greedy,none,none,none,none,regime,competitive,5309,4.708984742889433e-05,3.999905820305142,0.0,15.999623281220568,,,150000,baseline,private,
<SOURCE_VECSTRAIGHT_REPO>/remote-results/phase3_vecstraight_comm_history_factorial_without_comm_full_history_15seeds_remote_20260330par24/train/cond2_seed1111.pt,cond2,1111,0,9001,greedy,none,none,none,none,regime,cooperative,6363,0.5988527424170988,13.581643878673582,0.0297029702970297,54.326575514694326,,,150000,baseline,private,
<SOURCE_VECSTRAIGHT_REPO>/remote-results/phase3_vecstraight_comm_history_factorial_without_comm_full_history_15seeds_remote_20260330par24/train/cond2_seed1111.pt,cond2,1111,0,9001,greedy,none,none,none,none,regime,mixed,18328,0.007338498472282846,4.072402880838062,0.0,16.28961152335225,,,150000,baseline,private,
<SOURCE_VECSTRAIGHT_REPO>/remote-results/phase3_vecstraight_comm_history_factorial_without_comm_full_history_15seeds_remote_20260330par24/train/cond2_seed1111.pt,cond2,1111,0,9001,greedy,none,none,none,none,f_value,0.500,5309,4.708984742889433e-05,3.999905820305142,0.0,15.999623281220568,,,150000,baseline,private,
<SOURCE_VECSTRAIGHT_REPO>/remote-results/phase3_vecstraight_comm_history_factorial_without_comm_full_history_15seeds_remote_20260330par24/train/cond2_seed1111.pt,cond2,1111,0,9001,greedy,none,none,none,none,f_value,1.500,5852,4.2720437457279566e-05,4.000085440874915,0.0,16.00034176349966,,,150000,baseline,private,
<SOURCE_VECSTRAIGHT_REPO>/remote-results/phase3_vecstraight_comm_history_factorial_without_comm_full_history_15seeds_remote_20260330par24/train/cond2_seed1111.pt,cond2,1111,0,9001,greedy,none,none,none,none,f_value,2.500,6044,0.0006618133686300463,4.003970880211781,0.0,16.015883520847122,,,150000,baseline,private,
<SOURCE_VECSTRAIGHT_REPO>/remote-results/phase3_vecstraight_comm_history_factorial_without_comm_full_history_15seeds_remote_20260330par24/train/cond2_seed1111.pt,cond2,1111,0,9001,greedy,none,none,none,none,f_value,3.500,6432,0.02025031094527363,4.202503109452737,0.0,16.810012437810947,,,150000,baseline,private,
<SOURCE_VECSTRAIGHT_REPO>/remote-results/phase3_vecstraight_comm_history_factorial_without_comm_full_history_15seeds_remote_20260330par24/train/cond2_seed1111.pt,cond2,1111,0,9001,greedy,none,none,none,none,f_value,5.000,6363,0.5988527424170988,13.581643878673582,0.0297029702970297,54.326575514694326,,,150000,baseline,private,
<SOURCE_VECSTRAIGHT_REPO>/remote-results/phase3_vecstraight_comm_history_factorial_without_comm_full_history_15seeds_remote_20260330par24/train/cond2_seed1212.pt,cond2,1212,0,9001,greedy,none,none,none,none,regime,competitive,5309,0.007675645130909776,3.9846487097381806,0.0,15.938594838952723,,,150000,baseline,private,
<SOURCE_VECSTRAIGHT_REPO>/remote-results/phase3_vecstraight_comm_history_factorial_without_comm_full_history_15seeds_remote_20260330par24/train/cond2_seed1212.pt,cond2,1212,0,9001,greedy,none,none,none,none,regime,cooperative,6363,0.411991199119912,10.591859185918592,0.016187333019016186,42.36743674367437,,,150000,baseline,private,
<SOURCE_VECSTRAIGHT_REPO>/remote-results/phase3_vecstraight_comm_history_factorial_without_comm_full_history_15seeds_remote_20260330par24/train/cond2_seed1212.pt,cond2,1212,0,9001,greedy,none,none,none,none,regime,mixed,18328,0.326835988651244,7.00946639022261,0.1278371890004365,28.03786556089044,,,150000,baseline,private,
<SOURCE_VECSTRAIGHT_REPO>/remote-results/phase3_vecstraight_comm_history_factorial_without_comm_full_history_15seeds_remote_20260330par24/train/cond2_seed1212.pt,cond2,1212,0,9001,greedy,none,none,none,none,f_value,0.500,5309,0.007675645130909776,3.9846487097381806,0.0,15.938594838952723,,,150000,baseline,private,
<SOURCE_VECSTRAIGHT_REPO>/remote-results/phase3_vecstraight_comm_history_factorial_without_comm_full_history_15seeds_remote_20260330par24/train/cond2_seed1212.pt,cond2,1212,0,9001,greedy,none,none,none,none,f_value,1.500,5852,0.01768626110731374,4.035372522214628,0.00017088174982911826,16.14149008885851,,,150000,baseline,private,
<SOURCE_VECSTRAIGHT_REPO>/remote-results/phase3_vecstraight_comm_history_factorial_without_comm_full_history_15seeds_remote_20260330par24/train/cond2_seed1212.pt,cond2,1212,0,9001,greedy,none,none,none,none,f_value,2.500,6044,0.1620201853077432,4.97212111184646,0.051952349437458634,19.88848444738584,,,150000,baseline,private,
<SOURCE_VECSTRAIGHT_REPO>/remote-results/phase3_vecstraight_comm_history_factorial_without_comm_full_history_15seeds_remote_20260330par24/train/cond2_seed1212.pt,cond2,1212,0,9001,greedy,none,none,none,none,f_value,3.500,6432,0.7629819651741293,11.629819651741293,0.31529850746268656,46.51927860696517,,,150000,baseline,private,
<SOURCE_VECSTRAIGHT_REPO>/remote-results/phase3_vecstraight_comm_history_factorial_without_comm_full_history_15seeds_remote_20260330par24/train/cond2_seed1212.pt,cond2,1212,0,9001,greedy,none,none,none,none,f_value,5.000,6363,0.411991199119912,10.591859185918592,0.016187333019016186,42.36743674367437,,,150000,baseline,private,
<SOURCE_VECSTRAIGHT_REPO>/remote-results/phase3_vecstraight_comm_history_factorial_without_comm_full_history_15seeds_remote_20260330par24/train/cond2_seed1313.pt,cond2,1313,0,9001,greedy,none,none,none,none,regime,competitive,5309,9.417969485778867e-05,3.9998116406102846,0.0,15.999246562441138,,,150000,baseline,private,
<SOURCE_VECSTRAIGHT_REPO>/remote-results/phase3_vecstraight_comm_history_factorial_without_comm_full_history_15seeds_remote_20260330par24/train/cond2_seed1313.pt,cond2,1313,0,9001,greedy,none,none,none,none,regime,cooperative,6363,0.5663602074493164,13.061763319189062,0.2002200220022002,52.24705327675625,,,150000,baseline,private,
<SOURCE_VECSTRAIGHT_REPO>/remote-results/phase3_vecstraight_comm_history_factorial_without_comm_full_history_15seeds_remote_20260330par24/train/cond2_seed1313.pt,cond2,1313,0,9001,greedy,none,none,none,none,regime,mixed,18328,0.17950676560453951,5.693201658664338,0.008293321693583587,22.772806634657353,,,150000,baseline,private,
<SOURCE_VECSTRAIGHT_REPO>/remote-results/phase3_vecstraight_comm_history_factorial_without_comm_full_history_15seeds_remote_20260330par24/train/cond2_seed1313.pt,cond2,1313,0,9001,greedy,none,none,none,none,f_value,0.500,5309,9.417969485778867e-05,3.9998116406102846,0.0,15.999246562441138,,,150000,baseline,private,
<SOURCE_VECSTRAIGHT_REPO>/remote-results/phase3_vecstraight_comm_history_factorial_without_comm_full_history_15seeds_remote_20260330par24/train/cond2_seed1313.pt,cond2,1313,0,9001,greedy,none,none,none,none,f_value,1.500,5852,0.0023923444976076554,4.0047846889952154,0.0,16.019138755980862,,,150000,baseline,private,
<SOURCE_VECSTRAIGHT_REPO>/remote-results/phase3_vecstraight_comm_history_factorial_without_comm_full_history_15seeds_remote_20260330par24/train/cond2_seed1313.pt,cond2,1313,0,9001,greedy,none,none,none,none,f_value,2.500,6044,0.07259265387160821,4.435555923229649,0.00033090668431502316,17.742223692918596,,,150000,baseline,private,
<SOURCE_VECSTRAIGHT_REPO>/remote-results/phase3_vecstraight_comm_history_factorial_without_comm_full_history_15seeds_remote_20260330par24/train/cond2_seed1313.pt,cond2,1313,0,9001,greedy,none,none,none,none,f_value,3.500,6432,0.44111473880597013,8.411147388059701,0.02332089552238806,33.644589552238806,,,150000,baseline,private,
<SOURCE_VECSTRAIGHT_REPO>/remote-results/phase3_vecstraight_comm_history_factorial_without_comm_full_history_15seeds_remote_20260330par24/train/cond2_seed1313.pt,cond2,1313,0,9001,greedy,none,none,none,none,f_value,5.000,6363,0.5663602074493164,13.061763319189062,0.2002200220022002,52.24705327675625,,,150000,baseline,private,
<SOURCE_VECSTRAIGHT_REPO>/remote-results/phase3_vecstraight_comm_history_factorial_without_comm_full_history_15seeds_remote_20260330par24/train/cond2_seed1414.pt,cond2,1414,0,9001,greedy,none,none,none,none,regime,competitive,5309,0.0,4.0,0.0,16.0,,,150000,baseline,private,
<SOURCE_VECSTRAIGHT_REPO>/remote-results/phase3_vecstraight_comm_history_factorial_without_comm_full_history_15seeds_remote_20260330par24/train/cond2_seed1414.pt,cond2,1414,0,9001,greedy,none,none,none,none,regime,cooperative,6363,0.45528838598145527,11.284614175703284,0.02341662737702342,45.13845670281314,,,150000,baseline,private,
<SOURCE_VECSTRAIGHT_REPO>/remote-results/phase3_vecstraight_comm_history_factorial_without_comm_full_history_15seeds_remote_20260330par24/train/cond2_seed1414.pt,cond2,1414,0,9001,greedy,none,none,none,none,regime,mixed,18328,0.013831296377127891,4.138258402444348,0.0,16.55303360977739,,,150000,baseline,private,
<SOURCE_VECSTRAIGHT_REPO>/remote-results/phase3_vecstraight_comm_history_factorial_without_comm_full_history_15seeds_remote_20260330par24/train/cond2_seed1414.pt,cond2,1414,0,9001,greedy,none,none,none,none,f_value,0.500,5309,0.0,4.0,0.0,16.0,,,150000,baseline,private,
<SOURCE_VECSTRAIGHT_REPO>/remote-results/phase3_vecstraight_comm_history_factorial_without_comm_full_history_15seeds_remote_20260330par24/train/cond2_seed1414.pt,cond2,1414,0,9001,greedy,none,none,none,none,f_value,1.500,5852,0.0,4.0,0.0,16.0,,,150000,baseline,private,
<SOURCE_VECSTRAIGHT_REPO>/remote-results/phase3_vecstraight_comm_history_factorial_without_comm_full_history_15seeds_remote_20260330par24/train/cond2_seed1414.pt,cond2,1414,0,9001,greedy,none,none,none,none,f_value,2.500,6044,4.1363335539377896e-05,4.000248180013236,0.0,16.000992720052945,,,150000,baseline,private,
<SOURCE_VECSTRAIGHT_REPO>/remote-results/phase3_vecstraight_comm_history_factorial_without_comm_full_history_15seeds_remote_20260330par24/train/cond2_seed1414.pt,cond2,1414,0,9001,greedy,none,none,none,none,f_value,3.500,6432,0.03937344527363184,4.393734452736318,0.0,17.574937810945272,,,150000,baseline,private,
<SOURCE_VECSTRAIGHT_REPO>/remote-results/phase3_vecstraight_comm_history_factorial_without_comm_full_history_15seeds_remote_20260330par24/train/cond2_seed1414.pt,cond2,1414,0,9001,greedy,none,none,none,none,f_value,5.000,6363,0.45528838598145527,11.284614175703284,0.02341662737702342,45.13845670281314,,,150000,baseline,private,
<SOURCE_VECSTRAIGHT_REPO>/remote-results/phase3_vecstraight_comm_history_factorial_without_comm_full_history_15seeds_remote_20260330par24/train/cond2_seed1515.pt,cond2,1515,0,9001,greedy,none,none,none,none,regime,competitive,5309,0.000141269542286683,3.9997174609154267,0.0,15.998869843661707,,,150000,baseline,private,
<SOURCE_VECSTRAIGHT_REPO>/remote-results/phase3_vecstraight_comm_history_factorial_without_comm_full_history_15seeds_remote_20260330par24/train/cond2_seed1515.pt,cond2,1515,0,9001,greedy,none,none,none,none,regime,cooperative,6363,0.6441144114411441,14.305830583058306,0.16627377023416628,57.223322332233224,,,150000,baseline,private,
<SOURCE_VECSTRAIGHT_REPO>/remote-results/phase3_vecstraight_comm_history_factorial_without_comm_full_history_15seeds_remote_20260330par24/train/cond2_seed1515.pt,cond2,1515,0,9001,greedy,none,none,none,none,regime,mixed,18328,0.017241379310344827,4.170776953295504,0.0,16.683107813182016,,,150000,baseline,private,
<SOURCE_VECSTRAIGHT_REPO>/remote-results/phase3_vecstraight_comm_history_factorial_without_comm_full_history_15seeds_remote_20260330par24/train/cond2_seed1515.pt,cond2,1515,0,9001,greedy,none,none,none,none,f_value,0.500,5309,0.000141269542286683,3.9997174609154267,0.0,15.998869843661707,,,150000,baseline,private,
<SOURCE_VECSTRAIGHT_REPO>/remote-results/phase3_vecstraight_comm_history_factorial_without_comm_full_history_15seeds_remote_20260330par24/train/cond2_seed1515.pt,cond2,1515,0,9001,greedy,none,none,none,none,f_value,1.500,5852,0.0002563226247436774,4.000512645249487,0.0,16.00205058099795,,,150000,baseline,private,
<SOURCE_VECSTRAIGHT_REPO>/remote-results/phase3_vecstraight_comm_history_factorial_without_comm_full_history_15seeds_remote_20260330par24/train/cond2_seed1515.pt,cond2,1515,0,9001,greedy,none,none,none,none,f_value,2.500,6044,0.0007445400397088021,4.004467240238252,0.0,16.01786896095301,,,150000,baseline,private,
<SOURCE_VECSTRAIGHT_REPO>/remote-results/phase3_vecstraight_comm_history_factorial_without_comm_full_history_15seeds_remote_20260330par24/train/cond2_seed1515.pt,cond2,1515,0,9001,greedy,none,none,none,none,f_value,3.500,6432,0.048196517412935326,4.481965174129353,0.0,17.927860696517413,,,150000,baseline,private,
<SOURCE_VECSTRAIGHT_REPO>/remote-results/phase3_vecstraight_comm_history_factorial_without_comm_full_history_15seeds_remote_20260330par24/train/cond2_seed1515.pt,cond2,1515,0,9001,greedy,none,none,none,none,f_value,5.000,6363,0.6441144114411441,14.305830583058306,0.16627377023416628,57.223322332233224,,,150000,baseline,private,
<SOURCE_VECSTRAIGHT_REPO>/remote-results/phase3_vecstraight_comm_history_factorial_without_comm_full_history_15seeds_remote_20260330par24/train/cond2_seed1616.pt,cond2,1616,0,9001,greedy,none,none,none,none,regime,competitive,5309,0.0,4.0,0.0,16.0,,,150000,baseline,private,
<SOURCE_VECSTRAIGHT_REPO>/remote-results/phase3_vecstraight_comm_history_factorial_without_comm_full_history_15seeds_remote_20260330par24/train/cond2_seed1616.pt,cond2,1616,0,9001,greedy,none,none,none,none,regime,cooperative,6363,0.4952066635234952,11.923306616375923,0.011001100110011002,47.69322646550369,,,150000,baseline,private,
<SOURCE_VECSTRAIGHT_REPO>/remote-results/phase3_vecstraight_comm_history_factorial_without_comm_full_history_15seeds_remote_20260330par24/train/cond2_seed1616.pt,cond2,1616,0,9001,greedy,none,none,none,none,regime,mixed,18328,0.009780117852466172,4.09774661719773,0.0,16.39098646879092,,,150000,baseline,private,
<SOURCE_VECSTRAIGHT_REPO>/remote-results/phase3_vecstraight_comm_history_factorial_without_comm_full_history_15seeds_remote_20260330par24/train/cond2_seed1616.pt,cond2,1616,0,9001,greedy,none,none,none,none,f_value,0.500,5309,0.0,4.0,0.0,16.0,,,150000,baseline,private,
<SOURCE_VECSTRAIGHT_REPO>/remote-results/phase3_vecstraight_comm_history_factorial_without_comm_full_history_15seeds_remote_20260330par24/train/cond2_seed1616.pt,cond2,1616,0,9001,greedy,none,none,none,none,f_value,1.500,5852,0.0,4.0,0.0,16.0,,,150000,baseline,private,
<SOURCE_VECSTRAIGHT_REPO>/remote-results/phase3_vecstraight_comm_history_factorial_without_comm_full_history_15seeds_remote_20260330par24/train/cond2_seed1616.pt,cond2,1616,0,9001,greedy,none,none,none,none,f_value,2.500,6044,4.1363335539377896e-05,4.000248180013236,0.0,16.000992720052945,,,150000,baseline,private,
<SOURCE_VECSTRAIGHT_REPO>/remote-results/phase3_vecstraight_comm_history_factorial_without_comm_full_history_15seeds_remote_20260330par24/train/cond2_seed1616.pt,cond2,1616,0,9001,greedy,none,none,none,none,f_value,3.500,6432,0.027829601990049753,4.278296019900497,0.0,17.11318407960199,,,150000,baseline,private,
<SOURCE_VECSTRAIGHT_REPO>/remote-results/phase3_vecstraight_comm_history_factorial_without_comm_full_history_15seeds_remote_20260330par24/train/cond2_seed1616.pt,cond2,1616,0,9001,greedy,none,none,none,none,f_value,5.000,6363,0.4952066635234952,11.923306616375923,0.011001100110011002,47.69322646550369,,,150000,baseline,private,
<SOURCE_VECSTRAIGHT_REPO>/remote-results/phase3_vecstraight_comm_history_factorial_without_comm_full_history_15seeds_remote_20260330par24/train/cond2_seed202.pt,cond2,202,0,9001,greedy,none,none,none,none,regime,competitive,5309,0.0,4.0,0.0,16.0,,,150000,baseline,private,
<SOURCE_VECSTRAIGHT_REPO>/remote-results/phase3_vecstraight_comm_history_factorial_without_comm_full_history_15seeds_remote_20260330par24/train/cond2_seed202.pt,cond2,202,0,9001,greedy,none,none,none,none,regime,cooperative,6363,0.4136020744931636,10.617633191890617,0.03473204463303473,42.47053276756247,,,150000,baseline,private,
<SOURCE_VECSTRAIGHT_REPO>/remote-results/phase3_vecstraight_comm_history_factorial_without_comm_full_history_15seeds_remote_20260330par24/train/cond2_seed202.pt,cond2,202,0,9001,greedy,none,none,none,none,regime,mixed,18328,0.019260148406809254,4.191182889567874,0.0,16.764731558271496,,,150000,baseline,private,
<SOURCE_VECSTRAIGHT_REPO>/remote-results/phase3_vecstraight_comm_history_factorial_without_comm_full_history_15seeds_remote_20260330par24/train/cond2_seed202.pt,cond2,202,0,9001,greedy,none,none,none,none,f_value,0.500,5309,0.0,4.0,0.0,16.0,,,150000,baseline,private,
<SOURCE_VECSTRAIGHT_REPO>/remote-results/phase3_vecstraight_comm_history_factorial_without_comm_full_history_15seeds_remote_20260330par24/train/cond2_seed202.pt,cond2,202,0,9001,greedy,none,none,none,none,f_value,1.500,5852,0.0002136021872863978,4.0004272043745726,0.0,16.00170881749829,,,150000,baseline,private,
<SOURCE_VECSTRAIGHT_REPO>/remote-results/phase3_vecstraight_comm_history_factorial_without_comm_full_history_15seeds_remote_20260330par24/train/cond2_seed202.pt,cond2,202,0,9001,greedy,none,none,none,none,f_value,2.500,6044,0.0006618133686300463,4.003970880211781,0.0,16.015883520847122,,,150000,baseline,private,
<SOURCE_VECSTRAIGHT_REPO>/remote-results/phase3_vecstraight_comm_history_factorial_without_comm_full_history_15seeds_remote_20260330par24/train/cond2_seed202.pt,cond2,202,0,9001,greedy,none,none,none,none,f_value,3.500,6432,0.05406560945273632,4.540656094527363,0.0,18.162624378109452,,,150000,baseline,private,
<SOURCE_VECSTRAIGHT_REPO>/remote-results/phase3_vecstraight_comm_history_factorial_without_comm_full_history_15seeds_remote_20260330par24/train/cond2_seed202.pt,cond2,202,0,9001,greedy,none,none,none,none,f_value,5.000,6363,0.4136020744931636,10.617633191890617,0.03473204463303473,42.47053276756247,,,150000,baseline,private,
<SOURCE_VECSTRAIGHT_REPO>/remote-results/phase3_vecstraight_comm_history_factorial_without_comm_full_history_15seeds_remote_20260330par24/train/cond2_seed303.pt,cond2,303,0,9001,greedy,none,none,none,none,regime,competitive,5309,0.0,4.0,0.0,16.0,,,150000,baseline,private,
<SOURCE_VECSTRAIGHT_REPO>/remote-results/phase3_vecstraight_comm_history_factorial_without_comm_full_history_15seeds_remote_20260330par24/train/cond2_seed303.pt,cond2,303,0,9001,greedy,none,none,none,none,regime,cooperative,6363,0.59999214207135,13.5998742731416,0.11283985541411284,54.3994970925664,,,150000,baseline,private,
<SOURCE_VECSTRAIGHT_REPO>/remote-results/phase3_vecstraight_comm_history_factorial_without_comm_full_history_15seeds_remote_20260330par24/train/cond2_seed303.pt,cond2,303,0,9001,greedy,none,none,none,none,regime,mixed,18328,0.22891204714098648,6.235104757747709,0.04015713662156264,24.940419030990835,,,150000,baseline,private,
<SOURCE_VECSTRAIGHT_REPO>/remote-results/phase3_vecstraight_comm_history_factorial_without_comm_full_history_15seeds_remote_20260330par24/train/cond2_seed303.pt,cond2,303,0,9001,greedy,none,none,none,none,f_value,0.500,5309,0.0,4.0,0.0,16.0,,,150000,baseline,private,
<SOURCE_VECSTRAIGHT_REPO>/remote-results/phase3_vecstraight_comm_history_factorial_without_comm_full_history_15seeds_remote_20260330par24/train/cond2_seed303.pt,cond2,303,0,9001,greedy,none,none,none,none,f_value,1.500,5852,0.00038448393711551607,4.000768967874231,0.0,16.003075871496925,,,150000,baseline,private,
<SOURCE_VECSTRAIGHT_REPO>/remote-results/phase3_vecstraight_comm_history_factorial_without_comm_full_history_15seeds_remote_20260330par24/train/cond2_seed303.pt,cond2,303,0,9001,greedy,none,none,none,none,f_value,2.500,6044,0.04020516214427532,4.241230972865652,0.0,16.964923891462607,,,150000,baseline,private,
<SOURCE_VECSTRAIGHT_REPO>/remote-results/phase3_vecstraight_comm_history_factorial_without_comm_full_history_15seeds_remote_20260330par24/train/cond2_seed303.pt,cond2,303,0,9001,greedy,none,none,none,none,f_value,3.500,6432,0.6141557835820896,10.141557835820896,0.11442786069651742,40.56623134328358,,,150000,baseline,private,
<SOURCE_VECSTRAIGHT_REPO>/remote-results/phase3_vecstraight_comm_history_factorial_without_comm_full_history_15seeds_remote_20260330par24/train/cond2_seed303.pt,cond2,303,0,9001,greedy,none,none,none,none,f_value,5.000,6363,0.59999214207135,13.5998742731416,0.11283985541411284,54.3994970925664,,,150000,baseline,private,
<SOURCE_VECSTRAIGHT_REPO>/remote-results/phase3_vecstraight_comm_history_factorial_without_comm_full_history_15seeds_remote_20260330par24/train/cond2_seed404.pt,cond2,404,0,9001,greedy,none,none,none,none,regime,competitive,5309,0.00037671877943115466,3.9992465624411375,0.0,15.99698624976455,,,150000,baseline,private,
<SOURCE_VECSTRAIGHT_REPO>/remote-results/phase3_vecstraight_comm_history_factorial_without_comm_full_history_15seeds_remote_20260330par24/train/cond2_seed404.pt,cond2,404,0,9001,greedy,none,none,none,none,regime,cooperative,6363,0.6227801351563728,13.964482162501964,0.04903347477604903,55.85792865000786,,,150000,baseline,private,
<SOURCE_VECSTRAIGHT_REPO>/remote-results/phase3_vecstraight_comm_history_factorial_without_comm_full_history_15seeds_remote_20260330par24/train/cond2_seed404.pt,cond2,404,0,9001,greedy,none,none,none,none,regime,mixed,18328,0.21739960715844608,6.123472282845919,0.02531645569620253,24.493889131383675,,,150000,baseline,private,
<SOURCE_VECSTRAIGHT_REPO>/remote-results/phase3_vecstraight_comm_history_factorial_without_comm_full_history_15seeds_remote_20260330par24/train/cond2_seed404.pt,cond2,404,0,9001,greedy,none,none,none,none,f_value,0.500,5309,0.00037671877943115466,3.9992465624411375,0.0,15.99698624976455,,,150000,baseline,private,
<SOURCE_VECSTRAIGHT_REPO>/remote-results/phase3_vecstraight_comm_history_factorial_without_comm_full_history_15seeds_remote_20260330par24/train/cond2_seed404.pt,cond2,404,0,9001,greedy,none,none,none,none,f_value,1.500,5852,0.002306903622693096,4.004613807245386,0.0,16.018455228981544,,,150000,baseline,private,
<SOURCE_VECSTRAIGHT_REPO>/remote-results/phase3_vecstraight_comm_history_factorial_without_comm_full_history_15seeds_remote_20260330par24/train/cond2_seed404.pt,cond2,404,0,9001,greedy,none,none,none,none,f_value,2.500,6044,0.03383520847121112,4.203011250827267,0.00033090668431502316,16.812045003309066,,,150000,baseline,private,
<SOURCE_VECSTRAIGHT_REPO>/remote-results/phase3_vecstraight_comm_history_factorial_without_comm_full_history_15seeds_remote_20260330par24/train/cond2_seed404.pt,cond2,404,0,9001,greedy,none,none,none,none,f_value,3.500,6432,0.5855876865671642,9.855876865671641,0.07182835820895522,39.423507462686565,,,150000,baseline,private,
<SOURCE_VECSTRAIGHT_REPO>/remote-results/phase3_vecstraight_comm_history_factorial_without_comm_full_history_15seeds_remote_20260330par24/train/cond2_seed404.pt,cond2,404,0,9001,greedy,none,none,none,none,f_value,5.000,6363,0.6227801351563728,13.964482162501964,0.04903347477604903,55.85792865000786,,,150000,baseline,private,
<SOURCE_VECSTRAIGHT_REPO>/remote-results/phase3_vecstraight_comm_history_factorial_without_comm_full_history_15seeds_remote_20260330par24/train/cond2_seed505.pt,cond2,505,0,9001,greedy,none,none,none,none,regime,competitive,5309,0.0,4.0,0.0,16.0,,,150000,baseline,private,
<SOURCE_VECSTRAIGHT_REPO>/remote-results/phase3_vecstraight_comm_history_factorial_without_comm_full_history_15seeds_remote_20260330par24/train/cond2_seed505.pt,cond2,505,0,9001,greedy,none,none,none,none,regime,cooperative,6363,0.4614961496149615,11.383938393839385,0.034103410341034104,45.53575357535754,,,150000,baseline,private,
<SOURCE_VECSTRAIGHT_REPO>/remote-results/phase3_vecstraight_comm_history_factorial_without_comm_full_history_15seeds_remote_20260330par24/train/cond2_seed505.pt,cond2,505,0,9001,greedy,none,none,none,none,regime,mixed,18328,0.010025643823657792,4.100201876909646,0.0,16.400807507638586,,,150000,baseline,private,
<SOURCE_VECSTRAIGHT_REPO>/remote-results/phase3_vecstraight_comm_history_factorial_without_comm_full_history_15seeds_remote_20260330par24/train/cond2_seed505.pt,cond2,505,0,9001,greedy,none,none,none,none,f_value,0.500,5309,0.0,4.0,0.0,16.0,,,150000,baseline,private,
<SOURCE_VECSTRAIGHT_REPO>/remote-results/phase3_vecstraight_comm_history_factorial_without_comm_full_history_15seeds_remote_20260330par24/train/cond2_seed505.pt,cond2,505,0,9001,greedy,none,none,none,none,f_value,1.500,5852,0.0,4.0,0.0,16.0,,,150000,baseline,private,
<SOURCE_VECSTRAIGHT_REPO>/remote-results/phase3_vecstraight_comm_history_factorial_without_comm_full_history_15seeds_remote_20260330par24/train/cond2_seed505.pt,cond2,505,0,9001,greedy,none,none,none,none,f_value,2.500,6044,4.1363335539377896e-05,4.000248180013236,0.0,16.000992720052945,,,150000,baseline,private,
<SOURCE_VECSTRAIGHT_REPO>/remote-results/phase3_vecstraight_comm_history_factorial_without_comm_full_history_15seeds_remote_20260330par24/train/cond2_seed505.pt,cond2,505,0,9001,greedy,none,none,none,none,f_value,3.500,6432,0.028529228855721393,4.285292288557214,0.0,17.141169154228855,,,150000,baseline,private,
<SOURCE_VECSTRAIGHT_REPO>/remote-results/phase3_vecstraight_comm_history_factorial_without_comm_full_history_15seeds_remote_20260330par24/train/cond2_seed505.pt,cond2,505,0,9001,greedy,none,none,none,none,f_value,5.000,6363,0.4614961496149615,11.383938393839385,0.034103410341034104,45.53575357535754,,,150000,baseline,private,
<SOURCE_VECSTRAIGHT_REPO>/remote-results/phase3_vecstraight_comm_history_factorial_without_comm_full_history_15seeds_remote_20260330par24/train/cond2_seed606.pt,cond2,606,0,9001,greedy,none,none,none,none,regime,competitive,5309,0.00018835938971557733,3.9996232812205688,0.0,15.998493124882275,,,150000,baseline,private,
<SOURCE_VECSTRAIGHT_REPO>/remote-results/phase3_vecstraight_comm_history_factorial_without_comm_full_history_15seeds_remote_20260330par24/train/cond2_seed606.pt,cond2,606,0,9001,greedy,none,none,none,none,regime,cooperative,6363,0.7136570799937136,15.418513279899418,0.2787993085022788,61.67405311959767,,,150000,baseline,private,
<SOURCE_VECSTRAIGHT_REPO>/remote-results/phase3_vecstraight_comm_history_factorial_without_comm_full_history_15seeds_remote_20260330par24/train/cond2_seed606.pt,cond2,606,0,9001,greedy,none,none,none,none,regime,mixed,18328,0.24836316019205587,6.3780008729812305,0.06869271060672195,25.512003491924922,,,150000,baseline,private,
<SOURCE_VECSTRAIGHT_REPO>/remote-results/phase3_vecstraight_comm_history_factorial_without_comm_full_history_15seeds_remote_20260330par24/train/cond2_seed606.pt,cond2,606,0,9001,greedy,none,none,none,none,f_value,0.500,5309,0.00018835938971557733,3.9996232812205688,0.0,15.998493124882275,,,150000,baseline,private,
<SOURCE_VECSTRAIGHT_REPO>/remote-results/phase3_vecstraight_comm_history_factorial_without_comm_full_history_15seeds_remote_20260330par24/train/cond2_seed606.pt,cond2,606,0,9001,greedy,none,none,none,none,f_value,1.500,5852,0.002734107997265892,4.005468215994532,0.0,16.02187286397813,,,150000,baseline,private,
<SOURCE_VECSTRAIGHT_REPO>/remote-results/phase3_vecstraight_comm_history_factorial_without_comm_full_history_15seeds_remote_20260330par24/train/cond2_seed606.pt,cond2,606,0,9001,greedy,none,none,none,none,f_value,2.500,6044,0.07478491065519524,4.448709463931172,0.00016545334215751158,17.794837855724687,,,150000,baseline,private,
<SOURCE_VECSTRAIGHT_REPO>/remote-results/phase3_vecstraight_comm_history_factorial_without_comm_full_history_15seeds_remote_20260330par24/train/cond2_seed606.pt,cond2,606,0,9001,greedy,none,none,none,none,f_value,3.500,6432,0.6349502487562189,10.349502487562189,0.19558457711442787,41.398009950248756,,,150000,baseline,private,
<SOURCE_VECSTRAIGHT_REPO>/remote-results/phase3_vecstraight_comm_history_factorial_without_comm_full_history_15seeds_remote_20260330par24/train/cond2_seed606.pt,cond2,606,0,9001,greedy,none,none,none,none,f_value,5.000,6363,0.7136570799937136,15.418513279899418,0.2787993085022788,61.67405311959767,,,150000,baseline,private,
<SOURCE_VECSTRAIGHT_REPO>/remote-results/phase3_vecstraight_comm_history_factorial_without_comm_full_history_15seeds_remote_20260330par24/train/cond2_seed707.pt,cond2,707,0,9001,greedy,none,none,none,none,regime,competitive,5309,0.0,4.0,0.0,16.0,,,150000,baseline,private,
<SOURCE_VECSTRAIGHT_REPO>/remote-results/phase3_vecstraight_comm_history_factorial_without_comm_full_history_15seeds_remote_20260330par24/train/cond2_seed707.pt,cond2,707,0,9001,greedy,none,none,none,none,regime,cooperative,6363,0.6516187333019016,14.425899732830425,0.11393996542511393,57.7035989313217,,,150000,baseline,private,
<SOURCE_VECSTRAIGHT_REPO>/remote-results/phase3_vecstraight_comm_history_factorial_without_comm_full_history_15seeds_remote_20260330par24/train/cond2_seed707.pt,cond2,707,0,9001,greedy,none,none,none,none,regime,mixed,18328,0.016668485377564383,4.163083806198166,0.0,16.652335224792665,,,150000,baseline,private,
<SOURCE_VECSTRAIGHT_REPO>/remote-results/phase3_vecstraight_comm_history_factorial_without_comm_full_history_15seeds_remote_20260330par24/train/cond2_seed707.pt,cond2,707,0,9001,greedy,none,none,none,none,f_value,0.500,5309,0.0,4.0,0.0,16.0,,,150000,baseline,private,
<SOURCE_VECSTRAIGHT_REPO>/remote-results/phase3_vecstraight_comm_history_factorial_without_comm_full_history_15seeds_remote_20260330par24/train/cond2_seed707.pt,cond2,707,0,9001,greedy,none,none,none,none,f_value,1.500,5852,0.00017088174982911826,4.000341763499658,0.0,16.00136705399863,,,150000,baseline,private,
<SOURCE_VECSTRAIGHT_REPO>/remote-results/phase3_vecstraight_comm_history_factorial_without_comm_full_history_15seeds_remote_20260330par24/train/cond2_seed707.pt,cond2,707,0,9001,greedy,none,none,none,none,f_value,2.500,6044,0.002399073461283918,4.0143944407677035,0.0,16.057577763070814,,,150000,baseline,private,
<SOURCE_VECSTRAIGHT_REPO>/remote-results/phase3_vecstraight_comm_history_factorial_without_comm_full_history_15seeds_remote_20260330par24/train/cond2_seed707.pt,cond2,707,0,9001,greedy,none,none,none,none,f_value,3.500,6432,0.04508706467661692,4.450870646766169,0.0,17.803482587064675,,,150000,baseline,private,
<SOURCE_VECSTRAIGHT_REPO>/remote-results/phase3_vecstraight_comm_history_factorial_without_comm_full_history_15seeds_remote_20260330par24/train/cond2_seed707.pt,cond2,707,0,9001,greedy,none,none,none,none,f_value,5.000,6363,0.6516187333019016,14.425899732830425,0.11393996542511393,57.7035989313217,,,150000,baseline,private,
<SOURCE_VECSTRAIGHT_REPO>/remote-results/phase3_vecstraight_comm_history_factorial_without_comm_full_history_15seeds_remote_20260330par24/train/cond2_seed808.pt,cond2,808,0,9001,greedy,none,none,none,none,regime,competitive,5309,4.708984742889433e-05,3.999905820305142,0.0,15.999623281220568,,,150000,baseline,private,
<SOURCE_VECSTRAIGHT_REPO>/remote-results/phase3_vecstraight_comm_history_factorial_without_comm_full_history_15seeds_remote_20260330par24/train/cond2_seed808.pt,cond2,808,0,9001,greedy,none,none,none,none,regime,cooperative,6363,0.6039603960396039,13.663366336633663,0.1063963539211064,54.65346534653465,,,150000,baseline,private,
<SOURCE_VECSTRAIGHT_REPO>/remote-results/phase3_vecstraight_comm_history_factorial_without_comm_full_history_15seeds_remote_20260330par24/train/cond2_seed808.pt,cond2,808,0,9001,greedy,none,none,none,none,regime,mixed,18328,0.1879637712789175,5.8062527280663465,0.009220864251418595,23.225010912265386,,,150000,baseline,private,
<SOURCE_VECSTRAIGHT_REPO>/remote-results/phase3_vecstraight_comm_history_factorial_without_comm_full_history_15seeds_remote_20260330par24/train/cond2_seed808.pt,cond2,808,0,9001,greedy,none,none,none,none,f_value,0.500,5309,4.708984742889433e-05,3.999905820305142,0.0,15.999623281220568,,,150000,baseline,private,
<SOURCE_VECSTRAIGHT_REPO>/remote-results/phase3_vecstraight_comm_history_factorial_without_comm_full_history_15seeds_remote_20260330par24/train/cond2_seed808.pt,cond2,808,0,9001,greedy,none,none,none,none,f_value,1.500,5852,0.0009398496240601503,4.0018796992481205,0.0,16.007518796992482,,,150000,baseline,private,
<SOURCE_VECSTRAIGHT_REPO>/remote-results/phase3_vecstraight_comm_history_factorial_without_comm_full_history_15seeds_remote_20260330par24/train/cond2_seed808.pt,cond2,808,0,9001,greedy,none,none,none,none,f_value,2.500,6044,0.05381369953673064,4.322882197220384,0.00016545334215751158,17.291528788881536,,,150000,baseline,private,
<SOURCE_VECSTRAIGHT_REPO>/remote-results/phase3_vecstraight_comm_history_factorial_without_comm_full_history_15seeds_remote_20260330par24/train/cond2_seed808.pt,cond2,808,0,9001,greedy,none,none,none,none,f_value,3.500,6432,0.4841806592039801,8.8418065920398,0.026119402985074626,35.3672263681592,,,150000,baseline,private,
<SOURCE_VECSTRAIGHT_REPO>/remote-results/phase3_vecstraight_comm_history_factorial_without_comm_full_history_15seeds_remote_20260330par24/train/cond2_seed808.pt,cond2,808,0,9001,greedy,none,none,none,none,f_value,5.000,6363,0.6039603960396039,13.663366336633663,0.1063963539211064,54.65346534653465,,,150000,baseline,private,
<SOURCE_VECSTRAIGHT_REPO>/remote-results/phase3_vecstraight_comm_history_factorial_without_comm_full_history_15seeds_remote_20260330par24/train/cond2_seed909.pt,cond2,909,0,9001,greedy,none,none,none,none,regime,competitive,5309,0.004661894895460539,3.990676210209079,0.0,15.962704840836317,,,150000,baseline,private,
<SOURCE_VECSTRAIGHT_REPO>/remote-results/phase3_vecstraight_comm_history_factorial_without_comm_full_history_15seeds_remote_20260330par24/train/cond2_seed909.pt,cond2,909,0,9001,greedy,none,none,none,none,regime,cooperative,6363,0.442990727644193,11.087851642307088,0.0,44.35140656922835,,,150000,baseline,private,
<SOURCE_VECSTRAIGHT_REPO>/remote-results/phase3_vecstraight_comm_history_factorial_without_comm_full_history_15seeds_remote_20260330par24/train/cond2_seed909.pt,cond2,909,0,9001,greedy,none,none,none,none,regime,mixed,18328,0.10168867306852902,5.0025371017023135,0.0,20.010148406809254,,,150000,baseline,private,
<SOURCE_VECSTRAIGHT_REPO>/remote-results/phase3_vecstraight_comm_history_factorial_without_comm_full_history_15seeds_remote_20260330par24/train/cond2_seed909.pt,cond2,909,0,9001,greedy,none,none,none,none,f_value,0.500,5309,0.004661894895460539,3.990676210209079,0.0,15.962704840836317,,,150000,baseline,private,
<SOURCE_VECSTRAIGHT_REPO>/remote-results/phase3_vecstraight_comm_history_factorial_without_comm_full_history_15seeds_remote_20260330par24/train/cond2_seed909.pt,cond2,909,0,9001,greedy,none,none,none,none,f_value,1.500,5852,0.0004272043745727956,4.000854408749146,0.0,16.003417634996584,,,150000,baseline,private,
<SOURCE_VECSTRAIGHT_REPO>/remote-results/phase3_vecstraight_comm_history_factorial_without_comm_full_history_15seeds_remote_20260330par24/train/cond2_seed909.pt,cond2,909,0,9001,greedy,none,none,none,none,f_value,2.500,6044,0.01005129053606883,4.060307743216413,0.0,16.24123097286565,,,150000,baseline,private,
<SOURCE_VECSTRAIGHT_REPO>/remote-results/phase3_vecstraight_comm_history_factorial_without_comm_full_history_15seeds_remote_20260330par24/train/cond2_seed909.pt,cond2,909,0,9001,greedy,none,none,none,none,f_value,3.500,6432,0.27992848258706465,6.799284825870647,0.0,27.197139303482587,,,150000,baseline,private,
<SOURCE_VECSTRAIGHT_REPO>/remote-results/phase3_vecstraight_comm_history_factorial_without_comm_full_history_15seeds_remote_20260330par24/train/cond2_seed909.pt,cond2,909,0,9001,greedy,none,none,none,none,f_value,5.000,6363,0.442990727644193,11.087851642307088,0.0,44.35140656922835,,,150000,baseline,private,
