checkpoint,condition,train_seed,eval_seed,eval_policy,ablation,history_intervention,sender_remap,cross_play,sender_id,summary,fhat_bin,action,n_obs,p_message_1,checkpoint_episode,suite_kind,observability_mode,public_signal_sigma
<SOURCE_VECSTRAIGHT_REPO>/remote-results/phase3_vecstraight_clean_msgsource_learned_15seeds_remote_20260410/train/cond1_seed101_ep50000.pt,cond1,101,9001,greedy,none,none,none,none,agent_0,p_msg1_given_fhat,1.5<=fhat<2.5,,6008,0.6191744340878829,50000,comm,private,
<SOURCE_VECSTRAIGHT_REPO>/remote-results/phase3_vecstraight_clean_msgsource_learned_15seeds_remote_20260410/train/cond1_seed101_ep50000.pt,cond1,101,9001,greedy,none,none,none,none,agent_0,p_msg1_given_fhat,2.5<=fhat<3.5,,6306,0.570884871550904,50000,comm,private,
<SOURCE_VECSTRAIGHT_REPO>/remote-results/phase3_vecstraight_clean_msgsource_learned_15seeds_remote_20260410/train/cond1_seed101_ep50000.pt,cond1,101,9001,greedy,none,none,none,none,agent_0,p_msg1_given_fhat,3.5<=fhat<4.5,,4259,0.8504343742662597,50000,comm,private,
<SOURCE_VECSTRAIGHT_REPO>/remote-results/phase3_vecstraight_clean_msgsource_learned_15seeds_remote_20260410/train/cond1_seed101_ep50000.pt,cond1,101,9001,greedy,none,none,none,none,agent_0,p_msg1_given_fhat,fhat<1.5,,8295,0.8254370102471368,50000,comm,private,
<SOURCE_VECSTRAIGHT_REPO>/remote-results/phase3_vecstraight_clean_msgsource_learned_15seeds_remote_20260410/train/cond1_seed101_ep50000.pt,cond1,101,9001,greedy,none,none,none,none,agent_0,p_msg1_given_fhat,fhat>=4.5,,5132,0.946024941543258,50000,comm,private,
<SOURCE_VECSTRAIGHT_REPO>/remote-results/phase3_vecstraight_clean_msgsource_learned_15seeds_remote_20260410/train/cond1_seed101_ep50000.pt,cond1,101,9001,greedy,none,none,none,none,agent_1,p_msg1_given_fhat,1.5<=fhat<2.5,,6070,0.4683690280065898,50000,comm,private,
<SOURCE_VECSTRAIGHT_REPO>/remote-results/phase3_vecstraight_clean_msgsource_learned_15seeds_remote_20260410/train/cond1_seed101_ep50000.pt,cond1,101,9001,greedy,none,none,none,none,agent_1,p_msg1_given_fhat,2.5<=fhat<3.5,,6329,0.42802970453468164,50000,comm,private,
<SOURCE_VECSTRAIGHT_REPO>/remote-results/phase3_vecstraight_clean_msgsource_learned_15seeds_remote_20260410/train/cond1_seed101_ep50000.pt,cond1,101,9001,greedy,none,none,none,none,agent_1,p_msg1_given_fhat,3.5<=fhat<4.5,,4303,0.5266093423193121,50000,comm,private,
<SOURCE_VECSTRAIGHT_REPO>/remote-results/phase3_vecstraight_clean_msgsource_learned_15seeds_remote_20260410/train/cond1_seed101_ep50000.pt,cond1,101,9001,greedy,none,none,none,none,agent_1,p_msg1_given_fhat,fhat<1.5,,8194,0.6104466682938736,50000,comm,private,
<SOURCE_VECSTRAIGHT_REPO>/remote-results/phase3_vecstraight_clean_msgsource_learned_15seeds_remote_20260410/train/cond1_seed101_ep50000.pt,cond1,101,9001,greedy,none,none,none,none,agent_1,p_msg1_given_fhat,fhat>=4.5,,5104,0.9322100313479624,50000,comm,private,
<SOURCE_VECSTRAIGHT_REPO>/remote-results/phase3_vecstraight_clean_msgsource_learned_15seeds_remote_20260410/train/cond1_seed101_ep50000.pt,cond1,101,9001,greedy,none,none,none,none,agent_2,p_msg1_given_fhat,1.5<=fhat<2.5,,6037,0.912704985920159,50000,comm,private,
<SOURCE_VECSTRAIGHT_REPO>/remote-results/phase3_vecstraight_clean_msgsource_learned_15seeds_remote_20260410/train/cond1_seed101_ep50000.pt,cond1,101,9001,greedy,none,none,none,none,agent_2,p_msg1_given_fhat,2.5<=fhat<3.5,,6353,0.951991185266803,50000,comm,private,
<SOURCE_VECSTRAIGHT_REPO>/remote-results/phase3_vecstraight_clean_msgsource_learned_15seeds_remote_20260410/train/cond1_seed101_ep50000.pt,cond1,101,9001,greedy,none,none,none,none,agent_2,p_msg1_given_fhat,3.5<=fhat<4.5,,4191,0.6511572417084228,50000,comm,private,
<SOURCE_VECSTRAIGHT_REPO>/remote-results/phase3_vecstraight_clean_msgsource_learned_15seeds_remote_20260410/train/cond1_seed101_ep50000.pt,cond1,101,9001,greedy,none,none,none,none,agent_2,p_msg1_given_fhat,fhat<1.5,,8255,0.09133858267716535,50000,comm,private,
<SOURCE_VECSTRAIGHT_REPO>/remote-results/phase3_vecstraight_clean_msgsource_learned_15seeds_remote_20260410/train/cond1_seed101_ep50000.pt,cond1,101,9001,greedy,none,none,none,none,agent_2,p_msg1_given_fhat,fhat>=4.5,,5164,0.06235476374903176,50000,comm,private,
<SOURCE_VECSTRAIGHT_REPO>/remote-results/phase3_vecstraight_clean_msgsource_learned_15seeds_remote_20260410/train/cond1_seed101_ep50000.pt,cond1,101,9001,greedy,none,none,none,none,agent_3,p_msg1_given_fhat,1.5<=fhat<2.5,,6013,0.5083984699817063,50000,comm,private,
<SOURCE_VECSTRAIGHT_REPO>/remote-results/phase3_vecstraight_clean_msgsource_learned_15seeds_remote_20260410/train/cond1_seed101_ep50000.pt,cond1,101,9001,greedy,none,none,none,none,agent_3,p_msg1_given_fhat,2.5<=fhat<3.5,,6316,0.6247625079164028,50000,comm,private,
<SOURCE_VECSTRAIGHT_REPO>/remote-results/phase3_vecstraight_clean_msgsource_learned_15seeds_remote_20260410/train/cond1_seed101_ep50000.pt,cond1,101,9001,greedy,none,none,none,none,agent_3,p_msg1_given_fhat,3.5<=fhat<4.5,,4308,0.7110027855153204,50000,comm,private,
<SOURCE_VECSTRAIGHT_REPO>/remote-results/phase3_vecstraight_clean_msgsource_learned_15seeds_remote_20260410/train/cond1_seed101_ep50000.pt,cond1,101,9001,greedy,none,none,none,none,agent_3,p_msg1_given_fhat,fhat<1.5,,8261,0.6500423677520881,50000,comm,private,
<SOURCE_VECSTRAIGHT_REPO>/remote-results/phase3_vecstraight_clean_msgsource_learned_15seeds_remote_20260410/train/cond1_seed101_ep50000.pt,cond1,101,9001,greedy,none,none,none,none,agent_3,p_msg1_given_fhat,fhat>=4.5,,5102,0.9727557820462563,50000,comm,private,
<SOURCE_VECSTRAIGHT_REPO>/remote-results/phase3_vecstraight_clean_msgsource_learned_15seeds_remote_20260410/train/cond1_seed101_ep50000.pt,cond1,101,9001,greedy,none,none,none,none,agent_0,p_msg1_given_action,,0,21264,0.6729213694507148,50000,comm,private,
<SOURCE_VECSTRAIGHT_REPO>/remote-results/phase3_vecstraight_clean_msgsource_learned_15seeds_remote_20260410/train/cond1_seed101_ep50000.pt,cond1,101,9001,greedy,none,none,none,none,agent_0,p_msg1_given_action,,1,8736,0.9540979853479854,50000,comm,private,
<SOURCE_VECSTRAIGHT_REPO>/remote-results/phase3_vecstraight_clean_msgsource_learned_15seeds_remote_20260410/train/cond1_seed101_ep50000.pt,cond1,101,9001,greedy,none,none,none,none,agent_1,p_msg1_given_action,,0,20900,0.507177033492823,50000,comm,private,
<SOURCE_VECSTRAIGHT_REPO>/remote-results/phase3_vecstraight_clean_msgsource_learned_15seeds_remote_20260410/train/cond1_seed101_ep50000.pt,cond1,101,9001,greedy,none,none,none,none,agent_1,p_msg1_given_action,,1,9100,0.7668131868131868,50000,comm,private,
<SOURCE_VECSTRAIGHT_REPO>/remote-results/phase3_vecstraight_clean_msgsource_learned_15seeds_remote_20260410/train/cond1_seed101_ep50000.pt,cond1,101,9001,greedy,none,none,none,none,agent_2,p_msg1_given_action,,0,26457,0.4709906640964584,50000,comm,private,
<SOURCE_VECSTRAIGHT_REPO>/remote-results/phase3_vecstraight_clean_msgsource_learned_15seeds_remote_20260410/train/cond1_seed101_ep50000.pt,cond1,101,9001,greedy,none,none,none,none,agent_2,p_msg1_given_action,,1,3543,0.8190798758114592,50000,comm,private,
<SOURCE_VECSTRAIGHT_REPO>/remote-results/phase3_vecstraight_clean_msgsource_learned_15seeds_remote_20260410/train/cond1_seed101_ep50000.pt,cond1,101,9001,greedy,none,none,none,none,agent_3,p_msg1_given_action,,0,23452,0.6169196657001536,50000,comm,private,
<SOURCE_VECSTRAIGHT_REPO>/remote-results/phase3_vecstraight_clean_msgsource_learned_15seeds_remote_20260410/train/cond1_seed101_ep50000.pt,cond1,101,9001,greedy,none,none,none,none,agent_3,p_msg1_given_action,,1,6548,0.9057727550397068,50000,comm,private,
<SOURCE_VECSTRAIGHT_REPO>/remote-results/phase3_vecstraight_clean_msgsource_learned_15seeds_remote_20260410/train/cond1_seed1111_ep50000.pt,cond1,1111,9001,greedy,none,none,none,none,agent_0,p_msg1_given_fhat,1.5<=fhat<2.5,,6008,0.39663781624500666,50000,comm,private,
<SOURCE_VECSTRAIGHT_REPO>/remote-results/phase3_vecstraight_clean_msgsource_learned_15seeds_remote_20260410/train/cond1_seed1111_ep50000.pt,cond1,1111,9001,greedy,none,none,none,none,agent_0,p_msg1_given_fhat,2.5<=fhat<3.5,,6306,0.190453536314621,50000,comm,private,
<SOURCE_VECSTRAIGHT_REPO>/remote-results/phase3_vecstraight_clean_msgsource_learned_15seeds_remote_20260410/train/cond1_seed1111_ep50000.pt,cond1,1111,9001,greedy,none,none,none,none,agent_0,p_msg1_given_fhat,3.5<=fhat<4.5,,4259,0.3371683493777882,50000,comm,private,
<SOURCE_VECSTRAIGHT_REPO>/remote-results/phase3_vecstraight_clean_msgsource_learned_15seeds_remote_20260410/train/cond1_seed1111_ep50000.pt,cond1,1111,9001,greedy,none,none,none,none,agent_0,p_msg1_given_fhat,fhat<1.5,,8295,0.7261000602772755,50000,comm,private,
<SOURCE_VECSTRAIGHT_REPO>/remote-results/phase3_vecstraight_clean_msgsource_learned_15seeds_remote_20260410/train/cond1_seed1111_ep50000.pt,cond1,1111,9001,greedy,none,none,none,none,agent_0,p_msg1_given_fhat,fhat>=4.5,,5132,0.9947388932190179,50000,comm,private,
<SOURCE_VECSTRAIGHT_REPO>/remote-results/phase3_vecstraight_clean_msgsource_learned_15seeds_remote_20260410/train/cond1_seed1111_ep50000.pt,cond1,1111,9001,greedy,none,none,none,none,agent_1,p_msg1_given_fhat,1.5<=fhat<2.5,,6070,0.6031301482701812,50000,comm,private,
<SOURCE_VECSTRAIGHT_REPO>/remote-results/phase3_vecstraight_clean_msgsource_learned_15seeds_remote_20260410/train/cond1_seed1111_ep50000.pt,cond1,1111,9001,greedy,none,none,none,none,agent_1,p_msg1_given_fhat,2.5<=fhat<3.5,,6329,0.4909148364670564,50000,comm,private,
<SOURCE_VECSTRAIGHT_REPO>/remote-results/phase3_vecstraight_clean_msgsource_learned_15seeds_remote_20260410/train/cond1_seed1111_ep50000.pt,cond1,1111,9001,greedy,none,none,none,none,agent_1,p_msg1_given_fhat,3.5<=fhat<4.5,,4303,0.17081106204973273,50000,comm,private,
<SOURCE_VECSTRAIGHT_REPO>/remote-results/phase3_vecstraight_clean_msgsource_learned_15seeds_remote_20260410/train/cond1_seed1111_ep50000.pt,cond1,1111,9001,greedy,none,none,none,none,agent_1,p_msg1_given_fhat,fhat<1.5,,8194,0.654625335611423,50000,comm,private,
<SOURCE_VECSTRAIGHT_REPO>/remote-results/phase3_vecstraight_clean_msgsource_learned_15seeds_remote_20260410/train/cond1_seed1111_ep50000.pt,cond1,1111,9001,greedy,none,none,none,none,agent_1,p_msg1_given_fhat,fhat>=4.5,,5104,0.4032131661442006,50000,comm,private,
<SOURCE_VECSTRAIGHT_REPO>/remote-results/phase3_vecstraight_clean_msgsource_learned_15seeds_remote_20260410/train/cond1_seed1111_ep50000.pt,cond1,1111,9001,greedy,none,none,none,none,agent_2,p_msg1_given_fhat,1.5<=fhat<2.5,,6037,0.5373529898956435,50000,comm,private,
<SOURCE_VECSTRAIGHT_REPO>/remote-results/phase3_vecstraight_clean_msgsource_learned_15seeds_remote_20260410/train/cond1_seed1111_ep50000.pt,cond1,1111,9001,greedy,none,none,none,none,agent_2,p_msg1_given_fhat,2.5<=fhat<3.5,,6353,0.7623170155831891,50000,comm,private,
<SOURCE_VECSTRAIGHT_REPO>/remote-results/phase3_vecstraight_clean_msgsource_learned_15seeds_remote_20260410/train/cond1_seed1111_ep50000.pt,cond1,1111,9001,greedy,none,none,none,none,agent_2,p_msg1_given_fhat,3.5<=fhat<4.5,,4191,0.10904318778334526,50000,comm,private,
<SOURCE_VECSTRAIGHT_REPO>/remote-results/phase3_vecstraight_clean_msgsource_learned_15seeds_remote_20260410/train/cond1_seed1111_ep50000.pt,cond1,1111,9001,greedy,none,none,none,none,agent_2,p_msg1_given_fhat,fhat<1.5,,8255,0.7149606299212599,50000,comm,private,
<SOURCE_VECSTRAIGHT_REPO>/remote-results/phase3_vecstraight_clean_msgsource_learned_15seeds_remote_20260410/train/cond1_seed1111_ep50000.pt,cond1,1111,9001,greedy,none,none,none,none,agent_2,p_msg1_given_fhat,fhat>=4.5,,5164,0.0,50000,comm,private,
<SOURCE_VECSTRAIGHT_REPO>/remote-results/phase3_vecstraight_clean_msgsource_learned_15seeds_remote_20260410/train/cond1_seed1111_ep50000.pt,cond1,1111,9001,greedy,none,none,none,none,agent_3,p_msg1_given_fhat,1.5<=fhat<2.5,,6013,0.7473806752037253,50000,comm,private,
<SOURCE_VECSTRAIGHT_REPO>/remote-results/phase3_vecstraight_clean_msgsource_learned_15seeds_remote_20260410/train/cond1_seed1111_ep50000.pt,cond1,1111,9001,greedy,none,none,none,none,agent_3,p_msg1_given_fhat,2.5<=fhat<3.5,,6316,0.8814122862571248,50000,comm,private,
<SOURCE_VECSTRAIGHT_REPO>/remote-results/phase3_vecstraight_clean_msgsource_learned_15seeds_remote_20260410/train/cond1_seed1111_ep50000.pt,cond1,1111,9001,greedy,none,none,none,none,agent_3,p_msg1_given_fhat,3.5<=fhat<4.5,,4308,0.797121634168988,50000,comm,private,
<SOURCE_VECSTRAIGHT_REPO>/remote-results/phase3_vecstraight_clean_msgsource_learned_15seeds_remote_20260410/train/cond1_seed1111_ep50000.pt,cond1,1111,9001,greedy,none,none,none,none,agent_3,p_msg1_given_fhat,fhat<1.5,,8261,0.5374651979179276,50000,comm,private,
<SOURCE_VECSTRAIGHT_REPO>/remote-results/phase3_vecstraight_clean_msgsource_learned_15seeds_remote_20260410/train/cond1_seed1111_ep50000.pt,cond1,1111,9001,greedy,none,none,none,none,agent_3,p_msg1_given_fhat,fhat>=4.5,,5102,0.8232065856526852,50000,comm,private,
<SOURCE_VECSTRAIGHT_REPO>/remote-results/phase3_vecstraight_clean_msgsource_learned_15seeds_remote_20260410/train/cond1_seed1111_ep50000.pt,cond1,1111,9001,greedy,none,none,none,none,agent_0,p_msg1_given_action,,0,16128,0.6842757936507936,50000,comm,private,
<SOURCE_VECSTRAIGHT_REPO>/remote-results/phase3_vecstraight_clean_msgsource_learned_15seeds_remote_20260410/train/cond1_seed1111_ep50000.pt,cond1,1111,9001,greedy,none,none,none,none,agent_0,p_msg1_given_action,,1,13872,0.3685121107266436,50000,comm,private,
<SOURCE_VECSTRAIGHT_REPO>/remote-results/phase3_vecstraight_clean_msgsource_learned_15seeds_remote_20260410/train/cond1_seed1111_ep50000.pt,cond1,1111,9001,greedy,none,none,none,none,agent_1,p_msg1_given_action,,0,19072,0.5766044463087249,50000,comm,private,
<SOURCE_VECSTRAIGHT_REPO>/remote-results/phase3_vecstraight_clean_msgsource_learned_15seeds_remote_20260410/train/cond1_seed1111_ep50000.pt,cond1,1111,9001,greedy,none,none,none,none,agent_1,p_msg1_given_action,,1,10928,0.3594436310395315,50000,comm,private,
<SOURCE_VECSTRAIGHT_REPO>/remote-results/phase3_vecstraight_clean_msgsource_learned_15seeds_remote_20260410/train/cond1_seed1111_ep50000.pt,cond1,1111,9001,greedy,none,none,none,none,agent_2,p_msg1_given_action,,0,17647,0.6364254547515158,50000,comm,private,
<SOURCE_VECSTRAIGHT_REPO>/remote-results/phase3_vecstraight_clean_msgsource_learned_15seeds_remote_20260410/train/cond1_seed1111_ep50000.pt,cond1,1111,9001,greedy,none,none,none,none,agent_2,p_msg1_given_action,,1,12353,0.2602606654254027,50000,comm,private,
<SOURCE_VECSTRAIGHT_REPO>/remote-results/phase3_vecstraight_clean_msgsource_learned_15seeds_remote_20260410/train/cond1_seed1111_ep50000.pt,cond1,1111,9001,greedy,none,none,none,none,agent_3,p_msg1_given_action,,0,23203,0.6969357410679653,50000,comm,private,
<SOURCE_VECSTRAIGHT_REPO>/remote-results/phase3_vecstraight_clean_msgsource_learned_15seeds_remote_20260410/train/cond1_seed1111_ep50000.pt,cond1,1111,9001,greedy,none,none,none,none,agent_3,p_msg1_given_action,,1,6797,0.8774459320288363,50000,comm,private,
<SOURCE_VECSTRAIGHT_REPO>/remote-results/phase3_vecstraight_clean_msgsource_learned_15seeds_remote_20260410/train/cond1_seed1212_ep50000.pt,cond1,1212,9001,greedy,none,none,none,none,agent_0,p_msg1_given_fhat,1.5<=fhat<2.5,,6008,0.10652463382157124,50000,comm,private,
<SOURCE_VECSTRAIGHT_REPO>/remote-results/phase3_vecstraight_clean_msgsource_learned_15seeds_remote_20260410/train/cond1_seed1212_ep50000.pt,cond1,1212,9001,greedy,none,none,none,none,agent_0,p_msg1_given_fhat,2.5<=fhat<3.5,,6306,0.4486203615604186,50000,comm,private,
<SOURCE_VECSTRAIGHT_REPO>/remote-results/phase3_vecstraight_clean_msgsource_learned_15seeds_remote_20260410/train/cond1_seed1212_ep50000.pt,cond1,1212,9001,greedy,none,none,none,none,agent_0,p_msg1_given_fhat,3.5<=fhat<4.5,,4259,0.910307583939892,50000,comm,private,
<SOURCE_VECSTRAIGHT_REPO>/remote-results/phase3_vecstraight_clean_msgsource_learned_15seeds_remote_20260410/train/cond1_seed1212_ep50000.pt,cond1,1212,9001,greedy,none,none,none,none,agent_0,p_msg1_given_fhat,fhat<1.5,,8295,0.3980711271850512,50000,comm,private,
<SOURCE_VECSTRAIGHT_REPO>/remote-results/phase3_vecstraight_clean_msgsource_learned_15seeds_remote_20260410/train/cond1_seed1212_ep50000.pt,cond1,1212,9001,greedy,none,none,none,none,agent_0,p_msg1_given_fhat,fhat>=4.5,,5132,1.0,50000,comm,private,
<SOURCE_VECSTRAIGHT_REPO>/remote-results/phase3_vecstraight_clean_msgsource_learned_15seeds_remote_20260410/train/cond1_seed1212_ep50000.pt,cond1,1212,9001,greedy,none,none,none,none,agent_1,p_msg1_given_fhat,1.5<=fhat<2.5,,6070,0.05304777594728172,50000,comm,private,
<SOURCE_VECSTRAIGHT_REPO>/remote-results/phase3_vecstraight_clean_msgsource_learned_15seeds_remote_20260410/train/cond1_seed1212_ep50000.pt,cond1,1212,9001,greedy,none,none,none,none,agent_1,p_msg1_given_fhat,2.5<=fhat<3.5,,6329,0.2765049770895876,50000,comm,private,
<SOURCE_VECSTRAIGHT_REPO>/remote-results/phase3_vecstraight_clean_msgsource_learned_15seeds_remote_20260410/train/cond1_seed1212_ep50000.pt,cond1,1212,9001,greedy,none,none,none,none,agent_1,p_msg1_given_fhat,3.5<=fhat<4.5,,4303,0.3797350685568208,50000,comm,private,
<SOURCE_VECSTRAIGHT_REPO>/remote-results/phase3_vecstraight_clean_msgsource_learned_15seeds_remote_20260410/train/cond1_seed1212_ep50000.pt,cond1,1212,9001,greedy,none,none,none,none,agent_1,p_msg1_given_fhat,fhat<1.5,,8194,0.2908225530876251,50000,comm,private,
<SOURCE_VECSTRAIGHT_REPO>/remote-results/phase3_vecstraight_clean_msgsource_learned_15seeds_remote_20260410/train/cond1_seed1212_ep50000.pt,cond1,1212,9001,greedy,none,none,none,none,agent_1,p_msg1_given_fhat,fhat>=4.5,,5104,0.0789576802507837,50000,comm,private,
<SOURCE_VECSTRAIGHT_REPO>/remote-results/phase3_vecstraight_clean_msgsource_learned_15seeds_remote_20260410/train/cond1_seed1212_ep50000.pt,cond1,1212,9001,greedy,none,none,none,none,agent_2,p_msg1_given_fhat,1.5<=fhat<2.5,,6037,0.4180884545303959,50000,comm,private,
<SOURCE_VECSTRAIGHT_REPO>/remote-results/phase3_vecstraight_clean_msgsource_learned_15seeds_remote_20260410/train/cond1_seed1212_ep50000.pt,cond1,1212,9001,greedy,none,none,none,none,agent_2,p_msg1_given_fhat,2.5<=fhat<3.5,,6353,0.027546041240358886,50000,comm,private,
<SOURCE_VECSTRAIGHT_REPO>/remote-results/phase3_vecstraight_clean_msgsource_learned_15seeds_remote_20260410/train/cond1_seed1212_ep50000.pt,cond1,1212,9001,greedy,none,none,none,none,agent_2,p_msg1_given_fhat,3.5<=fhat<4.5,,4191,0.16010498687664043,50000,comm,private,
<SOURCE_VECSTRAIGHT_REPO>/remote-results/phase3_vecstraight_clean_msgsource_learned_15seeds_remote_20260410/train/cond1_seed1212_ep50000.pt,cond1,1212,9001,greedy,none,none,none,none,agent_2,p_msg1_given_fhat,fhat<1.5,,8255,0.2204724409448819,50000,comm,private,
<SOURCE_VECSTRAIGHT_REPO>/remote-results/phase3_vecstraight_clean_msgsource_learned_15seeds_remote_20260410/train/cond1_seed1212_ep50000.pt,cond1,1212,9001,greedy,none,none,none,none,agent_2,p_msg1_given_fhat,fhat>=4.5,,5164,0.7170797831138652,50000,comm,private,
<SOURCE_VECSTRAIGHT_REPO>/remote-results/phase3_vecstraight_clean_msgsource_learned_15seeds_remote_20260410/train/cond1_seed1212_ep50000.pt,cond1,1212,9001,greedy,none,none,none,none,agent_3,p_msg1_given_fhat,1.5<=fhat<2.5,,6013,0.15715948777648428,50000,comm,private,
<SOURCE_VECSTRAIGHT_REPO>/remote-results/phase3_vecstraight_clean_msgsource_learned_15seeds_remote_20260410/train/cond1_seed1212_ep50000.pt,cond1,1212,9001,greedy,none,none,none,none,agent_3,p_msg1_given_fhat,2.5<=fhat<3.5,,6316,0.9171944268524382,50000,comm,private,
<SOURCE_VECSTRAIGHT_REPO>/remote-results/phase3_vecstraight_clean_msgsource_learned_15seeds_remote_20260410/train/cond1_seed1212_ep50000.pt,cond1,1212,9001,greedy,none,none,none,none,agent_3,p_msg1_given_fhat,3.5<=fhat<4.5,,4308,0.4979108635097493,50000,comm,private,
<SOURCE_VECSTRAIGHT_REPO>/remote-results/phase3_vecstraight_clean_msgsource_learned_15seeds_remote_20260410/train/cond1_seed1212_ep50000.pt,cond1,1212,9001,greedy,none,none,none,none,agent_3,p_msg1_given_fhat,fhat<1.5,,8261,0.004478876649316063,50000,comm,private,
<SOURCE_VECSTRAIGHT_REPO>/remote-results/phase3_vecstraight_clean_msgsource_learned_15seeds_remote_20260410/train/cond1_seed1212_ep50000.pt,cond1,1212,9001,greedy,none,none,none,none,agent_3,p_msg1_given_fhat,fhat>=4.5,,5102,0.13328106624852998,50000,comm,private,
<SOURCE_VECSTRAIGHT_REPO>/remote-results/phase3_vecstraight_clean_msgsource_learned_15seeds_remote_20260410/train/cond1_seed1212_ep50000.pt,cond1,1212,9001,greedy,none,none,none,none,agent_0,p_msg1_given_action,,0,24771,0.49178474829437646,50000,comm,private,
<SOURCE_VECSTRAIGHT_REPO>/remote-results/phase3_vecstraight_clean_msgsource_learned_15seeds_remote_20260410/train/cond1_seed1212_ep50000.pt,cond1,1212,9001,greedy,none,none,none,none,agent_0,p_msg1_given_action,,1,5229,0.6880856760374833,50000,comm,private,
<SOURCE_VECSTRAIGHT_REPO>/remote-results/phase3_vecstraight_clean_msgsource_learned_15seeds_remote_20260410/train/cond1_seed1212_ep50000.pt,cond1,1212,9001,greedy,none,none,none,none,agent_1,p_msg1_given_action,,0,23393,0.2649938015645706,50000,comm,private,
<SOURCE_VECSTRAIGHT_REPO>/remote-results/phase3_vecstraight_clean_msgsource_learned_15seeds_remote_20260410/train/cond1_seed1212_ep50000.pt,cond1,1212,9001,greedy,none,none,none,none,agent_1,p_msg1_given_action,,1,6607,0.04434690479794158,50000,comm,private,
<SOURCE_VECSTRAIGHT_REPO>/remote-results/phase3_vecstraight_clean_msgsource_learned_15seeds_remote_20260410/train/cond1_seed1212_ep50000.pt,cond1,1212,9001,greedy,none,none,none,none,agent_2,p_msg1_given_action,,0,18950,0.28369393139841687,50000,comm,private,
<SOURCE_VECSTRAIGHT_REPO>/remote-results/phase3_vecstraight_clean_msgsource_learned_15seeds_remote_20260410/train/cond1_seed1212_ep50000.pt,cond1,1212,9001,greedy,none,none,none,none,agent_2,p_msg1_given_action,,1,11050,0.31828054298642533,50000,comm,private,
<SOURCE_VECSTRAIGHT_REPO>/remote-results/phase3_vecstraight_clean_msgsource_learned_15seeds_remote_20260410/train/cond1_seed1212_ep50000.pt,cond1,1212,9001,greedy,none,none,none,none,agent_3,p_msg1_given_action,,0,24652,0.3186354048353075,50000,comm,private,
<SOURCE_VECSTRAIGHT_REPO>/remote-results/phase3_vecstraight_clean_msgsource_learned_15seeds_remote_20260410/train/cond1_seed1212_ep50000.pt,cond1,1212,9001,greedy,none,none,none,none,agent_3,p_msg1_given_action,,1,5348,0.3262902019446522,50000,comm,private,
<SOURCE_VECSTRAIGHT_REPO>/remote-results/phase3_vecstraight_clean_msgsource_learned_15seeds_remote_20260410/train/cond1_seed1313_ep50000.pt,cond1,1313,9001,greedy,none,none,none,none,agent_0,p_msg1_given_fhat,1.5<=fhat<2.5,,6008,0.9184420772303595,50000,comm,private,
<SOURCE_VECSTRAIGHT_REPO>/remote-results/phase3_vecstraight_clean_msgsource_learned_15seeds_remote_20260410/train/cond1_seed1313_ep50000.pt,cond1,1313,9001,greedy,none,none,none,none,agent_0,p_msg1_given_fhat,2.5<=fhat<3.5,,6306,0.9988899460830954,50000,comm,private,
<SOURCE_VECSTRAIGHT_REPO>/remote-results/phase3_vecstraight_clean_msgsource_learned_15seeds_remote_20260410/train/cond1_seed1313_ep50000.pt,cond1,1313,9001,greedy,none,none,none,none,agent_0,p_msg1_given_fhat,3.5<=fhat<4.5,,4259,0.7814040854660719,50000,comm,private,
<SOURCE_VECSTRAIGHT_REPO>/remote-results/phase3_vecstraight_clean_msgsource_learned_15seeds_remote_20260410/train/cond1_seed1313_ep50000.pt,cond1,1313,9001,greedy,none,none,none,none,agent_0,p_msg1_given_fhat,fhat<1.5,,8295,0.05690174804098855,50000,comm,private,
<SOURCE_VECSTRAIGHT_REPO>/remote-results/phase3_vecstraight_clean_msgsource_learned_15seeds_remote_20260410/train/cond1_seed1313_ep50000.pt,cond1,1313,9001,greedy,none,none,none,none,agent_0,p_msg1_given_fhat,fhat>=4.5,,5132,0.0013639906469212783,50000,comm,private,
<SOURCE_VECSTRAIGHT_REPO>/remote-results/phase3_vecstraight_clean_msgsource_learned_15seeds_remote_20260410/train/cond1_seed1313_ep50000.pt,cond1,1313,9001,greedy,none,none,none,none,agent_1,p_msg1_given_fhat,1.5<=fhat<2.5,,6070,0.20593080724876442,50000,comm,private,
<SOURCE_VECSTRAIGHT_REPO>/remote-results/phase3_vecstraight_clean_msgsource_learned_15seeds_remote_20260410/train/cond1_seed1313_ep50000.pt,cond1,1313,9001,greedy,none,none,none,none,agent_1,p_msg1_given_fhat,2.5<=fhat<3.5,,6329,0.048348870279665036,50000,comm,private,
<SOURCE_VECSTRAIGHT_REPO>/remote-results/phase3_vecstraight_clean_msgsource_learned_15seeds_remote_20260410/train/cond1_seed1313_ep50000.pt,cond1,1313,9001,greedy,none,none,none,none,agent_1,p_msg1_given_fhat,3.5<=fhat<4.5,,4303,0.32907273994887287,50000,comm,private,
<SOURCE_VECSTRAIGHT_REPO>/remote-results/phase3_vecstraight_clean_msgsource_learned_15seeds_remote_20260410/train/cond1_seed1313_ep50000.pt,cond1,1313,9001,greedy,none,none,none,none,agent_1,p_msg1_given_fhat,fhat<1.5,,8194,0.3706370515010984,50000,comm,private,
<SOURCE_VECSTRAIGHT_REPO>/remote-results/phase3_vecstraight_clean_msgsource_learned_15seeds_remote_20260410/train/cond1_seed1313_ep50000.pt,cond1,1313,9001,greedy,none,none,none,none,agent_1,p_msg1_given_fhat,fhat>=4.5,,5104,0.7521551724137931,50000,comm,private,
<SOURCE_VECSTRAIGHT_REPO>/remote-results/phase3_vecstraight_clean_msgsource_learned_15seeds_remote_20260410/train/cond1_seed1313_ep50000.pt,cond1,1313,9001,greedy,none,none,none,none,agent_2,p_msg1_given_fhat,1.5<=fhat<2.5,,6037,0.9272817624648004,50000,comm,private,
<SOURCE_VECSTRAIGHT_REPO>/remote-results/phase3_vecstraight_clean_msgsource_learned_15seeds_remote_20260410/train/cond1_seed1313_ep50000.pt,cond1,1313,9001,greedy,none,none,none,none,agent_2,p_msg1_given_fhat,2.5<=fhat<3.5,,6353,0.9773335432079333,50000,comm,private,
<SOURCE_VECSTRAIGHT_REPO>/remote-results/phase3_vecstraight_clean_msgsource_learned_15seeds_remote_20260410/train/cond1_seed1313_ep50000.pt,cond1,1313,9001,greedy,none,none,none,none,agent_2,p_msg1_given_fhat,3.5<=fhat<4.5,,4191,0.7697446910045336,50000,comm,private,
<SOURCE_VECSTRAIGHT_REPO>/remote-results/phase3_vecstraight_clean_msgsource_learned_15seeds_remote_20260410/train/cond1_seed1313_ep50000.pt,cond1,1313,9001,greedy,none,none,none,none,agent_2,p_msg1_given_fhat,fhat<1.5,,8255,0.9625681405208965,50000,comm,private,
<SOURCE_VECSTRAIGHT_REPO>/remote-results/phase3_vecstraight_clean_msgsource_learned_15seeds_remote_20260410/train/cond1_seed1313_ep50000.pt,cond1,1313,9001,greedy,none,none,none,none,agent_2,p_msg1_given_fhat,fhat>=4.5,,5164,0.04124709527498063,50000,comm,private,
<SOURCE_VECSTRAIGHT_REPO>/remote-results/phase3_vecstraight_clean_msgsource_learned_15seeds_remote_20260410/train/cond1_seed1313_ep50000.pt,cond1,1313,9001,greedy,none,none,none,none,agent_3,p_msg1_given_fhat,1.5<=fhat<2.5,,6013,0.16880093131548313,50000,comm,private,
<SOURCE_VECSTRAIGHT_REPO>/remote-results/phase3_vecstraight_clean_msgsource_learned_15seeds_remote_20260410/train/cond1_seed1313_ep50000.pt,cond1,1313,9001,greedy,none,none,none,none,agent_3,p_msg1_given_fhat,2.5<=fhat<3.5,,6316,0.9339772007599747,50000,comm,private,
<SOURCE_VECSTRAIGHT_REPO>/remote-results/phase3_vecstraight_clean_msgsource_learned_15seeds_remote_20260410/train/cond1_seed1313_ep50000.pt,cond1,1313,9001,greedy,none,none,none,none,agent_3,p_msg1_given_fhat,3.5<=fhat<4.5,,4308,1.0,50000,comm,private,
<SOURCE_VECSTRAIGHT_REPO>/remote-results/phase3_vecstraight_clean_msgsource_learned_15seeds_remote_20260410/train/cond1_seed1313_ep50000.pt,cond1,1313,9001,greedy,none,none,none,none,agent_3,p_msg1_given_fhat,fhat<1.5,,8261,0.05108340394625348,50000,comm,private,
<SOURCE_VECSTRAIGHT_REPO>/remote-results/phase3_vecstraight_clean_msgsource_learned_15seeds_remote_20260410/train/cond1_seed1313_ep50000.pt,cond1,1313,9001,greedy,none,none,none,none,agent_3,p_msg1_given_fhat,fhat>=4.5,,5102,1.0,50000,comm,private,
<SOURCE_VECSTRAIGHT_REPO>/remote-results/phase3_vecstraight_clean_msgsource_learned_15seeds_remote_20260410/train/cond1_seed1313_ep50000.pt,cond1,1313,9001,greedy,none,none,none,none,agent_0,p_msg1_given_action,,0,26717,0.5847961971778268,50000,comm,private,
<SOURCE_VECSTRAIGHT_REPO>/remote-results/phase3_vecstraight_clean_msgsource_learned_15seeds_remote_20260410/train/cond1_seed1313_ep50000.pt,cond1,1313,9001,greedy,none,none,none,none,agent_0,p_msg1_given_action,,1,3283,0.0,50000,comm,private,
<SOURCE_VECSTRAIGHT_REPO>/remote-results/phase3_vecstraight_clean_msgsource_learned_15seeds_remote_20260410/train/cond1_seed1313_ep50000.pt,cond1,1313,9001,greedy,none,none,none,none,agent_1,p_msg1_given_action,,0,25416,0.21427447277305633,50000,comm,private,
<SOURCE_VECSTRAIGHT_REPO>/remote-results/phase3_vecstraight_clean_msgsource_learned_15seeds_remote_20260410/train/cond1_seed1313_ep50000.pt,cond1,1313,9001,greedy,none,none,none,none,agent_1,p_msg1_given_action,,1,4584,0.9602966841186736,50000,comm,private,
<SOURCE_VECSTRAIGHT_REPO>/remote-results/phase3_vecstraight_clean_msgsource_learned_15seeds_remote_20260410/train/cond1_seed1313_ep50000.pt,cond1,1313,9001,greedy,none,none,none,none,agent_2,p_msg1_given_action,,0,23104,0.9299255540166205,50000,comm,private,
<SOURCE_VECSTRAIGHT_REPO>/remote-results/phase3_vecstraight_clean_msgsource_learned_15seeds_remote_20260410/train/cond1_seed1313_ep50000.pt,cond1,1313,9001,greedy,none,none,none,none,agent_2,p_msg1_given_action,,1,6896,0.24753480278422274,50000,comm,private,
<SOURCE_VECSTRAIGHT_REPO>/remote-results/phase3_vecstraight_clean_msgsource_learned_15seeds_remote_20260410/train/cond1_seed1313_ep50000.pt,cond1,1313,9001,greedy,none,none,none,none,agent_3,p_msg1_given_action,,0,24720,0.5093446601941748,50000,comm,private,
<SOURCE_VECSTRAIGHT_REPO>/remote-results/phase3_vecstraight_clean_msgsource_learned_15seeds_remote_20260410/train/cond1_seed1313_ep50000.pt,cond1,1313,9001,greedy,none,none,none,none,agent_3,p_msg1_given_action,,1,5280,0.7869318181818182,50000,comm,private,
<SOURCE_VECSTRAIGHT_REPO>/remote-results/phase3_vecstraight_clean_msgsource_learned_15seeds_remote_20260410/train/cond1_seed1414_ep50000.pt,cond1,1414,9001,greedy,none,none,none,none,agent_0,p_msg1_given_fhat,1.5<=fhat<2.5,,6008,0.31391478029294273,50000,comm,private,
<SOURCE_VECSTRAIGHT_REPO>/remote-results/phase3_vecstraight_clean_msgsource_learned_15seeds_remote_20260410/train/cond1_seed1414_ep50000.pt,cond1,1414,9001,greedy,none,none,none,none,agent_0,p_msg1_given_fhat,2.5<=fhat<3.5,,6306,0.5859498889946083,50000,comm,private,
<SOURCE_VECSTRAIGHT_REPO>/remote-results/phase3_vecstraight_clean_msgsource_learned_15seeds_remote_20260410/train/cond1_seed1414_ep50000.pt,cond1,1414,9001,greedy,none,none,none,none,agent_0,p_msg1_given_fhat,3.5<=fhat<4.5,,4259,0.5402676684667762,50000,comm,private,
<SOURCE_VECSTRAIGHT_REPO>/remote-results/phase3_vecstraight_clean_msgsource_learned_15seeds_remote_20260410/train/cond1_seed1414_ep50000.pt,cond1,1414,9001,greedy,none,none,none,none,agent_0,p_msg1_given_fhat,fhat<1.5,,8295,0.03905967450271248,50000,comm,private,
<SOURCE_VECSTRAIGHT_REPO>/remote-results/phase3_vecstraight_clean_msgsource_learned_15seeds_remote_20260410/train/cond1_seed1414_ep50000.pt,cond1,1414,9001,greedy,none,none,none,none,agent_0,p_msg1_given_fhat,fhat>=4.5,,5132,0.013834762275915822,50000,comm,private,
<SOURCE_VECSTRAIGHT_REPO>/remote-results/phase3_vecstraight_clean_msgsource_learned_15seeds_remote_20260410/train/cond1_seed1414_ep50000.pt,cond1,1414,9001,greedy,none,none,none,none,agent_1,p_msg1_given_fhat,1.5<=fhat<2.5,,6070,0.5345963756177924,50000,comm,private,
<SOURCE_VECSTRAIGHT_REPO>/remote-results/phase3_vecstraight_clean_msgsource_learned_15seeds_remote_20260410/train/cond1_seed1414_ep50000.pt,cond1,1414,9001,greedy,none,none,none,none,agent_1,p_msg1_given_fhat,2.5<=fhat<3.5,,6329,0.17285511139200505,50000,comm,private,
<SOURCE_VECSTRAIGHT_REPO>/remote-results/phase3_vecstraight_clean_msgsource_learned_15seeds_remote_20260410/train/cond1_seed1414_ep50000.pt,cond1,1414,9001,greedy,none,none,none,none,agent_1,p_msg1_given_fhat,3.5<=fhat<4.5,,4303,0.0,50000,comm,private,
<SOURCE_VECSTRAIGHT_REPO>/remote-results/phase3_vecstraight_clean_msgsource_learned_15seeds_remote_20260410/train/cond1_seed1414_ep50000.pt,cond1,1414,9001,greedy,none,none,none,none,agent_1,p_msg1_given_fhat,fhat<1.5,,8194,0.36624359287283376,50000,comm,private,
<SOURCE_VECSTRAIGHT_REPO>/remote-results/phase3_vecstraight_clean_msgsource_learned_15seeds_remote_20260410/train/cond1_seed1414_ep50000.pt,cond1,1414,9001,greedy,none,none,none,none,agent_1,p_msg1_given_fhat,fhat>=4.5,,5104,0.0,50000,comm,private,
<SOURCE_VECSTRAIGHT_REPO>/remote-results/phase3_vecstraight_clean_msgsource_learned_15seeds_remote_20260410/train/cond1_seed1414_ep50000.pt,cond1,1414,9001,greedy,none,none,none,none,agent_2,p_msg1_given_fhat,1.5<=fhat<2.5,,6037,0.5678317044889846,50000,comm,private,
<SOURCE_VECSTRAIGHT_REPO>/remote-results/phase3_vecstraight_clean_msgsource_learned_15seeds_remote_20260410/train/cond1_seed1414_ep50000.pt,cond1,1414,9001,greedy,none,none,none,none,agent_2,p_msg1_given_fhat,2.5<=fhat<3.5,,6353,0.976231701558319,50000,comm,private,
<SOURCE_VECSTRAIGHT_REPO>/remote-results/phase3_vecstraight_clean_msgsource_learned_15seeds_remote_20260410/train/cond1_seed1414_ep50000.pt,cond1,1414,9001,greedy,none,none,none,none,agent_2,p_msg1_given_fhat,3.5<=fhat<4.5,,4191,0.9451204963015987,50000,comm,private,
<SOURCE_VECSTRAIGHT_REPO>/remote-results/phase3_vecstraight_clean_msgsource_learned_15seeds_remote_20260410/train/cond1_seed1414_ep50000.pt,cond1,1414,9001,greedy,none,none,none,none,agent_2,p_msg1_given_fhat,fhat<1.5,,8255,0.4668685645063598,50000,comm,private,
<SOURCE_VECSTRAIGHT_REPO>/remote-results/phase3_vecstraight_clean_msgsource_learned_15seeds_remote_20260410/train/cond1_seed1414_ep50000.pt,cond1,1414,9001,greedy,none,none,none,none,agent_2,p_msg1_given_fhat,fhat>=4.5,,5164,0.8940743609604958,50000,comm,private,
<SOURCE_VECSTRAIGHT_REPO>/remote-results/phase3_vecstraight_clean_msgsource_learned_15seeds_remote_20260410/train/cond1_seed1414_ep50000.pt,cond1,1414,9001,greedy,none,none,none,none,agent_3,p_msg1_given_fhat,1.5<=fhat<2.5,,6013,0.5150507234325628,50000,comm,private,
<SOURCE_VECSTRAIGHT_REPO>/remote-results/phase3_vecstraight_clean_msgsource_learned_15seeds_remote_20260410/train/cond1_seed1414_ep50000.pt,cond1,1414,9001,greedy,none,none,none,none,agent_3,p_msg1_given_fhat,2.5<=fhat<3.5,,6316,0.6675110829639012,50000,comm,private,
<SOURCE_VECSTRAIGHT_REPO>/remote-results/phase3_vecstraight_clean_msgsource_learned_15seeds_remote_20260410/train/cond1_seed1414_ep50000.pt,cond1,1414,9001,greedy,none,none,none,none,agent_3,p_msg1_given_fhat,3.5<=fhat<4.5,,4308,0.72330547818013,50000,comm,private,
<SOURCE_VECSTRAIGHT_REPO>/remote-results/phase3_vecstraight_clean_msgsource_learned_15seeds_remote_20260410/train/cond1_seed1414_ep50000.pt,cond1,1414,9001,greedy,none,none,none,none,agent_3,p_msg1_given_fhat,fhat<1.5,,8261,0.8019610216680789,50000,comm,private,
<SOURCE_VECSTRAIGHT_REPO>/remote-results/phase3_vecstraight_clean_msgsource_learned_15seeds_remote_20260410/train/cond1_seed1414_ep50000.pt,cond1,1414,9001,greedy,none,none,none,none,agent_3,p_msg1_given_fhat,fhat>=4.5,,5102,0.8626029008232066,50000,comm,private,
<SOURCE_VECSTRAIGHT_REPO>/remote-results/phase3_vecstraight_clean_msgsource_learned_15seeds_remote_20260410/train/cond1_seed1414_ep50000.pt,cond1,1414,9001,greedy,none,none,none,none,agent_0,p_msg1_given_action,,0,17173,0.29319280265533104,50000,comm,private,
<SOURCE_VECSTRAIGHT_REPO>/remote-results/phase3_vecstraight_clean_msgsource_learned_15seeds_remote_20260410/train/cond1_seed1414_ep50000.pt,cond1,1414,9001,greedy,none,none,none,none,agent_0,p_msg1_given_action,,1,12827,0.25274810945661497,50000,comm,private,
<SOURCE_VECSTRAIGHT_REPO>/remote-results/phase3_vecstraight_clean_msgsource_learned_15seeds_remote_20260410/train/cond1_seed1414_ep50000.pt,cond1,1414,9001,greedy,none,none,none,none,agent_1,p_msg1_given_action,,0,24579,0.2582692542414256,50000,comm,private,
<SOURCE_VECSTRAIGHT_REPO>/remote-results/phase3_vecstraight_clean_msgsource_learned_15seeds_remote_20260410/train/cond1_seed1414_ep50000.pt,cond1,1414,9001,greedy,none,none,none,none,agent_1,p_msg1_given_action,,1,5421,0.1829920678841542,50000,comm,private,
<SOURCE_VECSTRAIGHT_REPO>/remote-results/phase3_vecstraight_clean_msgsource_learned_15seeds_remote_20260410/train/cond1_seed1414_ep50000.pt,cond1,1414,9001,greedy,none,none,none,none,agent_2,p_msg1_given_action,,0,26443,0.6998449495140491,50000,comm,private,
<SOURCE_VECSTRAIGHT_REPO>/remote-results/phase3_vecstraight_clean_msgsource_learned_15seeds_remote_20260410/train/cond1_seed1414_ep50000.pt,cond1,1414,9001,greedy,none,none,none,none,agent_2,p_msg1_given_action,,1,3557,0.9997188642114141,50000,comm,private,
<SOURCE_VECSTRAIGHT_REPO>/remote-results/phase3_vecstraight_clean_msgsource_learned_15seeds_remote_20260410/train/cond1_seed1414_ep50000.pt,cond1,1414,9001,greedy,none,none,none,none,agent_3,p_msg1_given_action,,0,15179,0.5396271164108307,50000,comm,private,
<SOURCE_VECSTRAIGHT_REPO>/remote-results/phase3_vecstraight_clean_msgsource_learned_15seeds_remote_20260410/train/cond1_seed1414_ep50000.pt,cond1,1414,9001,greedy,none,none,none,none,agent_3,p_msg1_given_action,,1,14821,0.8949463598947439,50000,comm,private,
<SOURCE_VECSTRAIGHT_REPO>/remote-results/phase3_vecstraight_clean_msgsource_learned_15seeds_remote_20260410/train/cond1_seed1515_ep50000.pt,cond1,1515,9001,greedy,none,none,none,none,agent_0,p_msg1_given_fhat,1.5<=fhat<2.5,,6008,0.7383488681757656,50000,comm,private,
<SOURCE_VECSTRAIGHT_REPO>/remote-results/phase3_vecstraight_clean_msgsource_learned_15seeds_remote_20260410/train/cond1_seed1515_ep50000.pt,cond1,1515,9001,greedy,none,none,none,none,agent_0,p_msg1_given_fhat,2.5<=fhat<3.5,,6306,0.9289565493181098,50000,comm,private,
<SOURCE_VECSTRAIGHT_REPO>/remote-results/phase3_vecstraight_clean_msgsource_learned_15seeds_remote_20260410/train/cond1_seed1515_ep50000.pt,cond1,1515,9001,greedy,none,none,none,none,agent_0,p_msg1_given_fhat,3.5<=fhat<4.5,,4259,0.9992956092979572,50000,comm,private,
<SOURCE_VECSTRAIGHT_REPO>/remote-results/phase3_vecstraight_clean_msgsource_learned_15seeds_remote_20260410/train/cond1_seed1515_ep50000.pt,cond1,1515,9001,greedy,none,none,none,none,agent_0,p_msg1_given_fhat,fhat<1.5,,8295,0.37962628089210365,50000,comm,private,
<SOURCE_VECSTRAIGHT_REPO>/remote-results/phase3_vecstraight_clean_msgsource_learned_15seeds_remote_20260410/train/cond1_seed1515_ep50000.pt,cond1,1515,9001,greedy,none,none,none,none,agent_0,p_msg1_given_fhat,fhat>=4.5,,5132,1.0,50000,comm,private,
<SOURCE_VECSTRAIGHT_REPO>/remote-results/phase3_vecstraight_clean_msgsource_learned_15seeds_remote_20260410/train/cond1_seed1515_ep50000.pt,cond1,1515,9001,greedy,none,none,none,none,agent_1,p_msg1_given_fhat,1.5<=fhat<2.5,,6070,0.19324546952224053,50000,comm,private,
<SOURCE_VECSTRAIGHT_REPO>/remote-results/phase3_vecstraight_clean_msgsource_learned_15seeds_remote_20260410/train/cond1_seed1515_ep50000.pt,cond1,1515,9001,greedy,none,none,none,none,agent_1,p_msg1_given_fhat,2.5<=fhat<3.5,,6329,0.3975351556328014,50000,comm,private,
<SOURCE_VECSTRAIGHT_REPO>/remote-results/phase3_vecstraight_clean_msgsource_learned_15seeds_remote_20260410/train/cond1_seed1515_ep50000.pt,cond1,1515,9001,greedy,none,none,none,none,agent_1,p_msg1_given_fhat,3.5<=fhat<4.5,,4303,0.45224262142691146,50000,comm,private,
<SOURCE_VECSTRAIGHT_REPO>/remote-results/phase3_vecstraight_clean_msgsource_learned_15seeds_remote_20260410/train/cond1_seed1515_ep50000.pt,cond1,1515,9001,greedy,none,none,none,none,agent_1,p_msg1_given_fhat,fhat<1.5,,8194,0.04283622162557969,50000,comm,private,
<SOURCE_VECSTRAIGHT_REPO>/remote-results/phase3_vecstraight_clean_msgsource_learned_15seeds_remote_20260410/train/cond1_seed1515_ep50000.pt,cond1,1515,9001,greedy,none,none,none,none,agent_1,p_msg1_given_fhat,fhat>=4.5,,5104,0.054858934169279,50000,comm,private,
<SOURCE_VECSTRAIGHT_REPO>/remote-results/phase3_vecstraight_clean_msgsource_learned_15seeds_remote_20260410/train/cond1_seed1515_ep50000.pt,cond1,1515,9001,greedy,none,none,none,none,agent_2,p_msg1_given_fhat,1.5<=fhat<2.5,,6037,0.7864833526586053,50000,comm,private,
<SOURCE_VECSTRAIGHT_REPO>/remote-results/phase3_vecstraight_clean_msgsource_learned_15seeds_remote_20260410/train/cond1_seed1515_ep50000.pt,cond1,1515,9001,greedy,none,none,none,none,agent_2,p_msg1_given_fhat,2.5<=fhat<3.5,,6353,0.6562254053203211,50000,comm,private,
<SOURCE_VECSTRAIGHT_REPO>/remote-results/phase3_vecstraight_clean_msgsource_learned_15seeds_remote_20260410/train/cond1_seed1515_ep50000.pt,cond1,1515,9001,greedy,none,none,none,none,agent_2,p_msg1_given_fhat,3.5<=fhat<4.5,,4191,0.9935576234788833,50000,comm,private,
<SOURCE_VECSTRAIGHT_REPO>/remote-results/phase3_vecstraight_clean_msgsource_learned_15seeds_remote_20260410/train/cond1_seed1515_ep50000.pt,cond1,1515,9001,greedy,none,none,none,none,agent_2,p_msg1_given_fhat,fhat<1.5,,8255,0.9905511811023622,50000,comm,private,
<SOURCE_VECSTRAIGHT_REPO>/remote-results/phase3_vecstraight_clean_msgsource_learned_15seeds_remote_20260410/train/cond1_seed1515_ep50000.pt,cond1,1515,9001,greedy,none,none,none,none,agent_2,p_msg1_given_fhat,fhat>=4.5,,5164,0.8874903175832688,50000,comm,private,
<SOURCE_VECSTRAIGHT_REPO>/remote-results/phase3_vecstraight_clean_msgsource_learned_15seeds_remote_20260410/train/cond1_seed1515_ep50000.pt,cond1,1515,9001,greedy,none,none,none,none,agent_3,p_msg1_given_fhat,1.5<=fhat<2.5,,6013,0.31431897555296856,50000,comm,private,
<SOURCE_VECSTRAIGHT_REPO>/remote-results/phase3_vecstraight_clean_msgsource_learned_15seeds_remote_20260410/train/cond1_seed1515_ep50000.pt,cond1,1515,9001,greedy,none,none,none,none,agent_3,p_msg1_given_fhat,2.5<=fhat<3.5,,6316,0.30351488283723876,50000,comm,private,
<SOURCE_VECSTRAIGHT_REPO>/remote-results/phase3_vecstraight_clean_msgsource_learned_15seeds_remote_20260410/train/cond1_seed1515_ep50000.pt,cond1,1515,9001,greedy,none,none,none,none,agent_3,p_msg1_given_fhat,3.5<=fhat<4.5,,4308,0.3841689879294336,50000,comm,private,
<SOURCE_VECSTRAIGHT_REPO>/remote-results/phase3_vecstraight_clean_msgsource_learned_15seeds_remote_20260410/train/cond1_seed1515_ep50000.pt,cond1,1515,9001,greedy,none,none,none,none,agent_3,p_msg1_given_fhat,fhat<1.5,,8261,0.7088730177944559,50000,comm,private,
<SOURCE_VECSTRAIGHT_REPO>/remote-results/phase3_vecstraight_clean_msgsource_learned_15seeds_remote_20260410/train/cond1_seed1515_ep50000.pt,cond1,1515,9001,greedy,none,none,none,none,agent_3,p_msg1_given_fhat,fhat>=4.5,,5102,0.592904743237946,50000,comm,private,
<SOURCE_VECSTRAIGHT_REPO>/remote-results/phase3_vecstraight_clean_msgsource_learned_15seeds_remote_20260410/train/cond1_seed1515_ep50000.pt,cond1,1515,9001,greedy,none,none,none,none,agent_0,p_msg1_given_action,,0,26034,0.7316201889836368,50000,comm,private,
<SOURCE_VECSTRAIGHT_REPO>/remote-results/phase3_vecstraight_clean_msgsource_learned_15seeds_remote_20260410/train/cond1_seed1515_ep50000.pt,cond1,1515,9001,greedy,none,none,none,none,agent_0,p_msg1_given_action,,1,3966,0.9541099344427635,50000,comm,private,
<SOURCE_VECSTRAIGHT_REPO>/remote-results/phase3_vecstraight_clean_msgsource_learned_15seeds_remote_20260410/train/cond1_seed1515_ep50000.pt,cond1,1515,9001,greedy,none,none,none,none,agent_1,p_msg1_given_action,,0,19047,0.30104478395547857,50000,comm,private,
<SOURCE_VECSTRAIGHT_REPO>/remote-results/phase3_vecstraight_clean_msgsource_learned_15seeds_remote_20260410/train/cond1_seed1515_ep50000.pt,cond1,1515,9001,greedy,none,none,none,none,agent_1,p_msg1_given_action,,1,10953,0.04857116771660732,50000,comm,private,
<SOURCE_VECSTRAIGHT_REPO>/remote-results/phase3_vecstraight_clean_msgsource_learned_15seeds_remote_20260410/train/cond1_seed1515_ep50000.pt,cond1,1515,9001,greedy,none,none,none,none,agent_2,p_msg1_given_action,,0,24543,0.9195697347512529,50000,comm,private,
<SOURCE_VECSTRAIGHT_REPO>/remote-results/phase3_vecstraight_clean_msgsource_learned_15seeds_remote_20260410/train/cond1_seed1515_ep50000.pt,cond1,1515,9001,greedy,none,none,none,none,agent_2,p_msg1_given_action,,1,5457,0.5995968480850284,50000,comm,private,
<SOURCE_VECSTRAIGHT_REPO>/remote-results/phase3_vecstraight_clean_msgsource_learned_15seeds_remote_20260410/train/cond1_seed1515_ep50000.pt,cond1,1515,9001,greedy,none,none,none,none,agent_3,p_msg1_given_action,,0,20367,0.4488142583591103,50000,comm,private,
<SOURCE_VECSTRAIGHT_REPO>/remote-results/phase3_vecstraight_clean_msgsource_learned_15seeds_remote_20260410/train/cond1_seed1515_ep50000.pt,cond1,1515,9001,greedy,none,none,none,none,agent_3,p_msg1_given_action,,1,9633,0.5400186857676736,50000,comm,private,
<SOURCE_VECSTRAIGHT_REPO>/remote-results/phase3_vecstraight_clean_msgsource_learned_15seeds_remote_20260410/train/cond1_seed1616_ep50000.pt,cond1,1616,9001,greedy,none,none,none,none,agent_0,p_msg1_given_fhat,1.5<=fhat<2.5,,6008,0.2403462050599201,50000,comm,private,
<SOURCE_VECSTRAIGHT_REPO>/remote-results/phase3_vecstraight_clean_msgsource_learned_15seeds_remote_20260410/train/cond1_seed1616_ep50000.pt,cond1,1616,9001,greedy,none,none,none,none,agent_0,p_msg1_given_fhat,2.5<=fhat<3.5,,6306,0.5986362194735173,50000,comm,private,
<SOURCE_VECSTRAIGHT_REPO>/remote-results/phase3_vecstraight_clean_msgsource_learned_15seeds_remote_20260410/train/cond1_seed1616_ep50000.pt,cond1,1616,9001,greedy,none,none,none,none,agent_0,p_msg1_given_fhat,3.5<=fhat<4.5,,4259,0.7306879549189951,50000,comm,private,
<SOURCE_VECSTRAIGHT_REPO>/remote-results/phase3_vecstraight_clean_msgsource_learned_15seeds_remote_20260410/train/cond1_seed1616_ep50000.pt,cond1,1616,9001,greedy,none,none,none,none,agent_0,p_msg1_given_fhat,fhat<1.5,,8295,0.019891500904159132,50000,comm,private,
<SOURCE_VECSTRAIGHT_REPO>/remote-results/phase3_vecstraight_clean_msgsource_learned_15seeds_remote_20260410/train/cond1_seed1616_ep50000.pt,cond1,1616,9001,greedy,none,none,none,none,agent_0,p_msg1_given_fhat,fhat>=4.5,,5132,0.7322681215900234,50000,comm,private,
<SOURCE_VECSTRAIGHT_REPO>/remote-results/phase3_vecstraight_clean_msgsource_learned_15seeds_remote_20260410/train/cond1_seed1616_ep50000.pt,cond1,1616,9001,greedy,none,none,none,none,agent_1,p_msg1_given_fhat,1.5<=fhat<2.5,,6070,0.7322899505766063,50000,comm,private,
<SOURCE_VECSTRAIGHT_REPO>/remote-results/phase3_vecstraight_clean_msgsource_learned_15seeds_remote_20260410/train/cond1_seed1616_ep50000.pt,cond1,1616,9001,greedy,none,none,none,none,agent_1,p_msg1_given_fhat,2.5<=fhat<3.5,,6329,0.550323905830305,50000,comm,private,
<SOURCE_VECSTRAIGHT_REPO>/remote-results/phase3_vecstraight_clean_msgsource_learned_15seeds_remote_20260410/train/cond1_seed1616_ep50000.pt,cond1,1616,9001,greedy,none,none,none,none,agent_1,p_msg1_given_fhat,3.5<=fhat<4.5,,4303,0.5073204740878456,50000,comm,private,
<SOURCE_VECSTRAIGHT_REPO>/remote-results/phase3_vecstraight_clean_msgsource_learned_15seeds_remote_20260410/train/cond1_seed1616_ep50000.pt,cond1,1616,9001,greedy,none,none,none,none,agent_1,p_msg1_given_fhat,fhat<1.5,,8194,0.65169636319258,50000,comm,private,
<SOURCE_VECSTRAIGHT_REPO>/remote-results/phase3_vecstraight_clean_msgsource_learned_15seeds_remote_20260410/train/cond1_seed1616_ep50000.pt,cond1,1616,9001,greedy,none,none,none,none,agent_1,p_msg1_given_fhat,fhat>=4.5,,5104,0.8765673981191222,50000,comm,private,
<SOURCE_VECSTRAIGHT_REPO>/remote-results/phase3_vecstraight_clean_msgsource_learned_15seeds_remote_20260410/train/cond1_seed1616_ep50000.pt,cond1,1616,9001,greedy,none,none,none,none,agent_2,p_msg1_given_fhat,1.5<=fhat<2.5,,6037,0.8534040086135498,50000,comm,private,
<SOURCE_VECSTRAIGHT_REPO>/remote-results/phase3_vecstraight_clean_msgsource_learned_15seeds_remote_20260410/train/cond1_seed1616_ep50000.pt,cond1,1616,9001,greedy,none,none,none,none,agent_2,p_msg1_given_fhat,2.5<=fhat<3.5,,6353,0.21611836927435857,50000,comm,private,
<SOURCE_VECSTRAIGHT_REPO>/remote-results/phase3_vecstraight_clean_msgsource_learned_15seeds_remote_20260410/train/cond1_seed1616_ep50000.pt,cond1,1616,9001,greedy,none,none,none,none,agent_2,p_msg1_given_fhat,3.5<=fhat<4.5,,4191,0.04223335719398712,50000,comm,private,
<SOURCE_VECSTRAIGHT_REPO>/remote-results/phase3_vecstraight_clean_msgsource_learned_15seeds_remote_20260410/train/cond1_seed1616_ep50000.pt,cond1,1616,9001,greedy,none,none,none,none,agent_2,p_msg1_given_fhat,fhat<1.5,,8255,0.8847970926711084,50000,comm,private,
<SOURCE_VECSTRAIGHT_REPO>/remote-results/phase3_vecstraight_clean_msgsource_learned_15seeds_remote_20260410/train/cond1_seed1616_ep50000.pt,cond1,1616,9001,greedy,none,none,none,none,agent_2,p_msg1_given_fhat,fhat>=4.5,,5164,0.5187838884585593,50000,comm,private,
<SOURCE_VECSTRAIGHT_REPO>/remote-results/phase3_vecstraight_clean_msgsource_learned_15seeds_remote_20260410/train/cond1_seed1616_ep50000.pt,cond1,1616,9001,greedy,none,none,none,none,agent_3,p_msg1_given_fhat,1.5<=fhat<2.5,,6013,0.5700981207384002,50000,comm,private,
<SOURCE_VECSTRAIGHT_REPO>/remote-results/phase3_vecstraight_clean_msgsource_learned_15seeds_remote_20260410/train/cond1_seed1616_ep50000.pt,cond1,1616,9001,greedy,none,none,none,none,agent_3,p_msg1_given_fhat,2.5<=fhat<3.5,,6316,0.695376820772641,50000,comm,private,
<SOURCE_VECSTRAIGHT_REPO>/remote-results/phase3_vecstraight_clean_msgsource_learned_15seeds_remote_20260410/train/cond1_seed1616_ep50000.pt,cond1,1616,9001,greedy,none,none,none,none,agent_3,p_msg1_given_fhat,3.5<=fhat<4.5,,4308,0.7284122562674095,50000,comm,private,
<SOURCE_VECSTRAIGHT_REPO>/remote-results/phase3_vecstraight_clean_msgsource_learned_15seeds_remote_20260410/train/cond1_seed1616_ep50000.pt,cond1,1616,9001,greedy,none,none,none,none,agent_3,p_msg1_given_fhat,fhat<1.5,,8261,0.5003026268006294,50000,comm,private,
<SOURCE_VECSTRAIGHT_REPO>/remote-results/phase3_vecstraight_clean_msgsource_learned_15seeds_remote_20260410/train/cond1_seed1616_ep50000.pt,cond1,1616,9001,greedy,none,none,none,none,agent_3,p_msg1_given_fhat,fhat>=4.5,,5102,0.7214817718541748,50000,comm,private,
<SOURCE_VECSTRAIGHT_REPO>/remote-results/phase3_vecstraight_clean_msgsource_learned_15seeds_remote_20260410/train/cond1_seed1616_ep50000.pt,cond1,1616,9001,greedy,none,none,none,none,agent_0,p_msg1_given_action,,0,24425,0.4387717502558854,50000,comm,private,
<SOURCE_VECSTRAIGHT_REPO>/remote-results/phase3_vecstraight_clean_msgsource_learned_15seeds_remote_20260410/train/cond1_seed1616_ep50000.pt,cond1,1616,9001,greedy,none,none,none,none,agent_0,p_msg1_given_action,,1,5575,0.275695067264574,50000,comm,private,
<SOURCE_VECSTRAIGHT_REPO>/remote-results/phase3_vecstraight_clean_msgsource_learned_15seeds_remote_20260410/train/cond1_seed1616_ep50000.pt,cond1,1616,9001,greedy,none,none,none,none,agent_1,p_msg1_given_action,,0,21321,0.6321467098166127,50000,comm,private,
<SOURCE_VECSTRAIGHT_REPO>/remote-results/phase3_vecstraight_clean_msgsource_learned_15seeds_remote_20260410/train/cond1_seed1616_ep50000.pt,cond1,1616,9001,greedy,none,none,none,none,agent_1,p_msg1_given_action,,1,8679,0.7428275146906326,50000,comm,private,
<SOURCE_VECSTRAIGHT_REPO>/remote-results/phase3_vecstraight_clean_msgsource_learned_15seeds_remote_20260410/train/cond1_seed1616_ep50000.pt,cond1,1616,9001,greedy,none,none,none,none,agent_2,p_msg1_given_action,,0,20872,0.7081257186661556,50000,comm,private,
<SOURCE_VECSTRAIGHT_REPO>/remote-results/phase3_vecstraight_clean_msgsource_learned_15seeds_remote_20260410/train/cond1_seed1616_ep50000.pt,cond1,1616,9001,greedy,none,none,none,none,agent_2,p_msg1_given_action,,1,9128,0.20869851007887819,50000,comm,private,
<SOURCE_VECSTRAIGHT_REPO>/remote-results/phase3_vecstraight_clean_msgsource_learned_15seeds_remote_20260410/train/cond1_seed1616_ep50000.pt,cond1,1616,9001,greedy,none,none,none,none,agent_3,p_msg1_given_action,,0,20513,0.4939794276800078,50000,comm,private,
<SOURCE_VECSTRAIGHT_REPO>/remote-results/phase3_vecstraight_clean_msgsource_learned_15seeds_remote_20260410/train/cond1_seed1616_ep50000.pt,cond1,1616,9001,greedy,none,none,none,none,agent_3,p_msg1_given_action,,1,9487,0.9106145251396648,50000,comm,private,
<SOURCE_VECSTRAIGHT_REPO>/remote-results/phase3_vecstraight_clean_msgsource_learned_15seeds_remote_20260410/train/cond1_seed202_ep50000.pt,cond1,202,9001,greedy,none,none,none,none,agent_0,p_msg1_given_fhat,1.5<=fhat<2.5,,6008,0.4039613848202397,50000,comm,private,
<SOURCE_VECSTRAIGHT_REPO>/remote-results/phase3_vecstraight_clean_msgsource_learned_15seeds_remote_20260410/train/cond1_seed202_ep50000.pt,cond1,202,9001,greedy,none,none,none,none,agent_0,p_msg1_given_fhat,2.5<=fhat<3.5,,6306,0.40199809705042816,50000,comm,private,
<SOURCE_VECSTRAIGHT_REPO>/remote-results/phase3_vecstraight_clean_msgsource_learned_15seeds_remote_20260410/train/cond1_seed202_ep50000.pt,cond1,202,9001,greedy,none,none,none,none,agent_0,p_msg1_given_fhat,3.5<=fhat<4.5,,4259,0.636064803944588,50000,comm,private,
<SOURCE_VECSTRAIGHT_REPO>/remote-results/phase3_vecstraight_clean_msgsource_learned_15seeds_remote_20260410/train/cond1_seed202_ep50000.pt,cond1,202,9001,greedy,none,none,none,none,agent_0,p_msg1_given_fhat,fhat<1.5,,8295,0.40819770946353223,50000,comm,private,
<SOURCE_VECSTRAIGHT_REPO>/remote-results/phase3_vecstraight_clean_msgsource_learned_15seeds_remote_20260410/train/cond1_seed202_ep50000.pt,cond1,202,9001,greedy,none,none,none,none,agent_0,p_msg1_given_fhat,fhat>=4.5,,5132,1.0,50000,comm,private,
<SOURCE_VECSTRAIGHT_REPO>/remote-results/phase3_vecstraight_clean_msgsource_learned_15seeds_remote_20260410/train/cond1_seed202_ep50000.pt,cond1,202,9001,greedy,none,none,none,none,agent_1,p_msg1_given_fhat,1.5<=fhat<2.5,,6070,0.7612850082372323,50000,comm,private,
<SOURCE_VECSTRAIGHT_REPO>/remote-results/phase3_vecstraight_clean_msgsource_learned_15seeds_remote_20260410/train/cond1_seed202_ep50000.pt,cond1,202,9001,greedy,none,none,none,none,agent_1,p_msg1_given_fhat,2.5<=fhat<3.5,,6329,0.36783062095117713,50000,comm,private,
<SOURCE_VECSTRAIGHT_REPO>/remote-results/phase3_vecstraight_clean_msgsource_learned_15seeds_remote_20260410/train/cond1_seed202_ep50000.pt,cond1,202,9001,greedy,none,none,none,none,agent_1,p_msg1_given_fhat,3.5<=fhat<4.5,,4303,0.08924006507088078,50000,comm,private,
<SOURCE_VECSTRAIGHT_REPO>/remote-results/phase3_vecstraight_clean_msgsource_learned_15seeds_remote_20260410/train/cond1_seed202_ep50000.pt,cond1,202,9001,greedy,none,none,none,none,agent_1,p_msg1_given_fhat,fhat<1.5,,8194,0.9593605076885526,50000,comm,private,
<SOURCE_VECSTRAIGHT_REPO>/remote-results/phase3_vecstraight_clean_msgsource_learned_15seeds_remote_20260410/train/cond1_seed202_ep50000.pt,cond1,202,9001,greedy,none,none,none,none,agent_1,p_msg1_given_fhat,fhat>=4.5,,5104,0.006073667711598746,50000,comm,private,
<SOURCE_VECSTRAIGHT_REPO>/remote-results/phase3_vecstraight_clean_msgsource_learned_15seeds_remote_20260410/train/cond1_seed202_ep50000.pt,cond1,202,9001,greedy,none,none,none,none,agent_2,p_msg1_given_fhat,1.5<=fhat<2.5,,6037,0.6667218817293358,50000,comm,private,
<SOURCE_VECSTRAIGHT_REPO>/remote-results/phase3_vecstraight_clean_msgsource_learned_15seeds_remote_20260410/train/cond1_seed202_ep50000.pt,cond1,202,9001,greedy,none,none,none,none,agent_2,p_msg1_given_fhat,2.5<=fhat<3.5,,6353,0.5433653392098221,50000,comm,private,
<SOURCE_VECSTRAIGHT_REPO>/remote-results/phase3_vecstraight_clean_msgsource_learned_15seeds_remote_20260410/train/cond1_seed202_ep50000.pt,cond1,202,9001,greedy,none,none,none,none,agent_2,p_msg1_given_fhat,3.5<=fhat<4.5,,4191,0.7365783822476736,50000,comm,private,
<SOURCE_VECSTRAIGHT_REPO>/remote-results/phase3_vecstraight_clean_msgsource_learned_15seeds_remote_20260410/train/cond1_seed202_ep50000.pt,cond1,202,9001,greedy,none,none,none,none,agent_2,p_msg1_given_fhat,fhat<1.5,,8255,0.10175651120533011,50000,comm,private,
<SOURCE_VECSTRAIGHT_REPO>/remote-results/phase3_vecstraight_clean_msgsource_learned_15seeds_remote_20260410/train/cond1_seed202_ep50000.pt,cond1,202,9001,greedy,none,none,none,none,agent_2,p_msg1_given_fhat,fhat>=4.5,,5164,0.8466305189775368,50000,comm,private,
<SOURCE_VECSTRAIGHT_REPO>/remote-results/phase3_vecstraight_clean_msgsource_learned_15seeds_remote_20260410/train/cond1_seed202_ep50000.pt,cond1,202,9001,greedy,none,none,none,none,agent_3,p_msg1_given_fhat,1.5<=fhat<2.5,,6013,0.345584566771994,50000,comm,private,
<SOURCE_VECSTRAIGHT_REPO>/remote-results/phase3_vecstraight_clean_msgsource_learned_15seeds_remote_20260410/train/cond1_seed202_ep50000.pt,cond1,202,9001,greedy,none,none,none,none,agent_3,p_msg1_given_fhat,2.5<=fhat<3.5,,6316,0.564597846738442,50000,comm,private,
<SOURCE_VECSTRAIGHT_REPO>/remote-results/phase3_vecstraight_clean_msgsource_learned_15seeds_remote_20260410/train/cond1_seed202_ep50000.pt,cond1,202,9001,greedy,none,none,none,none,agent_3,p_msg1_given_fhat,3.5<=fhat<4.5,,4308,0.3943825441039926,50000,comm,private,
<SOURCE_VECSTRAIGHT_REPO>/remote-results/phase3_vecstraight_clean_msgsource_learned_15seeds_remote_20260410/train/cond1_seed202_ep50000.pt,cond1,202,9001,greedy,none,none,none,none,agent_3,p_msg1_given_fhat,fhat<1.5,,8261,0.9648952911269822,50000,comm,private,
<SOURCE_VECSTRAIGHT_REPO>/remote-results/phase3_vecstraight_clean_msgsource_learned_15seeds_remote_20260410/train/cond1_seed202_ep50000.pt,cond1,202,9001,greedy,none,none,none,none,agent_3,p_msg1_given_fhat,fhat>=4.5,,5102,0.0027440219521756176,50000,comm,private,
<SOURCE_VECSTRAIGHT_REPO>/remote-results/phase3_vecstraight_clean_msgsource_learned_15seeds_remote_20260410/train/cond1_seed202_ep50000.pt,cond1,202,9001,greedy,none,none,none,none,agent_0,p_msg1_given_action,,0,23800,0.42970588235294116,50000,comm,private,
<SOURCE_VECSTRAIGHT_REPO>/remote-results/phase3_vecstraight_clean_msgsource_learned_15seeds_remote_20260410/train/cond1_seed202_ep50000.pt,cond1,202,9001,greedy,none,none,none,none,agent_0,p_msg1_given_action,,1,6200,0.9616129032258065,50000,comm,private,
<SOURCE_VECSTRAIGHT_REPO>/remote-results/phase3_vecstraight_clean_msgsource_learned_15seeds_remote_20260410/train/cond1_seed202_ep50000.pt,cond1,202,9001,greedy,none,none,none,none,agent_1,p_msg1_given_action,,0,26315,0.5636709101273039,50000,comm,private,
<SOURCE_VECSTRAIGHT_REPO>/remote-results/phase3_vecstraight_clean_msgsource_learned_15seeds_remote_20260410/train/cond1_seed202_ep50000.pt,cond1,202,9001,greedy,none,none,none,none,agent_1,p_msg1_given_action,,1,3685,0.10637720488466756,50000,comm,private,
<SOURCE_VECSTRAIGHT_REPO>/remote-results/phase3_vecstraight_clean_msgsource_learned_15seeds_remote_20260410/train/cond1_seed202_ep50000.pt,cond1,202,9001,greedy,none,none,none,none,agent_2,p_msg1_given_action,,0,17478,0.44736239844375786,50000,comm,private,
<SOURCE_VECSTRAIGHT_REPO>/remote-results/phase3_vecstraight_clean_msgsource_learned_15seeds_remote_20260410/train/cond1_seed202_ep50000.pt,cond1,202,9001,greedy,none,none,none,none,agent_2,p_msg1_given_action,,1,12522,0.6354416227439706,50000,comm,private,
<SOURCE_VECSTRAIGHT_REPO>/remote-results/phase3_vecstraight_clean_msgsource_learned_15seeds_remote_20260410/train/cond1_seed202_ep50000.pt,cond1,202,9001,greedy,none,none,none,none,agent_3,p_msg1_given_action,,0,22438,0.45730457260005347,50000,comm,private,
<SOURCE_VECSTRAIGHT_REPO>/remote-results/phase3_vecstraight_clean_msgsource_learned_15seeds_remote_20260410/train/cond1_seed202_ep50000.pt,cond1,202,9001,greedy,none,none,none,none,agent_3,p_msg1_given_action,,1,7562,0.6700608304681301,50000,comm,private,
<SOURCE_VECSTRAIGHT_REPO>/remote-results/phase3_vecstraight_clean_msgsource_learned_15seeds_remote_20260410/train/cond1_seed303_ep50000.pt,cond1,303,9001,greedy,none,none,none,none,agent_0,p_msg1_given_fhat,1.5<=fhat<2.5,,6008,0.9853528628495339,50000,comm,private,
<SOURCE_VECSTRAIGHT_REPO>/remote-results/phase3_vecstraight_clean_msgsource_learned_15seeds_remote_20260410/train/cond1_seed303_ep50000.pt,cond1,303,9001,greedy,none,none,none,none,agent_0,p_msg1_given_fhat,2.5<=fhat<3.5,,6306,1.0,50000,comm,private,
<SOURCE_VECSTRAIGHT_REPO>/remote-results/phase3_vecstraight_clean_msgsource_learned_15seeds_remote_20260410/train/cond1_seed303_ep50000.pt,cond1,303,9001,greedy,none,none,none,none,agent_0,p_msg1_given_fhat,3.5<=fhat<4.5,,4259,0.9901385301714017,50000,comm,private,
<SOURCE_VECSTRAIGHT_REPO>/remote-results/phase3_vecstraight_clean_msgsource_learned_15seeds_remote_20260410/train/cond1_seed303_ep50000.pt,cond1,303,9001,greedy,none,none,none,none,agent_0,p_msg1_given_fhat,fhat<1.5,,8295,0.5561181434599156,50000,comm,private,
<SOURCE_VECSTRAIGHT_REPO>/remote-results/phase3_vecstraight_clean_msgsource_learned_15seeds_remote_20260410/train/cond1_seed303_ep50000.pt,cond1,303,9001,greedy,none,none,none,none,agent_0,p_msg1_given_fhat,fhat>=4.5,,5132,0.9885035074045206,50000,comm,private,
<SOURCE_VECSTRAIGHT_REPO>/remote-results/phase3_vecstraight_clean_msgsource_learned_15seeds_remote_20260410/train/cond1_seed303_ep50000.pt,cond1,303,9001,greedy,none,none,none,none,agent_1,p_msg1_given_fhat,1.5<=fhat<2.5,,6070,0.8609555189456343,50000,comm,private,
<SOURCE_VECSTRAIGHT_REPO>/remote-results/phase3_vecstraight_clean_msgsource_learned_15seeds_remote_20260410/train/cond1_seed303_ep50000.pt,cond1,303,9001,greedy,none,none,none,none,agent_1,p_msg1_given_fhat,2.5<=fhat<3.5,,6329,0.7105387896982146,50000,comm,private,
<SOURCE_VECSTRAIGHT_REPO>/remote-results/phase3_vecstraight_clean_msgsource_learned_15seeds_remote_20260410/train/cond1_seed303_ep50000.pt,cond1,303,9001,greedy,none,none,none,none,agent_1,p_msg1_given_fhat,3.5<=fhat<4.5,,4303,0.7029979084359749,50000,comm,private,
<SOURCE_VECSTRAIGHT_REPO>/remote-results/phase3_vecstraight_clean_msgsource_learned_15seeds_remote_20260410/train/cond1_seed303_ep50000.pt,cond1,303,9001,greedy,none,none,none,none,agent_1,p_msg1_given_fhat,fhat<1.5,,8194,0.35013424456919695,50000,comm,private,
<SOURCE_VECSTRAIGHT_REPO>/remote-results/phase3_vecstraight_clean_msgsource_learned_15seeds_remote_20260410/train/cond1_seed303_ep50000.pt,cond1,303,9001,greedy,none,none,none,none,agent_1,p_msg1_given_fhat,fhat>=4.5,,5104,0.7198275862068966,50000,comm,private,
<SOURCE_VECSTRAIGHT_REPO>/remote-results/phase3_vecstraight_clean_msgsource_learned_15seeds_remote_20260410/train/cond1_seed303_ep50000.pt,cond1,303,9001,greedy,none,none,none,none,agent_2,p_msg1_given_fhat,1.5<=fhat<2.5,,6037,0.8055325492794434,50000,comm,private,
<SOURCE_VECSTRAIGHT_REPO>/remote-results/phase3_vecstraight_clean_msgsource_learned_15seeds_remote_20260410/train/cond1_seed303_ep50000.pt,cond1,303,9001,greedy,none,none,none,none,agent_2,p_msg1_given_fhat,2.5<=fhat<3.5,,6353,0.6759011490634346,50000,comm,private,
<SOURCE_VECSTRAIGHT_REPO>/remote-results/phase3_vecstraight_clean_msgsource_learned_15seeds_remote_20260410/train/cond1_seed303_ep50000.pt,cond1,303,9001,greedy,none,none,none,none,agent_2,p_msg1_given_fhat,3.5<=fhat<4.5,,4191,0.5989024099260319,50000,comm,private,
<SOURCE_VECSTRAIGHT_REPO>/remote-results/phase3_vecstraight_clean_msgsource_learned_15seeds_remote_20260410/train/cond1_seed303_ep50000.pt,cond1,303,9001,greedy,none,none,none,none,agent_2,p_msg1_given_fhat,fhat<1.5,,8255,0.6718352513628104,50000,comm,private,
<SOURCE_VECSTRAIGHT_REPO>/remote-results/phase3_vecstraight_clean_msgsource_learned_15seeds_remote_20260410/train/cond1_seed303_ep50000.pt,cond1,303,9001,greedy,none,none,none,none,agent_2,p_msg1_given_fhat,fhat>=4.5,,5164,0.5650658404337723,50000,comm,private,
<SOURCE_VECSTRAIGHT_REPO>/remote-results/phase3_vecstraight_clean_msgsource_learned_15seeds_remote_20260410/train/cond1_seed303_ep50000.pt,cond1,303,9001,greedy,none,none,none,none,agent_3,p_msg1_given_fhat,1.5<=fhat<2.5,,6013,0.880924663229669,50000,comm,private,
<SOURCE_VECSTRAIGHT_REPO>/remote-results/phase3_vecstraight_clean_msgsource_learned_15seeds_remote_20260410/train/cond1_seed303_ep50000.pt,cond1,303,9001,greedy,none,none,none,none,agent_3,p_msg1_given_fhat,2.5<=fhat<3.5,,6316,1.0,50000,comm,private,
<SOURCE_VECSTRAIGHT_REPO>/remote-results/phase3_vecstraight_clean_msgsource_learned_15seeds_remote_20260410/train/cond1_seed303_ep50000.pt,cond1,303,9001,greedy,none,none,none,none,agent_3,p_msg1_given_fhat,3.5<=fhat<4.5,,4308,1.0,50000,comm,private,
<SOURCE_VECSTRAIGHT_REPO>/remote-results/phase3_vecstraight_clean_msgsource_learned_15seeds_remote_20260410/train/cond1_seed303_ep50000.pt,cond1,303,9001,greedy,none,none,none,none,agent_3,p_msg1_given_fhat,fhat<1.5,,8261,0.5305653068635758,50000,comm,private,
<SOURCE_VECSTRAIGHT_REPO>/remote-results/phase3_vecstraight_clean_msgsource_learned_15seeds_remote_20260410/train/cond1_seed303_ep50000.pt,cond1,303,9001,greedy,none,none,none,none,agent_3,p_msg1_given_fhat,fhat>=4.5,,5102,1.0,50000,comm,private,
<SOURCE_VECSTRAIGHT_REPO>/remote-results/phase3_vecstraight_clean_msgsource_learned_15seeds_remote_20260410/train/cond1_seed303_ep50000.pt,cond1,303,9001,greedy,none,none,none,none,agent_0,p_msg1_given_action,,0,18802,0.7942240187214126,50000,comm,private,
<SOURCE_VECSTRAIGHT_REPO>/remote-results/phase3_vecstraight_clean_msgsource_learned_15seeds_remote_20260410/train/cond1_seed303_ep50000.pt,cond1,303,9001,greedy,none,none,none,none,agent_0,p_msg1_given_action,,1,11198,0.9998213966779782,50000,comm,private,
<SOURCE_VECSTRAIGHT_REPO>/remote-results/phase3_vecstraight_clean_msgsource_learned_15seeds_remote_20260410/train/cond1_seed303_ep50000.pt,cond1,303,9001,greedy,none,none,none,none,agent_1,p_msg1_given_action,,0,24249,0.7301332013691286,50000,comm,private,
<SOURCE_VECSTRAIGHT_REPO>/remote-results/phase3_vecstraight_clean_msgsource_learned_15seeds_remote_20260410/train/cond1_seed303_ep50000.pt,cond1,303,9001,greedy,none,none,none,none,agent_1,p_msg1_given_action,,1,5751,0.27577812554338377,50000,comm,private,
<SOURCE_VECSTRAIGHT_REPO>/remote-results/phase3_vecstraight_clean_msgsource_learned_15seeds_remote_20260410/train/cond1_seed303_ep50000.pt,cond1,303,9001,greedy,none,none,none,none,agent_2,p_msg1_given_action,,0,15823,0.7911900398154585,50000,comm,private,
<SOURCE_VECSTRAIGHT_REPO>/remote-results/phase3_vecstraight_clean_msgsource_learned_15seeds_remote_20260410/train/cond1_seed303_ep50000.pt,cond1,303,9001,greedy,none,none,none,none,agent_2,p_msg1_given_action,,1,14177,0.536926006912605,50000,comm,private,
<SOURCE_VECSTRAIGHT_REPO>/remote-results/phase3_vecstraight_clean_msgsource_learned_15seeds_remote_20260410/train/cond1_seed303_ep50000.pt,cond1,303,9001,greedy,none,none,none,none,agent_3,p_msg1_given_action,,0,20790,0.7806156806156807,50000,comm,private,
<SOURCE_VECSTRAIGHT_REPO>/remote-results/phase3_vecstraight_clean_msgsource_learned_15seeds_remote_20260410/train/cond1_seed303_ep50000.pt,cond1,303,9001,greedy,none,none,none,none,agent_3,p_msg1_given_action,,1,9210,0.9964169381107492,50000,comm,private,
<SOURCE_VECSTRAIGHT_REPO>/remote-results/phase3_vecstraight_clean_msgsource_learned_15seeds_remote_20260410/train/cond1_seed404_ep50000.pt,cond1,404,9001,greedy,none,none,none,none,agent_0,p_msg1_given_fhat,1.5<=fhat<2.5,,6008,0.5311251664447404,50000,comm,private,
<SOURCE_VECSTRAIGHT_REPO>/remote-results/phase3_vecstraight_clean_msgsource_learned_15seeds_remote_20260410/train/cond1_seed404_ep50000.pt,cond1,404,9001,greedy,none,none,none,none,agent_0,p_msg1_given_fhat,2.5<=fhat<3.5,,6306,0.7194735172851253,50000,comm,private,
<SOURCE_VECSTRAIGHT_REPO>/remote-results/phase3_vecstraight_clean_msgsource_learned_15seeds_remote_20260410/train/cond1_seed404_ep50000.pt,cond1,404,9001,greedy,none,none,none,none,agent_0,p_msg1_given_fhat,3.5<=fhat<4.5,,4259,0.6771542615637474,50000,comm,private,
<SOURCE_VECSTRAIGHT_REPO>/remote-results/phase3_vecstraight_clean_msgsource_learned_15seeds_remote_20260410/train/cond1_seed404_ep50000.pt,cond1,404,9001,greedy,none,none,none,none,agent_0,p_msg1_given_fhat,fhat<1.5,,8295,0.030379746835443037,50000,comm,private,
<SOURCE_VECSTRAIGHT_REPO>/remote-results/phase3_vecstraight_clean_msgsource_learned_15seeds_remote_20260410/train/cond1_seed404_ep50000.pt,cond1,404,9001,greedy,none,none,none,none,agent_0,p_msg1_given_fhat,fhat>=4.5,,5132,0.032930631332813716,50000,comm,private,
<SOURCE_VECSTRAIGHT_REPO>/remote-results/phase3_vecstraight_clean_msgsource_learned_15seeds_remote_20260410/train/cond1_seed404_ep50000.pt,cond1,404,9001,greedy,none,none,none,none,agent_1,p_msg1_given_fhat,1.5<=fhat<2.5,,6070,0.5525535420098847,50000,comm,private,
<SOURCE_VECSTRAIGHT_REPO>/remote-results/phase3_vecstraight_clean_msgsource_learned_15seeds_remote_20260410/train/cond1_seed404_ep50000.pt,cond1,404,9001,greedy,none,none,none,none,agent_1,p_msg1_given_fhat,2.5<=fhat<3.5,,6329,0.3237478274608943,50000,comm,private,
<SOURCE_VECSTRAIGHT_REPO>/remote-results/phase3_vecstraight_clean_msgsource_learned_15seeds_remote_20260410/train/cond1_seed404_ep50000.pt,cond1,404,9001,greedy,none,none,none,none,agent_1,p_msg1_given_fhat,3.5<=fhat<4.5,,4303,0.5498489425981873,50000,comm,private,
<SOURCE_VECSTRAIGHT_REPO>/remote-results/phase3_vecstraight_clean_msgsource_learned_15seeds_remote_20260410/train/cond1_seed404_ep50000.pt,cond1,404,9001,greedy,none,none,none,none,agent_1,p_msg1_given_fhat,fhat<1.5,,8194,0.5800585794483769,50000,comm,private,
<SOURCE_VECSTRAIGHT_REPO>/remote-results/phase3_vecstraight_clean_msgsource_learned_15seeds_remote_20260410/train/cond1_seed404_ep50000.pt,cond1,404,9001,greedy,none,none,none,none,agent_1,p_msg1_given_fhat,fhat>=4.5,,5104,0.9992163009404389,50000,comm,private,
<SOURCE_VECSTRAIGHT_REPO>/remote-results/phase3_vecstraight_clean_msgsource_learned_15seeds_remote_20260410/train/cond1_seed404_ep50000.pt,cond1,404,9001,greedy,none,none,none,none,agent_2,p_msg1_given_fhat,1.5<=fhat<2.5,,6037,0.5718071890011596,50000,comm,private,
<SOURCE_VECSTRAIGHT_REPO>/remote-results/phase3_vecstraight_clean_msgsource_learned_15seeds_remote_20260410/train/cond1_seed404_ep50000.pt,cond1,404,9001,greedy,none,none,none,none,agent_2,p_msg1_given_fhat,2.5<=fhat<3.5,,6353,0.7484652919880371,50000,comm,private,
<SOURCE_VECSTRAIGHT_REPO>/remote-results/phase3_vecstraight_clean_msgsource_learned_15seeds_remote_20260410/train/cond1_seed404_ep50000.pt,cond1,404,9001,greedy,none,none,none,none,agent_2,p_msg1_given_fhat,3.5<=fhat<4.5,,4191,0.4858029109997614,50000,comm,private,
<SOURCE_VECSTRAIGHT_REPO>/remote-results/phase3_vecstraight_clean_msgsource_learned_15seeds_remote_20260410/train/cond1_seed404_ep50000.pt,cond1,404,9001,greedy,none,none,none,none,agent_2,p_msg1_given_fhat,fhat<1.5,,8255,0.6839491217443974,50000,comm,private,
<SOURCE_VECSTRAIGHT_REPO>/remote-results/phase3_vecstraight_clean_msgsource_learned_15seeds_remote_20260410/train/cond1_seed404_ep50000.pt,cond1,404,9001,greedy,none,none,none,none,agent_2,p_msg1_given_fhat,fhat>=4.5,,5164,0.007552285050348567,50000,comm,private,
<SOURCE_VECSTRAIGHT_REPO>/remote-results/phase3_vecstraight_clean_msgsource_learned_15seeds_remote_20260410/train/cond1_seed404_ep50000.pt,cond1,404,9001,greedy,none,none,none,none,agent_3,p_msg1_given_fhat,1.5<=fhat<2.5,,6013,0.5029103608847497,50000,comm,private,
<SOURCE_VECSTRAIGHT_REPO>/remote-results/phase3_vecstraight_clean_msgsource_learned_15seeds_remote_20260410/train/cond1_seed404_ep50000.pt,cond1,404,9001,greedy,none,none,none,none,agent_3,p_msg1_given_fhat,2.5<=fhat<3.5,,6316,0.33613046231792276,50000,comm,private,
<SOURCE_VECSTRAIGHT_REPO>/remote-results/phase3_vecstraight_clean_msgsource_learned_15seeds_remote_20260410/train/cond1_seed404_ep50000.pt,cond1,404,9001,greedy,none,none,none,none,agent_3,p_msg1_given_fhat,3.5<=fhat<4.5,,4308,0.6522748375116063,50000,comm,private,
<SOURCE_VECSTRAIGHT_REPO>/remote-results/phase3_vecstraight_clean_msgsource_learned_15seeds_remote_20260410/train/cond1_seed404_ep50000.pt,cond1,404,9001,greedy,none,none,none,none,agent_3,p_msg1_given_fhat,fhat<1.5,,8261,0.5673647258201187,50000,comm,private,
<SOURCE_VECSTRAIGHT_REPO>/remote-results/phase3_vecstraight_clean_msgsource_learned_15seeds_remote_20260410/train/cond1_seed404_ep50000.pt,cond1,404,9001,greedy,none,none,none,none,agent_3,p_msg1_given_fhat,fhat>=4.5,,5102,0.9343394747157977,50000,comm,private,
<SOURCE_VECSTRAIGHT_REPO>/remote-results/phase3_vecstraight_clean_msgsource_learned_15seeds_remote_20260410/train/cond1_seed404_ep50000.pt,cond1,404,9001,greedy,none,none,none,none,agent_0,p_msg1_given_action,,0,22071,0.3264464682162113,50000,comm,private,
<SOURCE_VECSTRAIGHT_REPO>/remote-results/phase3_vecstraight_clean_msgsource_learned_15seeds_remote_20260410/train/cond1_seed404_ep50000.pt,cond1,404,9001,greedy,none,none,none,none,agent_0,p_msg1_given_action,,1,7929,0.48278471433976544,50000,comm,private,
<SOURCE_VECSTRAIGHT_REPO>/remote-results/phase3_vecstraight_clean_msgsource_learned_15seeds_remote_20260410/train/cond1_seed404_ep50000.pt,cond1,404,9001,greedy,none,none,none,none,agent_1,p_msg1_given_action,,0,22440,0.6492424242424243,50000,comm,private,
<SOURCE_VECSTRAIGHT_REPO>/remote-results/phase3_vecstraight_clean_msgsource_learned_15seeds_remote_20260410/train/cond1_seed404_ep50000.pt,cond1,404,9001,greedy,none,none,none,none,agent_1,p_msg1_given_action,,1,7560,0.4038359788359788,50000,comm,private,
<SOURCE_VECSTRAIGHT_REPO>/remote-results/phase3_vecstraight_clean_msgsource_learned_15seeds_remote_20260410/train/cond1_seed404_ep50000.pt,cond1,404,9001,greedy,none,none,none,none,agent_2,p_msg1_given_action,,0,15869,0.6959480748629403,50000,comm,private,
<SOURCE_VECSTRAIGHT_REPO>/remote-results/phase3_vecstraight_clean_msgsource_learned_15seeds_remote_20260410/train/cond1_seed404_ep50000.pt,cond1,404,9001,greedy,none,none,none,none,agent_2,p_msg1_given_action,,1,14131,0.34562309815299697,50000,comm,private,
<SOURCE_VECSTRAIGHT_REPO>/remote-results/phase3_vecstraight_clean_msgsource_learned_15seeds_remote_20260410/train/cond1_seed404_ep50000.pt,cond1,404,9001,greedy,none,none,none,none,agent_3,p_msg1_given_action,,0,19689,0.5127736299456549,50000,comm,private,
<SOURCE_VECSTRAIGHT_REPO>/remote-results/phase3_vecstraight_clean_msgsource_learned_15seeds_remote_20260410/train/cond1_seed404_ep50000.pt,cond1,404,9001,greedy,none,none,none,none,agent_3,p_msg1_given_action,,1,10311,0.7094365241004752,50000,comm,private,
<SOURCE_VECSTRAIGHT_REPO>/remote-results/phase3_vecstraight_clean_msgsource_learned_15seeds_remote_20260410/train/cond1_seed505_ep50000.pt,cond1,505,9001,greedy,none,none,none,none,agent_0,p_msg1_given_fhat,1.5<=fhat<2.5,,6008,0.8586884154460719,50000,comm,private,
<SOURCE_VECSTRAIGHT_REPO>/remote-results/phase3_vecstraight_clean_msgsource_learned_15seeds_remote_20260410/train/cond1_seed505_ep50000.pt,cond1,505,9001,greedy,none,none,none,none,agent_0,p_msg1_given_fhat,2.5<=fhat<3.5,,6306,0.6344751030764352,50000,comm,private,
<SOURCE_VECSTRAIGHT_REPO>/remote-results/phase3_vecstraight_clean_msgsource_learned_15seeds_remote_20260410/train/cond1_seed505_ep50000.pt,cond1,505,9001,greedy,none,none,none,none,agent_0,p_msg1_given_fhat,3.5<=fhat<4.5,,4259,0.4916647100258277,50000,comm,private,
<SOURCE_VECSTRAIGHT_REPO>/remote-results/phase3_vecstraight_clean_msgsource_learned_15seeds_remote_20260410/train/cond1_seed505_ep50000.pt,cond1,505,9001,greedy,none,none,none,none,agent_0,p_msg1_given_fhat,fhat<1.5,,8295,0.7540687160940326,50000,comm,private,
<SOURCE_VECSTRAIGHT_REPO>/remote-results/phase3_vecstraight_clean_msgsource_learned_15seeds_remote_20260410/train/cond1_seed505_ep50000.pt,cond1,505,9001,greedy,none,none,none,none,agent_0,p_msg1_given_fhat,fhat>=4.5,,5132,0.4935697583787997,50000,comm,private,
<SOURCE_VECSTRAIGHT_REPO>/remote-results/phase3_vecstraight_clean_msgsource_learned_15seeds_remote_20260410/train/cond1_seed505_ep50000.pt,cond1,505,9001,greedy,none,none,none,none,agent_1,p_msg1_given_fhat,1.5<=fhat<2.5,,6070,0.26787479406919273,50000,comm,private,
<SOURCE_VECSTRAIGHT_REPO>/remote-results/phase3_vecstraight_clean_msgsource_learned_15seeds_remote_20260410/train/cond1_seed505_ep50000.pt,cond1,505,9001,greedy,none,none,none,none,agent_1,p_msg1_given_fhat,2.5<=fhat<3.5,,6329,0.539737715278875,50000,comm,private,
<SOURCE_VECSTRAIGHT_REPO>/remote-results/phase3_vecstraight_clean_msgsource_learned_15seeds_remote_20260410/train/cond1_seed505_ep50000.pt,cond1,505,9001,greedy,none,none,none,none,agent_1,p_msg1_given_fhat,3.5<=fhat<4.5,,4303,0.7304206367650476,50000,comm,private,
<SOURCE_VECSTRAIGHT_REPO>/remote-results/phase3_vecstraight_clean_msgsource_learned_15seeds_remote_20260410/train/cond1_seed505_ep50000.pt,cond1,505,9001,greedy,none,none,none,none,agent_1,p_msg1_given_fhat,fhat<1.5,,8194,0.5430803026604832,50000,comm,private,
<SOURCE_VECSTRAIGHT_REPO>/remote-results/phase3_vecstraight_clean_msgsource_learned_15seeds_remote_20260410/train/cond1_seed505_ep50000.pt,cond1,505,9001,greedy,none,none,none,none,agent_1,p_msg1_given_fhat,fhat>=4.5,,5104,0.79858934169279,50000,comm,private,
<SOURCE_VECSTRAIGHT_REPO>/remote-results/phase3_vecstraight_clean_msgsource_learned_15seeds_remote_20260410/train/cond1_seed505_ep50000.pt,cond1,505,9001,greedy,none,none,none,none,agent_2,p_msg1_given_fhat,1.5<=fhat<2.5,,6037,0.5262547622991552,50000,comm,private,
<SOURCE_VECSTRAIGHT_REPO>/remote-results/phase3_vecstraight_clean_msgsource_learned_15seeds_remote_20260410/train/cond1_seed505_ep50000.pt,cond1,505,9001,greedy,none,none,none,none,agent_2,p_msg1_given_fhat,2.5<=fhat<3.5,,6353,0.622225720132221,50000,comm,private,
<SOURCE_VECSTRAIGHT_REPO>/remote-results/phase3_vecstraight_clean_msgsource_learned_15seeds_remote_20260410/train/cond1_seed505_ep50000.pt,cond1,505,9001,greedy,none,none,none,none,agent_2,p_msg1_given_fhat,3.5<=fhat<4.5,,4191,0.6618945359102839,50000,comm,private,
<SOURCE_VECSTRAIGHT_REPO>/remote-results/phase3_vecstraight_clean_msgsource_learned_15seeds_remote_20260410/train/cond1_seed505_ep50000.pt,cond1,505,9001,greedy,none,none,none,none,agent_2,p_msg1_given_fhat,fhat<1.5,,8255,0.021078134463961236,50000,comm,private,
<SOURCE_VECSTRAIGHT_REPO>/remote-results/phase3_vecstraight_clean_msgsource_learned_15seeds_remote_20260410/train/cond1_seed505_ep50000.pt,cond1,505,9001,greedy,none,none,none,none,agent_2,p_msg1_given_fhat,fhat>=4.5,,5164,0.639426800929512,50000,comm,private,
<SOURCE_VECSTRAIGHT_REPO>/remote-results/phase3_vecstraight_clean_msgsource_learned_15seeds_remote_20260410/train/cond1_seed505_ep50000.pt,cond1,505,9001,greedy,none,none,none,none,agent_3,p_msg1_given_fhat,1.5<=fhat<2.5,,6013,0.5083984699817063,50000,comm,private,
<SOURCE_VECSTRAIGHT_REPO>/remote-results/phase3_vecstraight_clean_msgsource_learned_15seeds_remote_20260410/train/cond1_seed505_ep50000.pt,cond1,505,9001,greedy,none,none,none,none,agent_3,p_msg1_given_fhat,2.5<=fhat<3.5,,6316,0.9927169094363522,50000,comm,private,
<SOURCE_VECSTRAIGHT_REPO>/remote-results/phase3_vecstraight_clean_msgsource_learned_15seeds_remote_20260410/train/cond1_seed505_ep50000.pt,cond1,505,9001,greedy,none,none,none,none,agent_3,p_msg1_given_fhat,3.5<=fhat<4.5,,4308,1.0,50000,comm,private,
<SOURCE_VECSTRAIGHT_REPO>/remote-results/phase3_vecstraight_clean_msgsource_learned_15seeds_remote_20260410/train/cond1_seed505_ep50000.pt,cond1,505,9001,greedy,none,none,none,none,agent_3,p_msg1_given_fhat,fhat<1.5,,8261,0.25505386757051207,50000,comm,private,
<SOURCE_VECSTRAIGHT_REPO>/remote-results/phase3_vecstraight_clean_msgsource_learned_15seeds_remote_20260410/train/cond1_seed505_ep50000.pt,cond1,505,9001,greedy,none,none,none,none,agent_3,p_msg1_given_fhat,fhat>=4.5,,5102,0.8755390043120345,50000,comm,private,
<SOURCE_VECSTRAIGHT_REPO>/remote-results/phase3_vecstraight_clean_msgsource_learned_15seeds_remote_20260410/train/cond1_seed505_ep50000.pt,cond1,505,9001,greedy,none,none,none,none,agent_0,p_msg1_given_action,,0,19001,0.6968054312930898,50000,comm,private,
<SOURCE_VECSTRAIGHT_REPO>/remote-results/phase3_vecstraight_clean_msgsource_learned_15seeds_remote_20260410/train/cond1_seed505_ep50000.pt,cond1,505,9001,greedy,none,none,none,none,agent_0,p_msg1_given_action,,1,10999,0.6184198563505773,50000,comm,private,
<SOURCE_VECSTRAIGHT_REPO>/remote-results/phase3_vecstraight_clean_msgsource_learned_15seeds_remote_20260410/train/cond1_seed505_ep50000.pt,cond1,505,9001,greedy,none,none,none,none,agent_1,p_msg1_given_action,,0,17401,0.49089132808459285,50000,comm,private,
<SOURCE_VECSTRAIGHT_REPO>/remote-results/phase3_vecstraight_clean_msgsource_learned_15seeds_remote_20260410/train/cond1_seed505_ep50000.pt,cond1,505,9001,greedy,none,none,none,none,agent_1,p_msg1_given_action,,1,12599,0.6483847924438447,50000,comm,private,
<SOURCE_VECSTRAIGHT_REPO>/remote-results/phase3_vecstraight_clean_msgsource_learned_15seeds_remote_20260410/train/cond1_seed505_ep50000.pt,cond1,505,9001,greedy,none,none,none,none,agent_2,p_msg1_given_action,,0,20314,0.32361917889140496,50000,comm,private,
<SOURCE_VECSTRAIGHT_REPO>/remote-results/phase3_vecstraight_clean_msgsource_learned_15seeds_remote_20260410/train/cond1_seed505_ep50000.pt,cond1,505,9001,greedy,none,none,none,none,agent_2,p_msg1_given_action,,1,9686,0.7026636382407598,50000,comm,private,
<SOURCE_VECSTRAIGHT_REPO>/remote-results/phase3_vecstraight_clean_msgsource_learned_15seeds_remote_20260410/train/cond1_seed505_ep50000.pt,cond1,505,9001,greedy,none,none,none,none,agent_3,p_msg1_given_action,,0,23635,0.5872223397503702,50000,comm,private,
<SOURCE_VECSTRAIGHT_REPO>/remote-results/phase3_vecstraight_clean_msgsource_learned_15seeds_remote_20260410/train/cond1_seed505_ep50000.pt,cond1,505,9001,greedy,none,none,none,none,agent_3,p_msg1_given_action,,1,6365,0.9945011783189317,50000,comm,private,
<SOURCE_VECSTRAIGHT_REPO>/remote-results/phase3_vecstraight_clean_msgsource_learned_15seeds_remote_20260410/train/cond1_seed606_ep50000.pt,cond1,606,9001,greedy,none,none,none,none,agent_0,p_msg1_given_fhat,1.5<=fhat<2.5,,6008,0.26165113182423433,50000,comm,private,
<SOURCE_VECSTRAIGHT_REPO>/remote-results/phase3_vecstraight_clean_msgsource_learned_15seeds_remote_20260410/train/cond1_seed606_ep50000.pt,cond1,606,9001,greedy,none,none,none,none,agent_0,p_msg1_given_fhat,2.5<=fhat<3.5,,6306,0.20060260069774818,50000,comm,private,
<SOURCE_VECSTRAIGHT_REPO>/remote-results/phase3_vecstraight_clean_msgsource_learned_15seeds_remote_20260410/train/cond1_seed606_ep50000.pt,cond1,606,9001,greedy,none,none,none,none,agent_0,p_msg1_given_fhat,3.5<=fhat<4.5,,4259,0.001408781404085466,50000,comm,private,
<SOURCE_VECSTRAIGHT_REPO>/remote-results/phase3_vecstraight_clean_msgsource_learned_15seeds_remote_20260410/train/cond1_seed606_ep50000.pt,cond1,606,9001,greedy,none,none,none,none,agent_0,p_msg1_given_fhat,fhat<1.5,,8295,0.5635925256178421,50000,comm,private,
<SOURCE_VECSTRAIGHT_REPO>/remote-results/phase3_vecstraight_clean_msgsource_learned_15seeds_remote_20260410/train/cond1_seed606_ep50000.pt,cond1,606,9001,greedy,none,none,none,none,agent_0,p_msg1_given_fhat,fhat>=4.5,,5132,0.20596258768511302,50000,comm,private,
<SOURCE_VECSTRAIGHT_REPO>/remote-results/phase3_vecstraight_clean_msgsource_learned_15seeds_remote_20260410/train/cond1_seed606_ep50000.pt,cond1,606,9001,greedy,none,none,none,none,agent_1,p_msg1_given_fhat,1.5<=fhat<2.5,,6070,0.41367380560131795,50000,comm,private,
<SOURCE_VECSTRAIGHT_REPO>/remote-results/phase3_vecstraight_clean_msgsource_learned_15seeds_remote_20260410/train/cond1_seed606_ep50000.pt,cond1,606,9001,greedy,none,none,none,none,agent_1,p_msg1_given_fhat,2.5<=fhat<3.5,,6329,0.4452520145362617,50000,comm,private,
<SOURCE_VECSTRAIGHT_REPO>/remote-results/phase3_vecstraight_clean_msgsource_learned_15seeds_remote_20260410/train/cond1_seed606_ep50000.pt,cond1,606,9001,greedy,none,none,none,none,agent_1,p_msg1_given_fhat,3.5<=fhat<4.5,,4303,0.27353009528236116,50000,comm,private,
<SOURCE_VECSTRAIGHT_REPO>/remote-results/phase3_vecstraight_clean_msgsource_learned_15seeds_remote_20260410/train/cond1_seed606_ep50000.pt,cond1,606,9001,greedy,none,none,none,none,agent_1,p_msg1_given_fhat,fhat<1.5,,8194,0.39345862826458383,50000,comm,private,
<SOURCE_VECSTRAIGHT_REPO>/remote-results/phase3_vecstraight_clean_msgsource_learned_15seeds_remote_20260410/train/cond1_seed606_ep50000.pt,cond1,606,9001,greedy,none,none,none,none,agent_1,p_msg1_given_fhat,fhat>=4.5,,5104,0.05642633228840126,50000,comm,private,
<SOURCE_VECSTRAIGHT_REPO>/remote-results/phase3_vecstraight_clean_msgsource_learned_15seeds_remote_20260410/train/cond1_seed606_ep50000.pt,cond1,606,9001,greedy,none,none,none,none,agent_2,p_msg1_given_fhat,1.5<=fhat<2.5,,6037,0.5527579923803213,50000,comm,private,
<SOURCE_VECSTRAIGHT_REPO>/remote-results/phase3_vecstraight_clean_msgsource_learned_15seeds_remote_20260410/train/cond1_seed606_ep50000.pt,cond1,606,9001,greedy,none,none,none,none,agent_2,p_msg1_given_fhat,2.5<=fhat<3.5,,6353,0.8451125452542106,50000,comm,private,
<SOURCE_VECSTRAIGHT_REPO>/remote-results/phase3_vecstraight_clean_msgsource_learned_15seeds_remote_20260410/train/cond1_seed606_ep50000.pt,cond1,606,9001,greedy,none,none,none,none,agent_2,p_msg1_given_fhat,3.5<=fhat<4.5,,4191,0.6635647816750179,50000,comm,private,
<SOURCE_VECSTRAIGHT_REPO>/remote-results/phase3_vecstraight_clean_msgsource_learned_15seeds_remote_20260410/train/cond1_seed606_ep50000.pt,cond1,606,9001,greedy,none,none,none,none,agent_2,p_msg1_given_fhat,fhat<1.5,,8255,0.3045427013930951,50000,comm,private,
<SOURCE_VECSTRAIGHT_REPO>/remote-results/phase3_vecstraight_clean_msgsource_learned_15seeds_remote_20260410/train/cond1_seed606_ep50000.pt,cond1,606,9001,greedy,none,none,none,none,agent_2,p_msg1_given_fhat,fhat>=4.5,,5164,0.33346243222308286,50000,comm,private,
<SOURCE_VECSTRAIGHT_REPO>/remote-results/phase3_vecstraight_clean_msgsource_learned_15seeds_remote_20260410/train/cond1_seed606_ep50000.pt,cond1,606,9001,greedy,none,none,none,none,agent_3,p_msg1_given_fhat,1.5<=fhat<2.5,,6013,0.6948278729419591,50000,comm,private,
<SOURCE_VECSTRAIGHT_REPO>/remote-results/phase3_vecstraight_clean_msgsource_learned_15seeds_remote_20260410/train/cond1_seed606_ep50000.pt,cond1,606,9001,greedy,none,none,none,none,agent_3,p_msg1_given_fhat,2.5<=fhat<3.5,,6316,0.2376504116529449,50000,comm,private,
<SOURCE_VECSTRAIGHT_REPO>/remote-results/phase3_vecstraight_clean_msgsource_learned_15seeds_remote_20260410/train/cond1_seed606_ep50000.pt,cond1,606,9001,greedy,none,none,none,none,agent_3,p_msg1_given_fhat,3.5<=fhat<4.5,,4308,0.18709377901578458,50000,comm,private,
<SOURCE_VECSTRAIGHT_REPO>/remote-results/phase3_vecstraight_clean_msgsource_learned_15seeds_remote_20260410/train/cond1_seed606_ep50000.pt,cond1,606,9001,greedy,none,none,none,none,agent_3,p_msg1_given_fhat,fhat<1.5,,8261,0.9523060162207965,50000,comm,private,
<SOURCE_VECSTRAIGHT_REPO>/remote-results/phase3_vecstraight_clean_msgsource_learned_15seeds_remote_20260410/train/cond1_seed606_ep50000.pt,cond1,606,9001,greedy,none,none,none,none,agent_3,p_msg1_given_fhat,fhat>=4.5,,5102,0.7385339082712662,50000,comm,private,
<SOURCE_VECSTRAIGHT_REPO>/remote-results/phase3_vecstraight_clean_msgsource_learned_15seeds_remote_20260410/train/cond1_seed606_ep50000.pt,cond1,606,9001,greedy,none,none,none,none,agent_0,p_msg1_given_action,,0,21597,0.3407880724174654,50000,comm,private,
<SOURCE_VECSTRAIGHT_REPO>/remote-results/phase3_vecstraight_clean_msgsource_learned_15seeds_remote_20260410/train/cond1_seed606_ep50000.pt,cond1,606,9001,greedy,none,none,none,none,agent_0,p_msg1_given_action,,1,8403,0.14459121742234915,50000,comm,private,
<SOURCE_VECSTRAIGHT_REPO>/remote-results/phase3_vecstraight_clean_msgsource_learned_15seeds_remote_20260410/train/cond1_seed606_ep50000.pt,cond1,606,9001,greedy,none,none,none,none,agent_1,p_msg1_given_action,,0,16736,0.32851338432122373,50000,comm,private,
<SOURCE_VECSTRAIGHT_REPO>/remote-results/phase3_vecstraight_clean_msgsource_learned_15seeds_remote_20260410/train/cond1_seed606_ep50000.pt,cond1,606,9001,greedy,none,none,none,none,agent_1,p_msg1_given_action,,1,13264,0.3407720144752714,50000,comm,private,
<SOURCE_VECSTRAIGHT_REPO>/remote-results/phase3_vecstraight_clean_msgsource_learned_15seeds_remote_20260410/train/cond1_seed606_ep50000.pt,cond1,606,9001,greedy,none,none,none,none,agent_2,p_msg1_given_action,,0,22384,0.552850250178699,50000,comm,private,
<SOURCE_VECSTRAIGHT_REPO>/remote-results/phase3_vecstraight_clean_msgsource_learned_15seeds_remote_20260410/train/cond1_seed606_ep50000.pt,cond1,606,9001,greedy,none,none,none,none,agent_2,p_msg1_given_action,,1,7616,0.43960084033613445,50000,comm,private,
<SOURCE_VECSTRAIGHT_REPO>/remote-results/phase3_vecstraight_clean_msgsource_learned_15seeds_remote_20260410/train/cond1_seed606_ep50000.pt,cond1,606,9001,greedy,none,none,none,none,agent_3,p_msg1_given_action,,0,22106,0.7217949877861214,50000,comm,private,
<SOURCE_VECSTRAIGHT_REPO>/remote-results/phase3_vecstraight_clean_msgsource_learned_15seeds_remote_20260410/train/cond1_seed606_ep50000.pt,cond1,606,9001,greedy,none,none,none,none,agent_3,p_msg1_given_action,,1,7894,0.27413225234355204,50000,comm,private,
<SOURCE_VECSTRAIGHT_REPO>/remote-results/phase3_vecstraight_clean_msgsource_learned_15seeds_remote_20260410/train/cond1_seed707_ep50000.pt,cond1,707,9001,greedy,none,none,none,none,agent_0,p_msg1_given_fhat,1.5<=fhat<2.5,,6008,0.6631158455392809,50000,comm,private,
<SOURCE_VECSTRAIGHT_REPO>/remote-results/phase3_vecstraight_clean_msgsource_learned_15seeds_remote_20260410/train/cond1_seed707_ep50000.pt,cond1,707,9001,greedy,none,none,none,none,agent_0,p_msg1_given_fhat,2.5<=fhat<3.5,,6306,0.35410719949254676,50000,comm,private,
<SOURCE_VECSTRAIGHT_REPO>/remote-results/phase3_vecstraight_clean_msgsource_learned_15seeds_remote_20260410/train/cond1_seed707_ep50000.pt,cond1,707,9001,greedy,none,none,none,none,agent_0,p_msg1_given_fhat,3.5<=fhat<4.5,,4259,0.07067386710495421,50000,comm,private,
<SOURCE_VECSTRAIGHT_REPO>/remote-results/phase3_vecstraight_clean_msgsource_learned_15seeds_remote_20260410/train/cond1_seed707_ep50000.pt,cond1,707,9001,greedy,none,none,none,none,agent_0,p_msg1_given_fhat,fhat<1.5,,8295,0.5557564798071127,50000,comm,private,
<SOURCE_VECSTRAIGHT_REPO>/remote-results/phase3_vecstraight_clean_msgsource_learned_15seeds_remote_20260410/train/cond1_seed707_ep50000.pt,cond1,707,9001,greedy,none,none,none,none,agent_0,p_msg1_given_fhat,fhat>=4.5,,5132,0.013445050662509743,50000,comm,private,
<SOURCE_VECSTRAIGHT_REPO>/remote-results/phase3_vecstraight_clean_msgsource_learned_15seeds_remote_20260410/train/cond1_seed707_ep50000.pt,cond1,707,9001,greedy,none,none,none,none,agent_1,p_msg1_given_fhat,1.5<=fhat<2.5,,6070,0.3074135090609555,50000,comm,private,
<SOURCE_VECSTRAIGHT_REPO>/remote-results/phase3_vecstraight_clean_msgsource_learned_15seeds_remote_20260410/train/cond1_seed707_ep50000.pt,cond1,707,9001,greedy,none,none,none,none,agent_1,p_msg1_given_fhat,2.5<=fhat<3.5,,6329,0.6328013904250277,50000,comm,private,
<SOURCE_VECSTRAIGHT_REPO>/remote-results/phase3_vecstraight_clean_msgsource_learned_15seeds_remote_20260410/train/cond1_seed707_ep50000.pt,cond1,707,9001,greedy,none,none,none,none,agent_1,p_msg1_given_fhat,3.5<=fhat<4.5,,4303,0.9834998838019986,50000,comm,private,
<SOURCE_VECSTRAIGHT_REPO>/remote-results/phase3_vecstraight_clean_msgsource_learned_15seeds_remote_20260410/train/cond1_seed707_ep50000.pt,cond1,707,9001,greedy,none,none,none,none,agent_1,p_msg1_given_fhat,fhat<1.5,,8194,0.5190383207224799,50000,comm,private,
<SOURCE_VECSTRAIGHT_REPO>/remote-results/phase3_vecstraight_clean_msgsource_learned_15seeds_remote_20260410/train/cond1_seed707_ep50000.pt,cond1,707,9001,greedy,none,none,none,none,agent_1,p_msg1_given_fhat,fhat>=4.5,,5104,1.0,50000,comm,private,
<SOURCE_VECSTRAIGHT_REPO>/remote-results/phase3_vecstraight_clean_msgsource_learned_15seeds_remote_20260410/train/cond1_seed707_ep50000.pt,cond1,707,9001,greedy,none,none,none,none,agent_2,p_msg1_given_fhat,1.5<=fhat<2.5,,6037,0.42289216498260723,50000,comm,private,
<SOURCE_VECSTRAIGHT_REPO>/remote-results/phase3_vecstraight_clean_msgsource_learned_15seeds_remote_20260410/train/cond1_seed707_ep50000.pt,cond1,707,9001,greedy,none,none,none,none,agent_2,p_msg1_given_fhat,2.5<=fhat<3.5,,6353,0.47489375098378717,50000,comm,private,
<SOURCE_VECSTRAIGHT_REPO>/remote-results/phase3_vecstraight_clean_msgsource_learned_15seeds_remote_20260410/train/cond1_seed707_ep50000.pt,cond1,707,9001,greedy,none,none,none,none,agent_2,p_msg1_given_fhat,3.5<=fhat<4.5,,4191,0.9508470532092579,50000,comm,private,
<SOURCE_VECSTRAIGHT_REPO>/remote-results/phase3_vecstraight_clean_msgsource_learned_15seeds_remote_20260410/train/cond1_seed707_ep50000.pt,cond1,707,9001,greedy,none,none,none,none,agent_2,p_msg1_given_fhat,fhat<1.5,,8255,0.855602665051484,50000,comm,private,
<SOURCE_VECSTRAIGHT_REPO>/remote-results/phase3_vecstraight_clean_msgsource_learned_15seeds_remote_20260410/train/cond1_seed707_ep50000.pt,cond1,707,9001,greedy,none,none,none,none,agent_2,p_msg1_given_fhat,fhat>=4.5,,5164,0.9209914794732765,50000,comm,private,
<SOURCE_VECSTRAIGHT_REPO>/remote-results/phase3_vecstraight_clean_msgsource_learned_15seeds_remote_20260410/train/cond1_seed707_ep50000.pt,cond1,707,9001,greedy,none,none,none,none,agent_3,p_msg1_given_fhat,1.5<=fhat<2.5,,6013,0.5877265923831698,50000,comm,private,
<SOURCE_VECSTRAIGHT_REPO>/remote-results/phase3_vecstraight_clean_msgsource_learned_15seeds_remote_20260410/train/cond1_seed707_ep50000.pt,cond1,707,9001,greedy,none,none,none,none,agent_3,p_msg1_given_fhat,2.5<=fhat<3.5,,6316,0.8424635845471817,50000,comm,private,
<SOURCE_VECSTRAIGHT_REPO>/remote-results/phase3_vecstraight_clean_msgsource_learned_15seeds_remote_20260410/train/cond1_seed707_ep50000.pt,cond1,707,9001,greedy,none,none,none,none,agent_3,p_msg1_given_fhat,3.5<=fhat<4.5,,4308,0.7776230269266481,50000,comm,private,
<SOURCE_VECSTRAIGHT_REPO>/remote-results/phase3_vecstraight_clean_msgsource_learned_15seeds_remote_20260410/train/cond1_seed707_ep50000.pt,cond1,707,9001,greedy,none,none,none,none,agent_3,p_msg1_given_fhat,fhat<1.5,,8261,0.8324658031715289,50000,comm,private,
<SOURCE_VECSTRAIGHT_REPO>/remote-results/phase3_vecstraight_clean_msgsource_learned_15seeds_remote_20260410/train/cond1_seed707_ep50000.pt,cond1,707,9001,greedy,none,none,none,none,agent_3,p_msg1_given_fhat,fhat>=4.5,,5102,0.13092904743237946,50000,comm,private,
<SOURCE_VECSTRAIGHT_REPO>/remote-results/phase3_vecstraight_clean_msgsource_learned_15seeds_remote_20260410/train/cond1_seed707_ep50000.pt,cond1,707,9001,greedy,none,none,none,none,agent_0,p_msg1_given_action,,0,16561,0.6438017027957249,50000,comm,private,
<SOURCE_VECSTRAIGHT_REPO>/remote-results/phase3_vecstraight_clean_msgsource_learned_15seeds_remote_20260410/train/cond1_seed707_ep50000.pt,cond1,707,9001,greedy,none,none,none,none,agent_0,p_msg1_given_action,,1,13439,0.03980950963613364,50000,comm,private,
<SOURCE_VECSTRAIGHT_REPO>/remote-results/phase3_vecstraight_clean_msgsource_learned_15seeds_remote_20260410/train/cond1_seed707_ep50000.pt,cond1,707,9001,greedy,none,none,none,none,agent_1,p_msg1_given_action,,0,17686,0.6167590184326586,50000,comm,private,
<SOURCE_VECSTRAIGHT_REPO>/remote-results/phase3_vecstraight_clean_msgsource_learned_15seeds_remote_20260410/train/cond1_seed707_ep50000.pt,cond1,707,9001,greedy,none,none,none,none,agent_1,p_msg1_given_action,,1,12314,0.6944940717882085,50000,comm,private,
<SOURCE_VECSTRAIGHT_REPO>/remote-results/phase3_vecstraight_clean_msgsource_learned_15seeds_remote_20260410/train/cond1_seed707_ep50000.pt,cond1,707,9001,greedy,none,none,none,none,agent_2,p_msg1_given_action,,0,26817,0.6893761419994779,50000,comm,private,
<SOURCE_VECSTRAIGHT_REPO>/remote-results/phase3_vecstraight_clean_msgsource_learned_15seeds_remote_20260410/train/cond1_seed707_ep50000.pt,cond1,707,9001,greedy,none,none,none,none,agent_2,p_msg1_given_action,,1,3183,0.9070059692114357,50000,comm,private,
<SOURCE_VECSTRAIGHT_REPO>/remote-results/phase3_vecstraight_clean_msgsource_learned_15seeds_remote_20260410/train/cond1_seed707_ep50000.pt,cond1,707,9001,greedy,none,none,none,none,agent_3,p_msg1_given_action,,0,21651,0.7272181423490832,50000,comm,private,
<SOURCE_VECSTRAIGHT_REPO>/remote-results/phase3_vecstraight_clean_msgsource_learned_15seeds_remote_20260410/train/cond1_seed707_ep50000.pt,cond1,707,9001,greedy,none,none,none,none,agent_3,p_msg1_given_action,,1,8349,0.479698167445203,50000,comm,private,
<SOURCE_VECSTRAIGHT_REPO>/remote-results/phase3_vecstraight_clean_msgsource_learned_15seeds_remote_20260410/train/cond1_seed808_ep50000.pt,cond1,808,9001,greedy,none,none,none,none,agent_0,p_msg1_given_fhat,1.5<=fhat<2.5,,6008,0.3956391478029294,50000,comm,private,
<SOURCE_VECSTRAIGHT_REPO>/remote-results/phase3_vecstraight_clean_msgsource_learned_15seeds_remote_20260410/train/cond1_seed808_ep50000.pt,cond1,808,9001,greedy,none,none,none,none,agent_0,p_msg1_given_fhat,2.5<=fhat<3.5,,6306,0.5870599429115129,50000,comm,private,
<SOURCE_VECSTRAIGHT_REPO>/remote-results/phase3_vecstraight_clean_msgsource_learned_15seeds_remote_20260410/train/cond1_seed808_ep50000.pt,cond1,808,9001,greedy,none,none,none,none,agent_0,p_msg1_given_fhat,3.5<=fhat<4.5,,4259,0.6344212256398215,50000,comm,private,
<SOURCE_VECSTRAIGHT_REPO>/remote-results/phase3_vecstraight_clean_msgsource_learned_15seeds_remote_20260410/train/cond1_seed808_ep50000.pt,cond1,808,9001,greedy,none,none,none,none,agent_0,p_msg1_given_fhat,fhat<1.5,,8295,0.6519590114526823,50000,comm,private,
<SOURCE_VECSTRAIGHT_REPO>/remote-results/phase3_vecstraight_clean_msgsource_learned_15seeds_remote_20260410/train/cond1_seed808_ep50000.pt,cond1,808,9001,greedy,none,none,none,none,agent_0,p_msg1_given_fhat,fhat>=4.5,,5132,0.14185502727981295,50000,comm,private,
<SOURCE_VECSTRAIGHT_REPO>/remote-results/phase3_vecstraight_clean_msgsource_learned_15seeds_remote_20260410/train/cond1_seed808_ep50000.pt,cond1,808,9001,greedy,none,none,none,none,agent_1,p_msg1_given_fhat,1.5<=fhat<2.5,,6070,0.5523887973640856,50000,comm,private,
<SOURCE_VECSTRAIGHT_REPO>/remote-results/phase3_vecstraight_clean_msgsource_learned_15seeds_remote_20260410/train/cond1_seed808_ep50000.pt,cond1,808,9001,greedy,none,none,none,none,agent_1,p_msg1_given_fhat,2.5<=fhat<3.5,,6329,0.7004266076789383,50000,comm,private,
<SOURCE_VECSTRAIGHT_REPO>/remote-results/phase3_vecstraight_clean_msgsource_learned_15seeds_remote_20260410/train/cond1_seed808_ep50000.pt,cond1,808,9001,greedy,none,none,none,none,agent_1,p_msg1_given_fhat,3.5<=fhat<4.5,,4303,0.6939344643272136,50000,comm,private,
<SOURCE_VECSTRAIGHT_REPO>/remote-results/phase3_vecstraight_clean_msgsource_learned_15seeds_remote_20260410/train/cond1_seed808_ep50000.pt,cond1,808,9001,greedy,none,none,none,none,agent_1,p_msg1_given_fhat,fhat<1.5,,8194,0.49304369050524777,50000,comm,private,
<SOURCE_VECSTRAIGHT_REPO>/remote-results/phase3_vecstraight_clean_msgsource_learned_15seeds_remote_20260410/train/cond1_seed808_ep50000.pt,cond1,808,9001,greedy,none,none,none,none,agent_1,p_msg1_given_fhat,fhat>=4.5,,5104,0.7876175548589341,50000,comm,private,
<SOURCE_VECSTRAIGHT_REPO>/remote-results/phase3_vecstraight_clean_msgsource_learned_15seeds_remote_20260410/train/cond1_seed808_ep50000.pt,cond1,808,9001,greedy,none,none,none,none,agent_2,p_msg1_given_fhat,1.5<=fhat<2.5,,6037,0.635249296007951,50000,comm,private,
<SOURCE_VECSTRAIGHT_REPO>/remote-results/phase3_vecstraight_clean_msgsource_learned_15seeds_remote_20260410/train/cond1_seed808_ep50000.pt,cond1,808,9001,greedy,none,none,none,none,agent_2,p_msg1_given_fhat,2.5<=fhat<3.5,,6353,0.23532189516763732,50000,comm,private,
<SOURCE_VECSTRAIGHT_REPO>/remote-results/phase3_vecstraight_clean_msgsource_learned_15seeds_remote_20260410/train/cond1_seed808_ep50000.pt,cond1,808,9001,greedy,none,none,none,none,agent_2,p_msg1_given_fhat,3.5<=fhat<4.5,,4191,0.5652588880935338,50000,comm,private,
<SOURCE_VECSTRAIGHT_REPO>/remote-results/phase3_vecstraight_clean_msgsource_learned_15seeds_remote_20260410/train/cond1_seed808_ep50000.pt,cond1,808,9001,greedy,none,none,none,none,agent_2,p_msg1_given_fhat,fhat<1.5,,8255,0.19127801332525743,50000,comm,private,
<SOURCE_VECSTRAIGHT_REPO>/remote-results/phase3_vecstraight_clean_msgsource_learned_15seeds_remote_20260410/train/cond1_seed808_ep50000.pt,cond1,808,9001,greedy,none,none,none,none,agent_2,p_msg1_given_fhat,fhat>=4.5,,5164,0.737412858249419,50000,comm,private,
<SOURCE_VECSTRAIGHT_REPO>/remote-results/phase3_vecstraight_clean_msgsource_learned_15seeds_remote_20260410/train/cond1_seed808_ep50000.pt,cond1,808,9001,greedy,none,none,none,none,agent_3,p_msg1_given_fhat,1.5<=fhat<2.5,,6013,0.879261599866955,50000,comm,private,
<SOURCE_VECSTRAIGHT_REPO>/remote-results/phase3_vecstraight_clean_msgsource_learned_15seeds_remote_20260410/train/cond1_seed808_ep50000.pt,cond1,808,9001,greedy,none,none,none,none,agent_3,p_msg1_given_fhat,2.5<=fhat<3.5,,6316,0.9738758708043065,50000,comm,private,
<SOURCE_VECSTRAIGHT_REPO>/remote-results/phase3_vecstraight_clean_msgsource_learned_15seeds_remote_20260410/train/cond1_seed808_ep50000.pt,cond1,808,9001,greedy,none,none,none,none,agent_3,p_msg1_given_fhat,3.5<=fhat<4.5,,4308,1.0,50000,comm,private,
<SOURCE_VECSTRAIGHT_REPO>/remote-results/phase3_vecstraight_clean_msgsource_learned_15seeds_remote_20260410/train/cond1_seed808_ep50000.pt,cond1,808,9001,greedy,none,none,none,none,agent_3,p_msg1_given_fhat,fhat<1.5,,8261,0.950369204696768,50000,comm,private,
<SOURCE_VECSTRAIGHT_REPO>/remote-results/phase3_vecstraight_clean_msgsource_learned_15seeds_remote_20260410/train/cond1_seed808_ep50000.pt,cond1,808,9001,greedy,none,none,none,none,agent_3,p_msg1_given_fhat,fhat>=4.5,,5102,1.0,50000,comm,private,
<SOURCE_VECSTRAIGHT_REPO>/remote-results/phase3_vecstraight_clean_msgsource_learned_15seeds_remote_20260410/train/cond1_seed808_ep50000.pt,cond1,808,9001,greedy,none,none,none,none,agent_0,p_msg1_given_action,,0,15875,0.5401574803149606,50000,comm,private,
<SOURCE_VECSTRAIGHT_REPO>/remote-results/phase3_vecstraight_clean_msgsource_learned_15seeds_remote_20260410/train/cond1_seed808_ep50000.pt,cond1,808,9001,greedy,none,none,none,none,agent_0,p_msg1_given_action,,1,14125,0.4489911504424779,50000,comm,private,
<SOURCE_VECSTRAIGHT_REPO>/remote-results/phase3_vecstraight_clean_msgsource_learned_15seeds_remote_20260410/train/cond1_seed808_ep50000.pt,cond1,808,9001,greedy,none,none,none,none,agent_1,p_msg1_given_action,,0,17510,0.5701313535122787,50000,comm,private,
<SOURCE_VECSTRAIGHT_REPO>/remote-results/phase3_vecstraight_clean_msgsource_learned_15seeds_remote_20260410/train/cond1_seed808_ep50000.pt,cond1,808,9001,greedy,none,none,none,none,agent_1,p_msg1_given_action,,1,12490,0.7084867894315452,50000,comm,private,
<SOURCE_VECSTRAIGHT_REPO>/remote-results/phase3_vecstraight_clean_msgsource_learned_15seeds_remote_20260410/train/cond1_seed808_ep50000.pt,cond1,808,9001,greedy,none,none,none,none,agent_2,p_msg1_given_action,,0,23081,0.393700446254495,50000,comm,private,
<SOURCE_VECSTRAIGHT_REPO>/remote-results/phase3_vecstraight_clean_msgsource_learned_15seeds_remote_20260410/train/cond1_seed808_ep50000.pt,cond1,808,9001,greedy,none,none,none,none,agent_2,p_msg1_given_action,,1,6919,0.5779736956207544,50000,comm,private,
<SOURCE_VECSTRAIGHT_REPO>/remote-results/phase3_vecstraight_clean_msgsource_learned_15seeds_remote_20260410/train/cond1_seed808_ep50000.pt,cond1,808,9001,greedy,none,none,none,none,agent_3,p_msg1_given_action,,0,23027,0.9441090893299171,50000,comm,private,
<SOURCE_VECSTRAIGHT_REPO>/remote-results/phase3_vecstraight_clean_msgsource_learned_15seeds_remote_20260410/train/cond1_seed808_ep50000.pt,cond1,808,9001,greedy,none,none,none,none,agent_3,p_msg1_given_action,,1,6973,0.9979922558439696,50000,comm,private,
<SOURCE_VECSTRAIGHT_REPO>/remote-results/phase3_vecstraight_clean_msgsource_learned_15seeds_remote_20260410/train/cond1_seed909_ep50000.pt,cond1,909,9001,greedy,none,none,none,none,agent_0,p_msg1_given_fhat,1.5<=fhat<2.5,,6008,0.6621171770972037,50000,comm,private,
<SOURCE_VECSTRAIGHT_REPO>/remote-results/phase3_vecstraight_clean_msgsource_learned_15seeds_remote_20260410/train/cond1_seed909_ep50000.pt,cond1,909,9001,greedy,none,none,none,none,agent_0,p_msg1_given_fhat,2.5<=fhat<3.5,,6306,0.5924516333650491,50000,comm,private,
<SOURCE_VECSTRAIGHT_REPO>/remote-results/phase3_vecstraight_clean_msgsource_learned_15seeds_remote_20260410/train/cond1_seed909_ep50000.pt,cond1,909,9001,greedy,none,none,none,none,agent_0,p_msg1_given_fhat,3.5<=fhat<4.5,,4259,0.14533928152148393,50000,comm,private,
<SOURCE_VECSTRAIGHT_REPO>/remote-results/phase3_vecstraight_clean_msgsource_learned_15seeds_remote_20260410/train/cond1_seed909_ep50000.pt,cond1,909,9001,greedy,none,none,none,none,agent_0,p_msg1_given_fhat,fhat<1.5,,8295,0.6142254370102471,50000,comm,private,
<SOURCE_VECSTRAIGHT_REPO>/remote-results/phase3_vecstraight_clean_msgsource_learned_15seeds_remote_20260410/train/cond1_seed909_ep50000.pt,cond1,909,9001,greedy,none,none,none,none,agent_0,p_msg1_given_fhat,fhat>=4.5,,5132,0.0,50000,comm,private,
<SOURCE_VECSTRAIGHT_REPO>/remote-results/phase3_vecstraight_clean_msgsource_learned_15seeds_remote_20260410/train/cond1_seed909_ep50000.pt,cond1,909,9001,greedy,none,none,none,none,agent_1,p_msg1_given_fhat,1.5<=fhat<2.5,,6070,0.4303130148270181,50000,comm,private,
<SOURCE_VECSTRAIGHT_REPO>/remote-results/phase3_vecstraight_clean_msgsource_learned_15seeds_remote_20260410/train/cond1_seed909_ep50000.pt,cond1,909,9001,greedy,none,none,none,none,agent_1,p_msg1_given_fhat,2.5<=fhat<3.5,,6329,0.3066835203033655,50000,comm,private,
<SOURCE_VECSTRAIGHT_REPO>/remote-results/phase3_vecstraight_clean_msgsource_learned_15seeds_remote_20260410/train/cond1_seed909_ep50000.pt,cond1,909,9001,greedy,none,none,none,none,agent_1,p_msg1_given_fhat,3.5<=fhat<4.5,,4303,0.24471299093655588,50000,comm,private,
<SOURCE_VECSTRAIGHT_REPO>/remote-results/phase3_vecstraight_clean_msgsource_learned_15seeds_remote_20260410/train/cond1_seed909_ep50000.pt,cond1,909,9001,greedy,none,none,none,none,agent_1,p_msg1_given_fhat,fhat<1.5,,8194,0.9081034903587991,50000,comm,private,
<SOURCE_VECSTRAIGHT_REPO>/remote-results/phase3_vecstraight_clean_msgsource_learned_15seeds_remote_20260410/train/cond1_seed909_ep50000.pt,cond1,909,9001,greedy,none,none,none,none,agent_1,p_msg1_given_fhat,fhat>=4.5,,5104,0.12754702194357367,50000,comm,private,
<SOURCE_VECSTRAIGHT_REPO>/remote-results/phase3_vecstraight_clean_msgsource_learned_15seeds_remote_20260410/train/cond1_seed909_ep50000.pt,cond1,909,9001,greedy,none,none,none,none,agent_2,p_msg1_given_fhat,1.5<=fhat<2.5,,6037,0.7934404505549114,50000,comm,private,
<SOURCE_VECSTRAIGHT_REPO>/remote-results/phase3_vecstraight_clean_msgsource_learned_15seeds_remote_20260410/train/cond1_seed909_ep50000.pt,cond1,909,9001,greedy,none,none,none,none,agent_2,p_msg1_given_fhat,2.5<=fhat<3.5,,6353,0.7239099637966315,50000,comm,private,
<SOURCE_VECSTRAIGHT_REPO>/remote-results/phase3_vecstraight_clean_msgsource_learned_15seeds_remote_20260410/train/cond1_seed909_ep50000.pt,cond1,909,9001,greedy,none,none,none,none,agent_2,p_msg1_given_fhat,3.5<=fhat<4.5,,4191,0.4512049630159866,50000,comm,private,
<SOURCE_VECSTRAIGHT_REPO>/remote-results/phase3_vecstraight_clean_msgsource_learned_15seeds_remote_20260410/train/cond1_seed909_ep50000.pt,cond1,909,9001,greedy,none,none,none,none,agent_2,p_msg1_given_fhat,fhat<1.5,,8255,0.2501514233797698,50000,comm,private,
<SOURCE_VECSTRAIGHT_REPO>/remote-results/phase3_vecstraight_clean_msgsource_learned_15seeds_remote_20260410/train/cond1_seed909_ep50000.pt,cond1,909,9001,greedy,none,none,none,none,agent_2,p_msg1_given_fhat,fhat>=4.5,,5164,0.3210689388071263,50000,comm,private,
<SOURCE_VECSTRAIGHT_REPO>/remote-results/phase3_vecstraight_clean_msgsource_learned_15seeds_remote_20260410/train/cond1_seed909_ep50000.pt,cond1,909,9001,greedy,none,none,none,none,agent_3,p_msg1_given_fhat,1.5<=fhat<2.5,,6013,0.0655246964909363,50000,comm,private,
<SOURCE_VECSTRAIGHT_REPO>/remote-results/phase3_vecstraight_clean_msgsource_learned_15seeds_remote_20260410/train/cond1_seed909_ep50000.pt,cond1,909,9001,greedy,none,none,none,none,agent_3,p_msg1_given_fhat,2.5<=fhat<3.5,,6316,0.8057314756174794,50000,comm,private,
<SOURCE_VECSTRAIGHT_REPO>/remote-results/phase3_vecstraight_clean_msgsource_learned_15seeds_remote_20260410/train/cond1_seed909_ep50000.pt,cond1,909,9001,greedy,none,none,none,none,agent_3,p_msg1_given_fhat,3.5<=fhat<4.5,,4308,0.7776230269266481,50000,comm,private,
<SOURCE_VECSTRAIGHT_REPO>/remote-results/phase3_vecstraight_clean_msgsource_learned_15seeds_remote_20260410/train/cond1_seed909_ep50000.pt,cond1,909,9001,greedy,none,none,none,none,agent_3,p_msg1_given_fhat,fhat<1.5,,8261,0.6504055199128435,50000,comm,private,
<SOURCE_VECSTRAIGHT_REPO>/remote-results/phase3_vecstraight_clean_msgsource_learned_15seeds_remote_20260410/train/cond1_seed909_ep50000.pt,cond1,909,9001,greedy,none,none,none,none,agent_3,p_msg1_given_fhat,fhat>=4.5,,5102,0.535672285378283,50000,comm,private,
<SOURCE_VECSTRAIGHT_REPO>/remote-results/phase3_vecstraight_clean_msgsource_learned_15seeds_remote_20260410/train/cond1_seed909_ep50000.pt,cond1,909,9001,greedy,none,none,none,none,agent_0,p_msg1_given_action,,0,26764,0.452585562696159,50000,comm,private,
<SOURCE_VECSTRAIGHT_REPO>/remote-results/phase3_vecstraight_clean_msgsource_learned_15seeds_remote_20260410/train/cond1_seed909_ep50000.pt,cond1,909,9001,greedy,none,none,none,none,agent_0,p_msg1_given_action,,1,3236,0.40636588380716937,50000,comm,private,
<SOURCE_VECSTRAIGHT_REPO>/remote-results/phase3_vecstraight_clean_msgsource_learned_15seeds_remote_20260410/train/cond1_seed909_ep50000.pt,cond1,909,9001,greedy,none,none,none,none,agent_1,p_msg1_given_action,,0,18474,0.6065280935368627,50000,comm,private,
<SOURCE_VECSTRAIGHT_REPO>/remote-results/phase3_vecstraight_clean_msgsource_learned_15seeds_remote_20260410/train/cond1_seed909_ep50000.pt,cond1,909,9001,greedy,none,none,none,none,agent_1,p_msg1_given_action,,1,11526,0.21629359708485163,50000,comm,private,
<SOURCE_VECSTRAIGHT_REPO>/remote-results/phase3_vecstraight_clean_msgsource_learned_15seeds_remote_20260410/train/cond1_seed909_ep50000.pt,cond1,909,9001,greedy,none,none,none,none,agent_2,p_msg1_given_action,,0,22784,0.5621049859550562,50000,comm,private,
<SOURCE_VECSTRAIGHT_REPO>/remote-results/phase3_vecstraight_clean_msgsource_learned_15seeds_remote_20260410/train/cond1_seed909_ep50000.pt,cond1,909,9001,greedy,none,none,none,none,agent_2,p_msg1_given_action,,1,7216,0.30432372505543237,50000,comm,private,
<SOURCE_VECSTRAIGHT_REPO>/remote-results/phase3_vecstraight_clean_msgsource_learned_15seeds_remote_20260410/train/cond1_seed909_ep50000.pt,cond1,909,9001,greedy,none,none,none,none,agent_3,p_msg1_given_action,,0,15809,0.4689733695995952,50000,comm,private,
<SOURCE_VECSTRAIGHT_REPO>/remote-results/phase3_vecstraight_clean_msgsource_learned_15seeds_remote_20260410/train/cond1_seed909_ep50000.pt,cond1,909,9001,greedy,none,none,none,none,agent_3,p_msg1_given_action,,1,14191,0.671200056373758,50000,comm,private,
