checkpoint,condition,train_seed,comm_enabled,eval_seed,eval_policy,ablation,history_intervention,sender_remap,cross_play,scope,key,n_rounds,coop_rate,avg_reward,p_all_cooperate,avg_welfare,p_coop_given_m0,p_coop_given_m1,checkpoint_episode,suite_kind,observability_mode,public_signal_sigma
<SOURCE_VECSTRAIGHT_REPO>/hetzner-results/phase3_vecstraight_clean_msgsource_learned_15seeds_hetzner_20260410/train/cond1_seed101_ep50000.pt,cond1,101,1,9001,greedy,fixed0,none,none,none,regime,competitive,5288,4.7276853252647505e-05,3.9999054462934946,0.0,15.999621785173979,,,50000,comm,private,
<SOURCE_VECSTRAIGHT_REPO>/hetzner-results/phase3_vecstraight_clean_msgsource_learned_15seeds_hetzner_20260410/train/cond1_seed101_ep50000.pt,cond1,101,1,9001,greedy,fixed0,none,none,none,regime,cooperative,5917,0.7850684468480649,16.561095149569038,0.16917356768632752,66.24438059827615,,,50000,comm,private,
<SOURCE_VECSTRAIGHT_REPO>/hetzner-results/phase3_vecstraight_clean_msgsource_learned_15seeds_hetzner_20260410/train/cond1_seed101_ep50000.pt,cond1,101,1,9001,greedy,fixed0,none,none,none,regime,mixed,18795,0.21875498802873106,6.051928704442671,0.017983506251662677,24.207714817770682,,,50000,comm,private,
<SOURCE_VECSTRAIGHT_REPO>/hetzner-results/phase3_vecstraight_clean_msgsource_learned_15seeds_hetzner_20260410/train/cond1_seed101_ep50000.pt,cond1,101,1,9001,greedy,fixed0,none,none,none,f_value,0.500,5288,4.7276853252647505e-05,3.9999054462934946,0.0,15.999621785173979,4.7276853252647505e-05,,50000,comm,private,
<SOURCE_VECSTRAIGHT_REPO>/hetzner-results/phase3_vecstraight_clean_msgsource_learned_15seeds_hetzner_20260410/train/cond1_seed101_ep50000.pt,cond1,101,1,9001,greedy,fixed0,none,none,none,f_value,1.500,5824,0.0027472527472527475,4.0054945054945055,0.0,16.021978021978022,0.0027472527472527475,,50000,comm,private,
<SOURCE_VECSTRAIGHT_REPO>/hetzner-results/phase3_vecstraight_clean_msgsource_learned_15seeds_hetzner_20260410/train/cond1_seed101_ep50000.pt,cond1,101,1,9001,greedy,fixed0,none,none,none,f_value,2.500,6298,0.09610193712289616,4.576611622737377,0.0,18.306446490949508,0.09610193712289616,,50000,comm,private,
<SOURCE_VECSTRAIGHT_REPO>/hetzner-results/phase3_vecstraight_clean_msgsource_learned_15seeds_hetzner_20260410/train/cond1_seed101_ep50000.pt,cond1,101,1,9001,greedy,fixed0,none,none,none,f_value,3.500,6673,0.5230406114191518,9.230406114191519,0.05065188071332234,36.921624456766075,0.5230406114191518,,50000,comm,private,
<SOURCE_VECSTRAIGHT_REPO>/hetzner-results/phase3_vecstraight_clean_msgsource_learned_15seeds_hetzner_20260410/train/cond1_seed101_ep50000.pt,cond1,101,1,9001,greedy,fixed0,none,none,none,f_value,5.000,5917,0.7850684468480649,16.561095149569038,0.16917356768632752,66.24438059827615,0.7850684468480649,,50000,comm,private,
<SOURCE_VECSTRAIGHT_REPO>/hetzner-results/phase3_vecstraight_clean_msgsource_learned_15seeds_hetzner_20260410/train/cond1_seed101_ep50000.pt,cond1,101,1,9001,greedy,fixed1,none,none,none,regime,competitive,5288,0.0,4.0,0.0,16.0,,,50000,comm,private,
<SOURCE_VECSTRAIGHT_REPO>/hetzner-results/phase3_vecstraight_clean_msgsource_learned_15seeds_hetzner_20260410/train/cond1_seed101_ep50000.pt,cond1,101,1,9001,greedy,fixed1,none,none,none,regime,cooperative,5917,0.5593628527970255,12.949805644752407,0.008450228156160216,51.79922257900963,,,50000,comm,private,
<SOURCE_VECSTRAIGHT_REPO>/hetzner-results/phase3_vecstraight_clean_msgsource_learned_15seeds_hetzner_20260410/train/cond1_seed101_ep50000.pt,cond1,101,1,9001,greedy,fixed1,none,none,none,regime,mixed,18795,0.1505586592178771,5.397366320830008,0.0,21.58946528332003,,,50000,comm,private,
<SOURCE_VECSTRAIGHT_REPO>/hetzner-results/phase3_vecstraight_clean_msgsource_learned_15seeds_hetzner_20260410/train/cond1_seed101_ep50000.pt,cond1,101,1,9001,greedy,fixed1,none,none,none,f_value,0.500,5288,0.0,4.0,0.0,16.0,,0.0,50000,comm,private,
<SOURCE_VECSTRAIGHT_REPO>/hetzner-results/phase3_vecstraight_clean_msgsource_learned_15seeds_hetzner_20260410/train/cond1_seed101_ep50000.pt,cond1,101,1,9001,greedy,fixed1,none,none,none,f_value,1.500,5824,0.0015453296703296703,4.00309065934066,0.0,16.01236263736264,,0.0015453296703296703,50000,comm,private,
<SOURCE_VECSTRAIGHT_REPO>/hetzner-results/phase3_vecstraight_clean_msgsource_learned_15seeds_hetzner_20260410/train/cond1_seed101_ep50000.pt,cond1,101,1,9001,greedy,fixed1,none,none,none,f_value,2.500,6298,0.07788186725944744,4.467291203556685,0.0,17.86916481422674,,0.07788186725944744,50000,comm,private,
<SOURCE_VECSTRAIGHT_REPO>/hetzner-results/phase3_vecstraight_clean_msgsource_learned_15seeds_hetzner_20260410/train/cond1_seed101_ep50000.pt,cond1,101,1,9001,greedy,fixed1,none,none,none,f_value,3.500,6673,0.34920575453319347,7.492057545331934,0.0,29.968230181327737,,0.34920575453319347,50000,comm,private,
<SOURCE_VECSTRAIGHT_REPO>/hetzner-results/phase3_vecstraight_clean_msgsource_learned_15seeds_hetzner_20260410/train/cond1_seed101_ep50000.pt,cond1,101,1,9001,greedy,fixed1,none,none,none,f_value,5.000,5917,0.5593628527970255,12.949805644752407,0.008450228156160216,51.79922257900963,,0.5593628527970255,50000,comm,private,
<SOURCE_VECSTRAIGHT_REPO>/hetzner-results/phase3_vecstraight_clean_msgsource_learned_15seeds_hetzner_20260410/train/cond1_seed101_ep50000.pt,cond1,101,1,9001,greedy,indep_random,none,none,none,regime,competitive,5444,0.00013776634827332844,3.9997244673034533,0.0,15.998897869213813,,,50000,comm,private,
<SOURCE_VECSTRAIGHT_REPO>/hetzner-results/phase3_vecstraight_clean_msgsource_learned_15seeds_hetzner_20260410/train/cond1_seed101_ep50000.pt,cond1,101,1,9001,greedy,indep_random,none,none,none,regime,cooperative,5829,0.6263938926059358,14.022302281694973,0.08371933436266941,56.08920912677989,,,50000,comm,private,
<SOURCE_VECSTRAIGHT_REPO>/hetzner-results/phase3_vecstraight_clean_msgsource_learned_15seeds_hetzner_20260410/train/cond1_seed101_ep50000.pt,cond1,101,1,9001,greedy,indep_random,none,none,none,regime,mixed,18727,0.1763763549954611,5.550328402840818,0.0016019650771613178,22.201313611363272,,,50000,comm,private,
<SOURCE_VECSTRAIGHT_REPO>/hetzner-results/phase3_vecstraight_clean_msgsource_learned_15seeds_hetzner_20260410/train/cond1_seed101_ep50000.pt,cond1,101,1,9001,greedy,indep_random,none,none,none,f_value,0.500,5444,0.00013776634827332844,3.9997244673034533,0.0,15.998897869213813,0.00015862105430127426,0.00015803613759679715,50000,comm,private,
<SOURCE_VECSTRAIGHT_REPO>/hetzner-results/phase3_vecstraight_clean_msgsource_learned_15seeds_hetzner_20260410/train/cond1_seed101_ep50000.pt,cond1,101,1,9001,greedy,indep_random,none,none,none,f_value,1.500,5205,0.011191162343900097,4.0223823246878005,0.0,16.089529298751202,0.012779552715654952,0.012145526489338317,50000,comm,private,
<SOURCE_VECSTRAIGHT_REPO>/hetzner-results/phase3_vecstraight_clean_msgsource_learned_15seeds_hetzner_20260410/train/cond1_seed101_ep50000.pt,cond1,101,1,9001,greedy,indep_random,none,none,none,f_value,2.500,7182,0.12291144527986633,4.737468671679198,0.0,18.949874686716793,0.13440881683504372,0.12551170462223282,50000,comm,private,
<SOURCE_VECSTRAIGHT_REPO>/hetzner-results/phase3_vecstraight_clean_msgsource_learned_15seeds_hetzner_20260410/train/cond1_seed101_ep50000.pt,cond1,101,1,9001,greedy,indep_random,none,none,none,f_value,3.500,6340,0.3725552050473186,7.725552050473186,0.00473186119873817,30.902208201892744,0.3954329640515487,0.3585007902461052,50000,comm,private,
<SOURCE_VECSTRAIGHT_REPO>/hetzner-results/phase3_vecstraight_clean_msgsource_learned_15seeds_hetzner_20260410/train/cond1_seed101_ep50000.pt,cond1,101,1,9001,greedy,indep_random,none,none,none,f_value,5.000,5829,0.6263938926059358,14.022302281694973,0.08371933436266941,56.08920912677989,0.6536749431199921,0.5957943925233645,50000,comm,private,
<SOURCE_VECSTRAIGHT_REPO>/hetzner-results/phase3_vecstraight_clean_msgsource_learned_15seeds_hetzner_20260410/train/cond1_seed101_ep50000.pt,cond1,101,1,9001,greedy,marginal,none,none,none,regime,competitive,5980,0.00033444816053511704,3.9993311036789296,0.0,15.997324414715719,,,50000,comm,private,
<SOURCE_VECSTRAIGHT_REPO>/hetzner-results/phase3_vecstraight_clean_msgsource_learned_15seeds_hetzner_20260410/train/cond1_seed101_ep50000.pt,cond1,101,1,9001,greedy,marginal,none,none,none,regime,cooperative,5921,0.6227410910319203,13.963857456510725,0.07988515453470697,55.8554298260429,,,50000,comm,private,
<SOURCE_VECSTRAIGHT_REPO>/hetzner-results/phase3_vecstraight_clean_msgsource_learned_15seeds_hetzner_20260410/train/cond1_seed101_ep50000.pt,cond1,101,1,9001,greedy,marginal,none,none,none,regime,mixed,18099,0.17322780264102988,5.544698602132715,0.0006630200563567048,22.17879440853086,,,50000,comm,private,
<SOURCE_VECSTRAIGHT_REPO>/hetzner-results/phase3_vecstraight_clean_msgsource_learned_15seeds_hetzner_20260410/train/cond1_seed101_ep50000.pt,cond1,101,1,9001,greedy,marginal,none,none,none,f_value,0.500,5980,0.00033444816053511704,3.9993311036789296,0.0,15.997324414715719,0.00039840637450199205,0.0003695662216473414,50000,comm,private,
<SOURCE_VECSTRAIGHT_REPO>/hetzner-results/phase3_vecstraight_clean_msgsource_learned_15seeds_hetzner_20260410/train/cond1_seed101_ep50000.pt,cond1,101,1,9001,greedy,marginal,none,none,none,f_value,1.500,5804,0.010251550654720882,4.020503101309441,0.0,16.082012405237766,0.012249328095927228,0.010890151515151516,50000,comm,private,
<SOURCE_VECSTRAIGHT_REPO>/hetzner-results/phase3_vecstraight_clean_msgsource_learned_15seeds_hetzner_20260410/train/cond1_seed101_ep50000.pt,cond1,101,1,9001,greedy,marginal,none,none,none,f_value,2.500,5884,0.12402277362338546,4.744136641740313,0.0,18.97654656696125,0.13882544033297803,0.125268766944003,50000,comm,private,
<SOURCE_VECSTRAIGHT_REPO>/hetzner-results/phase3_vecstraight_clean_msgsource_learned_15seeds_hetzner_20260410/train/cond1_seed101_ep50000.pt,cond1,101,1,9001,greedy,marginal,none,none,none,f_value,3.500,6411,0.36593355170800185,7.659335517080018,0.0018717828731867104,30.637342068320073,0.392961187858284,0.3578496466052688,50000,comm,private,
<SOURCE_VECSTRAIGHT_REPO>/hetzner-results/phase3_vecstraight_clean_msgsource_learned_15seeds_hetzner_20260410/train/cond1_seed101_ep50000.pt,cond1,101,1,9001,greedy,marginal,none,none,none,f_value,5.000,5921,0.6227410910319203,13.963857456510725,0.07988515453470697,55.8554298260429,0.665448368166375,0.6016863251013638,50000,comm,private,
<SOURCE_VECSTRAIGHT_REPO>/hetzner-results/phase3_vecstraight_clean_msgsource_learned_15seeds_hetzner_20260410/train/cond1_seed101_ep50000.pt,cond1,101,1,9001,greedy,none,none,none,none,regime,competitive,5288,0.0,4.0,0.0,16.0,,,50000,comm,private,
<SOURCE_VECSTRAIGHT_REPO>/hetzner-results/phase3_vecstraight_clean_msgsource_learned_15seeds_hetzner_20260410/train/cond1_seed101_ep50000.pt,cond1,101,1,9001,greedy,none,none,none,none,regime,cooperative,5917,0.6270491803278688,14.032786885245901,0.029913807672807165,56.131147540983605,,,50000,comm,private,
<SOURCE_VECSTRAIGHT_REPO>/hetzner-results/phase3_vecstraight_clean_msgsource_learned_15seeds_hetzner_20260410/train/cond1_seed101_ep50000.pt,cond1,101,1,9001,greedy,none,none,none,none,regime,mixed,18795,0.17406225059856345,5.547698856078744,0.00047885075818036713,22.190795424314977,,,50000,comm,private,
<SOURCE_VECSTRAIGHT_REPO>/hetzner-results/phase3_vecstraight_clean_msgsource_learned_15seeds_hetzner_20260410/train/cond1_seed101_ep50000.pt,cond1,101,1,9001,greedy,none,none,none,none,f_value,0.500,5288,0.0,4.0,0.0,16.0,0.0,0.0,50000,comm,private,
<SOURCE_VECSTRAIGHT_REPO>/hetzner-results/phase3_vecstraight_clean_msgsource_learned_15seeds_hetzner_20260410/train/cond1_seed101_ep50000.pt,cond1,101,1,9001,greedy,none,none,none,none,f_value,1.500,5824,0.004721840659340659,4.009443681318682,0.0,16.037774725274726,0.005810414476232638,0.00471417456176484,50000,comm,private,
<SOURCE_VECSTRAIGHT_REPO>/hetzner-results/phase3_vecstraight_clean_msgsource_learned_15seeds_hetzner_20260410/train/cond1_seed101_ep50000.pt,cond1,101,1,9001,greedy,none,none,none,none,f_value,2.500,6298,0.1352016513178787,4.811209907907272,0.0,19.244839631629088,0.1568751829803845,0.12900601919635596,50000,comm,private,
<SOURCE_VECSTRAIGHT_REPO>/hetzner-results/phase3_vecstraight_clean_msgsource_learned_15seeds_hetzner_20260410/train/cond1_seed101_ep50000.pt,cond1,101,1,9001,greedy,none,none,none,none,f_value,3.500,6673,0.35853439232728906,7.585343923272891,0.0013487187172186424,30.341375693091564,0.38827314980336075,0.3590182648401826,50000,comm,private,
<SOURCE_VECSTRAIGHT_REPO>/hetzner-results/phase3_vecstraight_clean_msgsource_learned_15seeds_hetzner_20260410/train/cond1_seed101_ep50000.pt,cond1,101,1,9001,greedy,none,none,none,none,f_value,5.000,5917,0.6270491803278688,14.032786885245901,0.029913807672807165,56.131147540983605,0.7953203465592407,0.6255145779399907,50000,comm,private,
<SOURCE_VECSTRAIGHT_REPO>/hetzner-results/phase3_vecstraight_clean_msgsource_learned_15seeds_hetzner_20260410/train/cond1_seed101_ep50000.pt,cond1,101,1,9001,greedy,permute_slots,none,none,none,regime,competitive,5862,4.2647560559536e-05,3.999914704878881,0.0,15.999658819515524,,,50000,comm,private,
<SOURCE_VECSTRAIGHT_REPO>/hetzner-results/phase3_vecstraight_clean_msgsource_learned_15seeds_hetzner_20260410/train/cond1_seed101_ep50000.pt,cond1,101,1,9001,greedy,permute_slots,none,none,none,regime,cooperative,6068,0.6127224785761372,13.803559657218194,0.05949241924851681,55.21423862887278,,,50000,comm,private,
<SOURCE_VECSTRAIGHT_REPO>/hetzner-results/phase3_vecstraight_clean_msgsource_learned_15seeds_hetzner_20260410/train/cond1_seed101_ep50000.pt,cond1,101,1,9001,greedy,permute_slots,none,none,none,regime,mixed,18070,0.16780575539568346,5.489513004980631,0.00016602102933038185,21.958052019922523,,,50000,comm,private,
<SOURCE_VECSTRAIGHT_REPO>/hetzner-results/phase3_vecstraight_clean_msgsource_learned_15seeds_hetzner_20260410/train/cond1_seed101_ep50000.pt,cond1,101,1,9001,greedy,permute_slots,none,none,none,f_value,0.500,5862,4.2647560559536e-05,3.999914704878881,0.0,15.999658819515524,4.845900368288428e-05,4.47167195814515e-05,50000,comm,private,
<SOURCE_VECSTRAIGHT_REPO>/hetzner-results/phase3_vecstraight_clean_msgsource_learned_15seeds_hetzner_20260410/train/cond1_seed101_ep50000.pt,cond1,101,1,9001,greedy,permute_slots,none,none,none,f_value,1.500,5576,0.008697991391678622,4.017395982783357,0.0,16.06958393113343,0.010393992163691771,0.009164677804295942,50000,comm,private,
<SOURCE_VECSTRAIGHT_REPO>/hetzner-results/phase3_vecstraight_clean_msgsource_learned_15seeds_hetzner_20260410/train/cond1_seed101_ep50000.pt,cond1,101,1,9001,greedy,permute_slots,none,none,none,f_value,2.500,6045,0.12485525227460711,4.749131513647643,0.0,18.99652605459057,0.13874896072773513,0.12486234646336299,50000,comm,private,
<SOURCE_VECSTRAIGHT_REPO>/hetzner-results/phase3_vecstraight_clean_msgsource_learned_15seeds_hetzner_20260410/train/cond1_seed101_ep50000.pt,cond1,101,1,9001,greedy,permute_slots,none,none,none,f_value,3.500,6449,0.34563498216777794,7.4563498216777795,0.0004651884013025275,29.825399286711118,0.3694090503906455,0.3451337864916899,50000,comm,private,
<SOURCE_VECSTRAIGHT_REPO>/hetzner-results/phase3_vecstraight_clean_msgsource_learned_15seeds_hetzner_20260410/train/cond1_seed101_ep50000.pt,cond1,101,1,9001,greedy,permute_slots,none,none,none,f_value,5.000,6068,0.6127224785761372,13.803559657218194,0.05949241924851681,55.21423862887278,0.6961169284467714,0.6116653557974914,50000,comm,private,
<SOURCE_VECSTRAIGHT_REPO>/hetzner-results/phase3_vecstraight_clean_msgsource_learned_15seeds_hetzner_20260410/train/cond1_seed101_ep50000.pt,cond1,101,1,9001,greedy,public_marginal,none,none,none,regime,competitive,6381,3.9178812098417176e-05,3.9999216423758033,0.0,15.999686569503213,,,50000,comm,private,
<SOURCE_VECSTRAIGHT_REPO>/hetzner-results/phase3_vecstraight_clean_msgsource_learned_15seeds_hetzner_20260410/train/cond1_seed101_ep50000.pt,cond1,101,1,9001,greedy,public_marginal,none,none,none,regime,cooperative,5877,0.6704526118768079,14.727241790028927,0.15484090522375363,58.90896716011571,,,50000,comm,private,
<SOURCE_VECSTRAIGHT_REPO>/hetzner-results/phase3_vecstraight_clean_msgsource_learned_15seeds_hetzner_20260410/train/cond1_seed101_ep50000.pt,cond1,101,1,9001,greedy,public_marginal,none,none,none,regime,mixed,17742,0.17414891218577386,5.598100552361628,0.008116334122421373,22.392402209446512,,,50000,comm,private,
<SOURCE_VECSTRAIGHT_REPO>/hetzner-results/phase3_vecstraight_clean_msgsource_learned_15seeds_hetzner_20260410/train/cond1_seed101_ep50000.pt,cond1,101,1,9001,greedy,public_marginal,none,none,none,f_value,0.500,6381,3.9178812098417176e-05,3.9999216423758033,0.0,15.999686569503213,8.549931600547196e-05,0.0,50000,comm,private,
<SOURCE_VECSTRAIGHT_REPO>/hetzner-results/phase3_vecstraight_clean_msgsource_learned_15seeds_hetzner_20260410/train/cond1_seed101_ep50000.pt,cond1,101,1,9001,greedy,public_marginal,none,none,none,f_value,1.500,5647,0.0024791924915884543,4.004958384983177,0.0,16.01983353993271,0.0033589251439539347,0.0017258382642998027,50000,comm,private,
<SOURCE_VECSTRAIGHT_REPO>/hetzner-results/phase3_vecstraight_clean_msgsource_learned_15seeds_hetzner_20260410/train/cond1_seed101_ep50000.pt,cond1,101,1,9001,greedy,public_marginal,none,none,none,f_value,2.500,6241,0.09742028521070341,4.5845217112642205,0.0,18.338086845056882,0.11803308162531463,0.08085260115606936,50000,comm,private,
<SOURCE_VECSTRAIGHT_REPO>/hetzner-results/phase3_vecstraight_clean_msgsource_learned_15seeds_hetzner_20260410/train/cond1_seed101_ep50000.pt,cond1,101,1,9001,greedy,public_marginal,none,none,none,f_value,3.500,5854,0.42154936795353604,8.21549367953536,0.02459856508370345,32.86197471814144,0.5403444272445821,0.32767584097859326,50000,comm,private,
<SOURCE_VECSTRAIGHT_REPO>/hetzner-results/phase3_vecstraight_clean_msgsource_learned_15seeds_hetzner_20260410/train/cond1_seed101_ep50000.pt,cond1,101,1,9001,greedy,public_marginal,none,none,none,f_value,5.000,5877,0.6704526118768079,14.727241790028927,0.15484090522375363,58.90896716011571,0.8304149219642177,0.5411538461538462,50000,comm,private,
<SOURCE_VECSTRAIGHT_REPO>/hetzner-results/phase3_vecstraight_clean_msgsource_learned_15seeds_hetzner_20260410/train/cond1_seed101_ep50000.pt,cond1,101,1,9001,greedy,public_random,none,none,none,regime,competitive,5929,4.2165626581210996e-05,3.9999156687468376,0.0,15.99966267498735,,,50000,comm,private,
<SOURCE_VECSTRAIGHT_REPO>/hetzner-results/phase3_vecstraight_clean_msgsource_learned_15seeds_hetzner_20260410/train/cond1_seed101_ep50000.pt,cond1,101,1,9001,greedy,public_random,none,none,none,regime,cooperative,5836,0.6803032899246059,14.884852638793694,0.15952707333790267,59.539410555174776,,,50000,comm,private,
<SOURCE_VECSTRAIGHT_REPO>/hetzner-results/phase3_vecstraight_clean_msgsource_learned_15seeds_hetzner_20260410/train/cond1_seed101_ep50000.pt,cond1,101,1,9001,greedy,public_random,none,none,none,regime,mixed,18235,0.17891417603509735,5.650068549492734,0.008390457910611462,22.600274197970936,,,50000,comm,private,
<SOURCE_VECSTRAIGHT_REPO>/hetzner-results/phase3_vecstraight_clean_msgsource_learned_15seeds_hetzner_20260410/train/cond1_seed101_ep50000.pt,cond1,101,1,9001,greedy,public_random,none,none,none,f_value,0.500,5929,4.2165626581210996e-05,3.9999156687468376,0.0,15.99966267498735,0.0,8.3948959032908e-05,50000,comm,private,
<SOURCE_VECSTRAIGHT_REPO>/hetzner-results/phase3_vecstraight_clean_msgsource_learned_15seeds_hetzner_20260410/train/cond1_seed101_ep50000.pt,cond1,101,1,9001,greedy,public_random,none,none,none,f_value,1.500,5872,0.0018307220708446866,4.00366144414169,0.0,16.01464577656676,0.0022116366110922084,0.0014490282986703035,50000,comm,private,
<SOURCE_VECSTRAIGHT_REPO>/hetzner-results/phase3_vecstraight_clean_msgsource_learned_15seeds_hetzner_20260410/train/cond1_seed101_ep50000.pt,cond1,101,1,9001,greedy,public_random,none,none,none,f_value,2.500,6262,0.0978122005748962,4.586873203449377,0.0,18.34749281379751,0.11320305052430886,0.08226324237560192,50000,comm,private,
<SOURCE_VECSTRAIGHT_REPO>/hetzner-results/phase3_vecstraight_clean_msgsource_learned_15seeds_hetzner_20260410/train/cond1_seed101_ep50000.pt,cond1,101,1,9001,greedy,public_random,none,none,none,f_value,3.500,6101,0.4325930175381085,8.325930175381085,0.025077856089165712,33.30372070152434,0.5392140743176587,0.3266339869281046,50000,comm,private,
<SOURCE_VECSTRAIGHT_REPO>/hetzner-results/phase3_vecstraight_clean_msgsource_learned_15seeds_hetzner_20260410/train/cond1_seed101_ep50000.pt,cond1,101,1,9001,greedy,public_random,none,none,none,f_value,5.000,5836,0.6803032899246059,14.884852638793694,0.15952707333790267,59.539410555174776,0.823354816824966,0.5342797783933518,50000,comm,private,
<SOURCE_VECSTRAIGHT_REPO>/hetzner-results/phase3_vecstraight_clean_msgsource_learned_15seeds_hetzner_20260410/train/cond1_seed101_ep50000.pt,cond1,101,1,9001,greedy,sender_shuffle,none,none,none,regime,competitive,5288,4.7276853252647505e-05,3.9999054462934946,0.0,15.999621785173979,,,50000,comm,private,
<SOURCE_VECSTRAIGHT_REPO>/hetzner-results/phase3_vecstraight_clean_msgsource_learned_15seeds_hetzner_20260410/train/cond1_seed101_ep50000.pt,cond1,101,1,9001,greedy,sender_shuffle,none,none,none,regime,cooperative,5917,0.6205847557884063,13.929356092614501,0.06760182524928172,55.717424370458005,,,50000,comm,private,
<SOURCE_VECSTRAIGHT_REPO>/hetzner-results/phase3_vecstraight_clean_msgsource_learned_15seeds_hetzner_20260410/train/cond1_seed101_ep50000.pt,cond1,101,1,9001,greedy,sender_shuffle,none,none,none,regime,mixed,18795,0.1647246608140463,5.4726256983240225,0.0007980845969672786,21.89050279329609,,,50000,comm,private,
<SOURCE_VECSTRAIGHT_REPO>/hetzner-results/phase3_vecstraight_clean_msgsource_learned_15seeds_hetzner_20260410/train/cond1_seed101_ep50000.pt,cond1,101,1,9001,greedy,sender_shuffle,none,none,none,f_value,0.500,5288,4.7276853252647505e-05,3.9999054462934946,0.0,15.999621785173979,6.250390649415588e-05,4.968450340338848e-05,50000,comm,private,
<SOURCE_VECSTRAIGHT_REPO>/hetzner-results/phase3_vecstraight_clean_msgsource_learned_15seeds_hetzner_20260410/train/cond1_seed101_ep50000.pt,cond1,101,1,9001,greedy,sender_shuffle,none,none,none,f_value,1.500,5824,0.01150412087912088,4.023008241758242,0.0,16.092032967032967,0.01495665967933828,0.011940702023160455,50000,comm,private,
<SOURCE_VECSTRAIGHT_REPO>/hetzner-results/phase3_vecstraight_clean_msgsource_learned_15seeds_hetzner_20260410/train/cond1_seed101_ep50000.pt,cond1,101,1,9001,greedy,sender_shuffle,none,none,none,f_value,2.500,6298,0.10900285805017466,4.6540171483010475,0.0,18.61606859320419,0.1263681065933485,0.11008375487187992,50000,comm,private,
<SOURCE_VECSTRAIGHT_REPO>/hetzner-results/phase3_vecstraight_clean_msgsource_learned_15seeds_hetzner_20260410/train/cond1_seed101_ep50000.pt,cond1,101,1,9001,greedy,sender_shuffle,none,none,none,f_value,3.500,6673,0.3510415105649633,7.510415105649633,0.002247864528697737,30.041660422598532,0.38476893901586984,0.3506585136406397,50000,comm,private,
<SOURCE_VECSTRAIGHT_REPO>/hetzner-results/phase3_vecstraight_clean_msgsource_learned_15seeds_hetzner_20260410/train/cond1_seed101_ep50000.pt,cond1,101,1,9001,greedy,sender_shuffle,none,none,none,f_value,5.000,5917,0.6205847557884063,13.929356092614501,0.06760182524928172,55.717424370458005,0.6801626291716076,0.6087706876714754,50000,comm,private,
<SOURCE_VECSTRAIGHT_REPO>/hetzner-results/phase3_vecstraight_clean_msgsource_learned_15seeds_hetzner_20260410/train/cond1_seed101_ep50000.pt,cond1,101,1,9001,greedy,zeros,none,none,none,regime,competitive,5288,0.0,4.0,0.0,16.0,,,50000,comm,private,
<SOURCE_VECSTRAIGHT_REPO>/hetzner-results/phase3_vecstraight_clean_msgsource_learned_15seeds_hetzner_20260410/train/cond1_seed101_ep50000.pt,cond1,101,1,9001,greedy,zeros,none,none,none,regime,cooperative,5917,0.7370711509210749,15.793138414737198,0.37366908906540475,63.17255365894879,,,50000,comm,private,
<SOURCE_VECSTRAIGHT_REPO>/hetzner-results/phase3_vecstraight_clean_msgsource_learned_15seeds_hetzner_20260410/train/cond1_seed101_ep50000.pt,cond1,101,1,9001,greedy,zeros,none,none,none,regime,mixed,18795,0.27966214418728386,6.431577547220005,0.035115722266560255,25.72631018888002,,,50000,comm,private,
<SOURCE_VECSTRAIGHT_REPO>/hetzner-results/phase3_vecstraight_clean_msgsource_learned_15seeds_hetzner_20260410/train/cond1_seed101_ep50000.pt,cond1,101,1,9001,greedy,zeros,none,none,none,f_value,0.500,5288,0.0,4.0,0.0,16.0,0.0,0.0,50000,comm,private,
<SOURCE_VECSTRAIGHT_REPO>/hetzner-results/phase3_vecstraight_clean_msgsource_learned_15seeds_hetzner_20260410/train/cond1_seed101_ep50000.pt,cond1,101,1,9001,greedy,zeros,none,none,none,f_value,1.500,5824,0.014766483516483516,4.029532967032967,0.0,16.11813186813187,0.015220949263502455,0.015222161272627537,50000,comm,private,
<SOURCE_VECSTRAIGHT_REPO>/hetzner-results/phase3_vecstraight_clean_msgsource_learned_15seeds_hetzner_20260410/train/cond1_seed101_ep50000.pt,cond1,101,1,9001,greedy,zeros,none,none,none,f_value,2.500,6298,0.24503810733566211,5.4702286440139725,0.00031756113051762465,21.88091457605589,0.24046079592022584,0.2472058398977193,50000,comm,private,
<SOURCE_VECSTRAIGHT_REPO>/hetzner-results/phase3_vecstraight_clean_msgsource_learned_15seeds_hetzner_20260410/train/cond1_seed101_ep50000.pt,cond1,101,1,9001,greedy,zeros,none,none,none,f_value,3.500,6673,0.5435336430391129,9.435336430391128,0.09860632399220741,37.741345721564514,0.5074562247450453,0.5399977089617779,50000,comm,private,
<SOURCE_VECSTRAIGHT_REPO>/hetzner-results/phase3_vecstraight_clean_msgsource_learned_15seeds_hetzner_20260410/train/cond1_seed101_ep50000.pt,cond1,101,1,9001,greedy,zeros,none,none,none,f_value,5.000,5917,0.7370711509210749,15.793138414737198,0.37366908906540475,63.17255365894879,0.7988758417274194,0.7363247320028813,50000,comm,private,
<SOURCE_VECSTRAIGHT_REPO>/hetzner-results/phase3_vecstraight_clean_msgsource_learned_15seeds_hetzner_20260410/train/cond1_seed1111_ep50000.pt,cond1,1111,1,9001,greedy,fixed0,none,none,none,regime,competitive,5288,0.006145990922844176,3.987708018154312,0.0,15.950832072617247,,,50000,comm,private,
<SOURCE_VECSTRAIGHT_REPO>/hetzner-results/phase3_vecstraight_clean_msgsource_learned_15seeds_hetzner_20260410/train/cond1_seed1111_ep50000.pt,cond1,1111,1,9001,greedy,fixed0,none,none,none,regime,cooperative,5917,0.7477184383978367,15.963495014365387,0.0,63.85398005746155,,,50000,comm,private,
<SOURCE_VECSTRAIGHT_REPO>/hetzner-results/phase3_vecstraight_clean_msgsource_learned_15seeds_hetzner_20260410/train/cond1_seed1111_ep50000.pt,cond1,1111,1,9001,greedy,fixed0,none,none,none,regime,mixed,18795,0.3884410747539239,7.245943069965416,0.0,28.983772279861665,,,50000,comm,private,
<SOURCE_VECSTRAIGHT_REPO>/hetzner-results/phase3_vecstraight_clean_msgsource_learned_15seeds_hetzner_20260410/train/cond1_seed1111_ep50000.pt,cond1,1111,1,9001,greedy,fixed0,none,none,none,f_value,0.500,5288,0.006145990922844176,3.987708018154312,0.0,15.950832072617247,0.006145990922844176,,50000,comm,private,
<SOURCE_VECSTRAIGHT_REPO>/hetzner-results/phase3_vecstraight_clean_msgsource_learned_15seeds_hetzner_20260410/train/cond1_seed1111_ep50000.pt,cond1,1111,1,9001,greedy,fixed0,none,none,none,f_value,1.500,5824,0.05576064560439561,4.111521291208791,0.0,16.446085164835164,0.05576064560439561,,50000,comm,private,
<SOURCE_VECSTRAIGHT_REPO>/hetzner-results/phase3_vecstraight_clean_msgsource_learned_15seeds_hetzner_20260410/train/cond1_seed1111_ep50000.pt,cond1,1111,1,9001,greedy,fixed0,none,none,none,f_value,2.500,6298,0.37321371864083835,6.23928231184503,0.0,24.95712924738012,0.37321371864083835,,50000,comm,private,
<SOURCE_VECSTRAIGHT_REPO>/hetzner-results/phase3_vecstraight_clean_msgsource_learned_15seeds_hetzner_20260410/train/cond1_seed1111_ep50000.pt,cond1,1111,1,9001,greedy,fixed0,none,none,none,f_value,3.500,6673,0.6931664918327589,10.93166491832759,0.0,43.72665967331036,0.6931664918327589,,50000,comm,private,
<SOURCE_VECSTRAIGHT_REPO>/hetzner-results/phase3_vecstraight_clean_msgsource_learned_15seeds_hetzner_20260410/train/cond1_seed1111_ep50000.pt,cond1,1111,1,9001,greedy,fixed0,none,none,none,f_value,5.000,5917,0.7477184383978367,15.963495014365387,0.0,63.85398005746155,0.7477184383978367,,50000,comm,private,
<SOURCE_VECSTRAIGHT_REPO>/hetzner-results/phase3_vecstraight_clean_msgsource_learned_15seeds_hetzner_20260410/train/cond1_seed1111_ep50000.pt,cond1,1111,1,9001,greedy,fixed1,none,none,none,regime,competitive,5288,0.034417549167927386,3.9311649016641455,0.0,15.724659606656582,,,50000,comm,private,
<SOURCE_VECSTRAIGHT_REPO>/hetzner-results/phase3_vecstraight_clean_msgsource_learned_15seeds_hetzner_20260410/train/cond1_seed1111_ep50000.pt,cond1,1111,1,9001,greedy,fixed1,none,none,none,regime,cooperative,5917,0.6442876457664357,14.308602332262971,0.0664187933074193,57.234409329051886,,,50000,comm,private,
<SOURCE_VECSTRAIGHT_REPO>/hetzner-results/phase3_vecstraight_clean_msgsource_learned_15seeds_hetzner_20260410/train/cond1_seed1111_ep50000.pt,cond1,1111,1,9001,greedy,fixed1,none,none,none,regime,mixed,18795,0.32902367650971004,6.396222399574355,5.320563979781857e-05,25.58488959829742,,,50000,comm,private,
<SOURCE_VECSTRAIGHT_REPO>/hetzner-results/phase3_vecstraight_clean_msgsource_learned_15seeds_hetzner_20260410/train/cond1_seed1111_ep50000.pt,cond1,1111,1,9001,greedy,fixed1,none,none,none,f_value,0.500,5288,0.034417549167927386,3.9311649016641455,0.0,15.724659606656582,,0.034417549167927386,50000,comm,private,
<SOURCE_VECSTRAIGHT_REPO>/hetzner-results/phase3_vecstraight_clean_msgsource_learned_15seeds_hetzner_20260410/train/cond1_seed1111_ep50000.pt,cond1,1111,1,9001,greedy,fixed1,none,none,none,f_value,1.500,5824,0.18840144230769232,4.376802884615385,0.0,17.50721153846154,,0.18840144230769232,50000,comm,private,
<SOURCE_VECSTRAIGHT_REPO>/hetzner-results/phase3_vecstraight_clean_msgsource_learned_15seeds_hetzner_20260410/train/cond1_seed1111_ep50000.pt,cond1,1111,1,9001,greedy,fixed1,none,none,none,f_value,2.500,6298,0.31855350905049223,5.911321054302953,0.0,23.645284217211813,,0.31855350905049223,50000,comm,private,
<SOURCE_VECSTRAIGHT_REPO>/hetzner-results/phase3_vecstraight_clean_msgsource_learned_15seeds_hetzner_20260410/train/cond1_seed1111_ep50000.pt,cond1,1111,1,9001,greedy,fixed1,none,none,none,f_value,3.500,6673,0.46163644537689197,8.61636445376892,0.0001498576352465158,34.46545781507568,,0.46163644537689197,50000,comm,private,
<SOURCE_VECSTRAIGHT_REPO>/hetzner-results/phase3_vecstraight_clean_msgsource_learned_15seeds_hetzner_20260410/train/cond1_seed1111_ep50000.pt,cond1,1111,1,9001,greedy,fixed1,none,none,none,f_value,5.000,5917,0.6442876457664357,14.308602332262971,0.0664187933074193,57.234409329051886,,0.6442876457664357,50000,comm,private,
<SOURCE_VECSTRAIGHT_REPO>/hetzner-results/phase3_vecstraight_clean_msgsource_learned_15seeds_hetzner_20260410/train/cond1_seed1111_ep50000.pt,cond1,1111,1,9001,greedy,indep_random,none,none,none,regime,competitive,5444,0.006107641440117561,3.987784717119765,0.0,15.95113886847906,,,50000,comm,private,
<SOURCE_VECSTRAIGHT_REPO>/hetzner-results/phase3_vecstraight_clean_msgsource_learned_15seeds_hetzner_20260410/train/cond1_seed1111_ep50000.pt,cond1,1111,1,9001,greedy,indep_random,none,none,none,regime,cooperative,5829,0.6661091096242924,14.657745753988678,0.10482072396637503,58.63098301595471,,,50000,comm,private,
<SOURCE_VECSTRAIGHT_REPO>/hetzner-results/phase3_vecstraight_clean_msgsource_learned_15seeds_hetzner_20260410/train/cond1_seed1111_ep50000.pt,cond1,1111,1,9001,greedy,indep_random,none,none,none,regime,mixed,18727,0.35813264270838896,6.934185934746623,0.024082874993325145,27.73674373898649,,,50000,comm,private,
<SOURCE_VECSTRAIGHT_REPO>/hetzner-results/phase3_vecstraight_clean_msgsource_learned_15seeds_hetzner_20260410/train/cond1_seed1111_ep50000.pt,cond1,1111,1,9001,greedy,indep_random,none,none,none,f_value,0.500,5444,0.006107641440117561,3.987784717119765,0.0,15.95113886847906,0.003383915825093851,0.006321445503871885,50000,comm,private,
<SOURCE_VECSTRAIGHT_REPO>/hetzner-results/phase3_vecstraight_clean_msgsource_learned_15seeds_hetzner_20260410/train/cond1_seed1111_ep50000.pt,cond1,1111,1,9001,greedy,indep_random,none,none,none,f_value,1.500,5205,0.05134486071085495,4.10268972142171,0.00019212295869356388,16.41075888568684,0.03828357386801807,0.0528138052319191,50000,comm,private,
<SOURCE_VECSTRAIGHT_REPO>/hetzner-results/phase3_vecstraight_clean_msgsource_learned_15seeds_hetzner_20260410/train/cond1_seed1111_ep50000.pt,cond1,1111,1,9001,greedy,indep_random,none,none,none,f_value,2.500,7182,0.3474310776942356,6.084586466165414,0.010164299637983848,24.338345864661655,0.3418919458531326,0.3469257978617702,50000,comm,private,
<SOURCE_VECSTRAIGHT_REPO>/hetzner-results/phase3_vecstraight_clean_msgsource_learned_15seeds_hetzner_20260410/train/cond1_seed1111_ep50000.pt,cond1,1111,1,9001,greedy,indep_random,none,none,none,f_value,3.500,6340,0.622121451104101,10.22121451104101,0.05946372239747634,40.88485804416404,0.6259100158263622,0.6219914201851434,50000,comm,private,
<SOURCE_VECSTRAIGHT_REPO>/hetzner-results/phase3_vecstraight_clean_msgsource_learned_15seeds_hetzner_20260410/train/cond1_seed1111_ep50000.pt,cond1,1111,1,9001,greedy,indep_random,none,none,none,f_value,5.000,5829,0.6661091096242924,14.657745753988678,0.10482072396637503,58.63098301595471,0.6757839548916806,0.6690031152647975,50000,comm,private,
<SOURCE_VECSTRAIGHT_REPO>/hetzner-results/phase3_vecstraight_clean_msgsource_learned_15seeds_hetzner_20260410/train/cond1_seed1111_ep50000.pt,cond1,1111,1,9001,greedy,marginal,none,none,none,regime,competitive,5980,0.005183946488294315,3.9896321070234113,0.0,15.958528428093645,,,50000,comm,private,
<SOURCE_VECSTRAIGHT_REPO>/hetzner-results/phase3_vecstraight_clean_msgsource_learned_15seeds_hetzner_20260410/train/cond1_seed1111_ep50000.pt,cond1,1111,1,9001,greedy,marginal,none,none,none,regime,cooperative,5921,0.6651748015537916,14.642796824860666,0.10403648032426954,58.57118729944266,,,50000,comm,private,
<SOURCE_VECSTRAIGHT_REPO>/hetzner-results/phase3_vecstraight_clean_msgsource_learned_15seeds_hetzner_20260410/train/cond1_seed1111_ep50000.pt,cond1,1111,1,9001,greedy,marginal,none,none,none,regime,mixed,18099,0.34803027791590696,6.901541521631029,0.020664125089783967,27.606166086524116,,,50000,comm,private,
<SOURCE_VECSTRAIGHT_REPO>/hetzner-results/phase3_vecstraight_clean_msgsource_learned_15seeds_hetzner_20260410/train/cond1_seed1111_ep50000.pt,cond1,1111,1,9001,greedy,marginal,none,none,none,f_value,0.500,5980,0.005183946488294315,3.9896321070234113,0.0,15.958528428093645,0.002759980285855101,0.005209060043718897,50000,comm,private,
<SOURCE_VECSTRAIGHT_REPO>/hetzner-results/phase3_vecstraight_clean_msgsource_learned_15seeds_hetzner_20260410/train/cond1_seed1111_ep50000.pt,cond1,1111,1,9001,greedy,marginal,none,none,none,f_value,1.500,5804,0.05087008959338387,4.101740179186768,0.00017229496898690558,16.406960716747072,0.036753984614611095,0.051789757672110616,50000,comm,private,
<SOURCE_VECSTRAIGHT_REPO>/hetzner-results/phase3_vecstraight_clean_msgsource_learned_15seeds_hetzner_20260410/train/cond1_seed1111_ep50000.pt,cond1,1111,1,9001,greedy,marginal,none,none,none,f_value,2.500,5884,0.34470598232494903,6.068235893949694,0.007647858599592114,24.272943575798777,0.3404265873015873,0.3465158285008081,50000,comm,private,
<SOURCE_VECSTRAIGHT_REPO>/hetzner-results/phase3_vecstraight_clean_msgsource_learned_15seeds_hetzner_20260410/train/cond1_seed1111_ep50000.pt,cond1,1111,1,9001,greedy,marginal,none,none,none,f_value,3.500,6411,0.6201060676961473,10.201060676961472,0.05116206520043675,40.80424270784589,0.6280328232424041,0.6264344719803527,50000,comm,private,
<SOURCE_VECSTRAIGHT_REPO>/hetzner-results/phase3_vecstraight_clean_msgsource_learned_15seeds_hetzner_20260410/train/cond1_seed1111_ep50000.pt,cond1,1111,1,9001,greedy,marginal,none,none,none,f_value,5.000,5921,0.6651748015537916,14.642796824860666,0.10403648032426954,58.57118729944266,0.6785644721464745,0.6722031309660176,50000,comm,private,
<SOURCE_VECSTRAIGHT_REPO>/hetzner-results/phase3_vecstraight_clean_msgsource_learned_15seeds_hetzner_20260410/train/cond1_seed1111_ep50000.pt,cond1,1111,1,9001,greedy,none,none,none,none,regime,competitive,5288,0.010684568835098336,3.9786308623298035,0.0,15.914523449319214,,,50000,comm,private,
<SOURCE_VECSTRAIGHT_REPO>/hetzner-results/phase3_vecstraight_clean_msgsource_learned_15seeds_hetzner_20260410/train/cond1_seed1111_ep50000.pt,cond1,1111,1,9001,greedy,none,none,none,none,regime,cooperative,5917,0.6892006084164273,15.027209734662836,0.1957072840966706,60.108838938651346,,,50000,comm,private,
<SOURCE_VECSTRAIGHT_REPO>/hetzner-results/phase3_vecstraight_clean_msgsource_learned_15seeds_hetzner_20260410/train/cond1_seed1111_ep50000.pt,cond1,1111,1,9001,greedy,none,none,none,none,regime,mixed,18795,0.36461824953445066,6.974514498536845,0.0059590316573556795,27.89805799414738,,,50000,comm,private,
<SOURCE_VECSTRAIGHT_REPO>/hetzner-results/phase3_vecstraight_clean_msgsource_learned_15seeds_hetzner_20260410/train/cond1_seed1111_ep50000.pt,cond1,1111,1,9001,greedy,none,none,none,none,f_value,0.500,5288,0.010684568835098336,3.9786308623298035,0.0,15.914523449319214,0.006341034655951783,0.010051959403680862,50000,comm,private,
<SOURCE_VECSTRAIGHT_REPO>/hetzner-results/phase3_vecstraight_clean_msgsource_learned_15seeds_hetzner_20260410/train/cond1_seed1111_ep50000.pt,cond1,1111,1,9001,greedy,none,none,none,none,f_value,1.500,5824,0.07035542582417582,4.140710851648351,0.0,16.562843406593405,0.04950702748059576,0.07310177705977383,50000,comm,private,
<SOURCE_VECSTRAIGHT_REPO>/hetzner-results/phase3_vecstraight_clean_msgsource_learned_15seeds_hetzner_20260410/train/cond1_seed1111_ep50000.pt,cond1,1111,1,9001,greedy,none,none,none,none,f_value,2.500,6298,0.37099079072721497,6.22594474436329,0.0,24.90377897745316,0.3108844211151827,0.37515709247172335,50000,comm,private,
<SOURCE_VECSTRAIGHT_REPO>/hetzner-results/phase3_vecstraight_clean_msgsource_learned_15seeds_hetzner_20260410/train/cond1_seed1111_ep50000.pt,cond1,1111,1,9001,greedy,none,none,none,none,f_value,3.500,6673,0.6154278435486288,10.154278435486289,0.01678405514760977,40.617113741945154,0.6106089908039626,0.6900043649061545,50000,comm,private,
<SOURCE_VECSTRAIGHT_REPO>/hetzner-results/phase3_vecstraight_clean_msgsource_learned_15seeds_hetzner_20260410/train/cond1_seed1111_ep50000.pt,cond1,1111,1,9001,greedy,none,none,none,none,f_value,5.000,5917,0.6892006084164273,15.027209734662836,0.1957072840966706,60.108838938651346,0.7240677045619116,0.692740399521637,50000,comm,private,
<SOURCE_VECSTRAIGHT_REPO>/hetzner-results/phase3_vecstraight_clean_msgsource_learned_15seeds_hetzner_20260410/train/cond1_seed1111_ep50000.pt,cond1,1111,1,9001,greedy,permute_slots,none,none,none,regime,competitive,5862,0.007847151142954622,3.984305697714091,0.0,15.937222790856364,,,50000,comm,private,
<SOURCE_VECSTRAIGHT_REPO>/hetzner-results/phase3_vecstraight_clean_msgsource_learned_15seeds_hetzner_20260410/train/cond1_seed1111_ep50000.pt,cond1,1111,1,9001,greedy,permute_slots,none,none,none,regime,cooperative,6068,0.6460530652603823,14.336849044166117,0.09475939353988135,57.34739617666447,,,50000,comm,private,
<SOURCE_VECSTRAIGHT_REPO>/hetzner-results/phase3_vecstraight_clean_msgsource_learned_15seeds_hetzner_20260410/train/cond1_seed1111_ep50000.pt,cond1,1111,1,9001,greedy,permute_slots,none,none,none,regime,mixed,18070,0.37011621472053124,7.062423907028224,0.03076923076923077,28.249695628112896,,,50000,comm,private,
<SOURCE_VECSTRAIGHT_REPO>/hetzner-results/phase3_vecstraight_clean_msgsource_learned_15seeds_hetzner_20260410/train/cond1_seed1111_ep50000.pt,cond1,1111,1,9001,greedy,permute_slots,none,none,none,f_value,0.500,5862,0.007847151142954622,3.984305697714091,0.0,15.937222790856364,0.004645384324528709,0.007079800716720566,50000,comm,private,
<SOURCE_VECSTRAIGHT_REPO>/hetzner-results/phase3_vecstraight_clean_msgsource_learned_15seeds_hetzner_20260410/train/cond1_seed1111_ep50000.pt,cond1,1111,1,9001,greedy,permute_slots,none,none,none,f_value,1.500,5576,0.04936334289813486,4.09872668579627,0.0,16.39490674318508,0.03912105965704898,0.05026192835905423,50000,comm,private,
<SOURCE_VECSTRAIGHT_REPO>/hetzner-results/phase3_vecstraight_clean_msgsource_learned_15seeds_hetzner_20260410/train/cond1_seed1111_ep50000.pt,cond1,1111,1,9001,greedy,permute_slots,none,none,none,f_value,2.500,6045,0.38626964433416044,6.317617866004963,0.01753515301902399,25.270471464019852,0.38934229476716276,0.3866540869714384,50000,comm,private,
<SOURCE_VECSTRAIGHT_REPO>/hetzner-results/phase3_vecstraight_clean_msgsource_learned_15seeds_hetzner_20260410/train/cond1_seed1111_ep50000.pt,cond1,1111,1,9001,greedy,permute_slots,none,none,none,f_value,3.500,6449,0.6323073344704605,10.323073344704605,0.06977826019537912,41.29229337881842,0.6369734916246544,0.6477402811484042,50000,comm,private,
<SOURCE_VECSTRAIGHT_REPO>/hetzner-results/phase3_vecstraight_clean_msgsource_learned_15seeds_hetzner_20260410/train/cond1_seed1111_ep50000.pt,cond1,1111,1,9001,greedy,permute_slots,none,none,none,f_value,5.000,6068,0.6460530652603823,14.336849044166117,0.09475939353988135,57.34739617666447,0.6535947712418301,0.6471504608594054,50000,comm,private,
<SOURCE_VECSTRAIGHT_REPO>/hetzner-results/phase3_vecstraight_clean_msgsource_learned_15seeds_hetzner_20260410/train/cond1_seed1111_ep50000.pt,cond1,1111,1,9001,greedy,public_marginal,none,none,none,regime,competitive,6381,0.021900955963015202,3.9561980880739696,0.0,15.824792352295878,,,50000,comm,private,
<SOURCE_VECSTRAIGHT_REPO>/hetzner-results/phase3_vecstraight_clean_msgsource_learned_15seeds_hetzner_20260410/train/cond1_seed1111_ep50000.pt,cond1,1111,1,9001,greedy,public_marginal,none,none,none,regime,cooperative,5877,0.7125659350008507,15.401054960013612,0.02177981963586864,61.60421984005445,,,50000,comm,private,
<SOURCE_VECSTRAIGHT_REPO>/hetzner-results/phase3_vecstraight_clean_msgsource_learned_15seeds_hetzner_20260410/train/cond1_seed1111_ep50000.pt,cond1,1111,1,9001,greedy,public_marginal,none,none,none,regime,mixed,17742,0.37302727990080037,6.9072539736219145,5.636343140570398e-05,27.629015894487658,,,50000,comm,private,
<SOURCE_VECSTRAIGHT_REPO>/hetzner-results/phase3_vecstraight_clean_msgsource_learned_15seeds_hetzner_20260410/train/cond1_seed1111_ep50000.pt,cond1,1111,1,9001,greedy,public_marginal,none,none,none,f_value,0.500,6381,0.021900955963015202,3.9561980880739696,0.0,15.824792352295878,0.004754754754754755,0.03708628841607565,50000,comm,private,
<SOURCE_VECSTRAIGHT_REPO>/hetzner-results/phase3_vecstraight_clean_msgsource_learned_15seeds_hetzner_20260410/train/cond1_seed1111_ep50000.pt,cond1,1111,1,9001,greedy,public_marginal,none,none,none,f_value,1.500,5647,0.13896759341243137,4.2779351868248625,0.0,17.11174074729945,0.06471017134524243,0.2091081267217631,50000,comm,private,
<SOURCE_VECSTRAIGHT_REPO>/hetzner-results/phase3_vecstraight_clean_msgsource_learned_15seeds_hetzner_20260410/train/cond1_seed1111_ep50000.pt,cond1,1111,1,9001,greedy,public_marginal,none,none,none,f_value,2.500,6241,0.33344015382150294,6.000640922929017,0.0,24.00256369171607,0.31358087487283826,0.351230255164034,50000,comm,private,
<SOURCE_VECSTRAIGHT_REPO>/hetzner-results/phase3_vecstraight_clean_msgsource_learned_15seeds_hetzner_20260410/train/cond1_seed1111_ep50000.pt,cond1,1111,1,9001,greedy,public_marginal,none,none,none,f_value,3.500,5854,0.6410146908097027,10.410146908097028,0.00017082336863682952,41.64058763238811,0.6794286680189318,0.6017783149171271,50000,comm,private,
<SOURCE_VECSTRAIGHT_REPO>/hetzner-results/phase3_vecstraight_clean_msgsource_learned_15seeds_hetzner_20260410/train/cond1_seed1111_ep50000.pt,cond1,1111,1,9001,greedy,public_marginal,none,none,none,f_value,5.000,5877,0.7125659350008507,15.401054960013612,0.02177981963586864,61.60421984005445,0.7479245935662401,0.6783322170127261,50000,comm,private,
<SOURCE_VECSTRAIGHT_REPO>/hetzner-results/phase3_vecstraight_clean_msgsource_learned_15seeds_hetzner_20260410/train/cond1_seed1111_ep50000.pt,cond1,1111,1,9001,greedy,public_random,none,none,none,regime,competitive,5929,0.02066115702479339,3.958677685950413,0.0,15.834710743801653,,,50000,comm,private,
<SOURCE_VECSTRAIGHT_REPO>/hetzner-results/phase3_vecstraight_clean_msgsource_learned_15seeds_hetzner_20260410/train/cond1_seed1111_ep50000.pt,cond1,1111,1,9001,greedy,public_random,none,none,none,regime,cooperative,5836,0.7139307745030843,15.422892392049349,0.020904729266620972,61.691569568197394,,,50000,comm,private,
<SOURCE_VECSTRAIGHT_REPO>/hetzner-results/phase3_vecstraight_clean_msgsource_learned_15seeds_hetzner_20260410/train/cond1_seed1111_ep50000.pt,cond1,1111,1,9001,greedy,public_random,none,none,none,regime,mixed,18235,0.3720729366602687,6.920180970660817,5.4839594187003014e-05,27.680723882643267,,,50000,comm,private,
<SOURCE_VECSTRAIGHT_REPO>/hetzner-results/phase3_vecstraight_clean_msgsource_learned_15seeds_hetzner_20260410/train/cond1_seed1111_ep50000.pt,cond1,1111,1,9001,greedy,public_random,none,none,none,f_value,0.500,5929,0.02066115702479339,3.958677685950413,0.0,15.834710743801653,0.004151135208403931,0.037021490933512424,50000,comm,private,
<SOURCE_VECSTRAIGHT_REPO>/hetzner-results/phase3_vecstraight_clean_msgsource_learned_15seeds_hetzner_20260410/train/cond1_seed1111_ep50000.pt,cond1,1111,1,9001,greedy,public_random,none,none,none,f_value,1.500,5872,0.13568630790190736,4.2713726158038146,0.0,17.085490463215258,0.06175569921742089,0.20976815547221275,50000,comm,private,
<SOURCE_VECSTRAIGHT_REPO>/hetzner-results/phase3_vecstraight_clean_msgsource_learned_15seeds_hetzner_20260410/train/cond1_seed1111_ep50000.pt,cond1,1111,1,9001,greedy,public_random,none,none,none,f_value,2.500,6262,0.3283296071542638,5.969977642925583,0.0,23.879910571702332,0.31299650460756273,0.3438202247191011,50000,comm,private,
<SOURCE_VECSTRAIGHT_REPO>/hetzner-results/phase3_vecstraight_clean_msgsource_learned_15seeds_hetzner_20260410/train/cond1_seed1111_ep50000.pt,cond1,1111,1,9001,greedy,public_random,none,none,none,f_value,3.500,6101,0.6444845107359449,10.44484510735945,0.00016390755613833797,41.7793804294378,0.6764222295297599,0.6127450980392157,50000,comm,private,
<SOURCE_VECSTRAIGHT_REPO>/hetzner-results/phase3_vecstraight_clean_msgsource_learned_15seeds_hetzner_20260410/train/cond1_seed1111_ep50000.pt,cond1,1111,1,9001,greedy,public_random,none,none,none,f_value,5.000,5836,0.7139307745030843,15.422892392049349,0.020904729266620972,61.691569568197394,0.7472862957937585,0.6798822714681441,50000,comm,private,
<SOURCE_VECSTRAIGHT_REPO>/hetzner-results/phase3_vecstraight_clean_msgsource_learned_15seeds_hetzner_20260410/train/cond1_seed1111_ep50000.pt,cond1,1111,1,9001,greedy,sender_shuffle,none,none,none,regime,competitive,5288,0.006335098335854766,3.9873298033282905,0.0,15.949319213313162,,,50000,comm,private,
<SOURCE_VECSTRAIGHT_REPO>/hetzner-results/phase3_vecstraight_clean_msgsource_learned_15seeds_hetzner_20260410/train/cond1_seed1111_ep50000.pt,cond1,1111,1,9001,greedy,sender_shuffle,none,none,none,regime,cooperative,5917,0.6562447186074024,14.499915497718439,0.08027716748352205,57.999661990873754,,,50000,comm,private,
<SOURCE_VECSTRAIGHT_REPO>/hetzner-results/phase3_vecstraight_clean_msgsource_learned_15seeds_hetzner_20260410/train/cond1_seed1111_ep50000.pt,cond1,1111,1,9001,greedy,sender_shuffle,none,none,none,regime,mixed,18795,0.3415536046820963,6.840808725724927,0.01675977653631285,27.36323490289971,,,50000,comm,private,
<SOURCE_VECSTRAIGHT_REPO>/hetzner-results/phase3_vecstraight_clean_msgsource_learned_15seeds_hetzner_20260410/train/cond1_seed1111_ep50000.pt,cond1,1111,1,9001,greedy,sender_shuffle,none,none,none,f_value,0.500,5288,0.006335098335854766,3.9873298033282905,0.0,15.949319213313162,0.003160919540229885,0.006472159441134169,50000,comm,private,
<SOURCE_VECSTRAIGHT_REPO>/hetzner-results/phase3_vecstraight_clean_msgsource_learned_15seeds_hetzner_20260410/train/cond1_seed1111_ep50000.pt,cond1,1111,1,9001,greedy,sender_shuffle,none,none,none,f_value,1.500,5824,0.05035199175824176,4.100703983516484,0.00017170329670329672,16.402815934065934,0.0316068092173552,0.05225752508361204,50000,comm,private,
<SOURCE_VECSTRAIGHT_REPO>/hetzner-results/phase3_vecstraight_clean_msgsource_learned_15seeds_hetzner_20260410/train/cond1_seed1111_ep50000.pt,cond1,1111,1,9001,greedy,sender_shuffle,none,none,none,f_value,2.500,6298,0.3356621149571292,6.013972689742776,0.005398539218799619,24.055890758971103,0.33521396127181446,0.33928417421302287,50000,comm,private,
<SOURCE_VECSTRAIGHT_REPO>/hetzner-results/phase3_vecstraight_clean_msgsource_learned_15seeds_hetzner_20260410/train/cond1_seed1111_ep50000.pt,cond1,1111,1,9001,greedy,sender_shuffle,none,none,none,f_value,3.500,6673,0.6012662970178331,10.012662970178331,0.04196013786902442,40.050651880713325,0.6154404098100549,0.6113938999063403,50000,comm,private,
<SOURCE_VECSTRAIGHT_REPO>/hetzner-results/phase3_vecstraight_clean_msgsource_learned_15seeds_hetzner_20260410/train/cond1_seed1111_ep50000.pt,cond1,1111,1,9001,greedy,sender_shuffle,none,none,none,f_value,5.000,5917,0.6562447186074024,14.499915497718439,0.08027716748352205,57.999661990873754,0.6723766540157965,0.6664373824918605,50000,comm,private,
<SOURCE_VECSTRAIGHT_REPO>/hetzner-results/phase3_vecstraight_clean_msgsource_learned_15seeds_hetzner_20260410/train/cond1_seed1111_ep50000.pt,cond1,1111,1,9001,greedy,zeros,none,none,none,regime,competitive,5288,0.0022692889561270802,3.995461422087746,0.0,15.981845688350983,,,50000,comm,private,
<SOURCE_VECSTRAIGHT_REPO>/hetzner-results/phase3_vecstraight_clean_msgsource_learned_15seeds_hetzner_20260410/train/cond1_seed1111_ep50000.pt,cond1,1111,1,9001,greedy,zeros,none,none,none,regime,cooperative,5917,0.6237535913469664,13.980057461551462,0.08686834544532702,55.92022984620585,,,50000,comm,private,
<SOURCE_VECSTRAIGHT_REPO>/hetzner-results/phase3_vecstraight_clean_msgsource_learned_15seeds_hetzner_20260410/train/cond1_seed1111_ep50000.pt,cond1,1111,1,9001,greedy,zeros,none,none,none,regime,mixed,18795,0.42940941739824423,7.372519287044427,0.09241819632881085,29.490077148177708,,,50000,comm,private,
<SOURCE_VECSTRAIGHT_REPO>/hetzner-results/phase3_vecstraight_clean_msgsource_learned_15seeds_hetzner_20260410/train/cond1_seed1111_ep50000.pt,cond1,1111,1,9001,greedy,zeros,none,none,none,f_value,0.500,5288,0.0022692889561270802,3.995461422087746,0.0,15.981845688350983,0.002993078505954979,0.002284880894506563,50000,comm,private,
<SOURCE_VECSTRAIGHT_REPO>/hetzner-results/phase3_vecstraight_clean_msgsource_learned_15seeds_hetzner_20260410/train/cond1_seed1111_ep50000.pt,cond1,1111,1,9001,greedy,zeros,none,none,none,f_value,1.500,5824,0.049192994505494504,4.098385989010989,0.0,16.393543956043956,0.05361027659794882,0.05027210277455616,50000,comm,private,
<SOURCE_VECSTRAIGHT_REPO>/hetzner-results/phase3_vecstraight_clean_msgsource_learned_15seeds_hetzner_20260410/train/cond1_seed1111_ep50000.pt,cond1,1111,1,9001,greedy,zeros,none,none,none,f_value,2.500,6298,0.5965782788186726,7.579469672912036,0.02127659574468085,30.317878691648144,0.5936427590940289,0.6125665165779779,50000,comm,private,
<SOURCE_VECSTRAIGHT_REPO>/hetzner-results/phase3_vecstraight_clean_msgsource_learned_15seeds_hetzner_20260410/train/cond1_seed1111_ep50000.pt,cond1,1111,1,9001,greedy,zeros,none,none,none,f_value,3.500,6673,0.6034766971377191,10.034766971377191,0.24022178930016486,40.139067885508766,0.581994459833795,0.6671846001122189,50000,comm,private,
<SOURCE_VECSTRAIGHT_REPO>/hetzner-results/phase3_vecstraight_clean_msgsource_learned_15seeds_hetzner_20260410/train/cond1_seed1111_ep50000.pt,cond1,1111,1,9001,greedy,zeros,none,none,none,f_value,5.000,5917,0.6237535913469664,13.980057461551462,0.08686834544532702,55.92022984620585,0.6377414163090128,0.6188210774319243,50000,comm,private,
<SOURCE_VECSTRAIGHT_REPO>/hetzner-results/phase3_vecstraight_clean_msgsource_learned_15seeds_hetzner_20260410/train/cond1_seed1212_ep50000.pt,cond1,1212,1,9001,greedy,fixed0,none,none,none,regime,competitive,5288,0.0,4.0,0.0,16.0,,,50000,comm,private,
<SOURCE_VECSTRAIGHT_REPO>/hetzner-results/phase3_vecstraight_clean_msgsource_learned_15seeds_hetzner_20260410/train/cond1_seed1212_ep50000.pt,cond1,1212,1,9001,greedy,fixed0,none,none,none,regime,cooperative,5917,0.8559236099374683,17.694777758999493,0.5178299814094981,70.77911103599797,,,50000,comm,private,
<SOURCE_VECSTRAIGHT_REPO>/hetzner-results/phase3_vecstraight_clean_msgsource_learned_15seeds_hetzner_20260410/train/cond1_seed1212_ep50000.pt,cond1,1212,1,9001,greedy,fixed0,none,none,none,regime,mixed,18795,0.239292364990689,6.207023144453312,0.016174514498536845,24.828092577813248,,,50000,comm,private,
<SOURCE_VECSTRAIGHT_REPO>/hetzner-results/phase3_vecstraight_clean_msgsource_learned_15seeds_hetzner_20260410/train/cond1_seed1212_ep50000.pt,cond1,1212,1,9001,greedy,fixed0,none,none,none,f_value,0.500,5288,0.0,4.0,0.0,16.0,0.0,,50000,comm,private,
<SOURCE_VECSTRAIGHT_REPO>/hetzner-results/phase3_vecstraight_clean_msgsource_learned_15seeds_hetzner_20260410/train/cond1_seed1212_ep50000.pt,cond1,1212,1,9001,greedy,fixed0,none,none,none,f_value,1.500,5824,0.0020604395604395605,4.0041208791208796,0.0,16.016483516483518,0.0020604395604395605,,50000,comm,private,
<SOURCE_VECSTRAIGHT_REPO>/hetzner-results/phase3_vecstraight_clean_msgsource_learned_15seeds_hetzner_20260410/train/cond1_seed1212_ep50000.pt,cond1,1212,1,9001,greedy,fixed0,none,none,none,f_value,2.500,6298,0.13488409018736106,4.809304541124167,0.0,19.237218164496667,0.13488409018736106,,50000,comm,private,
<SOURCE_VECSTRAIGHT_REPO>/hetzner-results/phase3_vecstraight_clean_msgsource_learned_15seeds_hetzner_20260410/train/cond1_seed1212_ep50000.pt,cond1,1212,1,9001,greedy,fixed0,none,none,none,f_value,3.500,6673,0.5448823617563315,9.448823617563315,0.04555672111494081,37.79529447025326,0.5448823617563315,,50000,comm,private,
<SOURCE_VECSTRAIGHT_REPO>/hetzner-results/phase3_vecstraight_clean_msgsource_learned_15seeds_hetzner_20260410/train/cond1_seed1212_ep50000.pt,cond1,1212,1,9001,greedy,fixed0,none,none,none,f_value,5.000,5917,0.8559236099374683,17.694777758999493,0.5178299814094981,70.77911103599797,0.8559236099374683,,50000,comm,private,
<SOURCE_VECSTRAIGHT_REPO>/hetzner-results/phase3_vecstraight_clean_msgsource_learned_15seeds_hetzner_20260410/train/cond1_seed1212_ep50000.pt,cond1,1212,1,9001,greedy,fixed1,none,none,none,regime,competitive,5288,4.7276853252647505e-05,3.9999054462934946,0.0,15.999621785173979,,,50000,comm,private,
<SOURCE_VECSTRAIGHT_REPO>/hetzner-results/phase3_vecstraight_clean_msgsource_learned_15seeds_hetzner_20260410/train/cond1_seed1212_ep50000.pt,cond1,1212,1,9001,greedy,fixed1,none,none,none,regime,cooperative,5917,0.5940510393780633,13.504816630049012,0.0,54.01926652019605,,,50000,comm,private,
<SOURCE_VECSTRAIGHT_REPO>/hetzner-results/phase3_vecstraight_clean_msgsource_learned_15seeds_hetzner_20260410/train/cond1_seed1212_ep50000.pt,cond1,1212,1,9001,greedy,fixed1,none,none,none,regime,mixed,18795,0.23514232508645916,6.137536578877361,0.0,24.550146315509444,,,50000,comm,private,
<SOURCE_VECSTRAIGHT_REPO>/hetzner-results/phase3_vecstraight_clean_msgsource_learned_15seeds_hetzner_20260410/train/cond1_seed1212_ep50000.pt,cond1,1212,1,9001,greedy,fixed1,none,none,none,f_value,0.500,5288,4.7276853252647505e-05,3.9999054462934946,0.0,15.999621785173979,,4.7276853252647505e-05,50000,comm,private,
<SOURCE_VECSTRAIGHT_REPO>/hetzner-results/phase3_vecstraight_clean_msgsource_learned_15seeds_hetzner_20260410/train/cond1_seed1212_ep50000.pt,cond1,1212,1,9001,greedy,fixed1,none,none,none,f_value,1.500,5824,0.007984203296703296,4.015968406593407,0.0,16.063873626373628,,0.007984203296703296,50000,comm,private,
<SOURCE_VECSTRAIGHT_REPO>/hetzner-results/phase3_vecstraight_clean_msgsource_learned_15seeds_hetzner_20260410/train/cond1_seed1212_ep50000.pt,cond1,1212,1,9001,greedy,fixed1,none,none,none,f_value,2.500,6298,0.14480787551603683,4.868847253096221,0.0,19.475389012384884,,0.14480787551603683,50000,comm,private,
<SOURCE_VECSTRAIGHT_REPO>/hetzner-results/phase3_vecstraight_clean_msgsource_learned_15seeds_hetzner_20260410/train/cond1_seed1212_ep50000.pt,cond1,1212,1,9001,greedy,fixed1,none,none,none,f_value,3.500,6673,0.5186572755881912,9.186572755881912,0.0,36.74629102352765,,0.5186572755881912,50000,comm,private,
<SOURCE_VECSTRAIGHT_REPO>/hetzner-results/phase3_vecstraight_clean_msgsource_learned_15seeds_hetzner_20260410/train/cond1_seed1212_ep50000.pt,cond1,1212,1,9001,greedy,fixed1,none,none,none,f_value,5.000,5917,0.5940510393780633,13.504816630049012,0.0,54.01926652019605,,0.5940510393780633,50000,comm,private,
<SOURCE_VECSTRAIGHT_REPO>/hetzner-results/phase3_vecstraight_clean_msgsource_learned_15seeds_hetzner_20260410/train/cond1_seed1212_ep50000.pt,cond1,1212,1,9001,greedy,indep_random,none,none,none,regime,competitive,5444,0.0010102865540044085,3.997979426891991,0.0,15.991917707567964,,,50000,comm,private,
<SOURCE_VECSTRAIGHT_REPO>/hetzner-results/phase3_vecstraight_clean_msgsource_learned_15seeds_hetzner_20260410/train/cond1_seed1212_ep50000.pt,cond1,1212,1,9001,greedy,indep_random,none,none,none,regime,cooperative,5829,0.7234517069823297,15.575227311717276,0.3336764453594098,62.300909246869104,,,50000,comm,private,
<SOURCE_VECSTRAIGHT_REPO>/hetzner-results/phase3_vecstraight_clean_msgsource_learned_15seeds_hetzner_20260410/train/cond1_seed1212_ep50000.pt,cond1,1212,1,9001,greedy,indep_random,none,none,none,regime,mixed,18727,0.25720884284722595,6.235782559940193,0.024082874993325145,24.943130239760773,,,50000,comm,private,
<SOURCE_VECSTRAIGHT_REPO>/hetzner-results/phase3_vecstraight_clean_msgsource_learned_15seeds_hetzner_20260410/train/cond1_seed1212_ep50000.pt,cond1,1212,1,9001,greedy,indep_random,none,none,none,f_value,0.500,5444,0.0010102865540044085,3.997979426891991,0.0,15.991917707567964,0.0011103473801089198,0.0011589316757098457,50000,comm,private,
<SOURCE_VECSTRAIGHT_REPO>/hetzner-results/phase3_vecstraight_clean_msgsource_learned_15seeds_hetzner_20260410/train/cond1_seed1212_ep50000.pt,cond1,1212,1,9001,greedy,indep_random,none,none,none,f_value,1.500,5205,0.024351585014409222,4.048703170028818,0.0,16.194812680115273,0.02533876831552275,0.027643438118267753,50000,comm,private,
<SOURCE_VECSTRAIGHT_REPO>/hetzner-results/phase3_vecstraight_clean_msgsource_learned_15seeds_hetzner_20260410/train/cond1_seed1212_ep50000.pt,cond1,1212,1,9001,greedy,indep_random,none,none,none,f_value,2.500,7182,0.18393205235310497,5.10359231411863,0.0001392369813422445,20.41436925647452,0.18460248372798785,0.19418942013433488,50000,comm,private,
<SOURCE_VECSTRAIGHT_REPO>/hetzner-results/phase3_vecstraight_clean_msgsource_learned_15seeds_hetzner_20260410/train/cond1_seed1212_ep50000.pt,cond1,1212,1,9001,greedy,indep_random,none,none,none,f_value,3.500,6340,0.5313880126182965,9.313880126182966,0.07097791798107256,37.25552050473186,0.5366493330318788,0.5348837209302325,50000,comm,private,
<SOURCE_VECSTRAIGHT_REPO>/hetzner-results/phase3_vecstraight_clean_msgsource_learned_15seeds_hetzner_20260410/train/cond1_seed1212_ep50000.pt,cond1,1212,1,9001,greedy,indep_random,none,none,none,f_value,5.000,5829,0.7234517069823297,15.575227311717276,0.3336764453594098,62.300909246869104,0.7370165199327332,0.7242990654205608,50000,comm,private,
<SOURCE_VECSTRAIGHT_REPO>/hetzner-results/phase3_vecstraight_clean_msgsource_learned_15seeds_hetzner_20260410/train/cond1_seed1212_ep50000.pt,cond1,1212,1,9001,greedy,marginal,none,none,none,regime,competitive,5980,0.0010869565217391304,3.997826086956522,0.0,15.991304347826087,,,50000,comm,private,
<SOURCE_VECSTRAIGHT_REPO>/hetzner-results/phase3_vecstraight_clean_msgsource_learned_15seeds_hetzner_20260410/train/cond1_seed1212_ep50000.pt,cond1,1212,1,9001,greedy,marginal,none,none,none,regime,cooperative,5921,0.7137730113156562,15.420368181050499,0.3193717277486911,61.681472724201996,,,50000,comm,private,
<SOURCE_VECSTRAIGHT_REPO>/hetzner-results/phase3_vecstraight_clean_msgsource_learned_15seeds_hetzner_20260410/train/cond1_seed1212_ep50000.pt,cond1,1212,1,9001,greedy,marginal,none,none,none,regime,mixed,18099,0.24513785292005083,6.168987236863915,0.02221117188794961,24.67594894745566,,,50000,comm,private,
<SOURCE_VECSTRAIGHT_REPO>/hetzner-results/phase3_vecstraight_clean_msgsource_learned_15seeds_hetzner_20260410/train/cond1_seed1212_ep50000.pt,cond1,1212,1,9001,greedy,marginal,none,none,none,f_value,0.500,5980,0.0010869565217391304,3.997826086956522,0.0,15.991304347826087,0.0011785503830288745,0.0013486176668914363,50000,comm,private,
<SOURCE_VECSTRAIGHT_REPO>/hetzner-results/phase3_vecstraight_clean_msgsource_learned_15seeds_hetzner_20260410/train/cond1_seed1212_ep50000.pt,cond1,1212,1,9001,greedy,marginal,none,none,none,f_value,1.500,5804,0.022312198483804273,4.044624396967609,0.0,16.178497587870435,0.02270084197795041,0.027777777777777776,50000,comm,private,
<SOURCE_VECSTRAIGHT_REPO>/hetzner-results/phase3_vecstraight_clean_msgsource_learned_15seeds_hetzner_20260410/train/cond1_seed1212_ep50000.pt,cond1,1212,1,9001,greedy,marginal,none,none,none,f_value,2.500,5884,0.17313902107409926,5.038834126444596,0.0001699524133242692,20.155336505778383,0.17238823256891359,0.18660411780036487,50000,comm,private,
<SOURCE_VECSTRAIGHT_REPO>/hetzner-results/phase3_vecstraight_clean_msgsource_learned_15seeds_hetzner_20260410/train/cond1_seed1212_ep50000.pt,cond1,1212,1,9001,greedy,marginal,none,none,none,f_value,3.500,6411,0.5129464982062081,9.12946498206208,0.06254874434565591,36.51785992824832,0.5159339481020802,0.5177338281580307,50000,comm,private,
<SOURCE_VECSTRAIGHT_REPO>/hetzner-results/phase3_vecstraight_clean_msgsource_learned_15seeds_hetzner_20260410/train/cond1_seed1212_ep50000.pt,cond1,1212,1,9001,greedy,marginal,none,none,none,f_value,5.000,5921,0.7137730113156562,15.420368181050499,0.3193717277486911,61.681472724201996,0.7266241436333569,0.7085060686279406,50000,comm,private,
<SOURCE_VECSTRAIGHT_REPO>/hetzner-results/phase3_vecstraight_clean_msgsource_learned_15seeds_hetzner_20260410/train/cond1_seed1212_ep50000.pt,cond1,1212,1,9001,greedy,none,none,none,none,regime,competitive,5288,0.0007091527987897125,3.9985816944024206,0.0,15.994326777609682,,,50000,comm,private,
<SOURCE_VECSTRAIGHT_REPO>/hetzner-results/phase3_vecstraight_clean_msgsource_learned_15seeds_hetzner_20260410/train/cond1_seed1212_ep50000.pt,cond1,1212,1,9001,greedy,none,none,none,none,regime,cooperative,5917,0.599839445665033,13.597431130640528,0.1328375866148386,54.38972452256211,,,50000,comm,private,
<SOURCE_VECSTRAIGHT_REPO>/hetzner-results/phase3_vecstraight_clean_msgsource_learned_15seeds_hetzner_20260410/train/cond1_seed1212_ep50000.pt,cond1,1212,1,9001,greedy,none,none,none,none,regime,mixed,18795,0.186512370311253,5.717052407555201,0.008300079808459697,22.868209630220804,,,50000,comm,private,
<SOURCE_VECSTRAIGHT_REPO>/hetzner-results/phase3_vecstraight_clean_msgsource_learned_15seeds_hetzner_20260410/train/cond1_seed1212_ep50000.pt,cond1,1212,1,9001,greedy,none,none,none,none,f_value,0.500,5288,0.0007091527987897125,3.9985816944024206,0.0,15.994326777609682,0.0007140816909454442,0.0011933174224343676,50000,comm,private,
<SOURCE_VECSTRAIGHT_REPO>/hetzner-results/phase3_vecstraight_clean_msgsource_learned_15seeds_hetzner_20260410/train/cond1_seed1212_ep50000.pt,cond1,1212,1,9001,greedy,none,none,none,none,f_value,1.500,5824,0.008799793956043956,4.017599587912088,0.0,16.07039835164835,0.008764769065520945,0.015755627009646302,50000,comm,private,
<SOURCE_VECSTRAIGHT_REPO>/hetzner-results/phase3_vecstraight_clean_msgsource_learned_15seeds_hetzner_20260410/train/cond1_seed1212_ep50000.pt,cond1,1212,1,9001,greedy,none,none,none,none,f_value,2.500,6298,0.09419657033979041,4.565179422038742,0.0,18.26071768815497,0.09302325581395349,0.11950030469226082,50000,comm,private,
<SOURCE_VECSTRAIGHT_REPO>/hetzner-results/phase3_vecstraight_clean_msgsource_learned_15seeds_hetzner_20260410/train/cond1_seed1212_ep50000.pt,cond1,1212,1,9001,greedy,none,none,none,none,f_value,3.500,6673,0.42874269444028174,8.287426944402817,0.023377791098456467,33.14970777761127,0.4040267388190355,0.4332434254888739,50000,comm,private,
<SOURCE_VECSTRAIGHT_REPO>/hetzner-results/phase3_vecstraight_clean_msgsource_learned_15seeds_hetzner_20260410/train/cond1_seed1212_ep50000.pt,cond1,1212,1,9001,greedy,none,none,none,none,f_value,5.000,5917,0.599839445665033,13.597431130640528,0.1328375866148386,54.38972452256211,0.5946886446886447,0.5791982566849775,50000,comm,private,
<SOURCE_VECSTRAIGHT_REPO>/hetzner-results/phase3_vecstraight_clean_msgsource_learned_15seeds_hetzner_20260410/train/cond1_seed1212_ep50000.pt,cond1,1212,1,9001,greedy,permute_slots,none,none,none,regime,competitive,5862,0.00042647560559535994,3.9991470487888092,0.0,15.996588195155237,,,50000,comm,private,
<SOURCE_VECSTRAIGHT_REPO>/hetzner-results/phase3_vecstraight_clean_msgsource_learned_15seeds_hetzner_20260410/train/cond1_seed1212_ep50000.pt,cond1,1212,1,9001,greedy,permute_slots,none,none,none,regime,cooperative,6068,0.712549439683586,15.400791034937376,0.31558998022412654,61.6031641397495,,,50000,comm,private,
<SOURCE_VECSTRAIGHT_REPO>/hetzner-results/phase3_vecstraight_clean_msgsource_learned_15seeds_hetzner_20260410/train/cond1_seed1212_ep50000.pt,cond1,1212,1,9001,greedy,permute_slots,none,none,none,regime,mixed,18070,0.24611234089651357,6.2110403984504705,0.028666297731045932,24.844161593801882,,,50000,comm,private,
<SOURCE_VECSTRAIGHT_REPO>/hetzner-results/phase3_vecstraight_clean_msgsource_learned_15seeds_hetzner_20260410/train/cond1_seed1212_ep50000.pt,cond1,1212,1,9001,greedy,permute_slots,none,none,none,f_value,0.500,5862,0.00042647560559535994,3.9991470487888092,0.0,15.996588195155237,0.000429331959471063,0.0006881365262868153,50000,comm,private,
<SOURCE_VECSTRAIGHT_REPO>/hetzner-results/phase3_vecstraight_clean_msgsource_learned_15seeds_hetzner_20260410/train/cond1_seed1212_ep50000.pt,cond1,1212,1,9001,greedy,permute_slots,none,none,none,f_value,1.500,5576,0.016050932568149212,4.0321018651362985,0.0,16.128407460545194,0.01606317584241935,0.02988698200083717,50000,comm,private,
<SOURCE_VECSTRAIGHT_REPO>/hetzner-results/phase3_vecstraight_clean_msgsource_learned_15seeds_hetzner_20260410/train/cond1_seed1212_ep50000.pt,cond1,1212,1,9001,greedy,permute_slots,none,none,none,f_value,2.500,6045,0.15727874276261372,4.943672456575682,0.00016542597187758478,19.77468982630273,0.1558283240153012,0.20160628444131787,50000,comm,private,
<SOURCE_VECSTRAIGHT_REPO>/hetzner-results/phase3_vecstraight_clean_msgsource_learned_15seeds_hetzner_20260410/train/cond1_seed1212_ep50000.pt,cond1,1212,1,9001,greedy,permute_slots,none,none,none,f_value,3.500,6449,0.5282989610792371,9.28298961079237,0.08016746782446892,37.13195844316948,0.5346080779714215,0.5321259354381614,50000,comm,private,
<SOURCE_VECSTRAIGHT_REPO>/hetzner-results/phase3_vecstraight_clean_msgsource_learned_15seeds_hetzner_20260410/train/cond1_seed1212_ep50000.pt,cond1,1212,1,9001,greedy,permute_slots,none,none,none,f_value,5.000,6068,0.712549439683586,15.400791034937376,0.31558998022412654,61.6031641397495,0.760655737704918,0.7102505893652318,50000,comm,private,
<SOURCE_VECSTRAIGHT_REPO>/hetzner-results/phase3_vecstraight_clean_msgsource_learned_15seeds_hetzner_20260410/train/cond1_seed1212_ep50000.pt,cond1,1212,1,9001,greedy,public_marginal,none,none,none,regime,competitive,6381,0.0,4.0,0.0,16.0,,,50000,comm,private,
<SOURCE_VECSTRAIGHT_REPO>/hetzner-results/phase3_vecstraight_clean_msgsource_learned_15seeds_hetzner_20260410/train/cond1_seed1212_ep50000.pt,cond1,1212,1,9001,greedy,public_marginal,none,none,none,regime,cooperative,5877,0.7392802450229708,15.828483920367534,0.2713969712438319,63.313935681470134,,,50000,comm,private,
<SOURCE_VECSTRAIGHT_REPO>/hetzner-results/phase3_vecstraight_clean_msgsource_learned_15seeds_hetzner_20260410/train/cond1_seed1212_ep50000.pt,cond1,1212,1,9001,greedy,public_marginal,none,none,none,regime,mixed,17742,0.2217478300078909,5.997379100439635,0.0073836095141472215,23.98951640175854,,,50000,comm,private,
<SOURCE_VECSTRAIGHT_REPO>/hetzner-results/phase3_vecstraight_clean_msgsource_learned_15seeds_hetzner_20260410/train/cond1_seed1212_ep50000.pt,cond1,1212,1,9001,greedy,public_marginal,none,none,none,f_value,0.500,6381,0.0,4.0,0.0,16.0,0.0,0.0,50000,comm,private,
<SOURCE_VECSTRAIGHT_REPO>/hetzner-results/phase3_vecstraight_clean_msgsource_learned_15seeds_hetzner_20260410/train/cond1_seed1212_ep50000.pt,cond1,1212,1,9001,greedy,public_marginal,none,none,none,f_value,1.500,5647,0.0049141136886842575,4.009828227377368,0.0,16.039312909509473,0.0015751575157515751,0.00972342264477096,50000,comm,private,
<SOURCE_VECSTRAIGHT_REPO>/hetzner-results/phase3_vecstraight_clean_msgsource_learned_15seeds_hetzner_20260410/train/cond1_seed1212_ep50000.pt,cond1,1212,1,9001,greedy,public_marginal,none,none,none,f_value,2.500,6241,0.14753244672328153,4.885194680339689,0.0,19.540778721358755,0.13253268902785673,0.1669114946749908,50000,comm,private,
<SOURCE_VECSTRAIGHT_REPO>/hetzner-results/phase3_vecstraight_clean_msgsource_learned_15seeds_hetzner_20260410/train/cond1_seed1212_ep50000.pt,cond1,1212,1,9001,greedy,public_marginal,none,none,none,f_value,3.500,5854,0.5100358729074137,9.100358729074138,0.022377861291424668,36.40143491629655,0.5061869844179652,0.5149166989538938,50000,comm,private,
<SOURCE_VECSTRAIGHT_REPO>/hetzner-results/phase3_vecstraight_clean_msgsource_learned_15seeds_hetzner_20260410/train/cond1_seed1212_ep50000.pt,cond1,1212,1,9001,greedy,public_marginal,none,none,none,f_value,5.000,5877,0.7392802450229708,15.828483920367534,0.2713969712438319,63.313935681470134,0.8384269314303444,0.6188771665410701,50000,comm,private,
<SOURCE_VECSTRAIGHT_REPO>/hetzner-results/phase3_vecstraight_clean_msgsource_learned_15seeds_hetzner_20260410/train/cond1_seed1212_ep50000.pt,cond1,1212,1,9001,greedy,public_random,none,none,none,regime,competitive,5929,0.0,4.0,0.0,16.0,,,50000,comm,private,
<SOURCE_VECSTRAIGHT_REPO>/hetzner-results/phase3_vecstraight_clean_msgsource_learned_15seeds_hetzner_20260410/train/cond1_seed1212_ep50000.pt,cond1,1212,1,9001,greedy,public_random,none,none,none,regime,cooperative,5836,0.7303803975325566,15.686086360520905,0.24880054832076764,62.74434544208362,,,50000,comm,private,
<SOURCE_VECSTRAIGHT_REPO>/hetzner-results/phase3_vecstraight_clean_msgsource_learned_15seeds_hetzner_20260410/train/cond1_seed1212_ep50000.pt,cond1,1212,1,9001,greedy,public_random,none,none,none,regime,mixed,18235,0.22126405264601043,5.997285440087744,0.00581299698382232,23.989141760350975,,,50000,comm,private,
<SOURCE_VECSTRAIGHT_REPO>/hetzner-results/phase3_vecstraight_clean_msgsource_learned_15seeds_hetzner_20260410/train/cond1_seed1212_ep50000.pt,cond1,1212,1,9001,greedy,public_random,none,none,none,f_value,0.500,5929,0.0,4.0,0.0,16.0,0.0,0.0,50000,comm,private,
<SOURCE_VECSTRAIGHT_REPO>/hetzner-results/phase3_vecstraight_clean_msgsource_learned_15seeds_hetzner_20260410/train/cond1_seed1212_ep50000.pt,cond1,1212,1,9001,greedy,public_random,none,none,none,f_value,1.500,5872,0.005108991825613079,4.010217983651226,0.0,16.040871934604905,0.0016161959850289215,0.008608932833276508,50000,comm,private,
<SOURCE_VECSTRAIGHT_REPO>/hetzner-results/phase3_vecstraight_clean_msgsource_learned_15seeds_hetzner_20260410/train/cond1_seed1212_ep50000.pt,cond1,1212,1,9001,greedy,public_random,none,none,none,f_value,2.500,6262,0.14719738102842542,4.883184286170552,0.0,19.53273714468221,0.1303622497616778,0.16420545746388443,50000,comm,private,
<SOURCE_VECSTRAIGHT_REPO>/hetzner-results/phase3_vecstraight_clean_msgsource_learned_15seeds_hetzner_20260410/train/cond1_seed1212_ep50000.pt,cond1,1212,1,9001,greedy,public_random,none,none,none,f_value,3.500,6101,0.505326995574496,9.053269955744959,0.017374200950663825,36.213079822979836,0.5038638605721802,0.506781045751634,50000,comm,private,
<SOURCE_VECSTRAIGHT_REPO>/hetzner-results/phase3_vecstraight_clean_msgsource_learned_15seeds_hetzner_20260410/train/cond1_seed1212_ep50000.pt,cond1,1212,1,9001,greedy,public_random,none,none,none,f_value,5.000,5836,0.7303803975325566,15.686086360520905,0.24880054832076764,62.74434544208362,0.8314959294436907,0.6271641274238227,50000,comm,private,
<SOURCE_VECSTRAIGHT_REPO>/hetzner-results/phase3_vecstraight_clean_msgsource_learned_15seeds_hetzner_20260410/train/cond1_seed1212_ep50000.pt,cond1,1212,1,9001,greedy,sender_shuffle,none,none,none,regime,competitive,5288,0.0009455370650529501,3.9981089258698943,0.0,15.992435703479577,,,50000,comm,private,
<SOURCE_VECSTRAIGHT_REPO>/hetzner-results/phase3_vecstraight_clean_msgsource_learned_15seeds_hetzner_20260410/train/cond1_seed1212_ep50000.pt,cond1,1212,1,9001,greedy,sender_shuffle,none,none,none,regime,cooperative,5917,0.7025942200439412,15.24150752070306,0.30015210410681087,60.96603008281224,,,50000,comm,private,
<SOURCE_VECSTRAIGHT_REPO>/hetzner-results/phase3_vecstraight_clean_msgsource_learned_15seeds_hetzner_20260410/train/cond1_seed1212_ep50000.pt,cond1,1212,1,9001,greedy,sender_shuffle,none,none,none,regime,mixed,18795,0.2471534982708167,6.179063580739558,0.019632881085395053,24.716254322958232,,,50000,comm,private,
<SOURCE_VECSTRAIGHT_REPO>/hetzner-results/phase3_vecstraight_clean_msgsource_learned_15seeds_hetzner_20260410/train/cond1_seed1212_ep50000.pt,cond1,1212,1,9001,greedy,sender_shuffle,none,none,none,f_value,0.500,5288,0.0009455370650529501,3.9981089258698943,0.0,15.992435703479577,0.0009801038910124474,0.0012969327540367033,50000,comm,private,
<SOURCE_VECSTRAIGHT_REPO>/hetzner-results/phase3_vecstraight_clean_msgsource_learned_15seeds_hetzner_20260410/train/cond1_seed1212_ep50000.pt,cond1,1212,1,9001,greedy,sender_shuffle,none,none,none,f_value,1.500,5824,0.019788804945054944,4.0395776098901095,0.0,16.158310439560438,0.019976864210713652,0.026975863700899196,50000,comm,private,
<SOURCE_VECSTRAIGHT_REPO>/hetzner-results/phase3_vecstraight_clean_msgsource_learned_15seeds_hetzner_20260410/train/cond1_seed1212_ep50000.pt,cond1,1212,1,9001,greedy,sender_shuffle,none,none,none,f_value,2.500,6298,0.1816052715147666,5.0896316290886,0.0,20.3585265163544,0.18100476112296832,0.20479048571746136,50000,comm,private,
<SOURCE_VECSTRAIGHT_REPO>/hetzner-results/phase3_vecstraight_clean_msgsource_learned_15seeds_hetzner_20260410/train/cond1_seed1212_ep50000.pt,cond1,1212,1,9001,greedy,sender_shuffle,none,none,none,f_value,3.500,6673,0.5074554173535142,9.074554173535141,0.055297467405964335,36.298216694140564,0.5105811872714542,0.5065374798145543,50000,comm,private,
<SOURCE_VECSTRAIGHT_REPO>/hetzner-results/phase3_vecstraight_clean_msgsource_learned_15seeds_hetzner_20260410/train/cond1_seed1212_ep50000.pt,cond1,1212,1,9001,greedy,sender_shuffle,none,none,none,f_value,5.000,5917,0.7025942200439412,15.24150752070306,0.30015210410681087,60.96603008281224,0.7087897642625537,0.6835026722264639,50000,comm,private,
<SOURCE_VECSTRAIGHT_REPO>/hetzner-results/phase3_vecstraight_clean_msgsource_learned_15seeds_hetzner_20260410/train/cond1_seed1212_ep50000.pt,cond1,1212,1,9001,greedy,zeros,none,none,none,regime,competitive,5288,0.0,4.0,0.0,16.0,,,50000,comm,private,
<SOURCE_VECSTRAIGHT_REPO>/hetzner-results/phase3_vecstraight_clean_msgsource_learned_15seeds_hetzner_20260410/train/cond1_seed1212_ep50000.pt,cond1,1212,1,9001,greedy,zeros,none,none,none,regime,cooperative,5917,0.662709143146865,14.60334629034984,0.02112557039040054,58.41338516139936,,,50000,comm,private,
<SOURCE_VECSTRAIGHT_REPO>/hetzner-results/phase3_vecstraight_clean_msgsource_learned_15seeds_hetzner_20260410/train/cond1_seed1212_ep50000.pt,cond1,1212,1,9001,greedy,zeros,none,none,none,regime,mixed,18795,0.2725458898643256,6.48608672519287,0.027773343974461292,25.94434690077148,,,50000,comm,private,
<SOURCE_VECSTRAIGHT_REPO>/hetzner-results/phase3_vecstraight_clean_msgsource_learned_15seeds_hetzner_20260410/train/cond1_seed1212_ep50000.pt,cond1,1212,1,9001,greedy,zeros,none,none,none,f_value,0.500,5288,0.0,4.0,0.0,16.0,0.0,0.0,50000,comm,private,
<SOURCE_VECSTRAIGHT_REPO>/hetzner-results/phase3_vecstraight_clean_msgsource_learned_15seeds_hetzner_20260410/train/cond1_seed1212_ep50000.pt,cond1,1212,1,9001,greedy,zeros,none,none,none,f_value,1.500,5824,0.002489697802197802,4.004979395604396,0.0,16.019917582417584,0.00249215829501998,0.002926752096187312,50000,comm,private,
<SOURCE_VECSTRAIGHT_REPO>/hetzner-results/phase3_vecstraight_clean_msgsource_learned_15seeds_hetzner_20260410/train/cond1_seed1212_ep50000.pt,cond1,1212,1,9001,greedy,zeros,none,none,none,f_value,2.500,6298,0.1739838043823436,5.043902826294062,0.0006351222610352493,20.175611305176247,0.17230594256468582,0.18205214277721832,50000,comm,private,
<SOURCE_VECSTRAIGHT_REPO>/hetzner-results/phase3_vecstraight_clean_msgsource_learned_15seeds_hetzner_20260410/train/cond1_seed1212_ep50000.pt,cond1,1212,1,9001,greedy,zeros,none,none,none,f_value,3.500,6673,0.6012662970178331,10.012662970178331,0.07762625505769519,40.050651880713325,0.6092193189548237,0.6092837380879188,50000,comm,private,
<SOURCE_VECSTRAIGHT_REPO>/hetzner-results/phase3_vecstraight_clean_msgsource_learned_15seeds_hetzner_20260410/train/cond1_seed1212_ep50000.pt,cond1,1212,1,9001,greedy,zeros,none,none,none,f_value,5.000,5917,0.662709143146865,14.60334629034984,0.02112557039040054,58.41338516139936,0.6447884987558751,0.6272488755622189,50000,comm,private,
<SOURCE_VECSTRAIGHT_REPO>/hetzner-results/phase3_vecstraight_clean_msgsource_learned_15seeds_hetzner_20260410/train/cond1_seed1313_ep50000.pt,cond1,1313,1,9001,greedy,fixed0,none,none,none,regime,competitive,5288,0.3259266263237519,3.348146747352496,0.0,13.392586989409985,,,50000,comm,private,
<SOURCE_VECSTRAIGHT_REPO>/hetzner-results/phase3_vecstraight_clean_msgsource_learned_15seeds_hetzner_20260410/train/cond1_seed1313_ep50000.pt,cond1,1313,1,9001,greedy,fixed0,none,none,none,regime,cooperative,5917,0.6993831333446003,15.190130133513605,0.14348487409160046,60.76052053405442,,,50000,comm,private,
<SOURCE_VECSTRAIGHT_REPO>/hetzner-results/phase3_vecstraight_clean_msgsource_learned_15seeds_hetzner_20260410/train/cond1_seed1313_ep50000.pt,cond1,1313,1,9001,greedy,fixed0,none,none,none,regime,mixed,18795,0.45947060388401173,7.024501197126895,0.00010641127959563714,28.09800478850758,,,50000,comm,private,
<SOURCE_VECSTRAIGHT_REPO>/hetzner-results/phase3_vecstraight_clean_msgsource_learned_15seeds_hetzner_20260410/train/cond1_seed1313_ep50000.pt,cond1,1313,1,9001,greedy,fixed0,none,none,none,f_value,0.500,5288,0.3259266263237519,3.348146747352496,0.0,13.392586989409985,0.3259266263237519,,50000,comm,private,
<SOURCE_VECSTRAIGHT_REPO>/hetzner-results/phase3_vecstraight_clean_msgsource_learned_15seeds_hetzner_20260410/train/cond1_seed1313_ep50000.pt,cond1,1313,1,9001,greedy,fixed0,none,none,none,f_value,1.500,5824,0.4095123626373626,4.819024725274725,0.0,19.2760989010989,0.4095123626373626,,50000,comm,private,
<SOURCE_VECSTRAIGHT_REPO>/hetzner-results/phase3_vecstraight_clean_msgsource_learned_15seeds_hetzner_20260410/train/cond1_seed1313_ep50000.pt,cond1,1313,1,9001,greedy,fixed0,none,none,none,f_value,2.500,6298,0.41409971419498254,6.484598285169895,0.0,25.93839314067958,0.41409971419498254,,50000,comm,private,
<SOURCE_VECSTRAIGHT_REPO>/hetzner-results/phase3_vecstraight_clean_msgsource_learned_15seeds_hetzner_20260410/train/cond1_seed1313_ep50000.pt,cond1,1313,1,9001,greedy,fixed0,none,none,none,f_value,3.500,6673,0.5458939007942455,9.458939007942455,0.0002997152704930316,37.83575603176982,0.5458939007942455,,50000,comm,private,
<SOURCE_VECSTRAIGHT_REPO>/hetzner-results/phase3_vecstraight_clean_msgsource_learned_15seeds_hetzner_20260410/train/cond1_seed1313_ep50000.pt,cond1,1313,1,9001,greedy,fixed0,none,none,none,f_value,5.000,5917,0.6993831333446003,15.190130133513605,0.14348487409160046,60.76052053405442,0.6993831333446003,,50000,comm,private,
<SOURCE_VECSTRAIGHT_REPO>/hetzner-results/phase3_vecstraight_clean_msgsource_learned_15seeds_hetzner_20260410/train/cond1_seed1313_ep50000.pt,cond1,1313,1,9001,greedy,fixed1,none,none,none,regime,competitive,5288,0.0,4.0,0.0,16.0,,,50000,comm,private,
<SOURCE_VECSTRAIGHT_REPO>/hetzner-results/phase3_vecstraight_clean_msgsource_learned_15seeds_hetzner_20260410/train/cond1_seed1313_ep50000.pt,cond1,1313,1,9001,greedy,fixed1,none,none,none,regime,cooperative,5917,0.26018252492817306,8.162920398850769,0.0,32.651681595403076,,,50000,comm,private,
<SOURCE_VECSTRAIGHT_REPO>/hetzner-results/phase3_vecstraight_clean_msgsource_learned_15seeds_hetzner_20260410/train/cond1_seed1313_ep50000.pt,cond1,1313,1,9001,greedy,fixed1,none,none,none,regime,mixed,18795,0.016121308858739025,4.160361798350626,0.0,16.641447193402502,,,50000,comm,private,
<SOURCE_VECSTRAIGHT_REPO>/hetzner-results/phase3_vecstraight_clean_msgsource_learned_15seeds_hetzner_20260410/train/cond1_seed1313_ep50000.pt,cond1,1313,1,9001,greedy,fixed1,none,none,none,f_value,0.500,5288,0.0,4.0,0.0,16.0,,0.0,50000,comm,private,
<SOURCE_VECSTRAIGHT_REPO>/hetzner-results/phase3_vecstraight_clean_msgsource_learned_15seeds_hetzner_20260410/train/cond1_seed1313_ep50000.pt,cond1,1313,1,9001,greedy,fixed1,none,none,none,f_value,1.500,5824,0.0,4.0,0.0,16.0,,0.0,50000,comm,private,
<SOURCE_VECSTRAIGHT_REPO>/hetzner-results/phase3_vecstraight_clean_msgsource_learned_15seeds_hetzner_20260410/train/cond1_seed1313_ep50000.pt,cond1,1313,1,9001,greedy,fixed1,none,none,none,f_value,2.500,6298,0.0006351222610352493,4.003810733566212,0.0,16.015242934264847,,0.0006351222610352493,50000,comm,private,
<SOURCE_VECSTRAIGHT_REPO>/hetzner-results/phase3_vecstraight_clean_msgsource_learned_15seeds_hetzner_20260410/train/cond1_seed1313_ep50000.pt,cond1,1313,1,9001,greedy,fixed1,none,none,none,f_value,3.500,6673,0.04480743293870823,4.448074329387082,0.0,17.79229731754833,,0.04480743293870823,50000,comm,private,
<SOURCE_VECSTRAIGHT_REPO>/hetzner-results/phase3_vecstraight_clean_msgsource_learned_15seeds_hetzner_20260410/train/cond1_seed1313_ep50000.pt,cond1,1313,1,9001,greedy,fixed1,none,none,none,f_value,5.000,5917,0.26018252492817306,8.162920398850769,0.0,32.651681595403076,,0.26018252492817306,50000,comm,private,
<SOURCE_VECSTRAIGHT_REPO>/hetzner-results/phase3_vecstraight_clean_msgsource_learned_15seeds_hetzner_20260410/train/cond1_seed1313_ep50000.pt,cond1,1313,1,9001,greedy,indep_random,none,none,none,regime,competitive,5444,0.01047024246877296,3.979059515062454,0.0,15.916238060249816,,,50000,comm,private,
<SOURCE_VECSTRAIGHT_REPO>/hetzner-results/phase3_vecstraight_clean_msgsource_learned_15seeds_hetzner_20260410/train/cond1_seed1313_ep50000.pt,cond1,1313,1,9001,greedy,indep_random,none,none,none,regime,cooperative,5829,0.49309487047521017,11.889517927603363,0.09229713501458225,47.55807171041345,,,50000,comm,private,
<SOURCE_VECSTRAIGHT_REPO>/hetzner-results/phase3_vecstraight_clean_msgsource_learned_15seeds_hetzner_20260410/train/cond1_seed1313_ep50000.pt,cond1,1313,1,9001,greedy,indep_random,none,none,none,regime,mixed,18727,0.16380092913974476,5.36316548299247,0.0008543813744860362,21.45266193196988,,,50000,comm,private,
<SOURCE_VECSTRAIGHT_REPO>/hetzner-results/phase3_vecstraight_clean_msgsource_learned_15seeds_hetzner_20260410/train/cond1_seed1313_ep50000.pt,cond1,1313,1,9001,greedy,indep_random,none,none,none,f_value,0.500,5444,0.01047024246877296,3.979059515062454,0.0,15.916238060249816,0.012055200126896844,0.002001791076226097,50000,comm,private,
<SOURCE_VECSTRAIGHT_REPO>/hetzner-results/phase3_vecstraight_clean_msgsource_learned_15seeds_hetzner_20260410/train/cond1_seed1313_ep50000.pt,cond1,1313,1,9001,greedy,indep_random,none,none,none,f_value,1.500,5205,0.031604226705091255,4.063208453410183,0.0,16.25283381364073,0.035970034152252944,0.018135854033853593,50000,comm,private,
<SOURCE_VECSTRAIGHT_REPO>/hetzner-results/phase3_vecstraight_clean_msgsource_learned_15seeds_hetzner_20260410/train/cond1_seed1313_ep50000.pt,cond1,1313,1,9001,greedy,indep_random,none,none,none,f_value,2.500,7182,0.13335421888053467,4.800125313283208,0.0,19.20050125313283,0.1460687617298247,0.12857199634354755,50000,comm,private,
<SOURCE_VECSTRAIGHT_REPO>/hetzner-results/phase3_vecstraight_clean_msgsource_learned_15seeds_hetzner_20260410/train/cond1_seed1313_ep50000.pt,cond1,1313,1,9001,greedy,indep_random,none,none,none,f_value,3.500,6340,0.3068217665615142,7.068217665615142,0.002523659305993691,28.27287066246057,0.3229030070088175,0.3048543689320388,50000,comm,private,
<SOURCE_VECSTRAIGHT_REPO>/hetzner-results/phase3_vecstraight_clean_msgsource_learned_15seeds_hetzner_20260410/train/cond1_seed1313_ep50000.pt,cond1,1313,1,9001,greedy,indep_random,none,none,none,f_value,5.000,5829,0.49309487047521017,11.889517927603363,0.09229713501458225,47.55807171041345,0.503660104857058,0.46738707165109034,50000,comm,private,
<SOURCE_VECSTRAIGHT_REPO>/hetzner-results/phase3_vecstraight_clean_msgsource_learned_15seeds_hetzner_20260410/train/cond1_seed1313_ep50000.pt,cond1,1313,1,9001,greedy,marginal,none,none,none,regime,competitive,5980,0.008653846153846154,3.9826923076923078,0.0,15.930769230769231,,,50000,comm,private,
<SOURCE_VECSTRAIGHT_REPO>/hetzner-results/phase3_vecstraight_clean_msgsource_learned_15seeds_hetzner_20260410/train/cond1_seed1313_ep50000.pt,cond1,1313,1,9001,greedy,marginal,none,none,none,regime,cooperative,5921,0.5213224117547711,12.341158588076338,0.10184090525249113,49.36463435230535,,,50000,comm,private,
<SOURCE_VECSTRAIGHT_REPO>/hetzner-results/phase3_vecstraight_clean_msgsource_learned_15seeds_hetzner_20260410/train/cond1_seed1313_ep50000.pt,cond1,1313,1,9001,greedy,marginal,none,none,none,regime,mixed,18099,0.15122382452069175,5.268191612796287,0.00044201337090446984,21.07276645118515,,,50000,comm,private,
<SOURCE_VECSTRAIGHT_REPO>/hetzner-results/phase3_vecstraight_clean_msgsource_learned_15seeds_hetzner_20260410/train/cond1_seed1313_ep50000.pt,cond1,1313,1,9001,greedy,marginal,none,none,none,f_value,0.500,5980,0.008653846153846154,3.9826923076923078,0.0,15.930769230769231,0.00977937355317239,0.0012977649603460708,50000,comm,private,
<SOURCE_VECSTRAIGHT_REPO>/hetzner-results/phase3_vecstraight_clean_msgsource_learned_15seeds_hetzner_20260410/train/cond1_seed1313_ep50000.pt,cond1,1313,1,9001,greedy,marginal,none,none,none,f_value,1.500,5804,0.031056168159889732,4.062112336319779,0.0,16.248449345279116,0.03584444111626978,0.01954128885225234,50000,comm,private,
<SOURCE_VECSTRAIGHT_REPO>/hetzner-results/phase3_vecstraight_clean_msgsource_learned_15seeds_hetzner_20260410/train/cond1_seed1313_ep50000.pt,cond1,1313,1,9001,greedy,marginal,none,none,none,f_value,2.500,5884,0.12640210740992522,4.758412644459551,0.0,19.033650577838205,0.14221264223770616,0.12309644670050761,50000,comm,private,
<SOURCE_VECSTRAIGHT_REPO>/hetzner-results/phase3_vecstraight_clean_msgsource_learned_15seeds_hetzner_20260410/train/cond1_seed1313_ep50000.pt,cond1,1313,1,9001,greedy,marginal,none,none,none,f_value,3.500,6411,0.2827951957572922,6.827951957572922,0.0012478552487911402,27.311807830291688,0.3042909837979175,0.28202483778092907,50000,comm,private,
<SOURCE_VECSTRAIGHT_REPO>/hetzner-results/phase3_vecstraight_clean_msgsource_learned_15seeds_hetzner_20260410/train/cond1_seed1313_ep50000.pt,cond1,1313,1,9001,greedy,marginal,none,none,none,f_value,5.000,5921,0.5213224117547711,12.341158588076338,0.10184090525249113,49.36463435230535,0.5393739062803811,0.497775864542976,50000,comm,private,
<SOURCE_VECSTRAIGHT_REPO>/hetzner-results/phase3_vecstraight_clean_msgsource_learned_15seeds_hetzner_20260410/train/cond1_seed1313_ep50000.pt,cond1,1313,1,9001,greedy,none,none,none,none,regime,competitive,5288,0.004065809379727685,3.9918683812405447,0.0,15.967473524962179,,,50000,comm,private,
<SOURCE_VECSTRAIGHT_REPO>/hetzner-results/phase3_vecstraight_clean_msgsource_learned_15seeds_hetzner_20260410/train/cond1_seed1313_ep50000.pt,cond1,1313,1,9001,greedy,none,none,none,none,regime,cooperative,5917,0.7186074023998648,15.497718438397836,0.21057968565151258,61.990873753591345,,,50000,comm,private,
<SOURCE_VECSTRAIGHT_REPO>/hetzner-results/phase3_vecstraight_clean_msgsource_learned_15seeds_hetzner_20260410/train/cond1_seed1313_ep50000.pt,cond1,1313,1,9001,greedy,none,none,none,none,regime,mixed,18795,0.03922585794094174,4.327507315775472,0.0,17.31002926310189,,,50000,comm,private,
<SOURCE_VECSTRAIGHT_REPO>/hetzner-results/phase3_vecstraight_clean_msgsource_learned_15seeds_hetzner_20260410/train/cond1_seed1313_ep50000.pt,cond1,1313,1,9001,greedy,none,none,none,none,f_value,0.500,5288,0.004065809379727685,3.9918683812405447,0.0,15.967473524962179,0.0041310404457680855,0.0016821345707656614,50000,comm,private,
<SOURCE_VECSTRAIGHT_REPO>/hetzner-results/phase3_vecstraight_clean_msgsource_learned_15seeds_hetzner_20260410/train/cond1_seed1313_ep50000.pt,cond1,1313,1,9001,greedy,none,none,none,none,f_value,1.500,5824,0.007340315934065934,4.014680631868132,0.0,16.05872252747253,0.007900937947604306,0.0057707771628588995,50000,comm,private,
<SOURCE_VECSTRAIGHT_REPO>/hetzner-results/phase3_vecstraight_clean_msgsource_learned_15seeds_hetzner_20260410/train/cond1_seed1313_ep50000.pt,cond1,1313,1,9001,greedy,none,none,none,none,f_value,2.500,6298,0.034733248650365194,4.208399491902191,0.0,16.833597967608764,0.04251991593763746,0.03478016688061617,50000,comm,private,
<SOURCE_VECSTRAIGHT_REPO>/hetzner-results/phase3_vecstraight_clean_msgsource_learned_15seeds_hetzner_20260410/train/cond1_seed1313_ep50000.pt,cond1,1313,1,9001,greedy,none,none,none,none,f_value,3.500,6673,0.0712947699685299,4.712947699685299,0.0,18.851790798741195,0.09335949602395952,0.0713321838218757,50000,comm,private,
<SOURCE_VECSTRAIGHT_REPO>/hetzner-results/phase3_vecstraight_clean_msgsource_learned_15seeds_hetzner_20260410/train/cond1_seed1313_ep50000.pt,cond1,1313,1,9001,greedy,none,none,none,none,f_value,5.000,5917,0.7186074023998648,15.497718438397836,0.21057968565151258,61.990873753591345,0.7193771479485765,0.7087979629467029,50000,comm,private,
<SOURCE_VECSTRAIGHT_REPO>/hetzner-results/phase3_vecstraight_clean_msgsource_learned_15seeds_hetzner_20260410/train/cond1_seed1313_ep50000.pt,cond1,1313,1,9001,greedy,permute_slots,none,none,none,regime,competitive,5862,0.004605936540429887,3.9907881269191403,0.0,15.963152507676561,,,50000,comm,private,
<SOURCE_VECSTRAIGHT_REPO>/hetzner-results/phase3_vecstraight_clean_msgsource_learned_15seeds_hetzner_20260410/train/cond1_seed1313_ep50000.pt,cond1,1313,1,9001,greedy,permute_slots,none,none,none,regime,cooperative,6068,0.5370385629531971,12.592617007251153,0.1074489123269611,50.37046802900461,,,50000,comm,private,
<SOURCE_VECSTRAIGHT_REPO>/hetzner-results/phase3_vecstraight_clean_msgsource_learned_15seeds_hetzner_20260410/train/cond1_seed1313_ep50000.pt,cond1,1313,1,9001,greedy,permute_slots,none,none,none,regime,mixed,18070,0.11072219147758716,4.929302711676812,0.00022136137244050912,19.71721084670725,,,50000,comm,private,
<SOURCE_VECSTRAIGHT_REPO>/hetzner-results/phase3_vecstraight_clean_msgsource_learned_15seeds_hetzner_20260410/train/cond1_seed1313_ep50000.pt,cond1,1313,1,9001,greedy,permute_slots,none,none,none,f_value,0.500,5862,0.004605936540429887,3.9907881269191403,0.0,15.963152507676561,0.004674110620618021,0.0010036448153821773,50000,comm,private,
<SOURCE_VECSTRAIGHT_REPO>/hetzner-results/phase3_vecstraight_clean_msgsource_learned_15seeds_hetzner_20260410/train/cond1_seed1313_ep50000.pt,cond1,1313,1,9001,greedy,permute_slots,none,none,none,f_value,1.500,5576,0.020624103299856526,4.041248206599713,0.0,16.16499282639885,0.022415146164410437,0.017383898602274434,50000,comm,private,
<SOURCE_VECSTRAIGHT_REPO>/hetzner-results/phase3_vecstraight_clean_msgsource_learned_15seeds_hetzner_20260410/train/cond1_seed1313_ep50000.pt,cond1,1313,1,9001,greedy,permute_slots,none,none,none,f_value,2.500,6045,0.09491315136476426,4.569478908188586,0.0,18.277915632754343,0.1036332355024795,0.09568918749739182,50000,comm,private,
<SOURCE_VECSTRAIGHT_REPO>/hetzner-results/phase3_vecstraight_clean_msgsource_learned_15seeds_hetzner_20260410/train/cond1_seed1313_ep50000.pt,cond1,1313,1,9001,greedy,permute_slots,none,none,none,f_value,3.500,6449,0.2034423941696387,6.034423941696387,0.0006202512017367033,24.137695766785548,0.20755156741638503,0.20346152353603167,50000,comm,private,
<SOURCE_VECSTRAIGHT_REPO>/hetzner-results/phase3_vecstraight_clean_msgsource_learned_15seeds_hetzner_20260410/train/cond1_seed1313_ep50000.pt,cond1,1313,1,9001,greedy,permute_slots,none,none,none,f_value,5.000,6068,0.5370385629531971,12.592617007251153,0.1074489123269611,50.37046802900461,0.5365955145008946,0.5247173284249277,50000,comm,private,
<SOURCE_VECSTRAIGHT_REPO>/hetzner-results/phase3_vecstraight_clean_msgsource_learned_15seeds_hetzner_20260410/train/cond1_seed1313_ep50000.pt,cond1,1313,1,9001,greedy,public_marginal,none,none,none,regime,competitive,6381,0.0679752389907538,3.8640495220184925,0.0,15.45619808807397,,,50000,comm,private,
<SOURCE_VECSTRAIGHT_REPO>/hetzner-results/phase3_vecstraight_clean_msgsource_learned_15seeds_hetzner_20260410/train/cond1_seed1313_ep50000.pt,cond1,1313,1,9001,greedy,public_marginal,none,none,none,regime,cooperative,5877,0.49795814190913734,11.967330270546197,0.09239407861153649,47.86932108218479,,,50000,comm,private,
<SOURCE_VECSTRAIGHT_REPO>/hetzner-results/phase3_vecstraight_clean_msgsource_learned_15seeds_hetzner_20260410/train/cond1_seed1313_ep50000.pt,cond1,1313,1,9001,greedy,public_marginal,none,none,none,regime,mixed,17742,0.14312084319693383,4.96254649983091,0.0,19.85018599932364,,,50000,comm,private,
<SOURCE_VECSTRAIGHT_REPO>/hetzner-results/phase3_vecstraight_clean_msgsource_learned_15seeds_hetzner_20260410/train/cond1_seed1313_ep50000.pt,cond1,1313,1,9001,greedy,public_marginal,none,none,none,f_value,0.500,6381,0.0679752389907538,3.8640495220184925,0.0,15.45619808807397,0.1388,0.0,50000,comm,private,
<SOURCE_VECSTRAIGHT_REPO>/hetzner-results/phase3_vecstraight_clean_msgsource_learned_15seeds_hetzner_20260410/train/cond1_seed1313_ep50000.pt,cond1,1313,1,9001,greedy,public_marginal,none,none,none,f_value,1.500,5647,0.12032937843102533,4.240658756862051,0.0,16.962635027448204,0.2565118912797282,0.0,50000,comm,private,
<SOURCE_VECSTRAIGHT_REPO>/hetzner-results/phase3_vecstraight_clean_msgsource_learned_15seeds_hetzner_20260410/train/cond1_seed1313_ep50000.pt,cond1,1313,1,9001,greedy,public_marginal,none,none,none,f_value,2.500,6241,0.1153260695401378,4.691956417240827,0.0,18.767825668963308,0.2572737068965517,0.00101243853051779,50000,comm,private,
<SOURCE_VECSTRAIGHT_REPO>/hetzner-results/phase3_vecstraight_clean_msgsource_learned_15seeds_hetzner_20260410/train/cond1_seed1313_ep50000.pt,cond1,1313,1,9001,greedy,public_marginal,none,none,none,f_value,3.500,5854,0.19473864024598564,5.947386402459856,0.0,23.789545609839426,0.39235294117647057,0.04222154963680387,50000,comm,private,
<SOURCE_VECSTRAIGHT_REPO>/hetzner-results/phase3_vecstraight_clean_msgsource_learned_15seeds_hetzner_20260410/train/cond1_seed1313_ep50000.pt,cond1,1313,1,9001,greedy,public_marginal,none,none,none,f_value,5.000,5877,0.49795814190913734,11.967330270546197,0.09239407861153649,47.86932108218479,0.7423398328690808,0.2643926788685524,50000,comm,private,
<SOURCE_VECSTRAIGHT_REPO>/hetzner-results/phase3_vecstraight_clean_msgsource_learned_15seeds_hetzner_20260410/train/cond1_seed1313_ep50000.pt,cond1,1313,1,9001,greedy,public_random,none,none,none,regime,competitive,5929,0.0678866587957497,3.8642266824085008,0.0,15.456906729634003,,,50000,comm,private,
<SOURCE_VECSTRAIGHT_REPO>/hetzner-results/phase3_vecstraight_clean_msgsource_learned_15seeds_hetzner_20260410/train/cond1_seed1313_ep50000.pt,cond1,1313,1,9001,greedy,public_random,none,none,none,regime,cooperative,5836,0.5078392734749828,12.125428375599725,0.09921178889650445,48.5017135023989,,,50000,comm,private,
<SOURCE_VECSTRAIGHT_REPO>/hetzner-results/phase3_vecstraight_clean_msgsource_learned_15seeds_hetzner_20260410/train/cond1_seed1313_ep50000.pt,cond1,1313,1,9001,greedy,public_random,none,none,none,regime,mixed,18235,0.1598025774609268,5.092020839045791,0.0,20.368083356183163,,,50000,comm,private,
<SOURCE_VECSTRAIGHT_REPO>/hetzner-results/phase3_vecstraight_clean_msgsource_learned_15seeds_hetzner_20260410/train/cond1_seed1313_ep50000.pt,cond1,1313,1,9001,greedy,public_random,none,none,none,f_value,0.500,5929,0.0678866587957497,3.8642266824085008,0.0,15.456906729634003,0.13639444256184344,0.0,50000,comm,private,
<SOURCE_VECSTRAIGHT_REPO>/hetzner-results/phase3_vecstraight_clean_msgsource_learned_15seeds_hetzner_20260410/train/cond1_seed1313_ep50000.pt,cond1,1313,1,9001,greedy,public_random,none,none,none,f_value,1.500,5872,0.12708617166212535,4.25417234332425,0.0,17.016689373297,0.2539128955427016,0.0,50000,comm,private,
<SOURCE_VECSTRAIGHT_REPO>/hetzner-results/phase3_vecstraight_clean_msgsource_learned_15seeds_hetzner_20260410/train/cond1_seed1313_ep50000.pt,cond1,1313,1,9001,greedy,public_random,none,none,none,f_value,2.500,6262,0.1300303417438518,4.780182050463111,0.0,19.120728201852444,0.25850015888147443,0.0002407704654895666,50000,comm,private,
<SOURCE_VECSTRAIGHT_REPO>/hetzner-results/phase3_vecstraight_clean_msgsource_learned_15seeds_hetzner_20260410/train/cond1_seed1313_ep50000.pt,cond1,1313,1,9001,greedy,public_random,none,none,none,f_value,3.500,6101,0.22184887723324045,6.218488772332405,0.0,24.87395508932962,0.4035679052943111,0.04125816993464052,50000,comm,private,
<SOURCE_VECSTRAIGHT_REPO>/hetzner-results/phase3_vecstraight_clean_msgsource_learned_15seeds_hetzner_20260410/train/cond1_seed1313_ep50000.pt,cond1,1313,1,9001,greedy,public_random,none,none,none,f_value,5.000,5836,0.5078392734749828,12.125428375599725,0.09921178889650445,48.5017135023989,0.7416044776119403,0.2692174515235457,50000,comm,private,
<SOURCE_VECSTRAIGHT_REPO>/hetzner-results/phase3_vecstraight_clean_msgsource_learned_15seeds_hetzner_20260410/train/cond1_seed1313_ep50000.pt,cond1,1313,1,9001,greedy,sender_shuffle,none,none,none,regime,competitive,5288,0.004916792738275341,3.9901664145234492,0.0,15.960665658093797,,,50000,comm,private,
<SOURCE_VECSTRAIGHT_REPO>/hetzner-results/phase3_vecstraight_clean_msgsource_learned_15seeds_hetzner_20260410/train/cond1_seed1313_ep50000.pt,cond1,1313,1,9001,greedy,sender_shuffle,none,none,none,regime,cooperative,5917,0.48952171708636133,11.832347473381782,0.09126246408653034,47.32938989352713,,,50000,comm,private,
<SOURCE_VECSTRAIGHT_REPO>/hetzner-results/phase3_vecstraight_clean_msgsource_learned_15seeds_hetzner_20260410/train/cond1_seed1313_ep50000.pt,cond1,1313,1,9001,greedy,sender_shuffle,none,none,none,regime,mixed,18795,0.15860601223729714,5.327108273476989,0.00010641127959563714,21.308433093907954,,,50000,comm,private,
<SOURCE_VECSTRAIGHT_REPO>/hetzner-results/phase3_vecstraight_clean_msgsource_learned_15seeds_hetzner_20260410/train/cond1_seed1313_ep50000.pt,cond1,1313,1,9001,greedy,sender_shuffle,none,none,none,f_value,0.500,5288,0.004916792738275341,3.9901664145234492,0.0,15.960665658093797,0.005773928492116367,0.0019490177976098887,50000,comm,private,
<SOURCE_VECSTRAIGHT_REPO>/hetzner-results/phase3_vecstraight_clean_msgsource_learned_15seeds_hetzner_20260410/train/cond1_seed1313_ep50000.pt,cond1,1313,1,9001,greedy,sender_shuffle,none,none,none,f_value,1.500,5824,0.026656936813186812,4.053313873626373,0.0,16.213255494505493,0.03116161616161616,0.019071271261890257,50000,comm,private,
<SOURCE_VECSTRAIGHT_REPO>/hetzner-results/phase3_vecstraight_clean_msgsource_learned_15seeds_hetzner_20260410/train/cond1_seed1313_ep50000.pt,cond1,1313,1,9001,greedy,sender_shuffle,none,none,none,f_value,2.500,6298,0.14389488726579866,4.863369323594792,0.0,19.45347729437917,0.16111682723786364,0.1416883116883117,50000,comm,private,
<SOURCE_VECSTRAIGHT_REPO>/hetzner-results/phase3_vecstraight_clean_msgsource_learned_15seeds_hetzner_20260410/train/cond1_seed1313_ep50000.pt,cond1,1313,1,9001,greedy,sender_shuffle,none,none,none,f_value,3.500,6673,0.28765173085568707,6.876517308556871,0.0002997152704930316,27.506069234227486,0.3109254781270609,0.284924153076579,50000,comm,private,
<SOURCE_VECSTRAIGHT_REPO>/hetzner-results/phase3_vecstraight_clean_msgsource_learned_15seeds_hetzner_20260410/train/cond1_seed1313_ep50000.pt,cond1,1313,1,9001,greedy,sender_shuffle,none,none,none,f_value,5.000,5917,0.48952171708636133,11.832347473381782,0.09126246408653034,47.32938989352713,0.5158420246156888,0.46420472951085195,50000,comm,private,
<SOURCE_VECSTRAIGHT_REPO>/hetzner-results/phase3_vecstraight_clean_msgsource_learned_15seeds_hetzner_20260410/train/cond1_seed1313_ep50000.pt,cond1,1313,1,9001,greedy,zeros,none,none,none,regime,competitive,5288,0.00023638426626323752,3.9995272314674737,0.0,15.998108925869895,,,50000,comm,private,
<SOURCE_VECSTRAIGHT_REPO>/hetzner-results/phase3_vecstraight_clean_msgsource_learned_15seeds_hetzner_20260410/train/cond1_seed1313_ep50000.pt,cond1,1313,1,9001,greedy,zeros,none,none,none,regime,cooperative,5917,0.7887442960959946,16.619908737535912,0.3662328882879838,66.47963495014365,,,50000,comm,private,
<SOURCE_VECSTRAIGHT_REPO>/hetzner-results/phase3_vecstraight_clean_msgsource_learned_15seeds_hetzner_20260410/train/cond1_seed1313_ep50000.pt,cond1,1313,1,9001,greedy,zeros,none,none,none,regime,mixed,18795,0.20602553870710294,5.975552008512903,0.005001330140994946,23.90220803405161,,,50000,comm,private,
<SOURCE_VECSTRAIGHT_REPO>/hetzner-results/phase3_vecstraight_clean_msgsource_learned_15seeds_hetzner_20260410/train/cond1_seed1313_ep50000.pt,cond1,1313,1,9001,greedy,zeros,none,none,none,f_value,0.500,5288,0.00023638426626323752,3.9995272314674737,0.0,15.998108925869895,0.00023993473775133165,0.0002847704749971523,50000,comm,private,
<SOURCE_VECSTRAIGHT_REPO>/hetzner-results/phase3_vecstraight_clean_msgsource_learned_15seeds_hetzner_20260410/train/cond1_seed1313_ep50000.pt,cond1,1313,1,9001,greedy,zeros,none,none,none,f_value,1.500,5824,0.003992101648351648,4.0079842032967035,0.0,16.031936813186814,0.003775148473827172,0.004311758916436237,50000,comm,private,
<SOURCE_VECSTRAIGHT_REPO>/hetzner-results/phase3_vecstraight_clean_msgsource_learned_15seeds_hetzner_20260410/train/cond1_seed1313_ep50000.pt,cond1,1313,1,9001,greedy,zeros,none,none,none,f_value,2.500,6298,0.05581136868847253,4.334868212130835,0.0,17.33947284852334,0.044127422406299535,0.05627480059321015,50000,comm,private,
<SOURCE_VECSTRAIGHT_REPO>/hetzner-results/phase3_vecstraight_clean_msgsource_learned_15seeds_hetzner_20260410/train/cond1_seed1313_ep50000.pt,cond1,1313,1,9001,greedy,zeros,none,none,none,f_value,3.500,6673,0.524127079274689,9.24127079274689,0.014086617713172486,36.96508317098756,0.48615232443125617,0.5264566216929223,50000,comm,private,
<SOURCE_VECSTRAIGHT_REPO>/hetzner-results/phase3_vecstraight_clean_msgsource_learned_15seeds_hetzner_20260410/train/cond1_seed1313_ep50000.pt,cond1,1313,1,9001,greedy,zeros,none,none,none,f_value,5.000,5917,0.7887442960959946,16.619908737535912,0.3662328882879838,66.47963495014365,0.789040979785566,0.7827881315435076,50000,comm,private,
<SOURCE_VECSTRAIGHT_REPO>/hetzner-results/phase3_vecstraight_clean_msgsource_learned_15seeds_hetzner_20260410/train/cond1_seed1414_ep50000.pt,cond1,1414,1,9001,greedy,fixed0,none,none,none,regime,competitive,5288,0.0,4.0,0.0,16.0,,,50000,comm,private,
<SOURCE_VECSTRAIGHT_REPO>/hetzner-results/phase3_vecstraight_clean_msgsource_learned_15seeds_hetzner_20260410/train/cond1_seed1414_ep50000.pt,cond1,1414,1,9001,greedy,fixed0,none,none,none,regime,cooperative,5917,0.7469156667230015,15.950650667568024,0.0,63.802602670272094,,,50000,comm,private,
<SOURCE_VECSTRAIGHT_REPO>/hetzner-results/phase3_vecstraight_clean_msgsource_learned_15seeds_hetzner_20260410/train/cond1_seed1414_ep50000.pt,cond1,1414,1,9001,greedy,fixed0,none,none,none,regime,mixed,18795,0.3722266560255387,7.234583665868582,0.0,28.93833466347433,,,50000,comm,private,
<SOURCE_VECSTRAIGHT_REPO>/hetzner-results/phase3_vecstraight_clean_msgsource_learned_15seeds_hetzner_20260410/train/cond1_seed1414_ep50000.pt,cond1,1414,1,9001,greedy,fixed0,none,none,none,f_value,0.500,5288,0.0,4.0,0.0,16.0,0.0,,50000,comm,private,
<SOURCE_VECSTRAIGHT_REPO>/hetzner-results/phase3_vecstraight_clean_msgsource_learned_15seeds_hetzner_20260410/train/cond1_seed1414_ep50000.pt,cond1,1414,1,9001,greedy,fixed0,none,none,none,f_value,1.500,5824,0.01068853021978022,4.02137706043956,0.0,16.08550824175824,0.01068853021978022,,50000,comm,private,
<SOURCE_VECSTRAIGHT_REPO>/hetzner-results/phase3_vecstraight_clean_msgsource_learned_15seeds_hetzner_20260410/train/cond1_seed1414_ep50000.pt,cond1,1414,1,9001,greedy,fixed0,none,none,none,f_value,2.500,6298,0.3440774849158463,6.0644649094950775,0.0,24.25785963798031,0.3440774849158463,,50000,comm,private,
<SOURCE_VECSTRAIGHT_REPO>/hetzner-results/phase3_vecstraight_clean_msgsource_learned_15seeds_hetzner_20260410/train/cond1_seed1414_ep50000.pt,cond1,1414,1,9001,greedy,fixed0,none,none,none,f_value,3.500,6673,0.7143338828113293,11.143338828113292,0.0,44.57335531245317,0.7143338828113293,,50000,comm,private,
<SOURCE_VECSTRAIGHT_REPO>/hetzner-results/phase3_vecstraight_clean_msgsource_learned_15seeds_hetzner_20260410/train/cond1_seed1414_ep50000.pt,cond1,1414,1,9001,greedy,fixed0,none,none,none,f_value,5.000,5917,0.7469156667230015,15.950650667568024,0.0,63.802602670272094,0.7469156667230015,,50000,comm,private,
<SOURCE_VECSTRAIGHT_REPO>/hetzner-results/phase3_vecstraight_clean_msgsource_learned_15seeds_hetzner_20260410/train/cond1_seed1414_ep50000.pt,cond1,1414,1,9001,greedy,fixed1,none,none,none,regime,competitive,5288,0.00680786686838124,3.9863842662632374,0.0,15.94553706505295,,,50000,comm,private,
<SOURCE_VECSTRAIGHT_REPO>/hetzner-results/phase3_vecstraight_clean_msgsource_learned_15seeds_hetzner_20260410/train/cond1_seed1414_ep50000.pt,cond1,1414,1,9001,greedy,fixed1,none,none,none,regime,cooperative,5917,0.9438059827615346,19.100895724184554,0.77742099036674,76.40358289673821,,,50000,comm,private,
<SOURCE_VECSTRAIGHT_REPO>/hetzner-results/phase3_vecstraight_clean_msgsource_learned_15seeds_hetzner_20260410/train/cond1_seed1414_ep50000.pt,cond1,1414,1,9001,greedy,fixed1,none,none,none,regime,mixed,18795,0.2945331205107741,6.711013567438148,0.06389997339718011,26.844054269752593,,,50000,comm,private,
<SOURCE_VECSTRAIGHT_REPO>/hetzner-results/phase3_vecstraight_clean_msgsource_learned_15seeds_hetzner_20260410/train/cond1_seed1414_ep50000.pt,cond1,1414,1,9001,greedy,fixed1,none,none,none,f_value,0.500,5288,0.00680786686838124,3.9863842662632374,0.0,15.94553706505295,,0.00680786686838124,50000,comm,private,
<SOURCE_VECSTRAIGHT_REPO>/hetzner-results/phase3_vecstraight_clean_msgsource_learned_15seeds_hetzner_20260410/train/cond1_seed1414_ep50000.pt,cond1,1414,1,9001,greedy,fixed1,none,none,none,f_value,1.500,5824,0.01996050824175824,4.039921016483516,0.0,16.159684065934066,,0.01996050824175824,50000,comm,private,
<SOURCE_VECSTRAIGHT_REPO>/hetzner-results/phase3_vecstraight_clean_msgsource_learned_15seeds_hetzner_20260410/train/cond1_seed1414_ep50000.pt,cond1,1414,1,9001,greedy,fixed1,none,none,none,f_value,2.500,6298,0.13790092092727851,4.827405525563671,0.00031756113051762465,19.309622102254686,,0.13790092092727851,50000,comm,private,
<SOURCE_VECSTRAIGHT_REPO>/hetzner-results/phase3_vecstraight_clean_msgsource_learned_15seeds_hetzner_20260410/train/cond1_seed1414_ep50000.pt,cond1,1414,1,9001,greedy,fixed1,none,none,none,f_value,3.500,6673,0.6820020980068935,10.820020980068934,0.17967930466057247,43.280083920275736,,0.6820020980068935,50000,comm,private,
<SOURCE_VECSTRAIGHT_REPO>/hetzner-results/phase3_vecstraight_clean_msgsource_learned_15seeds_hetzner_20260410/train/cond1_seed1414_ep50000.pt,cond1,1414,1,9001,greedy,fixed1,none,none,none,f_value,5.000,5917,0.9438059827615346,19.100895724184554,0.77742099036674,76.40358289673821,,0.9438059827615346,50000,comm,private,
<SOURCE_VECSTRAIGHT_REPO>/hetzner-results/phase3_vecstraight_clean_msgsource_learned_15seeds_hetzner_20260410/train/cond1_seed1414_ep50000.pt,cond1,1414,1,9001,greedy,indep_random,none,none,none,regime,competitive,5444,0.00261756061719324,3.9947648787656136,0.0,15.979059515062454,,,50000,comm,private,
<SOURCE_VECSTRAIGHT_REPO>/hetzner-results/phase3_vecstraight_clean_msgsource_learned_15seeds_hetzner_20260410/train/cond1_seed1414_ep50000.pt,cond1,1414,1,9001,greedy,indep_random,none,none,none,regime,cooperative,5829,0.8021101389603705,16.83376222336593,0.3408817979070166,67.33504889346372,,,50000,comm,private,
<SOURCE_VECSTRAIGHT_REPO>/hetzner-results/phase3_vecstraight_clean_msgsource_learned_15seeds_hetzner_20260410/train/cond1_seed1414_ep50000.pt,cond1,1414,1,9001,greedy,indep_random,none,none,none,regime,mixed,18727,0.25938484541037005,6.296416938110749,0.008490414908954984,25.185667752442995,,,50000,comm,private,
<SOURCE_VECSTRAIGHT_REPO>/hetzner-results/phase3_vecstraight_clean_msgsource_learned_15seeds_hetzner_20260410/train/cond1_seed1414_ep50000.pt,cond1,1414,1,9001,greedy,indep_random,none,none,none,f_value,0.500,5444,0.00261756061719324,3.9947648787656136,0.0,15.979059515062454,0.002802305292655845,0.0021598272138228943,50000,comm,private,
<SOURCE_VECSTRAIGHT_REPO>/hetzner-results/phase3_vecstraight_clean_msgsource_learned_15seeds_hetzner_20260410/train/cond1_seed1414_ep50000.pt,cond1,1414,1,9001,greedy,indep_random,none,none,none,f_value,1.500,5205,0.015081652257444764,4.03016330451489,0.0,16.12065321805956,0.014762586757739341,0.014508683227082875,50000,comm,private,
<SOURCE_VECSTRAIGHT_REPO>/hetzner-results/phase3_vecstraight_clean_msgsource_learned_15seeds_hetzner_20260410/train/cond1_seed1414_ep50000.pt,cond1,1414,1,9001,greedy,indep_random,none,none,none,f_value,2.500,7182,0.17202729044834308,5.0321637426900585,0.0004177109440267335,20.128654970760234,0.18244619254881603,0.15710822304359923,50000,comm,private,
<SOURCE_VECSTRAIGHT_REPO>/hetzner-results/phase3_vecstraight_clean_msgsource_learned_15seeds_hetzner_20260410/train/cond1_seed1414_ep50000.pt,cond1,1414,1,9001,greedy,indep_random,none,none,none,f_value,3.500,6340,0.5589116719242903,9.589116719242902,0.024605678233438486,38.35646687697161,0.574723038661542,0.5428764958229849,50000,comm,private,
<SOURCE_VECSTRAIGHT_REPO>/hetzner-results/phase3_vecstraight_clean_msgsource_learned_15seeds_hetzner_20260410/train/cond1_seed1414_ep50000.pt,cond1,1414,1,9001,greedy,indep_random,none,none,none,f_value,5.000,5829,0.8021101389603705,16.83376222336593,0.3408817979070166,67.33504889346372,0.7953308932634287,0.8084598909657321,50000,comm,private,
<SOURCE_VECSTRAIGHT_REPO>/hetzner-results/phase3_vecstraight_clean_msgsource_learned_15seeds_hetzner_20260410/train/cond1_seed1414_ep50000.pt,cond1,1414,1,9001,greedy,marginal,none,none,none,regime,competitive,5980,0.002048494983277592,3.995903010033445,0.0,15.98361204013378,,,50000,comm,private,
<SOURCE_VECSTRAIGHT_REPO>/hetzner-results/phase3_vecstraight_clean_msgsource_learned_15seeds_hetzner_20260410/train/cond1_seed1414_ep50000.pt,cond1,1414,1,9001,greedy,marginal,none,none,none,regime,cooperative,5921,0.7717868603276473,16.34858976524236,0.27647356865394357,65.39435906096944,,,50000,comm,private,
<SOURCE_VECSTRAIGHT_REPO>/hetzner-results/phase3_vecstraight_clean_msgsource_learned_15seeds_hetzner_20260410/train/cond1_seed1414_ep50000.pt,cond1,1414,1,9001,greedy,marginal,none,none,none,regime,mixed,18099,0.25752804022321674,6.3097961213326705,0.009834797502624455,25.239184485330682,,,50000,comm,private,
<SOURCE_VECSTRAIGHT_REPO>/hetzner-results/phase3_vecstraight_clean_msgsource_learned_15seeds_hetzner_20260410/train/cond1_seed1414_ep50000.pt,cond1,1414,1,9001,greedy,marginal,none,none,none,f_value,0.500,5980,0.002048494983277592,3.995903010033445,0.0,15.98361204013378,0.0021691973969631237,0.002153316106804479,50000,comm,private,
<SOURCE_VECSTRAIGHT_REPO>/hetzner-results/phase3_vecstraight_clean_msgsource_learned_15seeds_hetzner_20260410/train/cond1_seed1414_ep50000.pt,cond1,1414,1,9001,greedy,marginal,none,none,none,f_value,1.500,5804,0.016195727084769126,4.032391454169538,0.0,16.129565816678152,0.01577937649880096,0.016281672941894778,50000,comm,private,
<SOURCE_VECSTRAIGHT_REPO>/hetzner-results/phase3_vecstraight_clean_msgsource_learned_15seeds_hetzner_20260410/train/cond1_seed1414_ep50000.pt,cond1,1414,1,9001,greedy,marginal,none,none,none,f_value,2.500,5884,0.17220428280081576,5.0332256968048945,0.0001699524133242692,20.132902787219578,0.17811447811447811,0.16056076592418914,50000,comm,private,
<SOURCE_VECSTRAIGHT_REPO>/hetzner-results/phase3_vecstraight_clean_msgsource_learned_15seeds_hetzner_20260410/train/cond1_seed1414_ep50000.pt,cond1,1414,1,9001,greedy,marginal,none,none,none,f_value,3.500,6411,0.5543206987989393,9.543206987989393,0.027608797379503978,38.17282795195757,0.5712509988457782,0.5438784151178856,50000,comm,private,
<SOURCE_VECSTRAIGHT_REPO>/hetzner-results/phase3_vecstraight_clean_msgsource_learned_15seeds_hetzner_20260410/train/cond1_seed1414_ep50000.pt,cond1,1414,1,9001,greedy,marginal,none,none,none,f_value,5.000,5921,0.7717868603276473,16.34858976524236,0.27647356865394357,65.39435906096944,0.7698963582770753,0.7831460127475308,50000,comm,private,
<SOURCE_VECSTRAIGHT_REPO>/hetzner-results/phase3_vecstraight_clean_msgsource_learned_15seeds_hetzner_20260410/train/cond1_seed1414_ep50000.pt,cond1,1414,1,9001,greedy,none,none,none,none,regime,competitive,5288,9.455370650529501e-05,3.9998108925869893,0.0,15.999243570347957,,,50000,comm,private,
<SOURCE_VECSTRAIGHT_REPO>/hetzner-results/phase3_vecstraight_clean_msgsource_learned_15seeds_hetzner_20260410/train/cond1_seed1414_ep50000.pt,cond1,1414,1,9001,greedy,none,none,none,none,regime,cooperative,5917,0.6612726043603178,14.580361669765084,0.03160385330403921,58.32144667906034,,,50000,comm,private,
<SOURCE_VECSTRAIGHT_REPO>/hetzner-results/phase3_vecstraight_clean_msgsource_learned_15seeds_hetzner_20260410/train/cond1_seed1414_ep50000.pt,cond1,1414,1,9001,greedy,none,none,none,none,regime,mixed,18795,0.2789704708699122,6.377307794626231,0.00047885075818036713,25.509231178504923,,,50000,comm,private,
<SOURCE_VECSTRAIGHT_REPO>/hetzner-results/phase3_vecstraight_clean_msgsource_learned_15seeds_hetzner_20260410/train/cond1_seed1414_ep50000.pt,cond1,1414,1,9001,greedy,none,none,none,none,f_value,0.500,5288,9.455370650529501e-05,3.9998108925869893,0.0,15.999243570347957,0.00010194719135487817,0.00010421551769058413,50000,comm,private,
<SOURCE_VECSTRAIGHT_REPO>/hetzner-results/phase3_vecstraight_clean_msgsource_learned_15seeds_hetzner_20260410/train/cond1_seed1414_ep50000.pt,cond1,1414,1,9001,greedy,none,none,none,none,f_value,1.500,5824,0.012148008241758242,4.024296016483516,0.0,16.097184065934066,0.01165334643032549,0.013262074425969913,50000,comm,private,
<SOURCE_VECSTRAIGHT_REPO>/hetzner-results/phase3_vecstraight_clean_msgsource_learned_15seeds_hetzner_20260410/train/cond1_seed1414_ep50000.pt,cond1,1414,1,9001,greedy,none,none,none,none,f_value,2.500,6298,0.28520959034614163,5.71125754207685,0.0,22.8450301683074,0.29827780914737434,0.28536758860203354,50000,comm,private,
<SOURCE_VECSTRAIGHT_REPO>/hetzner-results/phase3_vecstraight_clean_msgsource_learned_15seeds_hetzner_20260410/train/cond1_seed1414_ep50000.pt,cond1,1414,1,9001,greedy,none,none,none,none,f_value,3.500,6673,0.505956841001049,9.05956841001049,0.0013487187172186424,36.23827364004196,0.5796895213454075,0.5170651148159798,50000,comm,private,
<SOURCE_VECSTRAIGHT_REPO>/hetzner-results/phase3_vecstraight_clean_msgsource_learned_15seeds_hetzner_20260410/train/cond1_seed1414_ep50000.pt,cond1,1414,1,9001,greedy,none,none,none,none,f_value,5.000,5917,0.6612726043603178,14.580361669765084,0.03160385330403921,58.32144667906034,0.6672525399751361,0.6640482279868469,50000,comm,private,
<SOURCE_VECSTRAIGHT_REPO>/hetzner-results/phase3_vecstraight_clean_msgsource_learned_15seeds_hetzner_20260410/train/cond1_seed1414_ep50000.pt,cond1,1414,1,9001,greedy,permute_slots,none,none,none,regime,competitive,5862,0.002729443875810304,3.9945411122483794,0.0,15.978164448993518,,,50000,comm,private,
<SOURCE_VECSTRAIGHT_REPO>/hetzner-results/phase3_vecstraight_clean_msgsource_learned_15seeds_hetzner_20260410/train/cond1_seed1414_ep50000.pt,cond1,1414,1,9001,greedy,permute_slots,none,none,none,regime,cooperative,6068,0.7918589321028345,16.669742913645354,0.3005932762030323,66.67897165458142,,,50000,comm,private,
<SOURCE_VECSTRAIGHT_REPO>/hetzner-results/phase3_vecstraight_clean_msgsource_learned_15seeds_hetzner_20260410/train/cond1_seed1414_ep50000.pt,cond1,1414,1,9001,greedy,permute_slots,none,none,none,regime,mixed,18070,0.26584117321527395,6.377559490868843,0.01549529607083564,25.510237963475372,,,50000,comm,private,
<SOURCE_VECSTRAIGHT_REPO>/hetzner-results/phase3_vecstraight_clean_msgsource_learned_15seeds_hetzner_20260410/train/cond1_seed1414_ep50000.pt,cond1,1414,1,9001,greedy,permute_slots,none,none,none,f_value,0.500,5862,0.002729443875810304,3.9945411122483794,0.0,15.978164448993518,0.0029320139270661537,0.00297536029753603,50000,comm,private,
<SOURCE_VECSTRAIGHT_REPO>/hetzner-results/phase3_vecstraight_clean_msgsource_learned_15seeds_hetzner_20260410/train/cond1_seed1414_ep50000.pt,cond1,1414,1,9001,greedy,permute_slots,none,none,none,f_value,1.500,5576,0.015916427546628406,4.031832855093257,0.0,16.12733142037303,0.015214963707426019,0.021349772874756652,50000,comm,private,
<SOURCE_VECSTRAIGHT_REPO>/hetzner-results/phase3_vecstraight_clean_msgsource_learned_15seeds_hetzner_20260410/train/cond1_seed1414_ep50000.pt,cond1,1414,1,9001,greedy,permute_slots,none,none,none,f_value,2.500,6045,0.1805210918114144,5.083126550868486,0.001488833746898263,20.332506203473944,0.18742809810869265,0.17654459671983824,50000,comm,private,
<SOURCE_VECSTRAIGHT_REPO>/hetzner-results/phase3_vecstraight_clean_msgsource_learned_15seeds_hetzner_20260410/train/cond1_seed1414_ep50000.pt,cond1,1414,1,9001,greedy,permute_slots,none,none,none,f_value,3.500,6449,0.5619088230733447,9.619088230733446,0.042022018917661656,38.476352922933785,0.5868788142981691,0.5624716038164471,50000,comm,private,
<SOURCE_VECSTRAIGHT_REPO>/hetzner-results/phase3_vecstraight_clean_msgsource_learned_15seeds_hetzner_20260410/train/cond1_seed1414_ep50000.pt,cond1,1414,1,9001,greedy,permute_slots,none,none,none,f_value,5.000,6068,0.7918589321028345,16.669742913645354,0.3005932762030323,66.67897165458142,0.7932399766608319,0.7981008164714235,50000,comm,private,
<SOURCE_VECSTRAIGHT_REPO>/hetzner-results/phase3_vecstraight_clean_msgsource_learned_15seeds_hetzner_20260410/train/cond1_seed1414_ep50000.pt,cond1,1414,1,9001,greedy,public_marginal,none,none,none,regime,competitive,6381,0.0012537219871493496,3.9974925560257013,0.0,15.989970224102805,,,50000,comm,private,
<SOURCE_VECSTRAIGHT_REPO>/hetzner-results/phase3_vecstraight_clean_msgsource_learned_15seeds_hetzner_20260410/train/cond1_seed1414_ep50000.pt,cond1,1414,1,9001,greedy,public_marginal,none,none,none,regime,cooperative,5877,0.8435426237876468,17.496681980602347,0.38284839203675347,69.98672792240939,,,50000,comm,private,
<SOURCE_VECSTRAIGHT_REPO>/hetzner-results/phase3_vecstraight_clean_msgsource_learned_15seeds_hetzner_20260410/train/cond1_seed1414_ep50000.pt,cond1,1414,1,9001,greedy,public_marginal,none,none,none,regime,mixed,17742,0.2803939803855259,6.548106188704768,0.01938902040356217,26.192424754819072,,,50000,comm,private,
<SOURCE_VECSTRAIGHT_REPO>/hetzner-results/phase3_vecstraight_clean_msgsource_learned_15seeds_hetzner_20260410/train/cond1_seed1414_ep50000.pt,cond1,1414,1,9001,greedy,public_marginal,none,none,none,f_value,0.500,6381,0.0012537219871493496,3.9974925560257013,0.0,15.989970224102805,0.0,0.0025550942190993293,50000,comm,private,
<SOURCE_VECSTRAIGHT_REPO>/hetzner-results/phase3_vecstraight_clean_msgsource_learned_15seeds_hetzner_20260410/train/cond1_seed1414_ep50000.pt,cond1,1414,1,9001,greedy,public_marginal,none,none,none,f_value,1.500,5647,0.008190189481140428,4.016380378962281,0.0,16.065521515849124,0.008139909735654417,0.008251473477406679,50000,comm,private,
<SOURCE_VECSTRAIGHT_REPO>/hetzner-results/phase3_vecstraight_clean_msgsource_learned_15seeds_hetzner_20260410/train/cond1_seed1414_ep50000.pt,cond1,1414,1,9001,greedy,public_marginal,none,none,none,f_value,2.500,6241,0.16700048069219675,5.002002884153181,0.0,20.008011536612724,0.26846275752773374,0.0632696046662346,50000,comm,private,
<SOURCE_VECSTRAIGHT_REPO>/hetzner-results/phase3_vecstraight_clean_msgsource_learned_15seeds_hetzner_20260410/train/cond1_seed1414_ep50000.pt,cond1,1414,1,9001,greedy,public_marginal,none,none,none,f_value,3.500,5854,0.6638623163648787,10.638623163648788,0.05876323881106935,42.55449265459515,0.6948316899013941,0.63259526261586,50000,comm,private,
<SOURCE_VECSTRAIGHT_REPO>/hetzner-results/phase3_vecstraight_clean_msgsource_learned_15seeds_hetzner_20260410/train/cond1_seed1414_ep50000.pt,cond1,1414,1,9001,greedy,public_marginal,none,none,none,f_value,5.000,5877,0.8435426237876468,17.496681980602347,0.38284839203675347,69.98672792240939,0.7466107165913493,0.9516012954300108,50000,comm,private,
<SOURCE_VECSTRAIGHT_REPO>/hetzner-results/phase3_vecstraight_clean_msgsource_learned_15seeds_hetzner_20260410/train/cond1_seed1414_ep50000.pt,cond1,1414,1,9001,greedy,public_random,none,none,none,regime,competitive,5929,0.0006746500252993759,3.998650699949401,0.0,15.994602799797605,,,50000,comm,private,
<SOURCE_VECSTRAIGHT_REPO>/hetzner-results/phase3_vecstraight_clean_msgsource_learned_15seeds_hetzner_20260410/train/cond1_seed1414_ep50000.pt,cond1,1414,1,9001,greedy,public_random,none,none,none,regime,cooperative,5836,0.8492546264564771,17.588074023303633,0.40421521590130227,70.35229609321453,,,50000,comm,private,
<SOURCE_VECSTRAIGHT_REPO>/hetzner-results/phase3_vecstraight_clean_msgsource_learned_15seeds_hetzner_20260410/train/cond1_seed1414_ep50000.pt,cond1,1414,1,9001,greedy,public_random,none,none,none,regime,mixed,18235,0.2821497120921305,6.565122018097066,0.01946805593638607,26.260488072388263,,,50000,comm,private,
<SOURCE_VECSTRAIGHT_REPO>/hetzner-results/phase3_vecstraight_clean_msgsource_learned_15seeds_hetzner_20260410/train/cond1_seed1414_ep50000.pt,cond1,1414,1,9001,greedy,public_random,none,none,none,f_value,0.500,5929,0.0006746500252993759,3.998650699949401,0.0,15.994602799797605,0.0,0.001343183344526528,50000,comm,private,
<SOURCE_VECSTRAIGHT_REPO>/hetzner-results/phase3_vecstraight_clean_msgsource_learned_15seeds_hetzner_20260410/train/cond1_seed1414_ep50000.pt,cond1,1414,1,9001,greedy,public_random,none,none,none,f_value,1.500,5872,0.009409059945504087,4.018818119891008,0.0,16.07527247956403,0.010122490643075877,0.008694169792021821,50000,comm,private,
<SOURCE_VECSTRAIGHT_REPO>/hetzner-results/phase3_vecstraight_clean_msgsource_learned_15seeds_hetzner_20260410/train/cond1_seed1414_ep50000.pt,cond1,1414,1,9001,greedy,public_random,none,none,none,f_value,2.500,6262,0.16899552858511657,5.0139731715107,0.0,20.0558926860428,0.27184620273276133,0.06508828250401284,50000,comm,private,
<SOURCE_VECSTRAIGHT_REPO>/hetzner-results/phase3_vecstraight_clean_msgsource_learned_15seeds_hetzner_20260410/train/cond1_seed1414_ep50000.pt,cond1,1414,1,9001,greedy,public_random,none,none,none,f_value,3.500,6101,0.6607933125717096,10.607933125717096,0.05818718242910998,42.431732502868385,0.6945083853995396,0.6272875816993464,50000,comm,private,
<SOURCE_VECSTRAIGHT_REPO>/hetzner-results/phase3_vecstraight_clean_msgsource_learned_15seeds_hetzner_20260410/train/cond1_seed1414_ep50000.pt,cond1,1414,1,9001,greedy,public_random,none,none,none,f_value,5.000,5836,0.8492546264564771,17.588074023303633,0.40421521590130227,70.35229609321453,0.7469470827679783,0.9536876731301939,50000,comm,private,
<SOURCE_VECSTRAIGHT_REPO>/hetzner-results/phase3_vecstraight_clean_msgsource_learned_15seeds_hetzner_20260410/train/cond1_seed1414_ep50000.pt,cond1,1414,1,9001,greedy,sender_shuffle,none,none,none,regime,competitive,5288,0.0024583963691376704,3.995083207261725,0.0,15.9803328290469,,,50000,comm,private,
<SOURCE_VECSTRAIGHT_REPO>/hetzner-results/phase3_vecstraight_clean_msgsource_learned_15seeds_hetzner_20260410/train/cond1_seed1414_ep50000.pt,cond1,1414,1,9001,greedy,sender_shuffle,none,none,none,regime,cooperative,5917,0.7391414568193341,15.826263309109345,0.22443805982761533,63.30505323643738,,,50000,comm,private,
<SOURCE_VECSTRAIGHT_REPO>/hetzner-results/phase3_vecstraight_clean_msgsource_learned_15seeds_hetzner_20260410/train/cond1_seed1414_ep50000.pt,cond1,1414,1,9001,greedy,sender_shuffle,none,none,none,regime,mixed,18795,0.24859005054535782,6.256797020484171,0.008725724926842246,25.027188081936686,,,50000,comm,private,
<SOURCE_VECSTRAIGHT_REPO>/hetzner-results/phase3_vecstraight_clean_msgsource_learned_15seeds_hetzner_20260410/train/cond1_seed1414_ep50000.pt,cond1,1414,1,9001,greedy,sender_shuffle,none,none,none,f_value,0.500,5288,0.0024583963691376704,3.995083207261725,0.0,15.9803328290469,0.002553014119731152,0.002377304664800042,50000,comm,private,
<SOURCE_VECSTRAIGHT_REPO>/hetzner-results/phase3_vecstraight_clean_msgsource_learned_15seeds_hetzner_20260410/train/cond1_seed1414_ep50000.pt,cond1,1414,1,9001,greedy,sender_shuffle,none,none,none,f_value,1.500,5824,0.013092376373626374,4.026184752747253,0.0,16.10473901098901,0.012002646252717134,0.012935990801073207,50000,comm,private,
<SOURCE_VECSTRAIGHT_REPO>/hetzner-results/phase3_vecstraight_clean_msgsource_learned_15seeds_hetzner_20260410/train/cond1_seed1414_ep50000.pt,cond1,1414,1,9001,greedy,sender_shuffle,none,none,none,f_value,2.500,6298,0.1467132422991426,4.880279453794856,0.00031756113051762465,19.521117815179423,0.14429427459213576,0.14281920778933394,50000,comm,private,
<SOURCE_VECSTRAIGHT_REPO>/hetzner-results/phase3_vecstraight_clean_msgsource_learned_15seeds_hetzner_20260410/train/cond1_seed1414_ep50000.pt,cond1,1414,1,9001,greedy,sender_shuffle,none,none,none,f_value,3.500,6673,0.550277236625206,9.50277236625206,0.02427693690993556,38.01108946500824,0.5596398788532548,0.5485538051179462,50000,comm,private,
<SOURCE_VECSTRAIGHT_REPO>/hetzner-results/phase3_vecstraight_clean_msgsource_learned_15seeds_hetzner_20260410/train/cond1_seed1414_ep50000.pt,cond1,1414,1,9001,greedy,sender_shuffle,none,none,none,f_value,5.000,5917,0.7391414568193341,15.826263309109345,0.22443805982761533,63.30505323643738,0.7384644037807887,0.7544337055456507,50000,comm,private,
<SOURCE_VECSTRAIGHT_REPO>/hetzner-results/phase3_vecstraight_clean_msgsource_learned_15seeds_hetzner_20260410/train/cond1_seed1414_ep50000.pt,cond1,1414,1,9001,greedy,zeros,none,none,none,regime,competitive,5288,0.001985627836611195,3.9960287443267775,0.0,15.98411497730711,,,50000,comm,private,
<SOURCE_VECSTRAIGHT_REPO>/hetzner-results/phase3_vecstraight_clean_msgsource_learned_15seeds_hetzner_20260410/train/cond1_seed1414_ep50000.pt,cond1,1414,1,9001,greedy,zeros,none,none,none,regime,cooperative,5917,0.8074193003211086,16.91870880513774,0.24116951157681257,67.67483522055096,,,50000,comm,private,
<SOURCE_VECSTRAIGHT_REPO>/hetzner-results/phase3_vecstraight_clean_msgsource_learned_15seeds_hetzner_20260410/train/cond1_seed1414_ep50000.pt,cond1,1414,1,9001,greedy,zeros,none,none,none,regime,mixed,18795,0.29978717744080874,6.682575152966215,0.022186751795690345,26.73030061186486,,,50000,comm,private,
<SOURCE_VECSTRAIGHT_REPO>/hetzner-results/phase3_vecstraight_clean_msgsource_learned_15seeds_hetzner_20260410/train/cond1_seed1414_ep50000.pt,cond1,1414,1,9001,greedy,zeros,none,none,none,f_value,0.500,5288,0.001985627836611195,3.9960287443267775,0.0,15.98411497730711,0.0013710455491799116,0.002179666822357154,50000,comm,private,
<SOURCE_VECSTRAIGHT_REPO>/hetzner-results/phase3_vecstraight_clean_msgsource_learned_15seeds_hetzner_20260410/train/cond1_seed1414_ep50000.pt,cond1,1414,1,9001,greedy,zeros,none,none,none,f_value,1.500,5824,0.013693337912087912,4.027386675824176,0.0,16.109546703296704,0.012006937341575132,0.01787896327738118,50000,comm,private,
<SOURCE_VECSTRAIGHT_REPO>/hetzner-results/phase3_vecstraight_clean_msgsource_learned_15seeds_hetzner_20260410/train/cond1_seed1414_ep50000.pt,cond1,1414,1,9001,greedy,zeros,none,none,none,f_value,2.500,6298,0.2099079072721499,5.259447443632899,0.001905366783105748,21.037789774531596,0.20632037776970577,0.2137718842087017,50000,comm,private,
<SOURCE_VECSTRAIGHT_REPO>/hetzner-results/phase3_vecstraight_clean_msgsource_learned_15seeds_hetzner_20260410/train/cond1_seed1414_ep50000.pt,cond1,1414,1,9001,greedy,zeros,none,none,none,f_value,3.500,6673,0.6343099055896898,10.343099055896898,0.060692342274838905,41.37239622358759,0.6073318872017354,0.6433928709502822,50000,comm,private,
<SOURCE_VECSTRAIGHT_REPO>/hetzner-results/phase3_vecstraight_clean_msgsource_learned_15seeds_hetzner_20260410/train/cond1_seed1414_ep50000.pt,cond1,1414,1,9001,greedy,zeros,none,none,none,f_value,5.000,5917,0.8074193003211086,16.91870880513774,0.24116951157681257,67.67483522055096,0.8046041068289964,0.8092955764664498,50000,comm,private,
<SOURCE_VECSTRAIGHT_REPO>/hetzner-results/phase3_vecstraight_clean_msgsource_learned_15seeds_hetzner_20260410/train/cond1_seed1515_ep50000.pt,cond1,1515,1,9001,greedy,fixed0,none,none,none,regime,competitive,5288,0.0,4.0,0.0,16.0,,,50000,comm,private,
<SOURCE_VECSTRAIGHT_REPO>/hetzner-results/phase3_vecstraight_clean_msgsource_learned_15seeds_hetzner_20260410/train/cond1_seed1515_ep50000.pt,cond1,1515,1,9001,greedy,fixed0,none,none,none,regime,cooperative,5917,0.7382541828629373,15.812066925806997,0.0,63.24826770322799,,,50000,comm,private,
<SOURCE_VECSTRAIGHT_REPO>/hetzner-results/phase3_vecstraight_clean_msgsource_learned_15seeds_hetzner_20260410/train/cond1_seed1515_ep50000.pt,cond1,1515,1,9001,greedy,fixed0,none,none,none,regime,mixed,18795,0.11794360202181431,5.093083266826284,0.0,20.372333067305135,,,50000,comm,private,
<SOURCE_VECSTRAIGHT_REPO>/hetzner-results/phase3_vecstraight_clean_msgsource_learned_15seeds_hetzner_20260410/train/cond1_seed1515_ep50000.pt,cond1,1515,1,9001,greedy,fixed0,none,none,none,f_value,0.500,5288,0.0,4.0,0.0,16.0,0.0,,50000,comm,private,
<SOURCE_VECSTRAIGHT_REPO>/hetzner-results/phase3_vecstraight_clean_msgsource_learned_15seeds_hetzner_20260410/train/cond1_seed1515_ep50000.pt,cond1,1515,1,9001,greedy,fixed0,none,none,none,f_value,1.500,5824,0.001931662087912088,4.003863324175824,0.0,16.015453296703296,0.001931662087912088,,50000,comm,private,
<SOURCE_VECSTRAIGHT_REPO>/hetzner-results/phase3_vecstraight_clean_msgsource_learned_15seeds_hetzner_20260410/train/cond1_seed1515_ep50000.pt,cond1,1515,1,9001,greedy,fixed0,none,none,none,f_value,2.500,6298,0.06085265163543982,4.365115909812639,0.0,17.460463639250555,0.06085265163543982,,50000,comm,private,
<SOURCE_VECSTRAIGHT_REPO>/hetzner-results/phase3_vecstraight_clean_msgsource_learned_15seeds_hetzner_20260410/train/cond1_seed1515_ep50000.pt,cond1,1515,1,9001,greedy,fixed0,none,none,none,f_value,3.500,6673,0.27307807582796345,6.730780758279634,0.0,26.923123033118536,0.27307807582796345,,50000,comm,private,
<SOURCE_VECSTRAIGHT_REPO>/hetzner-results/phase3_vecstraight_clean_msgsource_learned_15seeds_hetzner_20260410/train/cond1_seed1515_ep50000.pt,cond1,1515,1,9001,greedy,fixed0,none,none,none,f_value,5.000,5917,0.7382541828629373,15.812066925806997,0.0,63.24826770322799,0.7382541828629373,,50000,comm,private,
<SOURCE_VECSTRAIGHT_REPO>/hetzner-results/phase3_vecstraight_clean_msgsource_learned_15seeds_hetzner_20260410/train/cond1_seed1515_ep50000.pt,cond1,1515,1,9001,greedy,fixed1,none,none,none,regime,competitive,5288,0.00047276853252647505,3.999054462934947,0.0,15.996217851739788,,,50000,comm,private,
<SOURCE_VECSTRAIGHT_REPO>/hetzner-results/phase3_vecstraight_clean_msgsource_learned_15seeds_hetzner_20260410/train/cond1_seed1515_ep50000.pt,cond1,1515,1,9001,greedy,fixed1,none,none,none,regime,cooperative,5917,0.5413216156836235,12.661145850937976,0.18117289166807504,50.6445834037519,,,50000,comm,private,
<SOURCE_VECSTRAIGHT_REPO>/hetzner-results/phase3_vecstraight_clean_msgsource_learned_15seeds_hetzner_20260410/train/cond1_seed1515_ep50000.pt,cond1,1515,1,9001,greedy,fixed1,none,none,none,regime,mixed,18795,0.2800212822559191,6.415961691939345,0.017770683692471402,25.66384676775738,,,50000,comm,private,
<SOURCE_VECSTRAIGHT_REPO>/hetzner-results/phase3_vecstraight_clean_msgsource_learned_15seeds_hetzner_20260410/train/cond1_seed1515_ep50000.pt,cond1,1515,1,9001,greedy,fixed1,none,none,none,f_value,0.500,5288,0.00047276853252647505,3.999054462934947,0.0,15.996217851739788,,0.00047276853252647505,50000,comm,private,
<SOURCE_VECSTRAIGHT_REPO>/hetzner-results/phase3_vecstraight_clean_msgsource_learned_15seeds_hetzner_20260410/train/cond1_seed1515_ep50000.pt,cond1,1515,1,9001,greedy,fixed1,none,none,none,f_value,1.500,5824,0.03279532967032967,4.06559065934066,0.0,16.26236263736264,,0.03279532967032967,50000,comm,private,
<SOURCE_VECSTRAIGHT_REPO>/hetzner-results/phase3_vecstraight_clean_msgsource_learned_15seeds_hetzner_20260410/train/cond1_seed1515_ep50000.pt,cond1,1515,1,9001,greedy,fixed1,none,none,none,f_value,2.500,6298,0.22602413464591933,5.356144807875516,0.00015878056525881233,21.424579231502065,,0.22602413464591933,50000,comm,private,
<SOURCE_VECSTRAIGHT_REPO>/hetzner-results/phase3_vecstraight_clean_msgsource_learned_15seeds_hetzner_20260410/train/cond1_seed1515_ep50000.pt,cond1,1515,1,9001,greedy,fixed1,none,none,none,f_value,3.500,6673,0.5467555821969129,9.46755582196913,0.049902592537089764,37.87022328787652,,0.5467555821969129,50000,comm,private,
<SOURCE_VECSTRAIGHT_REPO>/hetzner-results/phase3_vecstraight_clean_msgsource_learned_15seeds_hetzner_20260410/train/cond1_seed1515_ep50000.pt,cond1,1515,1,9001,greedy,fixed1,none,none,none,f_value,5.000,5917,0.5413216156836235,12.661145850937976,0.18117289166807504,50.6445834037519,,0.5413216156836235,50000,comm,private,
<SOURCE_VECSTRAIGHT_REPO>/hetzner-results/phase3_vecstraight_clean_msgsource_learned_15seeds_hetzner_20260410/train/cond1_seed1515_ep50000.pt,cond1,1515,1,9001,greedy,indep_random,none,none,none,regime,competitive,5444,0.0006888317413666422,3.9986223365172666,0.0,15.994489346069066,,,50000,comm,private,
<SOURCE_VECSTRAIGHT_REPO>/hetzner-results/phase3_vecstraight_clean_msgsource_learned_15seeds_hetzner_20260410/train/cond1_seed1515_ep50000.pt,cond1,1515,1,9001,greedy,indep_random,none,none,none,regime,cooperative,5829,0.6277663407102418,14.04426145136387,0.104134499914222,56.17704580545548,,,50000,comm,private,
<SOURCE_VECSTRAIGHT_REPO>/hetzner-results/phase3_vecstraight_clean_msgsource_learned_15seeds_hetzner_20260410/train/cond1_seed1515_ep50000.pt,cond1,1515,1,9001,greedy,indep_random,none,none,none,regime,mixed,18727,0.21549100229614995,5.8199925241629735,0.0036845196774710313,23.279970096651894,,,50000,comm,private,
<SOURCE_VECSTRAIGHT_REPO>/hetzner-results/phase3_vecstraight_clean_msgsource_learned_15seeds_hetzner_20260410/train/cond1_seed1515_ep50000.pt,cond1,1515,1,9001,greedy,indep_random,none,none,none,f_value,0.500,5444,0.0006888317413666422,3.9986223365172666,0.0,15.994489346069066,0.0002643684238354571,0.0007901806879839857,50000,comm,private,
<SOURCE_VECSTRAIGHT_REPO>/hetzner-results/phase3_vecstraight_clean_msgsource_learned_15seeds_hetzner_20260410/train/cond1_seed1515_ep50000.pt,cond1,1515,1,9001,greedy,indep_random,none,none,none,f_value,1.500,5205,0.024159462055715657,4.048318924111431,0.0,16.193275696445724,0.015313429547207227,0.02725873818421631,50000,comm,private,
<SOURCE_VECSTRAIGHT_REPO>/hetzner-results/phase3_vecstraight_clean_msgsource_learned_15seeds_hetzner_20260410/train/cond1_seed1515_ep50000.pt,cond1,1515,1,9001,greedy,indep_random,none,none,none,f_value,2.500,7182,0.1833054859370649,5.09983291562239,0.000278473962684489,20.39933166248956,0.1512199017689574,0.197686896387266,50000,comm,private,
<SOURCE_VECSTRAIGHT_REPO>/hetzner-results/phase3_vecstraight_clean_msgsource_learned_15seeds_hetzner_20260410/train/cond1_seed1515_ep50000.pt,cond1,1515,1,9001,greedy,indep_random,none,none,none,f_value,3.500,6340,0.40902996845425865,8.090299684542586,0.01056782334384858,32.361198738170344,0.36531765769839475,0.4320614134116053,50000,comm,private,
<SOURCE_VECSTRAIGHT_REPO>/hetzner-results/phase3_vecstraight_clean_msgsource_learned_15seeds_hetzner_20260410/train/cond1_seed1515_ep50000.pt,cond1,1515,1,9001,greedy,indep_random,none,none,none,f_value,5.000,5829,0.6277663407102418,14.04426145136387,0.104134499914222,56.17704580545548,0.6424473241665842,0.6380938473520249,50000,comm,private,
<SOURCE_VECSTRAIGHT_REPO>/hetzner-results/phase3_vecstraight_clean_msgsource_learned_15seeds_hetzner_20260410/train/cond1_seed1515_ep50000.pt,cond1,1515,1,9001,greedy,marginal,none,none,none,regime,competitive,5980,0.00045986622073578595,3.9990802675585284,0.0,15.996321070234114,,,50000,comm,private,
<SOURCE_VECSTRAIGHT_REPO>/hetzner-results/phase3_vecstraight_clean_msgsource_learned_15seeds_hetzner_20260410/train/cond1_seed1515_ep50000.pt,cond1,1515,1,9001,greedy,marginal,none,none,none,regime,cooperative,5921,0.6189832798513765,13.903732477622023,0.09001857794291505,55.614929910488094,,,50000,comm,private,
<SOURCE_VECSTRAIGHT_REPO>/hetzner-results/phase3_vecstraight_clean_msgsource_learned_15seeds_hetzner_20260410/train/cond1_seed1515_ep50000.pt,cond1,1515,1,9001,greedy,marginal,none,none,none,regime,mixed,18099,0.20183435548925355,5.744682026631305,0.00392286866677717,22.97872810652522,,,50000,comm,private,
<SOURCE_VECSTRAIGHT_REPO>/hetzner-results/phase3_vecstraight_clean_msgsource_learned_15seeds_hetzner_20260410/train/cond1_seed1515_ep50000.pt,cond1,1515,1,9001,greedy,marginal,none,none,none,f_value,0.500,5980,0.00045986622073578595,3.9990802675585284,0.0,15.996321070234114,0.00043060140663126167,0.0005155847199437544,50000,comm,private,
<SOURCE_VECSTRAIGHT_REPO>/hetzner-results/phase3_vecstraight_clean_msgsource_learned_15seeds_hetzner_20260410/train/cond1_seed1515_ep50000.pt,cond1,1515,1,9001,greedy,marginal,none,none,none,f_value,1.500,5804,0.019770847691247415,4.0395416953824945,0.0,16.158166781529978,0.014639810187288606,0.021715214999760847,50000,comm,private,
<SOURCE_VECSTRAIGHT_REPO>/hetzner-results/phase3_vecstraight_clean_msgsource_learned_15seeds_hetzner_20260410/train/cond1_seed1515_ep50000.pt,cond1,1515,1,9001,greedy,marginal,none,none,none,f_value,2.500,5884,0.17143949694085656,5.028636981645139,0.0,20.114547926580556,0.1423025895533389,0.18381233346022077,50000,comm,private,
<SOURCE_VECSTRAIGHT_REPO>/hetzner-results/phase3_vecstraight_clean_msgsource_learned_15seeds_hetzner_20260410/train/cond1_seed1515_ep50000.pt,cond1,1515,1,9001,greedy,marginal,none,none,none,f_value,3.500,6411,0.39455623147714863,7.945562314771487,0.01107471533302137,31.782249259085948,0.3392183908045977,0.41417234538083325,50000,comm,private,
<SOURCE_VECSTRAIGHT_REPO>/hetzner-results/phase3_vecstraight_clean_msgsource_learned_15seeds_hetzner_20260410/train/cond1_seed1515_ep50000.pt,cond1,1515,1,9001,greedy,marginal,none,none,none,f_value,5.000,5921,0.6189832798513765,13.903732477622023,0.09001857794291505,55.614929910488094,0.6206265155639135,0.6316256479708589,50000,comm,private,
<SOURCE_VECSTRAIGHT_REPO>/hetzner-results/phase3_vecstraight_clean_msgsource_learned_15seeds_hetzner_20260410/train/cond1_seed1515_ep50000.pt,cond1,1515,1,9001,greedy,none,none,none,none,regime,competitive,5288,9.455370650529501e-05,3.9998108925869893,0.0,15.999243570347957,,,50000,comm,private,
<SOURCE_VECSTRAIGHT_REPO>/hetzner-results/phase3_vecstraight_clean_msgsource_learned_15seeds_hetzner_20260410/train/cond1_seed1515_ep50000.pt,cond1,1515,1,9001,greedy,none,none,none,none,regime,cooperative,5917,0.632119317221565,14.11390907554504,0.06033462903498395,56.45563630218016,,,50000,comm,private,
<SOURCE_VECSTRAIGHT_REPO>/hetzner-results/phase3_vecstraight_clean_msgsource_learned_15seeds_hetzner_20260410/train/cond1_seed1515_ep50000.pt,cond1,1515,1,9001,greedy,none,none,none,none,regime,mixed,18795,0.20013301409949455,5.7253524873636605,0.0013301409949454642,22.901409949454642,,,50000,comm,private,
<SOURCE_VECSTRAIGHT_REPO>/hetzner-results/phase3_vecstraight_clean_msgsource_learned_15seeds_hetzner_20260410/train/cond1_seed1515_ep50000.pt,cond1,1515,1,9001,greedy,none,none,none,none,f_value,0.500,5288,9.455370650529501e-05,3.9998108925869893,0.0,15.999243570347957,9.908347783007183e-05,9.975062344139652e-05,50000,comm,private,
<SOURCE_VECSTRAIGHT_REPO>/hetzner-results/phase3_vecstraight_clean_msgsource_learned_15seeds_hetzner_20260410/train/cond1_seed1515_ep50000.pt,cond1,1515,1,9001,greedy,none,none,none,none,f_value,1.500,5824,0.015667925824175824,4.031335851648351,0.0,16.125343406593405,0.01581462016244625,0.01642886078228384,50000,comm,private,
<SOURCE_VECSTRAIGHT_REPO>/hetzner-results/phase3_vecstraight_clean_msgsource_learned_15seeds_hetzner_20260410/train/cond1_seed1515_ep50000.pt,cond1,1515,1,9001,greedy,none,none,none,none,f_value,2.500,6298,0.17692124483963162,5.06152746903779,0.0,20.24610987615116,0.15904289717611556,0.18927673358053104,50000,comm,private,
<SOURCE_VECSTRAIGHT_REPO>/hetzner-results/phase3_vecstraight_clean_msgsource_learned_15seeds_hetzner_20260410/train/cond1_seed1515_ep50000.pt,cond1,1515,1,9001,greedy,none,none,none,none,f_value,3.500,6673,0.38303611569009444,7.830361156900944,0.0037464408811628954,31.321444627603775,0.2745540188414512,0.38912372900719755,50000,comm,private,
<SOURCE_VECSTRAIGHT_REPO>/hetzner-results/phase3_vecstraight_clean_msgsource_learned_15seeds_hetzner_20260410/train/cond1_seed1515_ep50000.pt,cond1,1515,1,9001,greedy,none,none,none,none,f_value,5.000,5917,0.632119317221565,14.11390907554504,0.06033462903498395,56.45563630218016,0.5662372324590669,0.6378577865510878,50000,comm,private,
<SOURCE_VECSTRAIGHT_REPO>/hetzner-results/phase3_vecstraight_clean_msgsource_learned_15seeds_hetzner_20260410/train/cond1_seed1515_ep50000.pt,cond1,1515,1,9001,greedy,permute_slots,none,none,none,regime,competitive,5862,0.00038382804503582393,3.999232343909928,0.0,15.996929375639713,,,50000,comm,private,
<SOURCE_VECSTRAIGHT_REPO>/hetzner-results/phase3_vecstraight_clean_msgsource_learned_15seeds_hetzner_20260410/train/cond1_seed1515_ep50000.pt,cond1,1515,1,9001,greedy,permute_slots,none,none,none,regime,cooperative,6068,0.6033289386947923,13.653263019116677,0.06147000659195781,54.61305207646671,,,50000,comm,private,
<SOURCE_VECSTRAIGHT_REPO>/hetzner-results/phase3_vecstraight_clean_msgsource_learned_15seeds_hetzner_20260410/train/cond1_seed1515_ep50000.pt,cond1,1515,1,9001,greedy,permute_slots,none,none,none,regime,mixed,18070,0.23343940232429441,6.0093801881571665,0.002545655783065855,24.037520752628666,,,50000,comm,private,
<SOURCE_VECSTRAIGHT_REPO>/hetzner-results/phase3_vecstraight_clean_msgsource_learned_15seeds_hetzner_20260410/train/cond1_seed1515_ep50000.pt,cond1,1515,1,9001,greedy,permute_slots,none,none,none,f_value,0.500,5862,0.00038382804503582393,3.999232343909928,0.0,15.996929375639713,0.00035668108252708545,0.00039865343727852584,50000,comm,private,
<SOURCE_VECSTRAIGHT_REPO>/hetzner-results/phase3_vecstraight_clean_msgsource_learned_15seeds_hetzner_20260410/train/cond1_seed1515_ep50000.pt,cond1,1515,1,9001,greedy,permute_slots,none,none,none,f_value,1.500,5576,0.02900824964131994,4.0580164992826395,0.0,16.232065997130558,0.016918429003021148,0.029833379875267615,50000,comm,private,
<SOURCE_VECSTRAIGHT_REPO>/hetzner-results/phase3_vecstraight_clean_msgsource_learned_15seeds_hetzner_20260410/train/cond1_seed1515_ep50000.pt,cond1,1515,1,9001,greedy,permute_slots,none,none,none,f_value,2.500,6045,0.18937138130686518,5.136228287841191,0.0,20.544913151364764,0.15675651065379712,0.19524329042112154,50000,comm,private,
<SOURCE_VECSTRAIGHT_REPO>/hetzner-results/phase3_vecstraight_clean_msgsource_learned_15seeds_hetzner_20260410/train/cond1_seed1515_ep50000.pt,cond1,1515,1,9001,greedy,permute_slots,none,none,none,f_value,3.500,6449,0.4515041091642115,8.515041091642114,0.007132888819972089,34.06016436656846,0.36232510399222084,0.4537229250714817,50000,comm,private,
<SOURCE_VECSTRAIGHT_REPO>/hetzner-results/phase3_vecstraight_clean_msgsource_learned_15seeds_hetzner_20260410/train/cond1_seed1515_ep50000.pt,cond1,1515,1,9001,greedy,permute_slots,none,none,none,f_value,5.000,6068,0.6033289386947923,13.653263019116677,0.06147000659195781,54.61305207646671,0.603178532527973,0.6077638836259526,50000,comm,private,
<SOURCE_VECSTRAIGHT_REPO>/hetzner-results/phase3_vecstraight_clean_msgsource_learned_15seeds_hetzner_20260410/train/cond1_seed1515_ep50000.pt,cond1,1515,1,9001,greedy,public_marginal,none,none,none,regime,competitive,6381,0.00019589406049208587,3.999608211879016,0.0,15.998432847516064,,,50000,comm,private,
<SOURCE_VECSTRAIGHT_REPO>/hetzner-results/phase3_vecstraight_clean_msgsource_learned_15seeds_hetzner_20260410/train/cond1_seed1515_ep50000.pt,cond1,1515,1,9001,greedy,public_marginal,none,none,none,regime,cooperative,5877,0.5977114173898247,13.563382678237195,0.07844138165730816,54.25353071294878,,,50000,comm,private,
<SOURCE_VECSTRAIGHT_REPO>/hetzner-results/phase3_vecstraight_clean_msgsource_learned_15seeds_hetzner_20260410/train/cond1_seed1515_ep50000.pt,cond1,1515,1,9001,greedy,public_marginal,none,none,none,regime,mixed,17742,0.2042469845564198,5.76758539059858,0.009694510201781085,23.07034156239432,,,50000,comm,private,
<SOURCE_VECSTRAIGHT_REPO>/hetzner-results/phase3_vecstraight_clean_msgsource_learned_15seeds_hetzner_20260410/train/cond1_seed1515_ep50000.pt,cond1,1515,1,9001,greedy,public_marginal,none,none,none,f_value,0.500,6381,0.00019589406049208587,3.999608211879016,0.0,15.998432847516064,0.0,0.00037616611495636473,50000,comm,private,
<SOURCE_VECSTRAIGHT_REPO>/hetzner-results/phase3_vecstraight_clean_msgsource_learned_15seeds_hetzner_20260410/train/cond1_seed1515_ep50000.pt,cond1,1515,1,9001,greedy,public_marginal,none,none,none,f_value,1.500,5647,0.018195502036479547,4.036391004072959,0.0,16.145564016291836,0.0020161290322580645,0.03331620417951353,50000,comm,private,
<SOURCE_VECSTRAIGHT_REPO>/hetzner-results/phase3_vecstraight_clean_msgsource_learned_15seeds_hetzner_20260410/train/cond1_seed1515_ep50000.pt,cond1,1515,1,9001,greedy,public_marginal,none,none,none,f_value,2.500,6241,0.16243390482294504,4.97460342893767,0.0001602307322544464,19.89841371575068,0.059403437815975735,0.25580329871716556,50000,comm,private,
<SOURCE_VECSTRAIGHT_REPO>/hetzner-results/phase3_vecstraight_clean_msgsource_learned_15seeds_hetzner_20260410/train/cond1_seed1515_ep50000.pt,cond1,1515,1,9001,greedy,public_marginal,none,none,none,f_value,3.500,5854,0.4282968910146908,8.282968910146908,0.029210796036897847,33.13187564058763,0.2878103837471783,0.5451345431789737,50000,comm,private,
<SOURCE_VECSTRAIGHT_REPO>/hetzner-results/phase3_vecstraight_clean_msgsource_learned_15seeds_hetzner_20260410/train/cond1_seed1515_ep50000.pt,cond1,1515,1,9001,greedy,public_marginal,none,none,none,f_value,5.000,5877,0.5977114173898247,13.563382678237195,0.07844138165730816,54.25353071294878,0.7411607142857143,0.46717582060448487,50000,comm,private,
<SOURCE_VECSTRAIGHT_REPO>/hetzner-results/phase3_vecstraight_clean_msgsource_learned_15seeds_hetzner_20260410/train/cond1_seed1515_ep50000.pt,cond1,1515,1,9001,greedy,public_random,none,none,none,regime,competitive,5929,0.00021082813290605498,3.999578343734188,0.0,15.998313374936751,,,50000,comm,private,
<SOURCE_VECSTRAIGHT_REPO>/hetzner-results/phase3_vecstraight_clean_msgsource_learned_15seeds_hetzner_20260410/train/cond1_seed1515_ep50000.pt,cond1,1515,1,9001,greedy,public_random,none,none,none,regime,cooperative,5836,0.6044808087731323,13.671692940370116,0.07179575051405072,54.686771761480465,,,50000,comm,private,
<SOURCE_VECSTRAIGHT_REPO>/hetzner-results/phase3_vecstraight_clean_msgsource_learned_15seeds_hetzner_20260410/train/cond1_seed1515_ep50000.pt,cond1,1515,1,9001,greedy,public_random,none,none,none,regime,mixed,18235,0.20134357005758158,5.748450781464217,0.00926789141760351,22.993803125856868,,,50000,comm,private,
<SOURCE_VECSTRAIGHT_REPO>/hetzner-results/phase3_vecstraight_clean_msgsource_learned_15seeds_hetzner_20260410/train/cond1_seed1515_ep50000.pt,cond1,1515,1,9001,greedy,public_random,none,none,none,f_value,0.500,5929,0.00021082813290605498,3.999578343734188,0.0,15.998313374936751,0.0,0.00041974479516453995,50000,comm,private,
<SOURCE_VECSTRAIGHT_REPO>/hetzner-results/phase3_vecstraight_clean_msgsource_learned_15seeds_hetzner_20260410/train/cond1_seed1515_ep50000.pt,cond1,1515,1,9001,greedy,public_random,none,none,none,f_value,1.500,5872,0.017157697547683922,4.034315395095367,0.0,16.13726158038147,0.0016161959850289215,0.032730992158199794,50000,comm,private,
<SOURCE_VECSTRAIGHT_REPO>/hetzner-results/phase3_vecstraight_clean_msgsource_learned_15seeds_hetzner_20260410/train/cond1_seed1515_ep50000.pt,cond1,1515,1,9001,greedy,public_random,none,none,none,f_value,2.500,6262,0.1607313957202172,4.964388374321303,0.0,19.857553497285213,0.05600571973307912,0.26653290529695023,50000,comm,private,
<SOURCE_VECSTRAIGHT_REPO>/hetzner-results/phase3_vecstraight_clean_msgsource_learned_15seeds_hetzner_20260410/train/cond1_seed1515_ep50000.pt,cond1,1515,1,9001,greedy,public_random,none,none,none,f_value,3.500,6101,0.42029995082773314,8.202999508277331,0.027700376987379118,32.811998033109326,0.29291351529102266,0.5468954248366014,50000,comm,private,
<SOURCE_VECSTRAIGHT_REPO>/hetzner-results/phase3_vecstraight_clean_msgsource_learned_15seeds_hetzner_20260410/train/cond1_seed1515_ep50000.pt,cond1,1515,1,9001,greedy,public_random,none,none,none,f_value,5.000,5836,0.6044808087731323,13.671692940370116,0.07179575051405072,54.686771761480465,0.7399932157394844,0.46615304709141275,50000,comm,private,
<SOURCE_VECSTRAIGHT_REPO>/hetzner-results/phase3_vecstraight_clean_msgsource_learned_15seeds_hetzner_20260410/train/cond1_seed1515_ep50000.pt,cond1,1515,1,9001,greedy,sender_shuffle,none,none,none,regime,competitive,5288,0.00018910741301059002,3.999621785173979,0.0,15.998487140695916,,,50000,comm,private,
<SOURCE_VECSTRAIGHT_REPO>/hetzner-results/phase3_vecstraight_clean_msgsource_learned_15seeds_hetzner_20260410/train/cond1_seed1515_ep50000.pt,cond1,1515,1,9001,greedy,sender_shuffle,none,none,none,regime,cooperative,5917,0.6183454453270238,13.893527125232382,0.08196721311475409,55.574108500929526,,,50000,comm,private,
<SOURCE_VECSTRAIGHT_REPO>/hetzner-results/phase3_vecstraight_clean_msgsource_learned_15seeds_hetzner_20260410/train/cond1_seed1515_ep50000.pt,cond1,1515,1,9001,greedy,sender_shuffle,none,none,none,regime,mixed,18795,0.19131417930300612,5.644559723330673,0.004203245544027667,22.57823889332269,,,50000,comm,private,
<SOURCE_VECSTRAIGHT_REPO>/hetzner-results/phase3_vecstraight_clean_msgsource_learned_15seeds_hetzner_20260410/train/cond1_seed1515_ep50000.pt,cond1,1515,1,9001,greedy,sender_shuffle,none,none,none,f_value,0.500,5288,0.00018910741301059002,3.999621785173979,0.0,15.998487140695916,0.00016740137269125608,0.0001993024414549078,50000,comm,private,
<SOURCE_VECSTRAIGHT_REPO>/hetzner-results/phase3_vecstraight_clean_msgsource_learned_15seeds_hetzner_20260410/train/cond1_seed1515_ep50000.pt,cond1,1515,1,9001,greedy,sender_shuffle,none,none,none,f_value,1.500,5824,0.015710851648351648,4.0314217032967035,0.0,16.125686813186814,0.014332016610959182,0.016497175141242937,50000,comm,private,
<SOURCE_VECSTRAIGHT_REPO>/hetzner-results/phase3_vecstraight_clean_msgsource_learned_15seeds_hetzner_20260410/train/cond1_seed1515_ep50000.pt,cond1,1515,1,9001,greedy,sender_shuffle,none,none,none,f_value,2.500,6298,0.1713242299142585,5.027945379485551,0.0,20.111781517942205,0.1373044862789173,0.17833862610730403,50000,comm,private,
<SOURCE_VECSTRAIGHT_REPO>/hetzner-results/phase3_vecstraight_clean_msgsource_learned_15seeds_hetzner_20260410/train/cond1_seed1515_ep50000.pt,cond1,1515,1,9001,greedy,sender_shuffle,none,none,none,f_value,3.500,6673,0.36344222988161246,7.6344222988161246,0.011838753184474748,30.537689195264498,0.2922224684245513,0.3758137699743539,50000,comm,private,
<SOURCE_VECSTRAIGHT_REPO>/hetzner-results/phase3_vecstraight_clean_msgsource_learned_15seeds_hetzner_20260410/train/cond1_seed1515_ep50000.pt,cond1,1515,1,9001,greedy,sender_shuffle,none,none,none,f_value,5.000,5917,0.6183454453270238,13.893527125232382,0.08196721311475409,55.574108500929526,0.5987053392211963,0.6336277686537352,50000,comm,private,
<SOURCE_VECSTRAIGHT_REPO>/hetzner-results/phase3_vecstraight_clean_msgsource_learned_15seeds_hetzner_20260410/train/cond1_seed1515_ep50000.pt,cond1,1515,1,9001,greedy,zeros,none,none,none,regime,competitive,5288,9.455370650529501e-05,3.9998108925869893,0.0,15.999243570347957,,,50000,comm,private,
<SOURCE_VECSTRAIGHT_REPO>/hetzner-results/phase3_vecstraight_clean_msgsource_learned_15seeds_hetzner_20260410/train/cond1_seed1515_ep50000.pt,cond1,1515,1,9001,greedy,zeros,none,none,none,regime,cooperative,5917,0.6314432989690721,14.103092783505154,0.005746155146188947,56.41237113402062,,,50000,comm,private,
<SOURCE_VECSTRAIGHT_REPO>/hetzner-results/phase3_vecstraight_clean_msgsource_learned_15seeds_hetzner_20260410/train/cond1_seed1515_ep50000.pt,cond1,1515,1,9001,greedy,zeros,none,none,none,regime,mixed,18795,0.36166533652567173,7.1001330140994945,0.05719606278265496,28.400532056397978,,,50000,comm,private,
<SOURCE_VECSTRAIGHT_REPO>/hetzner-results/phase3_vecstraight_clean_msgsource_learned_15seeds_hetzner_20260410/train/cond1_seed1515_ep50000.pt,cond1,1515,1,9001,greedy,zeros,none,none,none,f_value,0.500,5288,9.455370650529501e-05,3.9998108925869893,0.0,15.999243570347957,9.921619208254787e-05,9.983527180152747e-05,50000,comm,private,
<SOURCE_VECSTRAIGHT_REPO>/hetzner-results/phase3_vecstraight_clean_msgsource_learned_15seeds_hetzner_20260410/train/cond1_seed1515_ep50000.pt,cond1,1515,1,9001,greedy,zeros,none,none,none,f_value,1.500,5824,0.026614010989010988,4.053228021978022,0.0,16.212912087912088,0.025388551018438073,0.026860812155195802,50000,comm,private,
<SOURCE_VECSTRAIGHT_REPO>/hetzner-results/phase3_vecstraight_clean_msgsource_learned_15seeds_hetzner_20260410/train/cond1_seed1515_ep50000.pt,cond1,1515,1,9001,greedy,zeros,none,none,none,f_value,2.500,6298,0.3361384566529057,6.016830739917434,0.0025404890441409972,24.067322959669735,0.32757262863143155,0.34518710793856805,50000,comm,private,
<SOURCE_VECSTRAIGHT_REPO>/hetzner-results/phase3_vecstraight_clean_msgsource_learned_15seeds_hetzner_20260410/train/cond1_seed1515_ep50000.pt,cond1,1515,1,9001,greedy,zeros,none,none,none,f_value,3.500,6673,0.6781807283081073,10.781807283081074,0.15869923572606023,43.127229132324295,0.6363761153054222,0.6782353384024693,50000,comm,private,
<SOURCE_VECSTRAIGHT_REPO>/hetzner-results/phase3_vecstraight_clean_msgsource_learned_15seeds_hetzner_20260410/train/cond1_seed1515_ep50000.pt,cond1,1515,1,9001,greedy,zeros,none,none,none,f_value,5.000,5917,0.6314432989690721,14.103092783505154,0.005746155146188947,56.41237113402062,0.5546996174128839,0.6330030159414045,50000,comm,private,
<SOURCE_VECSTRAIGHT_REPO>/hetzner-results/phase3_vecstraight_clean_msgsource_learned_15seeds_hetzner_20260410/train/cond1_seed1616_ep50000.pt,cond1,1616,1,9001,greedy,fixed0,none,none,none,regime,competitive,5288,4.7276853252647505e-05,3.9999054462934946,0.0,15.999621785173979,,,50000,comm,private,
<SOURCE_VECSTRAIGHT_REPO>/hetzner-results/phase3_vecstraight_clean_msgsource_learned_15seeds_hetzner_20260410/train/cond1_seed1616_ep50000.pt,cond1,1616,1,9001,greedy,fixed0,none,none,none,regime,cooperative,5917,0.7339023153625148,15.742437045800237,0.015717424370458002,62.96974818320095,,,50000,comm,private,
<SOURCE_VECSTRAIGHT_REPO>/hetzner-results/phase3_vecstraight_clean_msgsource_learned_15seeds_hetzner_20260410/train/cond1_seed1616_ep50000.pt,cond1,1616,1,9001,greedy,fixed0,none,none,none,regime,mixed,18795,0.21464485235434957,6.113939877627028,0.00010641127959563714,24.455759510508113,,,50000,comm,private,
<SOURCE_VECSTRAIGHT_REPO>/hetzner-results/phase3_vecstraight_clean_msgsource_learned_15seeds_hetzner_20260410/train/cond1_seed1616_ep50000.pt,cond1,1616,1,9001,greedy,fixed0,none,none,none,f_value,0.500,5288,4.7276853252647505e-05,3.9999054462934946,0.0,15.999621785173979,4.7276853252647505e-05,,50000,comm,private,
<SOURCE_VECSTRAIGHT_REPO>/hetzner-results/phase3_vecstraight_clean_msgsource_learned_15seeds_hetzner_20260410/train/cond1_seed1616_ep50000.pt,cond1,1616,1,9001,greedy,fixed0,none,none,none,f_value,1.500,5824,0.00021462912087912088,4.000429258241758,0.0,16.001717032967033,0.00021462912087912088,,50000,comm,private,
<SOURCE_VECSTRAIGHT_REPO>/hetzner-results/phase3_vecstraight_clean_msgsource_learned_15seeds_hetzner_20260410/train/cond1_seed1616_ep50000.pt,cond1,1616,1,9001,greedy,fixed0,none,none,none,f_value,2.500,6298,0.023856779930136553,4.143140679580819,0.00015878056525881233,16.572562718323276,0.023856779930136553,,50000,comm,private,
<SOURCE_VECSTRAIGHT_REPO>/hetzner-results/phase3_vecstraight_clean_msgsource_learned_15seeds_hetzner_20260410/train/cond1_seed1616_ep50000.pt,cond1,1616,1,9001,greedy,fixed0,none,none,none,f_value,3.500,6673,0.5818597332534092,9.818597332534093,0.0001498576352465158,39.27438933013637,0.5818597332534092,,50000,comm,private,
<SOURCE_VECSTRAIGHT_REPO>/hetzner-results/phase3_vecstraight_clean_msgsource_learned_15seeds_hetzner_20260410/train/cond1_seed1616_ep50000.pt,cond1,1616,1,9001,greedy,fixed0,none,none,none,f_value,5.000,5917,0.7339023153625148,15.742437045800237,0.015717424370458002,62.96974818320095,0.7339023153625148,,50000,comm,private,
<SOURCE_VECSTRAIGHT_REPO>/hetzner-results/phase3_vecstraight_clean_msgsource_learned_15seeds_hetzner_20260410/train/cond1_seed1616_ep50000.pt,cond1,1616,1,9001,greedy,fixed1,none,none,none,regime,competitive,5288,0.0,4.0,0.0,16.0,,,50000,comm,private,
<SOURCE_VECSTRAIGHT_REPO>/hetzner-results/phase3_vecstraight_clean_msgsource_learned_15seeds_hetzner_20260410/train/cond1_seed1616_ep50000.pt,cond1,1616,1,9001,greedy,fixed1,none,none,none,regime,cooperative,5917,0.5719114416089235,13.150583065742776,0.0,52.6023322629711,,,50000,comm,private,
<SOURCE_VECSTRAIGHT_REPO>/hetzner-results/phase3_vecstraight_clean_msgsource_learned_15seeds_hetzner_20260410/train/cond1_seed1616_ep50000.pt,cond1,1616,1,9001,greedy,fixed1,none,none,none,regime,mixed,18795,0.11488427773343975,5.073290768821495,0.0,20.29316307528598,,,50000,comm,private,
<SOURCE_VECSTRAIGHT_REPO>/hetzner-results/phase3_vecstraight_clean_msgsource_learned_15seeds_hetzner_20260410/train/cond1_seed1616_ep50000.pt,cond1,1616,1,9001,greedy,fixed1,none,none,none,f_value,0.500,5288,0.0,4.0,0.0,16.0,,0.0,50000,comm,private,
<SOURCE_VECSTRAIGHT_REPO>/hetzner-results/phase3_vecstraight_clean_msgsource_learned_15seeds_hetzner_20260410/train/cond1_seed1616_ep50000.pt,cond1,1616,1,9001,greedy,fixed1,none,none,none,f_value,1.500,5824,0.000729739010989011,4.001459478021978,0.0,16.005837912087912,,0.000729739010989011,50000,comm,private,
<SOURCE_VECSTRAIGHT_REPO>/hetzner-results/phase3_vecstraight_clean_msgsource_learned_15seeds_hetzner_20260410/train/cond1_seed1616_ep50000.pt,cond1,1616,1,9001,greedy,fixed1,none,none,none,f_value,2.500,6298,0.05501746586217847,4.330104795173071,0.0,17.320419180692284,,0.05501746586217847,50000,comm,private,
<SOURCE_VECSTRAIGHT_REPO>/hetzner-results/phase3_vecstraight_clean_msgsource_learned_15seeds_hetzner_20260410/train/cond1_seed1616_ep50000.pt,cond1,1616,1,9001,greedy,fixed1,none,none,none,f_value,3.500,6673,0.27101753334332385,6.710175333433239,0.0,26.840701333732955,,0.27101753334332385,50000,comm,private,
<SOURCE_VECSTRAIGHT_REPO>/hetzner-results/phase3_vecstraight_clean_msgsource_learned_15seeds_hetzner_20260410/train/cond1_seed1616_ep50000.pt,cond1,1616,1,9001,greedy,fixed1,none,none,none,f_value,5.000,5917,0.5719114416089235,13.150583065742776,0.0,52.6023322629711,,0.5719114416089235,50000,comm,private,
<SOURCE_VECSTRAIGHT_REPO>/hetzner-results/phase3_vecstraight_clean_msgsource_learned_15seeds_hetzner_20260410/train/cond1_seed1616_ep50000.pt,cond1,1616,1,9001,greedy,indep_random,none,none,none,regime,competitive,5444,0.0002755326965466569,3.9994489346069066,0.0,15.997795738427627,,,50000,comm,private,
<SOURCE_VECSTRAIGHT_REPO>/hetzner-results/phase3_vecstraight_clean_msgsource_learned_15seeds_hetzner_20260410/train/cond1_seed1616_ep50000.pt,cond1,1616,1,9001,greedy,indep_random,none,none,none,regime,cooperative,5829,0.7076685537828101,15.322696860524962,0.16297821238634413,61.29078744209985,,,50000,comm,private,
<SOURCE_VECSTRAIGHT_REPO>/hetzner-results/phase3_vecstraight_clean_msgsource_learned_15seeds_hetzner_20260410/train/cond1_seed1616_ep50000.pt,cond1,1616,1,9001,greedy,indep_random,none,none,none,regime,mixed,18727,0.20627970310247237,5.922625086773109,0.03444224915896833,23.690500347092435,,,50000,comm,private,
<SOURCE_VECSTRAIGHT_REPO>/hetzner-results/phase3_vecstraight_clean_msgsource_learned_15seeds_hetzner_20260410/train/cond1_seed1616_ep50000.pt,cond1,1616,1,9001,greedy,indep_random,none,none,none,f_value,0.500,5444,0.0002755326965466569,3.9994489346069066,0.0,15.997795738427627,0.0002643684238354571,0.0003160722751935943,50000,comm,private,
<SOURCE_VECSTRAIGHT_REPO>/hetzner-results/phase3_vecstraight_clean_msgsource_learned_15seeds_hetzner_20260410/train/cond1_seed1616_ep50000.pt,cond1,1616,1,9001,greedy,indep_random,none,none,none,f_value,1.500,5205,0.003986551392891451,4.007973102785783,0.0,16.031892411143133,0.0032499724578605267,0.0044515278083095185,50000,comm,private,
<SOURCE_VECSTRAIGHT_REPO>/hetzner-results/phase3_vecstraight_clean_msgsource_learned_15seeds_hetzner_20260410/train/cond1_seed1616_ep50000.pt,cond1,1616,1,9001,greedy,indep_random,none,none,none,f_value,2.500,7182,0.08559593428014481,4.5135756056808685,0.000556947925368978,18.054302422723474,0.08086091921894342,0.09113310281785303,50000,comm,private,
<SOURCE_VECSTRAIGHT_REPO>/hetzner-results/phase3_vecstraight_clean_msgsource_learned_15seeds_hetzner_20260410/train/cond1_seed1616_ep50000.pt,cond1,1616,1,9001,greedy,indep_random,none,none,none,f_value,3.500,6340,0.5090694006309149,9.090694006309148,0.10110410094637223,36.36277602523659,0.5157585349310423,0.4959584556333258,50000,comm,private,
<SOURCE_VECSTRAIGHT_REPO>/hetzner-results/phase3_vecstraight_clean_msgsource_learned_15seeds_hetzner_20260410/train/cond1_seed1616_ep50000.pt,cond1,1616,1,9001,greedy,indep_random,none,none,none,f_value,5.000,5829,0.7076685537828101,15.322696860524962,0.16297821238634413,61.29078744209985,0.7322188149174004,0.6860397196261683,50000,comm,private,
<SOURCE_VECSTRAIGHT_REPO>/hetzner-results/phase3_vecstraight_clean_msgsource_learned_15seeds_hetzner_20260410/train/cond1_seed1616_ep50000.pt,cond1,1616,1,9001,greedy,marginal,none,none,none,regime,competitive,5980,0.00025083612040133777,3.999498327759197,0.0,15.997993311036788,,,50000,comm,private,
<SOURCE_VECSTRAIGHT_REPO>/hetzner-results/phase3_vecstraight_clean_msgsource_learned_15seeds_hetzner_20260410/train/cond1_seed1616_ep50000.pt,cond1,1616,1,9001,greedy,marginal,none,none,none,regime,cooperative,5921,0.7096774193548387,15.35483870967742,0.1807127174463773,61.41935483870968,,,50000,comm,private,
<SOURCE_VECSTRAIGHT_REPO>/hetzner-results/phase3_vecstraight_clean_msgsource_learned_15seeds_hetzner_20260410/train/cond1_seed1616_ep50000.pt,cond1,1616,1,9001,greedy,marginal,none,none,none,regime,mixed,18099,0.22894911321067463,6.136665009116526,0.04480910547544063,24.546660036466104,,,50000,comm,private,
<SOURCE_VECSTRAIGHT_REPO>/hetzner-results/phase3_vecstraight_clean_msgsource_learned_15seeds_hetzner_20260410/train/cond1_seed1616_ep50000.pt,cond1,1616,1,9001,greedy,marginal,none,none,none,f_value,0.500,5980,0.00025083612040133777,3.999498327759197,0.0,15.997993311036788,0.00014218683349921798,0.0002871088142405972,50000,comm,private,
<SOURCE_VECSTRAIGHT_REPO>/hetzner-results/phase3_vecstraight_clean_msgsource_learned_15seeds_hetzner_20260410/train/cond1_seed1616_ep50000.pt,cond1,1616,1,9001,greedy,marginal,none,none,none,f_value,1.500,5804,0.006719503790489318,4.0134390075809785,0.0,16.053756030323914,0.006015942246954429,0.007467360408536879,50000,comm,private,
<SOURCE_VECSTRAIGHT_REPO>/hetzner-results/phase3_vecstraight_clean_msgsource_learned_15seeds_hetzner_20260410/train/cond1_seed1616_ep50000.pt,cond1,1616,1,9001,greedy,marginal,none,none,none,f_value,2.500,5884,0.10426580557443915,4.625594833446635,0.000849762066621346,18.50237933378654,0.09604851330203443,0.11168681635002879,50000,comm,private,
<SOURCE_VECSTRAIGHT_REPO>/hetzner-results/phase3_vecstraight_clean_msgsource_learned_15seeds_hetzner_20260410/train/cond1_seed1616_ep50000.pt,cond1,1616,1,9001,greedy,marginal,none,none,none,f_value,3.500,6411,0.5445718296677585,9.445718296677585,0.12572141631570738,37.78287318671034,0.552111792896493,0.5370304591066513,50000,comm,private,
<SOURCE_VECSTRAIGHT_REPO>/hetzner-results/phase3_vecstraight_clean_msgsource_learned_15seeds_hetzner_20260410/train/cond1_seed1616_ep50000.pt,cond1,1616,1,9001,greedy,marginal,none,none,none,f_value,5.000,5921,0.7096774193548387,15.35483870967742,0.1807127174463773,61.41935483870968,0.7414522470512118,0.690727976583892,50000,comm,private,
<SOURCE_VECSTRAIGHT_REPO>/hetzner-results/phase3_vecstraight_clean_msgsource_learned_15seeds_hetzner_20260410/train/cond1_seed1616_ep50000.pt,cond1,1616,1,9001,greedy,none,none,none,none,regime,competitive,5288,4.7276853252647505e-05,3.9999054462934946,0.0,15.999621785173979,,,50000,comm,private,
<SOURCE_VECSTRAIGHT_REPO>/hetzner-results/phase3_vecstraight_clean_msgsource_learned_15seeds_hetzner_20260410/train/cond1_seed1616_ep50000.pt,cond1,1616,1,9001,greedy,none,none,none,none,regime,cooperative,5917,0.6802856177116782,14.88456988338685,0.09582558729085686,59.5382795335474,,,50000,comm,private,
<SOURCE_VECSTRAIGHT_REPO>/hetzner-results/phase3_vecstraight_clean_msgsource_learned_15seeds_hetzner_20260410/train/cond1_seed1616_ep50000.pt,cond1,1616,1,9001,greedy,none,none,none,none,regime,mixed,18795,0.223024740622506,5.968422452779994,0.029848363926576218,23.873689811119977,,,50000,comm,private,
<SOURCE_VECSTRAIGHT_REPO>/hetzner-results/phase3_vecstraight_clean_msgsource_learned_15seeds_hetzner_20260410/train/cond1_seed1616_ep50000.pt,cond1,1616,1,9001,greedy,none,none,none,none,f_value,0.500,5288,4.7276853252647505e-05,3.9999054462934946,0.0,15.999621785173979,5.009518084360284e-05,5.382131324004306e-05,50000,comm,private,
<SOURCE_VECSTRAIGHT_REPO>/hetzner-results/phase3_vecstraight_clean_msgsource_learned_15seeds_hetzner_20260410/train/cond1_seed1616_ep50000.pt,cond1,1616,1,9001,greedy,none,none,none,none,f_value,1.500,5824,0.016998626373626372,4.033997252747253,0.0,16.13598901098901,0.01459188326493388,0.018013100436681223,50000,comm,private,
<SOURCE_VECSTRAIGHT_REPO>/hetzner-results/phase3_vecstraight_clean_msgsource_learned_15seeds_hetzner_20260410/train/cond1_seed1616_ep50000.pt,cond1,1616,1,9001,greedy,none,none,none,none,f_value,2.500,6298,0.163901238488409,4.983407430930454,0.0012702445220704986,19.933629723721815,0.14427951587120347,0.17167400135409613,50000,comm,private,
<SOURCE_VECSTRAIGHT_REPO>/hetzner-results/phase3_vecstraight_clean_msgsource_learned_15seeds_hetzner_20260410/train/cond1_seed1616_ep50000.pt,cond1,1616,1,9001,greedy,none,none,none,none,f_value,3.500,6673,0.45863929267196163,8.586392926719617,0.08287127229132324,34.34557170687847,0.4672609400324149,0.460297515301366,50000,comm,private,
<SOURCE_VECSTRAIGHT_REPO>/hetzner-results/phase3_vecstraight_clean_msgsource_learned_15seeds_hetzner_20260410/train/cond1_seed1616_ep50000.pt,cond1,1616,1,9001,greedy,none,none,none,none,f_value,5.000,5917,0.6802856177116782,14.88456988338685,0.09582558729085686,59.5382795335474,0.7673554076251405,0.661818361108372,50000,comm,private,
<SOURCE_VECSTRAIGHT_REPO>/hetzner-results/phase3_vecstraight_clean_msgsource_learned_15seeds_hetzner_20260410/train/cond1_seed1616_ep50000.pt,cond1,1616,1,9001,greedy,permute_slots,none,none,none,regime,competitive,5862,0.00025588536335721597,3.9994882292732856,0.0,15.997952917093142,,,50000,comm,private,
<SOURCE_VECSTRAIGHT_REPO>/hetzner-results/phase3_vecstraight_clean_msgsource_learned_15seeds_hetzner_20260410/train/cond1_seed1616_ep50000.pt,cond1,1616,1,9001,greedy,permute_slots,none,none,none,regime,cooperative,6068,0.6565177982860909,14.504284772577455,0.08487145682267634,58.01713909030982,,,50000,comm,private,
<SOURCE_VECSTRAIGHT_REPO>/hetzner-results/phase3_vecstraight_clean_msgsource_learned_15seeds_hetzner_20260410/train/cond1_seed1616_ep50000.pt,cond1,1616,1,9001,greedy,permute_slots,none,none,none,regime,mixed,18070,0.21802711676812397,6.041532927504151,0.042058660763696736,24.166131710016604,,,50000,comm,private,
<SOURCE_VECSTRAIGHT_REPO>/hetzner-results/phase3_vecstraight_clean_msgsource_learned_15seeds_hetzner_20260410/train/cond1_seed1616_ep50000.pt,cond1,1616,1,9001,greedy,permute_slots,none,none,none,f_value,0.500,5862,0.00025588536335721597,3.9994882292732856,0.0,15.997952917093142,0.00013433637829124128,0.0002901915264074289,50000,comm,private,
<SOURCE_VECSTRAIGHT_REPO>/hetzner-results/phase3_vecstraight_clean_msgsource_learned_15seeds_hetzner_20260410/train/cond1_seed1616_ep50000.pt,cond1,1616,1,9001,greedy,permute_slots,none,none,none,f_value,1.500,5576,0.004393830703012912,4.008787661406026,0.0,16.035150645624103,0.003494526954108639,0.004611113725121159,50000,comm,private,
<SOURCE_VECSTRAIGHT_REPO>/hetzner-results/phase3_vecstraight_clean_msgsource_learned_15seeds_hetzner_20260410/train/cond1_seed1616_ep50000.pt,cond1,1616,1,9001,greedy,permute_slots,none,none,none,f_value,2.500,6045,0.0955748552522746,4.573449131513648,0.00016542597187758478,18.293796526054592,0.08473609129814551,0.10024428159005108,50000,comm,private,
<SOURCE_VECSTRAIGHT_REPO>/hetzner-results/phase3_vecstraight_clean_msgsource_learned_15seeds_hetzner_20260410/train/cond1_seed1616_ep50000.pt,cond1,1616,1,9001,greedy,permute_slots,none,none,none,f_value,3.500,6449,0.5175220964490619,9.175220964490618,0.11769266552953947,36.700883857962474,0.5159871057675554,0.5168979455765303,50000,comm,private,
<SOURCE_VECSTRAIGHT_REPO>/hetzner-results/phase3_vecstraight_clean_msgsource_learned_15seeds_hetzner_20260410/train/cond1_seed1616_ep50000.pt,cond1,1616,1,9001,greedy,permute_slots,none,none,none,f_value,5.000,6068,0.6565177982860909,14.504284772577455,0.08487145682267634,58.01713909030982,0.7372148501565529,0.6287383980749398,50000,comm,private,
<SOURCE_VECSTRAIGHT_REPO>/hetzner-results/phase3_vecstraight_clean_msgsource_learned_15seeds_hetzner_20260410/train/cond1_seed1616_ep50000.pt,cond1,1616,1,9001,greedy,public_marginal,none,none,none,regime,competitive,6381,0.0,4.0,0.0,16.0,,,50000,comm,private,
<SOURCE_VECSTRAIGHT_REPO>/hetzner-results/phase3_vecstraight_clean_msgsource_learned_15seeds_hetzner_20260410/train/cond1_seed1616_ep50000.pt,cond1,1616,1,9001,greedy,public_marginal,none,none,none,regime,cooperative,5877,0.640165050195678,14.242640803130849,0.0023821677726731326,56.970563212523395,,,50000,comm,private,
<SOURCE_VECSTRAIGHT_REPO>/hetzner-results/phase3_vecstraight_clean_msgsource_learned_15seeds_hetzner_20260410/train/cond1_seed1616_ep50000.pt,cond1,1616,1,9001,greedy,public_marginal,none,none,none,regime,mixed,17742,0.1619180475707361,5.561407958516514,0.0022545372562281594,22.245631834066057,,,50000,comm,private,
<SOURCE_VECSTRAIGHT_REPO>/hetzner-results/phase3_vecstraight_clean_msgsource_learned_15seeds_hetzner_20260410/train/cond1_seed1616_ep50000.pt,cond1,1616,1,9001,greedy,public_marginal,none,none,none,f_value,0.500,6381,0.0,4.0,0.0,16.0,0.0,0.0,50000,comm,private,
<SOURCE_VECSTRAIGHT_REPO>/hetzner-results/phase3_vecstraight_clean_msgsource_learned_15seeds_hetzner_20260410/train/cond1_seed1616_ep50000.pt,cond1,1616,1,9001,greedy,public_marginal,none,none,none,f_value,1.500,5647,0.0007526120063750664,4.00150522401275,0.0,16.006020896051,0.0005296610169491525,0.0009769094138543516,50000,comm,private,
<SOURCE_VECSTRAIGHT_REPO>/hetzner-results/phase3_vecstraight_clean_msgsource_learned_15seeds_hetzner_20260410/train/cond1_seed1616_ep50000.pt,cond1,1616,1,9001,greedy,public_marginal,none,none,none,f_value,2.500,6241,0.0396971639160391,4.238182983496235,0.0,16.95273193398494,0.01920583468395462,0.05972750316856781,50000,comm,private,
<SOURCE_VECSTRAIGHT_REPO>/hetzner-results/phase3_vecstraight_clean_msgsource_learned_15seeds_hetzner_20260410/train/cond1_seed1616_ep50000.pt,cond1,1616,1,9001,greedy,public_marginal,none,none,none,f_value,3.500,5854,0.44768534335497095,8.47685343354971,0.006832934745473181,33.90741373419884,0.5476633931594989,0.3459152016546019,50000,comm,private,
<SOURCE_VECSTRAIGHT_REPO>/hetzner-results/phase3_vecstraight_clean_msgsource_learned_15seeds_hetzner_20260410/train/cond1_seed1616_ep50000.pt,cond1,1616,1,9001,greedy,public_marginal,none,none,none,f_value,5.000,5877,0.640165050195678,14.242640803130849,0.0023821677726731326,56.970563212523395,0.7407438572871087,0.5373365450791466,50000,comm,private,
<SOURCE_VECSTRAIGHT_REPO>/hetzner-results/phase3_vecstraight_clean_msgsource_learned_15seeds_hetzner_20260410/train/cond1_seed1616_ep50000.pt,cond1,1616,1,9001,greedy,public_random,none,none,none,regime,competitive,5929,0.0,4.0,0.0,16.0,,,50000,comm,private,
<SOURCE_VECSTRAIGHT_REPO>/hetzner-results/phase3_vecstraight_clean_msgsource_learned_15seeds_hetzner_20260410/train/cond1_seed1616_ep50000.pt,cond1,1616,1,9001,greedy,public_random,none,none,none,regime,cooperative,5836,0.6385366689513365,14.216586703221385,0.0017135023989033585,56.86634681288554,,,50000,comm,private,
<SOURCE_VECSTRAIGHT_REPO>/hetzner-results/phase3_vecstraight_clean_msgsource_learned_15seeds_hetzner_20260410/train/cond1_seed1616_ep50000.pt,cond1,1616,1,9001,greedy,public_random,none,none,none,regime,mixed,18235,0.16222922950370167,5.565204277488347,0.0021387441732931174,22.260817109953386,,,50000,comm,private,
<SOURCE_VECSTRAIGHT_REPO>/hetzner-results/phase3_vecstraight_clean_msgsource_learned_15seeds_hetzner_20260410/train/cond1_seed1616_ep50000.pt,cond1,1616,1,9001,greedy,public_random,none,none,none,f_value,0.500,5929,0.0,4.0,0.0,16.0,0.0,0.0,50000,comm,private,
<SOURCE_VECSTRAIGHT_REPO>/hetzner-results/phase3_vecstraight_clean_msgsource_learned_15seeds_hetzner_20260410/train/cond1_seed1616_ep50000.pt,cond1,1616,1,9001,greedy,public_random,none,none,none,f_value,1.500,5872,0.001064373297002725,4.002128746594005,0.0,16.00851498637602,0.0008506294658046955,0.0012785543811796795,50000,comm,private,
<SOURCE_VECSTRAIGHT_REPO>/hetzner-results/phase3_vecstraight_clean_msgsource_learned_15seeds_hetzner_20260410/train/cond1_seed1616_ep50000.pt,cond1,1616,1,9001,greedy,public_random,none,none,none,f_value,2.500,6262,0.03956403704886618,4.237384222293197,0.00015969338869370808,16.949536889172787,0.021051795360660947,0.05826645264847512,50000,comm,private,
<SOURCE_VECSTRAIGHT_REPO>/hetzner-results/phase3_vecstraight_clean_msgsource_learned_15seeds_hetzner_20260410/train/cond1_seed1616_ep50000.pt,cond1,1616,1,9001,greedy,public_random,none,none,none,f_value,3.500,6101,0.4432470086871005,8.432470086871005,0.0062284871332568435,33.72988034748402,0.5489148306478132,0.3382352941176471,50000,comm,private,
<SOURCE_VECSTRAIGHT_REPO>/hetzner-results/phase3_vecstraight_clean_msgsource_learned_15seeds_hetzner_20260410/train/cond1_seed1616_ep50000.pt,cond1,1616,1,9001,greedy,public_random,none,none,none,f_value,5.000,5836,0.6385366689513365,14.216586703221385,0.0017135023989033585,56.86634681288554,0.7385515603799185,0.5364439058171745,50000,comm,private,
<SOURCE_VECSTRAIGHT_REPO>/hetzner-results/phase3_vecstraight_clean_msgsource_learned_15seeds_hetzner_20260410/train/cond1_seed1616_ep50000.pt,cond1,1616,1,9001,greedy,sender_shuffle,none,none,none,regime,competitive,5288,0.0005200453857791225,3.9989599092284416,0.0,15.995839636913766,,,50000,comm,private,
<SOURCE_VECSTRAIGHT_REPO>/hetzner-results/phase3_vecstraight_clean_msgsource_learned_15seeds_hetzner_20260410/train/cond1_seed1616_ep50000.pt,cond1,1616,1,9001,greedy,sender_shuffle,none,none,none,regime,cooperative,5917,0.7124387358458678,15.399019773533885,0.1990873753591347,61.59607909413554,,,50000,comm,private,
<SOURCE_VECSTRAIGHT_REPO>/hetzner-results/phase3_vecstraight_clean_msgsource_learned_15seeds_hetzner_20260410/train/cond1_seed1616_ep50000.pt,cond1,1616,1,9001,greedy,sender_shuffle,none,none,none,regime,mixed,18795,0.2589784517158819,6.382920989624901,0.059696727853152436,25.531683958499602,,,50000,comm,private,
<SOURCE_VECSTRAIGHT_REPO>/hetzner-results/phase3_vecstraight_clean_msgsource_learned_15seeds_hetzner_20260410/train/cond1_seed1616_ep50000.pt,cond1,1616,1,9001,greedy,sender_shuffle,none,none,none,f_value,0.500,5288,0.0005200453857791225,3.9989599092284416,0.0,15.995839636913766,0.00028475425707614327,0.0005637556375563755,50000,comm,private,
<SOURCE_VECSTRAIGHT_REPO>/hetzner-results/phase3_vecstraight_clean_msgsource_learned_15seeds_hetzner_20260410/train/cond1_seed1616_ep50000.pt,cond1,1616,1,9001,greedy,sender_shuffle,none,none,none,f_value,1.500,5824,0.007039835164835165,4.014079670329671,0.0,16.056318681318682,0.0059249161073825505,0.007567316620241411,50000,comm,private,
<SOURCE_VECSTRAIGHT_REPO>/hetzner-results/phase3_vecstraight_clean_msgsource_learned_15seeds_hetzner_20260410/train/cond1_seed1616_ep50000.pt,cond1,1616,1,9001,greedy,sender_shuffle,none,none,none,f_value,2.500,6298,0.14131470308034297,4.8478882184820575,0.00206414734836456,19.39155287392823,0.13214696853415195,0.14753246753246754,50000,comm,private,
<SOURCE_VECSTRAIGHT_REPO>/hetzner-results/phase3_vecstraight_clean_msgsource_learned_15seeds_hetzner_20260410/train/cond1_seed1616_ep50000.pt,cond1,1616,1,9001,greedy,sender_shuffle,none,none,none,f_value,3.500,6673,0.5899145811479095,9.899145811479094,0.16619211748838603,39.59658324591638,0.6043252984906511,0.5844060615936125,50000,comm,private,
<SOURCE_VECSTRAIGHT_REPO>/hetzner-results/phase3_vecstraight_clean_msgsource_learned_15seeds_hetzner_20260410/train/cond1_seed1616_ep50000.pt,cond1,1616,1,9001,greedy,sender_shuffle,none,none,none,f_value,5.000,5917,0.7124387358458678,15.399019773533885,0.1990873753591347,61.59607909413554,0.7538090596624429,0.698110618052061,50000,comm,private,
<SOURCE_VECSTRAIGHT_REPO>/hetzner-results/phase3_vecstraight_clean_msgsource_learned_15seeds_hetzner_20260410/train/cond1_seed1616_ep50000.pt,cond1,1616,1,9001,greedy,zeros,none,none,none,regime,competitive,5288,0.0,4.0,0.0,16.0,,,50000,comm,private,
<SOURCE_VECSTRAIGHT_REPO>/hetzner-results/phase3_vecstraight_clean_msgsource_learned_15seeds_hetzner_20260410/train/cond1_seed1616_ep50000.pt,cond1,1616,1,9001,greedy,zeros,none,none,none,regime,cooperative,5917,0.5155906709481156,12.24945073516985,0.052391414568193344,48.9978029406794,,,50000,comm,private,
<SOURCE_VECSTRAIGHT_REPO>/hetzner-results/phase3_vecstraight_clean_msgsource_learned_15seeds_hetzner_20260410/train/cond1_seed1616_ep50000.pt,cond1,1616,1,9001,greedy,zeros,none,none,none,regime,mixed,18795,0.23901303538175048,6.164485235434956,0.008459696727853152,24.657940941739824,,,50000,comm,private,
<SOURCE_VECSTRAIGHT_REPO>/hetzner-results/phase3_vecstraight_clean_msgsource_learned_15seeds_hetzner_20260410/train/cond1_seed1616_ep50000.pt,cond1,1616,1,9001,greedy,zeros,none,none,none,f_value,0.500,5288,0.0,4.0,0.0,16.0,0.0,0.0,50000,comm,private,
<SOURCE_VECSTRAIGHT_REPO>/hetzner-results/phase3_vecstraight_clean_msgsource_learned_15seeds_hetzner_20260410/train/cond1_seed1616_ep50000.pt,cond1,1616,1,9001,greedy,zeros,none,none,none,f_value,1.500,5824,0.0026184752747252745,4.005236950549451,0.0,16.020947802197803,0.0025294683057621287,0.0027952160564541995,50000,comm,private,
<SOURCE_VECSTRAIGHT_REPO>/hetzner-results/phase3_vecstraight_clean_msgsource_learned_15seeds_hetzner_20260410/train/cond1_seed1616_ep50000.pt,cond1,1616,1,9001,greedy,zeros,none,none,none,f_value,2.500,6298,0.163504287075262,4.981025722451572,0.0,19.92410288980629,0.1567873088249264,0.17053732110720712,50000,comm,private,
<SOURCE_VECSTRAIGHT_REPO>/hetzner-results/phase3_vecstraight_clean_msgsource_learned_15seeds_hetzner_20260410/train/cond1_seed1616_ep50000.pt,cond1,1616,1,9001,greedy,zeros,none,none,none,f_value,3.500,6673,0.5165967331035516,9.165967331035516,0.023827364004196015,36.66386932414206,0.4941592184577011,0.5188578650132302,50000,comm,private,
<SOURCE_VECSTRAIGHT_REPO>/hetzner-results/phase3_vecstraight_clean_msgsource_learned_15seeds_hetzner_20260410/train/cond1_seed1616_ep50000.pt,cond1,1616,1,9001,greedy,zeros,none,none,none,f_value,5.000,5917,0.5155906709481156,12.24945073516985,0.052391414568193344,48.9978029406794,0.45899287946314227,0.5101417566890013,50000,comm,private,
<SOURCE_VECSTRAIGHT_REPO>/hetzner-results/phase3_vecstraight_clean_msgsource_learned_15seeds_hetzner_20260410/train/cond1_seed202_ep50000.pt,cond1,202,1,9001,greedy,fixed0,none,none,none,regime,competitive,5288,4.7276853252647505e-05,3.9999054462934946,0.0,15.999621785173979,,,50000,comm,private,
<SOURCE_VECSTRAIGHT_REPO>/hetzner-results/phase3_vecstraight_clean_msgsource_learned_15seeds_hetzner_20260410/train/cond1_seed202_ep50000.pt,cond1,202,1,9001,greedy,fixed0,none,none,none,regime,cooperative,5917,0.5440256886935947,12.704411019097515,0.019604529322291703,50.81764407639006,,,50000,comm,private,
<SOURCE_VECSTRAIGHT_REPO>/hetzner-results/phase3_vecstraight_clean_msgsource_learned_15seeds_hetzner_20260410/train/cond1_seed202_ep50000.pt,cond1,202,1,9001,greedy,fixed0,none,none,none,regime,mixed,18795,0.22760042564511837,5.868236233040703,0.0,23.47294493216281,,,50000,comm,private,
<SOURCE_VECSTRAIGHT_REPO>/hetzner-results/phase3_vecstraight_clean_msgsource_learned_15seeds_hetzner_20260410/train/cond1_seed202_ep50000.pt,cond1,202,1,9001,greedy,fixed0,none,none,none,f_value,0.500,5288,4.7276853252647505e-05,3.9999054462934946,0.0,15.999621785173979,4.7276853252647505e-05,,50000,comm,private,
<SOURCE_VECSTRAIGHT_REPO>/hetzner-results/phase3_vecstraight_clean_msgsource_learned_15seeds_hetzner_20260410/train/cond1_seed202_ep50000.pt,cond1,202,1,9001,greedy,fixed0,none,none,none,f_value,1.500,5824,0.0207760989010989,4.041552197802198,0.0,16.166208791208792,0.0207760989010989,,50000,comm,private,
<SOURCE_VECSTRAIGHT_REPO>/hetzner-results/phase3_vecstraight_clean_msgsource_learned_15seeds_hetzner_20260410/train/cond1_seed202_ep50000.pt,cond1,202,1,9001,greedy,fixed0,none,none,none,f_value,2.500,6298,0.2657986662432518,5.594791997459511,0.0,22.379167989838045,0.2657986662432518,,50000,comm,private,
<SOURCE_VECSTRAIGHT_REPO>/hetzner-results/phase3_vecstraight_clean_msgsource_learned_15seeds_hetzner_20260410/train/cond1_seed202_ep50000.pt,cond1,202,1,9001,greedy,fixed0,none,none,none,f_value,3.500,6673,0.37205904390828715,7.720590439082871,0.0,30.882361756331484,0.37205904390828715,,50000,comm,private,
<SOURCE_VECSTRAIGHT_REPO>/hetzner-results/phase3_vecstraight_clean_msgsource_learned_15seeds_hetzner_20260410/train/cond1_seed202_ep50000.pt,cond1,202,1,9001,greedy,fixed0,none,none,none,f_value,5.000,5917,0.5440256886935947,12.704411019097515,0.019604529322291703,50.81764407639006,0.5440256886935947,,50000,comm,private,
<SOURCE_VECSTRAIGHT_REPO>/hetzner-results/phase3_vecstraight_clean_msgsource_learned_15seeds_hetzner_20260410/train/cond1_seed202_ep50000.pt,cond1,202,1,9001,greedy,fixed1,none,none,none,regime,competitive,5288,4.7276853252647505e-05,3.9999054462934946,0.0,15.999621785173979,,,50000,comm,private,
<SOURCE_VECSTRAIGHT_REPO>/hetzner-results/phase3_vecstraight_clean_msgsource_learned_15seeds_hetzner_20260410/train/cond1_seed202_ep50000.pt,cond1,202,1,9001,greedy,fixed1,none,none,none,regime,cooperative,5917,0.7096924116951158,15.355078587121852,0.061517660976846376,61.42031434848741,,,50000,comm,private,
<SOURCE_VECSTRAIGHT_REPO>/hetzner-results/phase3_vecstraight_clean_msgsource_learned_15seeds_hetzner_20260410/train/cond1_seed202_ep50000.pt,cond1,202,1,9001,greedy,fixed1,none,none,none,regime,mixed,18795,0.0852487363660548,4.707874434690077,0.0,18.83149773876031,,,50000,comm,private,
<SOURCE_VECSTRAIGHT_REPO>/hetzner-results/phase3_vecstraight_clean_msgsource_learned_15seeds_hetzner_20260410/train/cond1_seed202_ep50000.pt,cond1,202,1,9001,greedy,fixed1,none,none,none,f_value,0.500,5288,4.7276853252647505e-05,3.9999054462934946,0.0,15.999621785173979,,4.7276853252647505e-05,50000,comm,private,
<SOURCE_VECSTRAIGHT_REPO>/hetzner-results/phase3_vecstraight_clean_msgsource_learned_15seeds_hetzner_20260410/train/cond1_seed202_ep50000.pt,cond1,202,1,9001,greedy,fixed1,none,none,none,f_value,1.500,5824,0.008284684065934066,4.016569368131868,0.0,16.06627747252747,,0.008284684065934066,50000,comm,private,
<SOURCE_VECSTRAIGHT_REPO>/hetzner-results/phase3_vecstraight_clean_msgsource_learned_15seeds_hetzner_20260410/train/cond1_seed202_ep50000.pt,cond1,202,1,9001,greedy,fixed1,none,none,none,f_value,2.500,6298,0.09256906954588759,4.555414417275325,0.0,18.2216576691013,,0.09256906954588759,50000,comm,private,
<SOURCE_VECSTRAIGHT_REPO>/hetzner-results/phase3_vecstraight_clean_msgsource_learned_15seeds_hetzner_20260410/train/cond1_seed202_ep50000.pt,cond1,202,1,9001,greedy,fixed1,none,none,none,f_value,3.500,6673,0.14551176382436684,5.455117638243668,0.0,21.820470552974673,,0.14551176382436684,50000,comm,private,
<SOURCE_VECSTRAIGHT_REPO>/hetzner-results/phase3_vecstraight_clean_msgsource_learned_15seeds_hetzner_20260410/train/cond1_seed202_ep50000.pt,cond1,202,1,9001,greedy,fixed1,none,none,none,f_value,5.000,5917,0.7096924116951158,15.355078587121852,0.061517660976846376,61.42031434848741,,0.7096924116951158,50000,comm,private,
<SOURCE_VECSTRAIGHT_REPO>/hetzner-results/phase3_vecstraight_clean_msgsource_learned_15seeds_hetzner_20260410/train/cond1_seed202_ep50000.pt,cond1,202,1,9001,greedy,indep_random,none,none,none,regime,competitive,5444,0.0001836884643644379,3.999632623071271,0.0,15.998530492285084,,,50000,comm,private,
<SOURCE_VECSTRAIGHT_REPO>/hetzner-results/phase3_vecstraight_clean_msgsource_learned_15seeds_hetzner_20260410/train/cond1_seed202_ep50000.pt,cond1,202,1,9001,greedy,indep_random,none,none,none,regime,cooperative,5829,0.6721135700806313,14.753817121290101,0.15388574369531652,59.015268485160405,,,50000,comm,private,
<SOURCE_VECSTRAIGHT_REPO>/hetzner-results/phase3_vecstraight_clean_msgsource_learned_15seeds_hetzner_20260410/train/cond1_seed202_ep50000.pt,cond1,202,1,9001,greedy,indep_random,none,none,none,regime,mixed,18727,0.20910984140545735,5.841085064345597,0.007369039354942063,23.364340257382388,,,50000,comm,private,
<SOURCE_VECSTRAIGHT_REPO>/hetzner-results/phase3_vecstraight_clean_msgsource_learned_15seeds_hetzner_20260410/train/cond1_seed202_ep50000.pt,cond1,202,1,9001,greedy,indep_random,none,none,none,f_value,0.500,5444,0.0001836884643644379,3.999632623071271,0.0,15.998530492285084,0.00021149473906836568,0.00021071485012906285,50000,comm,private,
<SOURCE_VECSTRAIGHT_REPO>/hetzner-results/phase3_vecstraight_clean_msgsource_learned_15seeds_hetzner_20260410/train/cond1_seed202_ep50000.pt,cond1,202,1,9001,greedy,indep_random,none,none,none,f_value,1.500,5205,0.013736791546589817,4.02747358309318,0.0,16.10989433237272,0.015148176710366862,0.012914926357441197,50000,comm,private,
<SOURCE_VECSTRAIGHT_REPO>/hetzner-results/phase3_vecstraight_clean_msgsource_learned_15seeds_hetzner_20260410/train/cond1_seed202_ep50000.pt,cond1,202,1,9001,greedy,indep_random,none,none,none,f_value,2.500,7182,0.14306599832915623,4.858395989974937,0.0,19.43358395989975,0.15309667372119953,0.12714121060371208,50000,comm,private,
<SOURCE_VECSTRAIGHT_REPO>/hetzner-results/phase3_vecstraight_clean_msgsource_learned_15seeds_hetzner_20260410/train/cond1_seed202_ep50000.pt,cond1,202,1,9001,greedy,indep_random,none,none,none,f_value,3.500,6340,0.4443217665615142,8.443217665615142,0.021766561514195582,33.77287066246057,0.4684151028713543,0.44479566493565137,50000,comm,private,
<SOURCE_VECSTRAIGHT_REPO>/hetzner-results/phase3_vecstraight_clean_msgsource_learned_15seeds_hetzner_20260410/train/cond1_seed202_ep50000.pt,cond1,202,1,9001,greedy,indep_random,none,none,none,f_value,5.000,5829,0.6721135700806313,14.753817121290101,0.15388574369531652,59.015268485160405,0.6705905628647739,0.6910533489096573,50000,comm,private,
<SOURCE_VECSTRAIGHT_REPO>/hetzner-results/phase3_vecstraight_clean_msgsource_learned_15seeds_hetzner_20260410/train/cond1_seed202_ep50000.pt,cond1,202,1,9001,greedy,marginal,none,none,none,regime,competitive,5980,0.00045986622073578595,3.9990802675585284,0.0,15.996321070234114,,,50000,comm,private,
<SOURCE_VECSTRAIGHT_REPO>/hetzner-results/phase3_vecstraight_clean_msgsource_learned_15seeds_hetzner_20260410/train/cond1_seed202_ep50000.pt,cond1,202,1,9001,greedy,marginal,none,none,none,regime,cooperative,5921,0.6600658672521533,14.561053876034453,0.1253166694815065,58.24421550413781,,,50000,comm,private,
<SOURCE_VECSTRAIGHT_REPO>/hetzner-results/phase3_vecstraight_clean_msgsource_learned_15seeds_hetzner_20260410/train/cond1_seed202_ep50000.pt,cond1,202,1,9001,greedy,marginal,none,none,none,regime,mixed,18099,0.20473506823581414,5.824686446765015,0.006132935521299519,23.29874578706006,,,50000,comm,private,
<SOURCE_VECSTRAIGHT_REPO>/hetzner-results/phase3_vecstraight_clean_msgsource_learned_15seeds_hetzner_20260410/train/cond1_seed202_ep50000.pt,cond1,202,1,9001,greedy,marginal,none,none,none,f_value,0.500,5980,0.00045986622073578595,3.9990802675585284,0.0,15.996321070234114,0.0005407265398417146,0.0004641663572224285,50000,comm,private,
<SOURCE_VECSTRAIGHT_REPO>/hetzner-results/phase3_vecstraight_clean_msgsource_learned_15seeds_hetzner_20260410/train/cond1_seed202_ep50000.pt,cond1,202,1,9001,greedy,marginal,none,none,none,f_value,1.500,5804,0.015808063404548586,4.031616126809097,0.0,16.12646450723639,0.017768408372233098,0.015603110960823148,50000,comm,private,
<SOURCE_VECSTRAIGHT_REPO>/hetzner-results/phase3_vecstraight_clean_msgsource_learned_15seeds_hetzner_20260410/train/cond1_seed202_ep50000.pt,cond1,202,1,9001,greedy,marginal,none,none,none,f_value,2.500,5884,0.14004078857919783,4.840244731475187,0.0,19.36097892590075,0.15049603174603174,0.12401143401619819,50000,comm,private,
<SOURCE_VECSTRAIGHT_REPO>/hetzner-results/phase3_vecstraight_clean_msgsource_learned_15seeds_hetzner_20260410/train/cond1_seed202_ep50000.pt,cond1,202,1,9001,greedy,marginal,none,none,none,f_value,3.500,6411,0.4351505225393854,8.351505225393854,0.01731399157697707,33.40602090157542,0.4593044101828612,0.43224226230238255,50000,comm,private,
<SOURCE_VECSTRAIGHT_REPO>/hetzner-results/phase3_vecstraight_clean_msgsource_learned_15seeds_hetzner_20260410/train/cond1_seed202_ep50000.pt,cond1,202,1,9001,greedy,marginal,none,none,none,f_value,5.000,5921,0.6600658672521533,14.561053876034453,0.1253166694815065,58.24421550413781,0.6597663256896301,0.6771371199082042,50000,comm,private,
<SOURCE_VECSTRAIGHT_REPO>/hetzner-results/phase3_vecstraight_clean_msgsource_learned_15seeds_hetzner_20260410/train/cond1_seed202_ep50000.pt,cond1,202,1,9001,greedy,none,none,none,none,regime,competitive,5288,4.7276853252647505e-05,3.9999054462934946,0.0,15.999621785173979,,,50000,comm,private,
<SOURCE_VECSTRAIGHT_REPO>/hetzner-results/phase3_vecstraight_clean_msgsource_learned_15seeds_hetzner_20260410/train/cond1_seed202_ep50000.pt,cond1,202,1,9001,greedy,none,none,none,none,regime,cooperative,5917,0.6284857191144161,14.055771505830657,0.04765928680074362,56.22308602332263,,,50000,comm,private,
<SOURCE_VECSTRAIGHT_REPO>/hetzner-results/phase3_vecstraight_clean_msgsource_learned_15seeds_hetzner_20260410/train/cond1_seed202_ep50000.pt,cond1,202,1,9001,greedy,none,none,none,none,regime,mixed,18795,0.20075818036711893,5.74341580207502,0.0009044958765629156,22.97366320830008,,,50000,comm,private,
<SOURCE_VECSTRAIGHT_REPO>/hetzner-results/phase3_vecstraight_clean_msgsource_learned_15seeds_hetzner_20260410/train/cond1_seed202_ep50000.pt,cond1,202,1,9001,greedy,none,none,none,none,f_value,0.500,5288,4.7276853252647505e-05,3.9999054462934946,0.0,15.999621785173979,5.616715344866322e-05,4.749916876454662e-05,50000,comm,private,
<SOURCE_VECSTRAIGHT_REPO>/hetzner-results/phase3_vecstraight_clean_msgsource_learned_15seeds_hetzner_20260410/train/cond1_seed202_ep50000.pt,cond1,202,1,9001,greedy,none,none,none,none,f_value,1.500,5824,0.015453296703296704,4.030906593406593,0.0,16.123626373626372,0.018000825252733648,0.01595599599963633,50000,comm,private,
<SOURCE_VECSTRAIGHT_REPO>/hetzner-results/phase3_vecstraight_clean_msgsource_learned_15seeds_hetzner_20260410/train/cond1_seed202_ep50000.pt,cond1,202,1,9001,greedy,none,none,none,none,f_value,2.500,6298,0.16850587488091456,5.011035249285487,0.0,20.044140997141948,0.17970739501672742,0.1341823056300268,50000,comm,private,
<SOURCE_VECSTRAIGHT_REPO>/hetzner-results/phase3_vecstraight_clean_msgsource_learned_15seeds_hetzner_20260410/train/cond1_seed202_ep50000.pt,cond1,202,1,9001,greedy,none,none,none,none,f_value,3.500,6673,0.39292671961636444,7.929267196163645,0.0025475797991907686,31.71706878465458,0.3969641393842432,0.3486041851144149,50000,comm,private,
<SOURCE_VECSTRAIGHT_REPO>/hetzner-results/phase3_vecstraight_clean_msgsource_learned_15seeds_hetzner_20260410/train/cond1_seed202_ep50000.pt,cond1,202,1,9001,greedy,none,none,none,none,f_value,5.000,5917,0.6284857191144161,14.055771505830657,0.04765928680074362,56.22308602332263,0.6309493071692917,0.6407371738749781,50000,comm,private,
<SOURCE_VECSTRAIGHT_REPO>/hetzner-results/phase3_vecstraight_clean_msgsource_learned_15seeds_hetzner_20260410/train/cond1_seed202_ep50000.pt,cond1,202,1,9001,greedy,permute_slots,none,none,none,regime,competitive,5862,0.000341180484476288,3.9993176390310476,0.0,15.99727055612419,,,50000,comm,private,
<SOURCE_VECSTRAIGHT_REPO>/hetzner-results/phase3_vecstraight_clean_msgsource_learned_15seeds_hetzner_20260410/train/cond1_seed202_ep50000.pt,cond1,202,1,9001,greedy,permute_slots,none,none,none,regime,cooperative,6068,0.7172050098879367,15.475280158206987,0.23335530652603823,61.90112063282795,,,50000,comm,private,
<SOURCE_VECSTRAIGHT_REPO>/hetzner-results/phase3_vecstraight_clean_msgsource_learned_15seeds_hetzner_20260410/train/cond1_seed202_ep50000.pt,cond1,202,1,9001,greedy,permute_slots,none,none,none,regime,mixed,18070,0.23123962368566686,6.08262313226342,0.014499169894853349,24.33049252905368,,,50000,comm,private,
<SOURCE_VECSTRAIGHT_REPO>/hetzner-results/phase3_vecstraight_clean_msgsource_learned_15seeds_hetzner_20260410/train/cond1_seed202_ep50000.pt,cond1,202,1,9001,greedy,permute_slots,none,none,none,f_value,0.500,5862,0.000341180484476288,3.9993176390310476,0.0,15.99727055612419,0.0004027994562207341,0.00034300904686361105,50000,comm,private,
<SOURCE_VECSTRAIGHT_REPO>/hetzner-results/phase3_vecstraight_clean_msgsource_learned_15seeds_hetzner_20260410/train/cond1_seed202_ep50000.pt,cond1,202,1,9001,greedy,permute_slots,none,none,none,f_value,1.500,5576,0.012777977044476327,4.0255559540889525,0.0,16.10222381635581,0.01481720083749396,0.01236192714453584,50000,comm,private,
<SOURCE_VECSTRAIGHT_REPO>/hetzner-results/phase3_vecstraight_clean_msgsource_learned_15seeds_hetzner_20260410/train/cond1_seed202_ep50000.pt,cond1,202,1,9001,greedy,permute_slots,none,none,none,f_value,2.500,6045,0.14813895781637718,4.888833746898263,0.0,19.555334987593053,0.15925022858884486,0.13817423704755147,50000,comm,private,
<SOURCE_VECSTRAIGHT_REPO>/hetzner-results/phase3_vecstraight_clean_msgsource_learned_15seeds_hetzner_20260410/train/cond1_seed202_ep50000.pt,cond1,202,1,9001,greedy,permute_slots,none,none,none,f_value,3.500,6449,0.4980229492944643,8.980229492944643,0.04062645371375407,35.92091797177857,0.5049533089727974,0.5049045599151644,50000,comm,private,
<SOURCE_VECSTRAIGHT_REPO>/hetzner-results/phase3_vecstraight_clean_msgsource_learned_15seeds_hetzner_20260410/train/cond1_seed202_ep50000.pt,cond1,202,1,9001,greedy,permute_slots,none,none,none,f_value,5.000,6068,0.7172050098879367,15.475280158206987,0.23335530652603823,61.90112063282795,0.715875,0.7208189084070608,50000,comm,private,
<SOURCE_VECSTRAIGHT_REPO>/hetzner-results/phase3_vecstraight_clean_msgsource_learned_15seeds_hetzner_20260410/train/cond1_seed202_ep50000.pt,cond1,202,1,9001,greedy,public_marginal,none,none,none,regime,competitive,6381,7.835762419683435e-05,3.999843284751606,0.0,15.999373139006424,,,50000,comm,private,
<SOURCE_VECSTRAIGHT_REPO>/hetzner-results/phase3_vecstraight_clean_msgsource_learned_15seeds_hetzner_20260410/train/cond1_seed202_ep50000.pt,cond1,202,1,9001,greedy,public_marginal,none,none,none,regime,cooperative,5877,0.6006891271056661,13.611026033690658,0.041007316658158925,54.44410413476263,,,50000,comm,private,
<SOURCE_VECSTRAIGHT_REPO>/hetzner-results/phase3_vecstraight_clean_msgsource_learned_15seeds_hetzner_20260410/train/cond1_seed202_ep50000.pt,cond1,202,1,9001,greedy,public_marginal,none,none,none,regime,mixed,17742,0.15639443129297712,5.291314395220381,0.0,21.165257580881523,,,50000,comm,private,
<SOURCE_VECSTRAIGHT_REPO>/hetzner-results/phase3_vecstraight_clean_msgsource_learned_15seeds_hetzner_20260410/train/cond1_seed202_ep50000.pt,cond1,202,1,9001,greedy,public_marginal,none,none,none,f_value,0.500,6381,7.835762419683435e-05,3.999843284751606,0.0,15.999373139006424,0.00016778523489932885,0.0,50000,comm,private,
<SOURCE_VECSTRAIGHT_REPO>/hetzner-results/phase3_vecstraight_clean_msgsource_learned_15seeds_hetzner_20260410/train/cond1_seed202_ep50000.pt,cond1,202,1,9001,greedy,public_marginal,none,none,none,f_value,1.500,5647,0.012838675402868779,4.025677350805737,0.0,16.10270940322295,0.01794302626711062,0.008152173913043478,50000,comm,private,
<SOURCE_VECSTRAIGHT_REPO>/hetzner-results/phase3_vecstraight_clean_msgsource_learned_15seeds_hetzner_20260410/train/cond1_seed202_ep50000.pt,cond1,202,1,9001,greedy,public_marginal,none,none,none,f_value,2.500,6241,0.1705255568017946,5.023153340810768,0.0,20.09261336324307,0.23798397863818424,0.10824345146379044,50000,comm,private,
<SOURCE_VECSTRAIGHT_REPO>/hetzner-results/phase3_vecstraight_clean_msgsource_learned_15seeds_hetzner_20260410/train/cond1_seed202_ep50000.pt,cond1,202,1,9001,greedy,public_marginal,none,none,none,f_value,3.500,5854,0.27980867782712676,6.7980867782712675,0.0,27.19234711308507,0.38771626297577855,0.17459514170040485,50000,comm,private,
<SOURCE_VECSTRAIGHT_REPO>/hetzner-results/phase3_vecstraight_clean_msgsource_learned_15seeds_hetzner_20260410/train/cond1_seed202_ep50000.pt,cond1,202,1,9001,greedy,public_marginal,none,none,none,f_value,5.000,5877,0.6006891271056661,13.611026033690658,0.041007316658158925,54.44410413476263,0.5188199389623601,0.6831454918032787,50000,comm,private,
<SOURCE_VECSTRAIGHT_REPO>/hetzner-results/phase3_vecstraight_clean_msgsource_learned_15seeds_hetzner_20260410/train/cond1_seed202_ep50000.pt,cond1,202,1,9001,greedy,public_random,none,none,none,regime,competitive,5929,4.2165626581210996e-05,3.9999156687468376,0.0,15.99966267498735,,,50000,comm,private,
<SOURCE_VECSTRAIGHT_REPO>/hetzner-results/phase3_vecstraight_clean_msgsource_learned_15seeds_hetzner_20260410/train/cond1_seed202_ep50000.pt,cond1,202,1,9001,greedy,public_random,none,none,none,regime,cooperative,5836,0.6005397532556546,13.608636052090473,0.046093214530500345,54.43454420836189,,,50000,comm,private,
<SOURCE_VECSTRAIGHT_REPO>/hetzner-results/phase3_vecstraight_clean_msgsource_learned_15seeds_hetzner_20260410/train/cond1_seed202_ep50000.pt,cond1,202,1,9001,greedy,public_random,none,none,none,regime,mixed,18235,0.15836303811351796,5.312174389909515,0.0,21.24869755963806,,,50000,comm,private,
<SOURCE_VECSTRAIGHT_REPO>/hetzner-results/phase3_vecstraight_clean_msgsource_learned_15seeds_hetzner_20260410/train/cond1_seed202_ep50000.pt,cond1,202,1,9001,greedy,public_random,none,none,none,f_value,0.500,5929,4.2165626581210996e-05,3.9999156687468376,0.0,15.99966267498735,8.471704506946798e-05,0.0,50000,comm,private,
<SOURCE_VECSTRAIGHT_REPO>/hetzner-results/phase3_vecstraight_clean_msgsource_learned_15seeds_hetzner_20260410/train/cond1_seed202_ep50000.pt,cond1,202,1,9001,greedy,public_random,none,none,none,f_value,1.500,5872,0.012559604904632152,4.025119209809264,0.0,16.100476839237057,0.017437904048996256,0.0076713262870780775,50000,comm,private,
<SOURCE_VECSTRAIGHT_REPO>/hetzner-results/phase3_vecstraight_clean_msgsource_learned_15seeds_hetzner_20260410/train/cond1_seed202_ep50000.pt,cond1,202,1,9001,greedy,public_random,none,none,none,f_value,2.500,6262,0.1740657936761418,5.044394762056851,0.0,20.177579048227404,0.23625675246266287,0.11123595505617978,50000,comm,private,
<SOURCE_VECSTRAIGHT_REPO>/hetzner-results/phase3_vecstraight_clean_msgsource_learned_15seeds_hetzner_20260410/train/cond1_seed202_ep50000.pt,cond1,202,1,9001,greedy,public_random,none,none,none,f_value,3.500,6101,0.2825766267824947,6.825766267824947,0.0,27.303065071299788,0.39041433738901676,0.17540849673202613,50000,comm,private,
<SOURCE_VECSTRAIGHT_REPO>/hetzner-results/phase3_vecstraight_clean_msgsource_learned_15seeds_hetzner_20260410/train/cond1_seed202_ep50000.pt,cond1,202,1,9001,greedy,public_random,none,none,none,f_value,5.000,5836,0.6005397532556546,13.608636052090473,0.046093214530500345,54.43454420836189,0.5132293080054274,0.6896641274238227,50000,comm,private,
<SOURCE_VECSTRAIGHT_REPO>/hetzner-results/phase3_vecstraight_clean_msgsource_learned_15seeds_hetzner_20260410/train/cond1_seed202_ep50000.pt,cond1,202,1,9001,greedy,sender_shuffle,none,none,none,regime,competitive,5288,0.0003309379727685325,3.999338124054463,0.0,15.997352496217852,,,50000,comm,private,
<SOURCE_VECSTRAIGHT_REPO>/hetzner-results/phase3_vecstraight_clean_msgsource_learned_15seeds_hetzner_20260410/train/cond1_seed202_ep50000.pt,cond1,202,1,9001,greedy,sender_shuffle,none,none,none,regime,cooperative,5917,0.6726804123711341,14.762886597938145,0.15649822545208722,59.05154639175258,,,50000,comm,private,
<SOURCE_VECSTRAIGHT_REPO>/hetzner-results/phase3_vecstraight_clean_msgsource_learned_15seeds_hetzner_20260410/train/cond1_seed202_ep50000.pt,cond1,202,1,9001,greedy,sender_shuffle,none,none,none,regime,mixed,18795,0.20681032189412077,5.847938281457835,0.007395583931896781,23.39175312583134,,,50000,comm,private,
<SOURCE_VECSTRAIGHT_REPO>/hetzner-results/phase3_vecstraight_clean_msgsource_learned_15seeds_hetzner_20260410/train/cond1_seed202_ep50000.pt,cond1,202,1,9001,greedy,sender_shuffle,none,none,none,f_value,0.500,5288,0.0003309379727685325,3.999338124054463,0.0,15.997352496217852,0.00038486914449087313,0.0003718064481861157,50000,comm,private,
<SOURCE_VECSTRAIGHT_REPO>/hetzner-results/phase3_vecstraight_clean_msgsource_learned_15seeds_hetzner_20260410/train/cond1_seed202_ep50000.pt,cond1,202,1,9001,greedy,sender_shuffle,none,none,none,f_value,1.500,5824,0.014036744505494506,4.028073489010989,0.0,16.112293956043956,0.015524384765137523,0.013158531275700257,50000,comm,private,
<SOURCE_VECSTRAIGHT_REPO>/hetzner-results/phase3_vecstraight_clean_msgsource_learned_15seeds_hetzner_20260410/train/cond1_seed202_ep50000.pt,cond1,202,1,9001,greedy,sender_shuffle,none,none,none,f_value,2.500,6298,0.13829787234042554,4.829787234042553,0.0,19.319148936170212,0.147709466310259,0.12205567451820129,50000,comm,private,
<SOURCE_VECSTRAIGHT_REPO>/hetzner-results/phase3_vecstraight_clean_msgsource_learned_15seeds_hetzner_20260410/train/cond1_seed202_ep50000.pt,cond1,202,1,9001,greedy,sender_shuffle,none,none,none,f_value,3.500,6673,0.439719766222089,8.39719766222089,0.020830211299265697,33.58879064888356,0.4650735294117647,0.43943012780222085,50000,comm,private,
<SOURCE_VECSTRAIGHT_REPO>/hetzner-results/phase3_vecstraight_clean_msgsource_learned_15seeds_hetzner_20260410/train/cond1_seed202_ep50000.pt,cond1,202,1,9001,greedy,sender_shuffle,none,none,none,f_value,5.000,5917,0.6726804123711341,14.762886597938145,0.15649822545208722,59.05154639175258,0.6711834231739281,0.6882667803514755,50000,comm,private,
<SOURCE_VECSTRAIGHT_REPO>/hetzner-results/phase3_vecstraight_clean_msgsource_learned_15seeds_hetzner_20260410/train/cond1_seed202_ep50000.pt,cond1,202,1,9001,greedy,zeros,none,none,none,regime,competitive,5288,0.00023638426626323752,3.9995272314674737,0.0,15.998108925869895,,,50000,comm,private,
<SOURCE_VECSTRAIGHT_REPO>/hetzner-results/phase3_vecstraight_clean_msgsource_learned_15seeds_hetzner_20260410/train/cond1_seed202_ep50000.pt,cond1,202,1,9001,greedy,zeros,none,none,none,regime,cooperative,5917,0.6478789927328038,14.36606388372486,0.1134020618556701,57.46425553489944,,,50000,comm,private,
<SOURCE_VECSTRAIGHT_REPO>/hetzner-results/phase3_vecstraight_clean_msgsource_learned_15seeds_hetzner_20260410/train/cond1_seed202_ep50000.pt,cond1,202,1,9001,greedy,zeros,none,none,none,regime,mixed,18795,0.34075552008512905,6.872412875764831,0.0026070763500931097,27.489651503059324,,,50000,comm,private,
<SOURCE_VECSTRAIGHT_REPO>/hetzner-results/phase3_vecstraight_clean_msgsource_learned_15seeds_hetzner_20260410/train/cond1_seed202_ep50000.pt,cond1,202,1,9001,greedy,zeros,none,none,none,f_value,0.500,5288,0.00023638426626323752,3.9995272314674737,0.0,15.998108925869895,0.00022551728026160004,0.00023774428225001188,50000,comm,private,
<SOURCE_VECSTRAIGHT_REPO>/hetzner-results/phase3_vecstraight_clean_msgsource_learned_15seeds_hetzner_20260410/train/cond1_seed202_ep50000.pt,cond1,202,1,9001,greedy,zeros,none,none,none,f_value,1.500,5824,0.023566277472527472,4.047132554945055,0.0,16.18853021978022,0.025363235964157342,0.02412634099175837,50000,comm,private,
<SOURCE_VECSTRAIGHT_REPO>/hetzner-results/phase3_vecstraight_clean_msgsource_learned_15seeds_hetzner_20260410/train/cond1_seed202_ep50000.pt,cond1,202,1,9001,greedy,zeros,none,none,none,f_value,2.500,6298,0.3556684661797396,6.134010797078438,0.00015878056525881233,24.53604318831375,0.3542460134767505,0.3438095238095238,50000,comm,private,
<SOURCE_VECSTRAIGHT_REPO>/hetzner-results/phase3_vecstraight_clean_msgsource_learned_15seeds_hetzner_20260410/train/cond1_seed202_ep50000.pt,cond1,202,1,9001,greedy,zeros,none,none,none,f_value,3.500,6673,0.6035141615465308,10.035141615465308,0.0071931664918327585,40.14056646186123,0.6109150149334781,0.5713739647483542,50000,comm,private,
<SOURCE_VECSTRAIGHT_REPO>/hetzner-results/phase3_vecstraight_clean_msgsource_learned_15seeds_hetzner_20260410/train/cond1_seed202_ep50000.pt,cond1,202,1,9001,greedy,zeros,none,none,none,f_value,5.000,5917,0.6478789927328038,14.36606388372486,0.1134020618556701,57.46425553489944,0.6529184549356223,0.644173382705293,50000,comm,private,
<SOURCE_VECSTRAIGHT_REPO>/hetzner-results/phase3_vecstraight_clean_msgsource_learned_15seeds_hetzner_20260410/train/cond1_seed303_ep50000.pt,cond1,303,1,9001,greedy,fixed0,none,none,none,regime,competitive,5288,0.0,4.0,0.0,16.0,,,50000,comm,private,
<SOURCE_VECSTRAIGHT_REPO>/hetzner-results/phase3_vecstraight_clean_msgsource_learned_15seeds_hetzner_20260410/train/cond1_seed303_ep50000.pt,cond1,303,1,9001,greedy,fixed0,none,none,none,regime,cooperative,5917,0.7477606895386175,15.96417103261788,0.004225114078080108,63.85668413047152,,,50000,comm,private,
<SOURCE_VECSTRAIGHT_REPO>/hetzner-results/phase3_vecstraight_clean_msgsource_learned_15seeds_hetzner_20260410/train/cond1_seed303_ep50000.pt,cond1,303,1,9001,greedy,fixed0,none,none,none,regime,mixed,18795,0.164219207235967,5.54998669859005,0.0,22.1999467943602,,,50000,comm,private,
<SOURCE_VECSTRAIGHT_REPO>/hetzner-results/phase3_vecstraight_clean_msgsource_learned_15seeds_hetzner_20260410/train/cond1_seed303_ep50000.pt,cond1,303,1,9001,greedy,fixed0,none,none,none,f_value,0.500,5288,0.0,4.0,0.0,16.0,0.0,,50000,comm,private,
<SOURCE_VECSTRAIGHT_REPO>/hetzner-results/phase3_vecstraight_clean_msgsource_learned_15seeds_hetzner_20260410/train/cond1_seed303_ep50000.pt,cond1,303,1,9001,greedy,fixed0,none,none,none,f_value,1.500,5824,0.0010302197802197802,4.00206043956044,0.0,16.00824175824176,0.0010302197802197802,,50000,comm,private,
<SOURCE_VECSTRAIGHT_REPO>/hetzner-results/phase3_vecstraight_clean_msgsource_learned_15seeds_hetzner_20260410/train/cond1_seed303_ep50000.pt,cond1,303,1,9001,greedy,fixed0,none,none,none,f_value,2.500,6298,0.0668863131152747,4.401317878691648,0.0,17.605271514766592,0.0668863131152747,,50000,comm,private,
<SOURCE_VECSTRAIGHT_REPO>/hetzner-results/phase3_vecstraight_clean_msgsource_learned_15seeds_hetzner_20260410/train/cond1_seed303_ep50000.pt,cond1,303,1,9001,greedy,fixed0,none,none,none,f_value,3.500,6673,0.39850891652929715,7.985089165292972,0.0,31.940356661171887,0.39850891652929715,,50000,comm,private,
<SOURCE_VECSTRAIGHT_REPO>/hetzner-results/phase3_vecstraight_clean_msgsource_learned_15seeds_hetzner_20260410/train/cond1_seed303_ep50000.pt,cond1,303,1,9001,greedy,fixed0,none,none,none,f_value,5.000,5917,0.7477606895386175,15.96417103261788,0.004225114078080108,63.85668413047152,0.7477606895386175,,50000,comm,private,
<SOURCE_VECSTRAIGHT_REPO>/hetzner-results/phase3_vecstraight_clean_msgsource_learned_15seeds_hetzner_20260410/train/cond1_seed303_ep50000.pt,cond1,303,1,9001,greedy,fixed1,none,none,none,regime,competitive,5288,0.0005673222390317701,3.9988653555219367,0.0,15.995461422087747,,,50000,comm,private,
<SOURCE_VECSTRAIGHT_REPO>/hetzner-results/phase3_vecstraight_clean_msgsource_learned_15seeds_hetzner_20260410/train/cond1_seed303_ep50000.pt,cond1,303,1,9001,greedy,fixed1,none,none,none,regime,cooperative,5917,0.7115092107486902,15.384147371979044,0.2611120500253507,61.536589487916174,,,50000,comm,private,
<SOURCE_VECSTRAIGHT_REPO>/hetzner-results/phase3_vecstraight_clean_msgsource_learned_15seeds_hetzner_20260410/train/cond1_seed303_ep50000.pt,cond1,303,1,9001,greedy,fixed1,none,none,none,regime,mixed,18795,0.2116121308858739,5.952567172120244,0.004575685022612397,23.810268688480978,,,50000,comm,private,
<SOURCE_VECSTRAIGHT_REPO>/hetzner-results/phase3_vecstraight_clean_msgsource_learned_15seeds_hetzner_20260410/train/cond1_seed303_ep50000.pt,cond1,303,1,9001,greedy,fixed1,none,none,none,f_value,0.500,5288,0.0005673222390317701,3.9988653555219367,0.0,15.995461422087747,,0.0005673222390317701,50000,comm,private,
<SOURCE_VECSTRAIGHT_REPO>/hetzner-results/phase3_vecstraight_clean_msgsource_learned_15seeds_hetzner_20260410/train/cond1_seed303_ep50000.pt,cond1,303,1,9001,greedy,fixed1,none,none,none,f_value,1.500,5824,0.0028331043956043955,4.005666208791209,0.0,16.022664835164836,,0.0028331043956043955,50000,comm,private,
<SOURCE_VECSTRAIGHT_REPO>/hetzner-results/phase3_vecstraight_clean_msgsource_learned_15seeds_hetzner_20260410/train/cond1_seed303_ep50000.pt,cond1,303,1,9001,greedy,fixed1,none,none,none,f_value,2.500,6298,0.11678310574785646,4.700698634487138,0.00015878056525881233,18.802794537948554,,0.11678310574785646,50000,comm,private,
<SOURCE_VECSTRAIGHT_REPO>/hetzner-results/phase3_vecstraight_clean_msgsource_learned_15seeds_hetzner_20260410/train/cond1_seed303_ep50000.pt,cond1,303,1,9001,greedy,fixed1,none,none,none,f_value,3.500,6673,0.48332833807882514,8.83328338078825,0.012737898995953845,35.333133523153,,0.48332833807882514,50000,comm,private,
<SOURCE_VECSTRAIGHT_REPO>/hetzner-results/phase3_vecstraight_clean_msgsource_learned_15seeds_hetzner_20260410/train/cond1_seed303_ep50000.pt,cond1,303,1,9001,greedy,fixed1,none,none,none,f_value,5.000,5917,0.7115092107486902,15.384147371979044,0.2611120500253507,61.536589487916174,,0.7115092107486902,50000,comm,private,
<SOURCE_VECSTRAIGHT_REPO>/hetzner-results/phase3_vecstraight_clean_msgsource_learned_15seeds_hetzner_20260410/train/cond1_seed303_ep50000.pt,cond1,303,1,9001,greedy,indep_random,none,none,none,regime,competitive,5444,0.001423585598824394,3.997152828802351,0.0,15.988611315209404,,,50000,comm,private,
<SOURCE_VECSTRAIGHT_REPO>/hetzner-results/phase3_vecstraight_clean_msgsource_learned_15seeds_hetzner_20260410/train/cond1_seed303_ep50000.pt,cond1,303,1,9001,greedy,indep_random,none,none,none,regime,cooperative,5829,0.748327328872877,15.973237261966032,0.26213758792245667,63.89294904786413,,,50000,comm,private,
<SOURCE_VECSTRAIGHT_REPO>/hetzner-results/phase3_vecstraight_clean_msgsource_learned_15seeds_hetzner_20260410/train/cond1_seed303_ep50000.pt,cond1,303,1,9001,greedy,indep_random,none,none,none,regime,mixed,18727,0.2981657499866503,6.558525124152293,0.04042291878037059,26.234100496609173,,,50000,comm,private,
<SOURCE_VECSTRAIGHT_REPO>/hetzner-results/phase3_vecstraight_clean_msgsource_learned_15seeds_hetzner_20260410/train/cond1_seed303_ep50000.pt,cond1,303,1,9001,greedy,indep_random,none,none,none,f_value,0.500,5444,0.001423585598824394,3.997152828802351,0.0,15.988611315209404,0.0013747158039443769,0.001633040088500237,50000,comm,private,
<SOURCE_VECSTRAIGHT_REPO>/hetzner-results/phase3_vecstraight_clean_msgsource_learned_15seeds_hetzner_20260410/train/cond1_seed303_ep50000.pt,cond1,303,1,9001,greedy,indep_random,none,none,none,f_value,1.500,5205,0.021517771373679155,4.043035542747358,0.0,16.17214217098943,0.01630494656824942,0.02385139591118927,50000,comm,private,
<SOURCE_VECSTRAIGHT_REPO>/hetzner-results/phase3_vecstraight_clean_msgsource_learned_15seeds_hetzner_20260410/train/cond1_seed303_ep50000.pt,cond1,303,1,9001,greedy,indep_random,none,none,none,f_value,2.500,7182,0.24463937621832357,5.4678362573099415,0.010442773600668337,21.871345029239766,0.23383779898574453,0.26314534398473827,50000,comm,private,
<SOURCE_VECSTRAIGHT_REPO>/hetzner-results/phase3_vecstraight_clean_msgsource_learned_15seeds_hetzner_20260410/train/cond1_seed303_ep50000.pt,cond1,303,1,9001,greedy,indep_random,none,none,none,f_value,3.500,6340,0.585922712933754,9.859227129337539,0.10757097791798108,39.436908517350155,0.5825005652272214,0.602619101377286,50000,comm,private,
<SOURCE_VECSTRAIGHT_REPO>/hetzner-results/phase3_vecstraight_clean_msgsource_learned_15seeds_hetzner_20260410/train/cond1_seed303_ep50000.pt,cond1,303,1,9001,greedy,indep_random,none,none,none,f_value,5.000,5829,0.748327328872877,15.973237261966032,0.26213758792245667,63.89294904786413,0.7614996537738649,0.7522390965732088,50000,comm,private,
<SOURCE_VECSTRAIGHT_REPO>/hetzner-results/phase3_vecstraight_clean_msgsource_learned_15seeds_hetzner_20260410/train/cond1_seed303_ep50000.pt,cond1,303,1,9001,greedy,marginal,none,none,none,regime,competitive,5980,0.0015468227424749164,3.9969063545150503,0.0,15.987625418060201,,,50000,comm,private,
<SOURCE_VECSTRAIGHT_REPO>/hetzner-results/phase3_vecstraight_clean_msgsource_learned_15seeds_hetzner_20260410/train/cond1_seed303_ep50000.pt,cond1,303,1,9001,greedy,marginal,none,none,none,regime,cooperative,5921,0.7324776220233069,15.71964195237291,0.22597534200304004,62.87856780949164,,,50000,comm,private,
<SOURCE_VECSTRAIGHT_REPO>/hetzner-results/phase3_vecstraight_clean_msgsource_learned_15seeds_hetzner_20260410/train/cond1_seed303_ep50000.pt,cond1,303,1,9001,greedy,marginal,none,none,none,regime,mixed,18099,0.3111774131167468,6.6994309077849605,0.05370462456489309,26.797723631139842,,,50000,comm,private,
<SOURCE_VECSTRAIGHT_REPO>/hetzner-results/phase3_vecstraight_clean_msgsource_learned_15seeds_hetzner_20260410/train/cond1_seed303_ep50000.pt,cond1,303,1,9001,greedy,marginal,none,none,none,f_value,0.500,5980,0.0015468227424749164,3.9969063545150503,0.0,15.987625418060201,0.0015566937832680527,0.0017152658662092624,50000,comm,private,
<SOURCE_VECSTRAIGHT_REPO>/hetzner-results/phase3_vecstraight_clean_msgsource_learned_15seeds_hetzner_20260410/train/cond1_seed303_ep50000.pt,cond1,303,1,9001,greedy,marginal,none,none,none,f_value,1.500,5804,0.024767401791867677,4.049534803583735,0.0,16.19813921433494,0.01787093215664644,0.02631944123224941,50000,comm,private,
<SOURCE_VECSTRAIGHT_REPO>/hetzner-results/phase3_vecstraight_clean_msgsource_learned_15seeds_hetzner_20260410/train/cond1_seed303_ep50000.pt,cond1,303,1,9001,greedy,marginal,none,none,none,f_value,2.500,5884,0.26822739632902787,5.609364377974167,0.013256288239292998,22.437457511896667,0.2650056625141563,0.2796057135033998,50000,comm,private,
<SOURCE_VECSTRAIGHT_REPO>/hetzner-results/phase3_vecstraight_clean_msgsource_learned_15seeds_hetzner_20260410/train/cond1_seed303_ep50000.pt,cond1,303,1,9001,greedy,marginal,none,none,none,f_value,3.500,6411,0.6098892528466698,10.098892528466697,0.1394478240524099,40.39557011386679,0.61905230043256,0.6205154118241536,50000,comm,private,
<SOURCE_VECSTRAIGHT_REPO>/hetzner-results/phase3_vecstraight_clean_msgsource_learned_15seeds_hetzner_20260410/train/cond1_seed303_ep50000.pt,cond1,303,1,9001,greedy,marginal,none,none,none,f_value,5.000,5921,0.7324776220233069,15.71964195237291,0.22597534200304004,62.87856780949164,0.7500405778282746,0.7372418811971254,50000,comm,private,
<SOURCE_VECSTRAIGHT_REPO>/hetzner-results/phase3_vecstraight_clean_msgsource_learned_15seeds_hetzner_20260410/train/cond1_seed303_ep50000.pt,cond1,303,1,9001,greedy,none,none,none,none,regime,competitive,5288,0.00018910741301059002,3.999621785173979,0.0,15.998487140695916,,,50000,comm,private,
<SOURCE_VECSTRAIGHT_REPO>/hetzner-results/phase3_vecstraight_clean_msgsource_learned_15seeds_hetzner_20260410/train/cond1_seed303_ep50000.pt,cond1,303,1,9001,greedy,none,none,none,none,regime,cooperative,5917,0.6963410512083826,15.141456819334122,0.07351698495859388,60.56582727733649,,,50000,comm,private,
<SOURCE_VECSTRAIGHT_REPO>/hetzner-results/phase3_vecstraight_clean_msgsource_learned_15seeds_hetzner_20260410/train/cond1_seed303_ep50000.pt,cond1,303,1,9001,greedy,none,none,none,none,regime,mixed,18795,0.3172519287044427,6.744586326150572,0.07150837988826815,26.97834530460229,,,50000,comm,private,
<SOURCE_VECSTRAIGHT_REPO>/hetzner-results/phase3_vecstraight_clean_msgsource_learned_15seeds_hetzner_20260410/train/cond1_seed303_ep50000.pt,cond1,303,1,9001,greedy,none,none,none,none,f_value,0.500,5288,0.00018910741301059002,3.999621785173979,0.0,15.998487140695916,5.200748907842729e-05,0.00021798365122615803,50000,comm,private,
<SOURCE_VECSTRAIGHT_REPO>/hetzner-results/phase3_vecstraight_clean_msgsource_learned_15seeds_hetzner_20260410/train/cond1_seed303_ep50000.pt,cond1,303,1,9001,greedy,none,none,none,none,f_value,1.500,5824,0.016397664835164836,4.032795329670329,0.0,16.131181318681318,0.012481315396113602,0.016343562548900285,50000,comm,private,
<SOURCE_VECSTRAIGHT_REPO>/hetzner-results/phase3_vecstraight_clean_msgsource_learned_15seeds_hetzner_20260410/train/cond1_seed303_ep50000.pt,cond1,303,1,9001,greedy,none,none,none,none,f_value,2.500,6298,0.28894093362972373,5.733645601778342,0.01095585900285805,22.934582407113368,0.39500499500499503,0.28906187941854,50000,comm,private,
<SOURCE_VECSTRAIGHT_REPO>/hetzner-results/phase3_vecstraight_clean_msgsource_learned_15seeds_hetzner_20260410/train/cond1_seed303_ep50000.pt,cond1,303,1,9001,greedy,none,none,none,none,f_value,3.500,6673,0.6065487786602728,10.065487786602727,0.19106848493930767,40.26195114641091,0.846162069702801,0.6066674166572917,50000,comm,private,
<SOURCE_VECSTRAIGHT_REPO>/hetzner-results/phase3_vecstraight_clean_msgsource_learned_15seeds_hetzner_20260410/train/cond1_seed303_ep50000.pt,cond1,303,1,9001,greedy,none,none,none,none,f_value,5.000,5917,0.6963410512083826,15.141456819334122,0.07351698495859388,60.56582727733649,0.6816449348044132,0.695534276756207,50000,comm,private,
<SOURCE_VECSTRAIGHT_REPO>/hetzner-results/phase3_vecstraight_clean_msgsource_learned_15seeds_hetzner_20260410/train/cond1_seed303_ep50000.pt,cond1,303,1,9001,greedy,permute_slots,none,none,none,regime,competitive,5862,0.0008529512111907199,3.9982940975776184,0.0,15.993176390310474,,,50000,comm,private,
<SOURCE_VECSTRAIGHT_REPO>/hetzner-results/phase3_vecstraight_clean_msgsource_learned_15seeds_hetzner_20260410/train/cond1_seed303_ep50000.pt,cond1,303,1,9001,greedy,permute_slots,none,none,none,regime,cooperative,6068,0.7195945945945946,15.513513513513514,0.16974291364535268,62.054054054054056,,,50000,comm,private,
<SOURCE_VECSTRAIGHT_REPO>/hetzner-results/phase3_vecstraight_clean_msgsource_learned_15seeds_hetzner_20260410/train/cond1_seed303_ep50000.pt,cond1,303,1,9001,greedy,permute_slots,none,none,none,regime,mixed,18070,0.2686496956281129,6.35229662423907,0.027393469839513004,25.40918649695628,,,50000,comm,private,
<SOURCE_VECSTRAIGHT_REPO>/hetzner-results/phase3_vecstraight_clean_msgsource_learned_15seeds_hetzner_20260410/train/cond1_seed303_ep50000.pt,cond1,303,1,9001,greedy,permute_slots,none,none,none,f_value,0.500,5862,0.0008529512111907199,3.9982940975776184,0.0,15.993176390310474,0.000895212966453072,0.0009661369015989566,50000,comm,private,
<SOURCE_VECSTRAIGHT_REPO>/hetzner-results/phase3_vecstraight_clean_msgsource_learned_15seeds_hetzner_20260410/train/cond1_seed303_ep50000.pt,cond1,303,1,9001,greedy,permute_slots,none,none,none,f_value,1.500,5576,0.019368723098995694,4.038737446197992,0.0,16.154949784791967,0.014366956001197246,0.019569471624266144,50000,comm,private,
<SOURCE_VECSTRAIGHT_REPO>/hetzner-results/phase3_vecstraight_clean_msgsource_learned_15seeds_hetzner_20260410/train/cond1_seed303_ep50000.pt,cond1,303,1,9001,greedy,permute_slots,none,none,none,f_value,2.500,6045,0.2140198511166253,5.284119106699752,0.006120760959470637,21.136476426799007,0.254013489123207,0.21411413898782408,50000,comm,private,
<SOURCE_VECSTRAIGHT_REPO>/hetzner-results/phase3_vecstraight_clean_msgsource_learned_15seeds_hetzner_20260410/train/cond1_seed303_ep50000.pt,cond1,303,1,9001,greedy,permute_slots,none,none,none,f_value,3.500,6449,0.5353930841991006,9.353930841991007,0.07101876259885254,37.41572336796403,0.6302867753249433,0.535574273182471,50000,comm,private,
<SOURCE_VECSTRAIGHT_REPO>/hetzner-results/phase3_vecstraight_clean_msgsource_learned_15seeds_hetzner_20260410/train/cond1_seed303_ep50000.pt,cond1,303,1,9001,greedy,permute_slots,none,none,none,f_value,5.000,6068,0.7195945945945946,15.513513513513514,0.16974291364535268,62.054054054054056,0.7687442713107241,0.7194491542946941,50000,comm,private,
<SOURCE_VECSTRAIGHT_REPO>/hetzner-results/phase3_vecstraight_clean_msgsource_learned_15seeds_hetzner_20260410/train/cond1_seed303_ep50000.pt,cond1,303,1,9001,greedy,public_marginal,none,none,none,regime,competitive,6381,0.0004701457451810061,3.999059708509638,0.0,15.996238834038552,,,50000,comm,private,
<SOURCE_VECSTRAIGHT_REPO>/hetzner-results/phase3_vecstraight_clean_msgsource_learned_15seeds_hetzner_20260410/train/cond1_seed303_ep50000.pt,cond1,303,1,9001,greedy,public_marginal,none,none,none,regime,cooperative,5877,0.6953377573591969,15.12540411774715,0.12132040156542453,60.5016164709886,,,50000,comm,private,
<SOURCE_VECSTRAIGHT_REPO>/hetzner-results/phase3_vecstraight_clean_msgsource_learned_15seeds_hetzner_20260410/train/cond1_seed303_ep50000.pt,cond1,303,1,9001,greedy,public_marginal,none,none,none,regime,mixed,17742,0.19728610077781536,5.82321609739601,0.0023672641190395673,23.29286438958404,,,50000,comm,private,
<SOURCE_VECSTRAIGHT_REPO>/hetzner-results/phase3_vecstraight_clean_msgsource_learned_15seeds_hetzner_20260410/train/cond1_seed303_ep50000.pt,cond1,303,1,9001,greedy,public_marginal,none,none,none,f_value,0.500,6381,0.0004701457451810061,3.999059708509638,0.0,15.996238834038552,0.0,0.000855431993156544,50000,comm,private,
<SOURCE_VECSTRAIGHT_REPO>/hetzner-results/phase3_vecstraight_clean_msgsource_learned_15seeds_hetzner_20260410/train/cond1_seed303_ep50000.pt,cond1,303,1,9001,greedy,public_marginal,none,none,none,f_value,1.500,5647,0.0022578360191251993,4.00451567203825,0.0,16.018062688153,0.0009719222462203023,0.0031512605042016808,50000,comm,private,
<SOURCE_VECSTRAIGHT_REPO>/hetzner-results/phase3_vecstraight_clean_msgsource_learned_15seeds_hetzner_20260410/train/cond1_seed303_ep50000.pt,cond1,303,1,9001,greedy,public_marginal,none,none,none,f_value,2.500,6241,0.10226726486140042,4.613603589168402,0.0,18.45441435667361,0.06790123456790123,0.12540214477211797,50000,comm,private,
<SOURCE_VECSTRAIGHT_REPO>/hetzner-results/phase3_vecstraight_clean_msgsource_learned_15seeds_hetzner_20260410/train/cond1_seed303_ep50000.pt,cond1,303,1,9001,greedy,public_marginal,none,none,none,f_value,3.500,5854,0.48671848308848653,8.867184830884865,0.00717458148274684,35.46873932353946,0.4427038626609442,0.5158200908059024,50000,comm,private,
<SOURCE_VECSTRAIGHT_REPO>/hetzner-results/phase3_vecstraight_clean_msgsource_learned_15seeds_hetzner_20260410/train/cond1_seed303_ep50000.pt,cond1,303,1,9001,greedy,public_marginal,none,none,none,f_value,5.000,5877,0.6953377573591969,15.12540411774715,0.12132040156542453,60.5016164709886,0.7013860988348735,0.6908943329397875,50000,comm,private,
<SOURCE_VECSTRAIGHT_REPO>/hetzner-results/phase3_vecstraight_clean_msgsource_learned_15seeds_hetzner_20260410/train/cond1_seed303_ep50000.pt,cond1,303,1,9001,greedy,public_random,none,none,none,regime,competitive,5929,0.00033732501264968796,3.9993253499747006,0.0,15.997301399898802,,,50000,comm,private,
<SOURCE_VECSTRAIGHT_REPO>/hetzner-results/phase3_vecstraight_clean_msgsource_learned_15seeds_hetzner_20260410/train/cond1_seed303_ep50000.pt,cond1,303,1,9001,greedy,public_random,none,none,none,regime,cooperative,5836,0.6980808773132282,15.169294037011651,0.11154900616860863,60.677176148046605,,,50000,comm,private,
<SOURCE_VECSTRAIGHT_REPO>/hetzner-results/phase3_vecstraight_clean_msgsource_learned_15seeds_hetzner_20260410/train/cond1_seed303_ep50000.pt,cond1,303,1,9001,greedy,public_random,none,none,none,regime,mixed,18235,0.19760076775431862,5.834740882917466,0.0018097066081710995,23.338963531669865,,,50000,comm,private,
<SOURCE_VECSTRAIGHT_REPO>/hetzner-results/phase3_vecstraight_clean_msgsource_learned_15seeds_hetzner_20260410/train/cond1_seed303_ep50000.pt,cond1,303,1,9001,greedy,public_random,none,none,none,f_value,0.500,5929,0.00033732501264968796,3.9993253499747006,0.0,15.997301399898802,0.0,0.000671591672263264,50000,comm,private,
<SOURCE_VECSTRAIGHT_REPO>/hetzner-results/phase3_vecstraight_clean_msgsource_learned_15seeds_hetzner_20260410/train/cond1_seed303_ep50000.pt,cond1,303,1,9001,greedy,public_random,none,none,none,f_value,1.500,5872,0.0019584468664850135,4.00391689373297,0.0,16.01566757493188,0.000765566519224226,0.0031537674735765426,50000,comm,private,
<SOURCE_VECSTRAIGHT_REPO>/hetzner-results/phase3_vecstraight_clean_msgsource_learned_15seeds_hetzner_20260410/train/cond1_seed303_ep50000.pt,cond1,303,1,9001,greedy,public_random,none,none,none,f_value,2.500,6262,0.09916959437879272,4.595017566272756,0.0,18.380070265091025,0.06943120432157611,0.12921348314606743,50000,comm,private,
<SOURCE_VECSTRAIGHT_REPO>/hetzner-results/phase3_vecstraight_clean_msgsource_learned_15seeds_hetzner_20260410/train/cond1_seed303_ep50000.pt,cond1,303,1,9001,greedy,public_random,none,none,none,f_value,3.500,6101,0.48692837239796755,8.869283723979676,0.005408949352565153,35.4771348959187,0.4475501479776389,0.526062091503268,50000,comm,private,
<SOURCE_VECSTRAIGHT_REPO>/hetzner-results/phase3_vecstraight_clean_msgsource_learned_15seeds_hetzner_20260410/train/cond1_seed303_ep50000.pt,cond1,303,1,9001,greedy,public_random,none,none,none,f_value,5.000,5836,0.6980808773132282,15.169294037011651,0.11154900616860863,60.677176148046605,0.7101424694708277,0.6857686980609419,50000,comm,private,
<SOURCE_VECSTRAIGHT_REPO>/hetzner-results/phase3_vecstraight_clean_msgsource_learned_15seeds_hetzner_20260410/train/cond1_seed303_ep50000.pt,cond1,303,1,9001,greedy,sender_shuffle,none,none,none,regime,competitive,5288,0.0019383509833585477,3.996123298033283,0.0,15.984493192133131,,,50000,comm,private,
<SOURCE_VECSTRAIGHT_REPO>/hetzner-results/phase3_vecstraight_clean_msgsource_learned_15seeds_hetzner_20260410/train/cond1_seed303_ep50000.pt,cond1,303,1,9001,greedy,sender_shuffle,none,none,none,regime,cooperative,5917,0.7091008957241846,15.345614331586953,0.18742606050363358,61.38245732634781,,,50000,comm,private,
<SOURCE_VECSTRAIGHT_REPO>/hetzner-results/phase3_vecstraight_clean_msgsource_learned_15seeds_hetzner_20260410/train/cond1_seed303_ep50000.pt,cond1,303,1,9001,greedy,sender_shuffle,none,none,none,regime,mixed,18795,0.33151104017025806,6.83610002660282,0.0555998935887204,27.34440010641128,,,50000,comm,private,
<SOURCE_VECSTRAIGHT_REPO>/hetzner-results/phase3_vecstraight_clean_msgsource_learned_15seeds_hetzner_20260410/train/cond1_seed303_ep50000.pt,cond1,303,1,9001,greedy,sender_shuffle,none,none,none,f_value,0.500,5288,0.0019383509833585477,3.996123298033283,0.0,15.984493192133131,0.0018787779774546642,0.001956853760977472,50000,comm,private,
<SOURCE_VECSTRAIGHT_REPO>/hetzner-results/phase3_vecstraight_clean_msgsource_learned_15seeds_hetzner_20260410/train/cond1_seed303_ep50000.pt,cond1,303,1,9001,greedy,sender_shuffle,none,none,none,f_value,1.500,5824,0.030477335164835164,4.060954670329671,0.0,16.243818681318682,0.02480916030534351,0.030758536797289078,50000,comm,private,
<SOURCE_VECSTRAIGHT_REPO>/hetzner-results/phase3_vecstraight_clean_msgsource_learned_15seeds_hetzner_20260410/train/cond1_seed303_ep50000.pt,cond1,303,1,9001,greedy,sender_shuffle,none,none,none,f_value,2.500,6298,0.30100825658939345,5.806049539536361,0.018736106700539854,23.224198158145445,0.32804014573451573,0.3033816037546632,50000,comm,private,
<SOURCE_VECSTRAIGHT_REPO>/hetzner-results/phase3_vecstraight_clean_msgsource_learned_15seeds_hetzner_20260410/train/cond1_seed303_ep50000.pt,cond1,303,1,9001,greedy,sender_shuffle,none,none,none,f_value,3.500,6673,0.6230331185373895,10.230331185373895,0.13891802787352014,40.92132474149558,0.672726100689744,0.6257150433761413,50000,comm,private,
<SOURCE_VECSTRAIGHT_REPO>/hetzner-results/phase3_vecstraight_clean_msgsource_learned_15seeds_hetzner_20260410/train/cond1_seed303_ep50000.pt,cond1,303,1,9001,greedy,sender_shuffle,none,none,none,f_value,5.000,5917,0.7091008957241846,15.345614331586953,0.18742606050363358,61.38245732634781,0.7329730530056263,0.7105049382188208,50000,comm,private,
<SOURCE_VECSTRAIGHT_REPO>/hetzner-results/phase3_vecstraight_clean_msgsource_learned_15seeds_hetzner_20260410/train/cond1_seed303_ep50000.pt,cond1,303,1,9001,greedy,zeros,none,none,none,regime,competitive,5288,0.00037821482602118004,3.9992435703479576,0.0,15.99697428139183,,,50000,comm,private,
<SOURCE_VECSTRAIGHT_REPO>/hetzner-results/phase3_vecstraight_clean_msgsource_learned_15seeds_hetzner_20260410/train/cond1_seed303_ep50000.pt,cond1,303,1,9001,greedy,zeros,none,none,none,regime,cooperative,5917,0.8726128105458847,17.961804968734157,0.5027885752915329,71.84721987493663,,,50000,comm,private,
<SOURCE_VECSTRAIGHT_REPO>/hetzner-results/phase3_vecstraight_clean_msgsource_learned_15seeds_hetzner_20260410/train/cond1_seed303_ep50000.pt,cond1,303,1,9001,greedy,zeros,none,none,none,regime,mixed,18795,0.4434823091247672,7.587895716945996,0.05054535780792764,30.351582867783986,,,50000,comm,private,
<SOURCE_VECSTRAIGHT_REPO>/hetzner-results/phase3_vecstraight_clean_msgsource_learned_15seeds_hetzner_20260410/train/cond1_seed303_ep50000.pt,cond1,303,1,9001,greedy,zeros,none,none,none,f_value,0.500,5288,0.00037821482602118004,3.9992435703479576,0.0,15.99697428139183,0.00041452925022021864,0.00043537414965986397,50000,comm,private,
<SOURCE_VECSTRAIGHT_REPO>/hetzner-results/phase3_vecstraight_clean_msgsource_learned_15seeds_hetzner_20260410/train/cond1_seed303_ep50000.pt,cond1,303,1,9001,greedy,zeros,none,none,none,f_value,1.500,5824,0.05335679945054945,4.1067135989010985,0.0,16.426854395604394,0.05377201246467135,0.05347361099034866,50000,comm,private,
<SOURCE_VECSTRAIGHT_REPO>/hetzner-results/phase3_vecstraight_clean_msgsource_learned_15seeds_hetzner_20260410/train/cond1_seed303_ep50000.pt,cond1,303,1,9001,greedy,zeros,none,none,none,f_value,2.500,6298,0.5331851381390917,7.1991108288345504,0.015401714830104794,28.796443315338202,0.6074159021406728,0.5330604784232695,50000,comm,private,
<SOURCE_VECSTRAIGHT_REPO>/hetzner-results/phase3_vecstraight_clean_msgsource_learned_15seeds_hetzner_20260410/train/cond1_seed303_ep50000.pt,cond1,303,1,9001,greedy,zeros,none,none,none,f_value,3.500,6673,0.699310654877866,10.99310654877866,0.127828562865278,43.97242619511464,0.7190812720848057,0.6990775461226939,50000,comm,private,
<SOURCE_VECSTRAIGHT_REPO>/hetzner-results/phase3_vecstraight_clean_msgsource_learned_15seeds_hetzner_20260410/train/cond1_seed303_ep50000.pt,cond1,303,1,9001,greedy,zeros,none,none,none,f_value,5.000,5917,0.8726128105458847,17.961804968734157,0.5027885752915329,71.84721987493663,0.8488700564971752,0.8722728235543317,50000,comm,private,
<SOURCE_VECSTRAIGHT_REPO>/hetzner-results/phase3_vecstraight_clean_msgsource_learned_15seeds_hetzner_20260410/train/cond1_seed404_ep50000.pt,cond1,404,1,9001,greedy,fixed0,none,none,none,regime,competitive,5288,0.00028366111951588503,3.9994326777609683,0.0,15.997730711043873,,,50000,comm,private,
<SOURCE_VECSTRAIGHT_REPO>/hetzner-results/phase3_vecstraight_clean_msgsource_learned_15seeds_hetzner_20260410/train/cond1_seed404_ep50000.pt,cond1,404,1,9001,greedy,fixed0,none,none,none,regime,cooperative,5917,0.6750042251140781,14.80006760182525,0.0,59.200270407301,,,50000,comm,private,
<SOURCE_VECSTRAIGHT_REPO>/hetzner-results/phase3_vecstraight_clean_msgsource_learned_15seeds_hetzner_20260410/train/cond1_seed404_ep50000.pt,cond1,404,1,9001,greedy,fixed0,none,none,none,regime,mixed,18795,0.14807129555732906,5.249800478850759,5.320563979781857e-05,20.999201915403034,,,50000,comm,private,
<SOURCE_VECSTRAIGHT_REPO>/hetzner-results/phase3_vecstraight_clean_msgsource_learned_15seeds_hetzner_20260410/train/cond1_seed404_ep50000.pt,cond1,404,1,9001,greedy,fixed0,none,none,none,f_value,0.500,5288,0.00028366111951588503,3.9994326777609683,0.0,15.997730711043873,0.00028366111951588503,,50000,comm,private,
<SOURCE_VECSTRAIGHT_REPO>/hetzner-results/phase3_vecstraight_clean_msgsource_learned_15seeds_hetzner_20260410/train/cond1_seed404_ep50000.pt,cond1,404,1,9001,greedy,fixed0,none,none,none,f_value,1.500,5824,0.009915865384615384,4.019831730769231,0.0,16.079326923076923,0.009915865384615384,,50000,comm,private,
<SOURCE_VECSTRAIGHT_REPO>/hetzner-results/phase3_vecstraight_clean_msgsource_learned_15seeds_hetzner_20260410/train/cond1_seed404_ep50000.pt,cond1,404,1,9001,greedy,fixed0,none,none,none,f_value,2.500,6298,0.15393775801841855,4.923626548110511,0.0,19.694506192442045,0.15393775801841855,,50000,comm,private,
<SOURCE_VECSTRAIGHT_REPO>/hetzner-results/phase3_vecstraight_clean_msgsource_learned_15seeds_hetzner_20260410/train/cond1_seed404_ep50000.pt,cond1,404,1,9001,greedy,fixed0,none,none,none,f_value,3.500,6673,0.2631125430840701,6.631125430840702,0.0001498576352465158,26.524501723362807,0.2631125430840701,,50000,comm,private,
<SOURCE_VECSTRAIGHT_REPO>/hetzner-results/phase3_vecstraight_clean_msgsource_learned_15seeds_hetzner_20260410/train/cond1_seed404_ep50000.pt,cond1,404,1,9001,greedy,fixed0,none,none,none,f_value,5.000,5917,0.6750042251140781,14.80006760182525,0.0,59.200270407301,0.6750042251140781,,50000,comm,private,
<SOURCE_VECSTRAIGHT_REPO>/hetzner-results/phase3_vecstraight_clean_msgsource_learned_15seeds_hetzner_20260410/train/cond1_seed404_ep50000.pt,cond1,404,1,9001,greedy,fixed1,none,none,none,regime,competitive,5288,0.0,4.0,0.0,16.0,,,50000,comm,private,
<SOURCE_VECSTRAIGHT_REPO>/hetzner-results/phase3_vecstraight_clean_msgsource_learned_15seeds_hetzner_20260410/train/cond1_seed404_ep50000.pt,cond1,404,1,9001,greedy,fixed1,none,none,none,regime,cooperative,5917,0.45546729761703564,11.28747676187257,0.0,45.14990704749028,,,50000,comm,private,
<SOURCE_VECSTRAIGHT_REPO>/hetzner-results/phase3_vecstraight_clean_msgsource_learned_15seeds_hetzner_20260410/train/cond1_seed404_ep50000.pt,cond1,404,1,9001,greedy,fixed1,none,none,none,regime,mixed,18795,0.07660281989890928,4.761292897047087,0.0,19.04517158818835,,,50000,comm,private,
<SOURCE_VECSTRAIGHT_REPO>/hetzner-results/phase3_vecstraight_clean_msgsource_learned_15seeds_hetzner_20260410/train/cond1_seed404_ep50000.pt,cond1,404,1,9001,greedy,fixed1,none,none,none,f_value,0.500,5288,0.0,4.0,0.0,16.0,,0.0,50000,comm,private,
<SOURCE_VECSTRAIGHT_REPO>/hetzner-results/phase3_vecstraight_clean_msgsource_learned_15seeds_hetzner_20260410/train/cond1_seed404_ep50000.pt,cond1,404,1,9001,greedy,fixed1,none,none,none,f_value,1.500,5824,0.0,4.0,0.0,16.0,,0.0,50000,comm,private,
<SOURCE_VECSTRAIGHT_REPO>/hetzner-results/phase3_vecstraight_clean_msgsource_learned_15seeds_hetzner_20260410/train/cond1_seed404_ep50000.pt,cond1,404,1,9001,greedy,fixed1,none,none,none,f_value,2.500,6298,0.003532867577008574,4.021197205462052,0.0,16.084788821848207,,0.003532867577008574,50000,comm,private,
<SOURCE_VECSTRAIGHT_REPO>/hetzner-results/phase3_vecstraight_clean_msgsource_learned_15seeds_hetzner_20260410/train/cond1_seed404_ep50000.pt,cond1,404,1,9001,greedy,fixed1,none,none,none,f_value,3.500,6673,0.21242319796193615,6.124231979619362,0.0,24.496927918477446,,0.21242319796193615,50000,comm,private,
<SOURCE_VECSTRAIGHT_REPO>/hetzner-results/phase3_vecstraight_clean_msgsource_learned_15seeds_hetzner_20260410/train/cond1_seed404_ep50000.pt,cond1,404,1,9001,greedy,fixed1,none,none,none,f_value,5.000,5917,0.45546729761703564,11.28747676187257,0.0,45.14990704749028,,0.45546729761703564,50000,comm,private,
<SOURCE_VECSTRAIGHT_REPO>/hetzner-results/phase3_vecstraight_clean_msgsource_learned_15seeds_hetzner_20260410/train/cond1_seed404_ep50000.pt,cond1,404,1,9001,greedy,indep_random,none,none,none,regime,competitive,5444,0.009735488611315209,3.9805290227773695,0.0,15.922116091109478,,,50000,comm,private,
<SOURCE_VECSTRAIGHT_REPO>/hetzner-results/phase3_vecstraight_clean_msgsource_learned_15seeds_hetzner_20260410/train/cond1_seed404_ep50000.pt,cond1,404,1,9001,greedy,indep_random,none,none,none,regime,cooperative,5829,0.5820466632355464,13.312746611768743,0.09264024704065878,53.25098644707497,,,50000,comm,private,
<SOURCE_VECSTRAIGHT_REPO>/hetzner-results/phase3_vecstraight_clean_msgsource_learned_15seeds_hetzner_20260410/train/cond1_seed404_ep50000.pt,cond1,404,1,9001,greedy,indep_random,none,none,none,regime,mixed,18727,0.29625674160303306,6.403695199444652,0.007636033534468949,25.614780797778607,,,50000,comm,private,
<SOURCE_VECSTRAIGHT_REPO>/hetzner-results/phase3_vecstraight_clean_msgsource_learned_15seeds_hetzner_20260410/train/cond1_seed404_ep50000.pt,cond1,404,1,9001,greedy,indep_random,none,none,none,f_value,0.500,5444,0.009735488611315209,3.9805290227773695,0.0,15.922116091109478,0.01120922117062338,0.010904493494179003,50000,comm,private,
<SOURCE_VECSTRAIGHT_REPO>/hetzner-results/phase3_vecstraight_clean_msgsource_learned_15seeds_hetzner_20260410/train/cond1_seed404_ep50000.pt,cond1,404,1,9001,greedy,indep_random,none,none,none,f_value,1.500,5205,0.06551392891450529,4.131027857829011,0.0,16.524111431316044,0.07414343946237743,0.06721257419213014,50000,comm,private,
<SOURCE_VECSTRAIGHT_REPO>/hetzner-results/phase3_vecstraight_clean_msgsource_learned_15seeds_hetzner_20260410/train/cond1_seed404_ep50000.pt,cond1,404,1,9001,greedy,indep_random,none,none,none,f_value,2.500,7182,0.269353940406572,5.616123642439432,0.0,22.46449456975773,0.284590504332548,0.26990183220062797,50000,comm,private,
<SOURCE_VECSTRAIGHT_REPO>/hetzner-results/phase3_vecstraight_clean_msgsource_learned_15seeds_hetzner_20260410/train/cond1_seed404_ep50000.pt,cond1,404,1,9001,greedy,indep_random,none,none,none,f_value,3.500,6340,0.5161671924290221,9.161671924290221,0.022555205047318613,36.646687697160885,0.5146732986660637,0.5204786633551591,50000,comm,private,
<SOURCE_VECSTRAIGHT_REPO>/hetzner-results/phase3_vecstraight_clean_msgsource_learned_15seeds_hetzner_20260410/train/cond1_seed404_ep50000.pt,cond1,404,1,9001,greedy,indep_random,none,none,none,f_value,5.000,5829,0.5820466632355464,13.312746611768743,0.09264024704065878,53.25098644707497,0.5769611237511129,0.5790985202492211,50000,comm,private,
<SOURCE_VECSTRAIGHT_REPO>/hetzner-results/phase3_vecstraight_clean_msgsource_learned_15seeds_hetzner_20260410/train/cond1_seed404_ep50000.pt,cond1,404,1,9001,greedy,marginal,none,none,none,regime,competitive,5980,0.00911371237458194,3.981772575250836,0.0,15.927090301003345,,,50000,comm,private,
<SOURCE_VECSTRAIGHT_REPO>/hetzner-results/phase3_vecstraight_clean_msgsource_learned_15seeds_hetzner_20260410/train/cond1_seed404_ep50000.pt,cond1,404,1,9001,greedy,marginal,none,none,none,regime,cooperative,5921,0.5851207566289478,13.361932106063165,0.07836514102347576,53.44772842425266,,,50000,comm,private,
<SOURCE_VECSTRAIGHT_REPO>/hetzner-results/phase3_vecstraight_clean_msgsource_learned_15seeds_hetzner_20260410/train/cond1_seed404_ep50000.pt,cond1,404,1,9001,greedy,marginal,none,none,none,regime,mixed,18099,0.2901955909166252,6.373805182606774,0.006851207249019282,25.495220730427096,,,50000,comm,private,
<SOURCE_VECSTRAIGHT_REPO>/hetzner-results/phase3_vecstraight_clean_msgsource_learned_15seeds_hetzner_20260410/train/cond1_seed404_ep50000.pt,cond1,404,1,9001,greedy,marginal,none,none,none,f_value,0.500,5980,0.00911371237458194,3.981772575250836,0.0,15.927090301003345,0.010353343465045593,0.01016916935943737,50000,comm,private,
<SOURCE_VECSTRAIGHT_REPO>/hetzner-results/phase3_vecstraight_clean_msgsource_learned_15seeds_hetzner_20260410/train/cond1_seed404_ep50000.pt,cond1,404,1,9001,greedy,marginal,none,none,none,f_value,1.500,5804,0.0651274982770503,4.1302549965541,0.0,16.5210199862164,0.07471464885610328,0.06610809763657498,50000,comm,private,
<SOURCE_VECSTRAIGHT_REPO>/hetzner-results/phase3_vecstraight_clean_msgsource_learned_15seeds_hetzner_20260410/train/cond1_seed404_ep50000.pt,cond1,404,1,9001,greedy,marginal,none,none,none,f_value,2.500,5884,0.2776597552685248,5.665958531611149,0.0001699524133242692,22.663834126444595,0.29393909722902184,0.27824790845273584,50000,comm,private,
<SOURCE_VECSTRAIGHT_REPO>/hetzner-results/phase3_vecstraight_clean_msgsource_learned_15seeds_hetzner_20260410/train/cond1_seed404_ep50000.pt,cond1,404,1,9001,greedy,marginal,none,none,none,f_value,3.500,6411,0.5054593667134613,9.054593667134613,0.01918577445016378,36.21837466853845,0.504093567251462,0.5084641428131733,50000,comm,private,
<SOURCE_VECSTRAIGHT_REPO>/hetzner-results/phase3_vecstraight_clean_msgsource_learned_15seeds_hetzner_20260410/train/cond1_seed404_ep50000.pt,cond1,404,1,9001,greedy,marginal,none,none,none,f_value,5.000,5921,0.5851207566289478,13.361932106063165,0.07836514102347576,53.44772842425266,0.5797563805104409,0.5843894973456406,50000,comm,private,
<SOURCE_VECSTRAIGHT_REPO>/hetzner-results/phase3_vecstraight_clean_msgsource_learned_15seeds_hetzner_20260410/train/cond1_seed404_ep50000.pt,cond1,404,1,9001,greedy,none,none,none,none,regime,competitive,5288,0.005247730711043873,3.989504538577912,0.0,15.958018154311649,,,50000,comm,private,
<SOURCE_VECSTRAIGHT_REPO>/hetzner-results/phase3_vecstraight_clean_msgsource_learned_15seeds_hetzner_20260410/train/cond1_seed404_ep50000.pt,cond1,404,1,9001,greedy,none,none,none,none,regime,cooperative,5917,0.742352543518675,15.8776406962988,0.2224100050701369,63.5105627851952,,,50000,comm,private,
<SOURCE_VECSTRAIGHT_REPO>/hetzner-results/phase3_vecstraight_clean_msgsource_learned_15seeds_hetzner_20260410/train/cond1_seed404_ep50000.pt,cond1,404,1,9001,greedy,none,none,none,none,regime,mixed,18795,0.2959563713753658,6.392391593508912,0.005373769619579675,25.56956637403565,,,50000,comm,private,
<SOURCE_VECSTRAIGHT_REPO>/hetzner-results/phase3_vecstraight_clean_msgsource_learned_15seeds_hetzner_20260410/train/cond1_seed404_ep50000.pt,cond1,404,1,9001,greedy,none,none,none,none,f_value,0.500,5288,0.005247730711043873,3.989504538577912,0.0,15.958018154311649,0.005221407771864645,0.006018869970719011,50000,comm,private,
<SOURCE_VECSTRAIGHT_REPO>/hetzner-results/phase3_vecstraight_clean_msgsource_learned_15seeds_hetzner_20260410/train/cond1_seed404_ep50000.pt,cond1,404,1,9001,greedy,none,none,none,none,f_value,1.500,5824,0.050180288461538464,4.100360576923077,0.0,16.401442307692307,0.05698547821732599,0.05203944627066068,50000,comm,private,
<SOURCE_VECSTRAIGHT_REPO>/hetzner-results/phase3_vecstraight_clean_msgsource_learned_15seeds_hetzner_20260410/train/cond1_seed404_ep50000.pt,cond1,404,1,9001,greedy,none,none,none,none,f_value,2.500,6298,0.33034296602095903,5.982057796125754,0.0,23.928231184503016,0.32224411211605625,0.3360206672308583,50000,comm,private,
<SOURCE_VECSTRAIGHT_REPO>/hetzner-results/phase3_vecstraight_clean_msgsource_learned_15seeds_hetzner_20260410/train/cond1_seed404_ep50000.pt,cond1,404,1,9001,greedy,none,none,none,none,f_value,3.500,6673,0.4780083920275738,8.780083920275738,0.015135621159898097,35.12033568110295,0.4361458288284392,0.4760348583877996,50000,comm,private,
<SOURCE_VECSTRAIGHT_REPO>/hetzner-results/phase3_vecstraight_clean_msgsource_learned_15seeds_hetzner_20260410/train/cond1_seed404_ep50000.pt,cond1,404,1,9001,greedy,none,none,none,none,f_value,5.000,5917,0.742352543518675,15.8776406962988,0.2224100050701369,63.5105627851952,0.7448570319575625,0.7482646327877281,50000,comm,private,
<SOURCE_VECSTRAIGHT_REPO>/hetzner-results/phase3_vecstraight_clean_msgsource_learned_15seeds_hetzner_20260410/train/cond1_seed404_ep50000.pt,cond1,404,1,9001,greedy,permute_slots,none,none,none,regime,competitive,5862,0.008742749914704879,3.9825145001705904,0.0,15.930058000682362,,,50000,comm,private,
<SOURCE_VECSTRAIGHT_REPO>/hetzner-results/phase3_vecstraight_clean_msgsource_learned_15seeds_hetzner_20260410/train/cond1_seed404_ep50000.pt,cond1,404,1,9001,greedy,permute_slots,none,none,none,regime,cooperative,6068,0.5664139749505603,13.062623599208965,0.10266974291364535,52.25049439683586,,,50000,comm,private,
<SOURCE_VECSTRAIGHT_REPO>/hetzner-results/phase3_vecstraight_clean_msgsource_learned_15seeds_hetzner_20260410/train/cond1_seed404_ep50000.pt,cond1,404,1,9001,greedy,permute_slots,none,none,none,regime,mixed,18070,0.3003043718871057,6.4496402877697845,0.007028223574986165,25.798561151079138,,,50000,comm,private,
<SOURCE_VECSTRAIGHT_REPO>/hetzner-results/phase3_vecstraight_clean_msgsource_learned_15seeds_hetzner_20260410/train/cond1_seed404_ep50000.pt,cond1,404,1,9001,greedy,permute_slots,none,none,none,f_value,0.500,5862,0.008742749914704879,3.9825145001705904,0.0,15.930058000682362,0.009224508252317432,0.00959901645545678,50000,comm,private,
<SOURCE_VECSTRAIGHT_REPO>/hetzner-results/phase3_vecstraight_clean_msgsource_learned_15seeds_hetzner_20260410/train/cond1_seed404_ep50000.pt,cond1,404,1,9001,greedy,permute_slots,none,none,none,f_value,1.500,5576,0.07057030129124821,4.141140602582497,0.0,16.564562410329987,0.07880777974235918,0.06949046727176679,50000,comm,private,
<SOURCE_VECSTRAIGHT_REPO>/hetzner-results/phase3_vecstraight_clean_msgsource_learned_15seeds_hetzner_20260410/train/cond1_seed404_ep50000.pt,cond1,404,1,9001,greedy,permute_slots,none,none,none,f_value,2.500,6045,0.2833746898263027,5.700248138957816,0.0,22.800992555831264,0.2939830266043673,0.2851878482833004,50000,comm,private,
<SOURCE_VECSTRAIGHT_REPO>/hetzner-results/phase3_vecstraight_clean_msgsource_learned_15seeds_hetzner_20260410/train/cond1_seed404_ep50000.pt,cond1,404,1,9001,greedy,permute_slots,none,none,none,f_value,3.500,6449,0.5148084974414638,9.148084974414639,0.019692975655140332,36.592339897658555,0.5058716844253004,0.5202283445023579,50000,comm,private,
<SOURCE_VECSTRAIGHT_REPO>/hetzner-results/phase3_vecstraight_clean_msgsource_learned_15seeds_hetzner_20260410/train/cond1_seed404_ep50000.pt,cond1,404,1,9001,greedy,permute_slots,none,none,none,f_value,5.000,6068,0.5664139749505603,13.062623599208965,0.10266974291364535,52.25049439683586,0.5632590446158435,0.56592050387267,50000,comm,private,
<SOURCE_VECSTRAIGHT_REPO>/hetzner-results/phase3_vecstraight_clean_msgsource_learned_15seeds_hetzner_20260410/train/cond1_seed404_ep50000.pt,cond1,404,1,9001,greedy,public_marginal,none,none,none,regime,competitive,6381,0.00011753643629525152,3.9997649271274094,0.0,15.999059708509638,,,50000,comm,private,
<SOURCE_VECSTRAIGHT_REPO>/hetzner-results/phase3_vecstraight_clean_msgsource_learned_15seeds_hetzner_20260410/train/cond1_seed404_ep50000.pt,cond1,404,1,9001,greedy,public_marginal,none,none,none,regime,cooperative,5877,0.6105155691679428,13.768249106687085,0.003403096818104475,55.07299642674834,,,50000,comm,private,
<SOURCE_VECSTRAIGHT_REPO>/hetzner-results/phase3_vecstraight_clean_msgsource_learned_15seeds_hetzner_20260410/train/cond1_seed404_ep50000.pt,cond1,404,1,9001,greedy,public_marginal,none,none,none,regime,mixed,17742,0.18060252508172697,5.606273249915455,0.005129072257919062,22.42509299966182,,,50000,comm,private,
<SOURCE_VECSTRAIGHT_REPO>/hetzner-results/phase3_vecstraight_clean_msgsource_learned_15seeds_hetzner_20260410/train/cond1_seed404_ep50000.pt,cond1,404,1,9001,greedy,public_marginal,none,none,none,f_value,0.500,6381,0.00011753643629525152,3.9997649271274094,0.0,15.999059708509638,0.00023518344308560678,0.0,50000,comm,private,
<SOURCE_VECSTRAIGHT_REPO>/hetzner-results/phase3_vecstraight_clean_msgsource_learned_15seeds_hetzner_20260410/train/cond1_seed404_ep50000.pt,cond1,404,1,9001,greedy,public_marginal,none,none,none,f_value,1.500,5647,0.0061537099344784844,4.012307419868957,0.0,16.04922967947583,0.010830324909747292,0.0016510253736531108,50000,comm,private,
<SOURCE_VECSTRAIGHT_REPO>/hetzner-results/phase3_vecstraight_clean_msgsource_learned_15seeds_hetzner_20260410/train/cond1_seed404_ep50000.pt,cond1,404,1,9001,greedy,public_marginal,none,none,none,f_value,2.500,6241,0.13082839288575548,4.784970357314533,0.0001602307322544464,19.139881429258132,0.15386529528865295,0.10931205453982026,50000,comm,private,
<SOURCE_VECSTRAIGHT_REPO>/hetzner-results/phase3_vecstraight_clean_msgsource_learned_15seeds_hetzner_20260410/train/cond1_seed404_ep50000.pt,cond1,404,1,9001,greedy,public_marginal,none,none,none,f_value,3.500,5854,0.40194738640245986,8.019473864024599,0.015374103177314656,32.077895456098396,0.3255649717514124,0.47352746525479816,50000,comm,private,
<SOURCE_VECSTRAIGHT_REPO>/hetzner-results/phase3_vecstraight_clean_msgsource_learned_15seeds_hetzner_20260410/train/cond1_seed404_ep50000.pt,cond1,404,1,9001,greedy,public_marginal,none,none,none,f_value,5.000,5877,0.6105155691679428,13.768249106687085,0.003403096818104475,55.07299642674834,0.6864905787348586,0.5327882960413081,50000,comm,private,
<SOURCE_VECSTRAIGHT_REPO>/hetzner-results/phase3_vecstraight_clean_msgsource_learned_15seeds_hetzner_20260410/train/cond1_seed404_ep50000.pt,cond1,404,1,9001,greedy,public_random,none,none,none,regime,competitive,5929,0.00016866250632484398,3.9996626749873503,0.0,15.998650699949401,,,50000,comm,private,
<SOURCE_VECSTRAIGHT_REPO>/hetzner-results/phase3_vecstraight_clean_msgsource_learned_15seeds_hetzner_20260410/train/cond1_seed404_ep50000.pt,cond1,404,1,9001,greedy,public_random,none,none,none,regime,cooperative,5836,0.610992117888965,13.77587388622344,0.0039410555174777245,55.10349554489376,,,50000,comm,private,
<SOURCE_VECSTRAIGHT_REPO>/hetzner-results/phase3_vecstraight_clean_msgsource_learned_15seeds_hetzner_20260410/train/cond1_seed404_ep50000.pt,cond1,404,1,9001,greedy,public_random,none,none,none,regime,mixed,18235,0.17857142857142858,5.590320811625994,0.003509734027968193,22.361283246503977,,,50000,comm,private,
<SOURCE_VECSTRAIGHT_REPO>/hetzner-results/phase3_vecstraight_clean_msgsource_learned_15seeds_hetzner_20260410/train/cond1_seed404_ep50000.pt,cond1,404,1,9001,greedy,public_random,none,none,none,f_value,0.500,5929,0.00016866250632484398,3.9996626749873503,0.0,15.998650699949401,0.00033886818027787193,0.0,50000,comm,private,
<SOURCE_VECSTRAIGHT_REPO>/hetzner-results/phase3_vecstraight_clean_msgsource_learned_15seeds_hetzner_20260410/train/cond1_seed404_ep50000.pt,cond1,404,1,9001,greedy,public_random,none,none,none,f_value,1.500,5872,0.004810967302452316,4.009621934604905,0.0,16.03848773841962,0.008761483497788363,0.0008523695874531196,50000,comm,private,
<SOURCE_VECSTRAIGHT_REPO>/hetzner-results/phase3_vecstraight_clean_msgsource_learned_15seeds_hetzner_20260410/train/cond1_seed404_ep50000.pt,cond1,404,1,9001,greedy,public_random,none,none,none,f_value,2.500,6262,0.13322420951772596,4.7993452571063555,0.0,19.197381028425422,0.15316174134095964,0.11308186195826646,50000,comm,private,
<SOURCE_VECSTRAIGHT_REPO>/hetzner-results/phase3_vecstraight_clean_msgsource_learned_15seeds_hetzner_20260410/train/cond1_seed404_ep50000.pt,cond1,404,1,9001,greedy,public_random,none,none,none,f_value,3.500,6101,0.39235371250614653,7.923537125061466,0.01049008359285363,31.694148500245863,0.31897402170338707,0.4652777777777778,50000,comm,private,
<SOURCE_VECSTRAIGHT_REPO>/hetzner-results/phase3_vecstraight_clean_msgsource_learned_15seeds_hetzner_20260410/train/cond1_seed404_ep50000.pt,cond1,404,1,9001,greedy,public_random,none,none,none,f_value,5.000,5836,0.610992117888965,13.77587388622344,0.0039410555174777245,55.10349554489376,0.6868215739484396,0.5335872576177285,50000,comm,private,
<SOURCE_VECSTRAIGHT_REPO>/hetzner-results/phase3_vecstraight_clean_msgsource_learned_15seeds_hetzner_20260410/train/cond1_seed404_ep50000.pt,cond1,404,1,9001,greedy,sender_shuffle,none,none,none,regime,competitive,5288,0.010022692889561272,3.9799546142208775,0.0,15.91981845688351,,,50000,comm,private,
<SOURCE_VECSTRAIGHT_REPO>/hetzner-results/phase3_vecstraight_clean_msgsource_learned_15seeds_hetzner_20260410/train/cond1_seed404_ep50000.pt,cond1,404,1,9001,greedy,sender_shuffle,none,none,none,regime,cooperative,5917,0.5524336657089741,12.838938651343586,0.06810883893865134,51.355754605374344,,,50000,comm,private,
<SOURCE_VECSTRAIGHT_REPO>/hetzner-results/phase3_vecstraight_clean_msgsource_learned_15seeds_hetzner_20260410/train/cond1_seed404_ep50000.pt,cond1,404,1,9001,greedy,sender_shuffle,none,none,none,regime,mixed,18795,0.2777467411545624,6.318409151370045,0.005267358339984038,25.27363660548018,,,50000,comm,private,
<SOURCE_VECSTRAIGHT_REPO>/hetzner-results/phase3_vecstraight_clean_msgsource_learned_15seeds_hetzner_20260410/train/cond1_seed404_ep50000.pt,cond1,404,1,9001,greedy,sender_shuffle,none,none,none,f_value,0.500,5288,0.010022692889561272,3.9799546142208775,0.0,15.91981845688351,0.011569526304300371,0.011017532708300228,50000,comm,private,
<SOURCE_VECSTRAIGHT_REPO>/hetzner-results/phase3_vecstraight_clean_msgsource_learned_15seeds_hetzner_20260410/train/cond1_seed404_ep50000.pt,cond1,404,1,9001,greedy,sender_shuffle,none,none,none,f_value,1.500,5824,0.05696256868131868,4.113925137362638,0.0,16.45570054945055,0.0649864096861873,0.05760301799187464,50000,comm,private,
<SOURCE_VECSTRAIGHT_REPO>/hetzner-results/phase3_vecstraight_clean_msgsource_learned_15seeds_hetzner_20260410/train/cond1_seed404_ep50000.pt,cond1,404,1,9001,greedy,sender_shuffle,none,none,none,f_value,2.500,6298,0.2371387742140362,5.422832645284217,0.0,21.691330581136867,0.2528572084270436,0.22974537037037038,50000,comm,private,
<SOURCE_VECSTRAIGHT_REPO>/hetzner-results/phase3_vecstraight_clean_msgsource_learned_15seeds_hetzner_20260410/train/cond1_seed404_ep50000.pt,cond1,404,1,9001,greedy,sender_shuffle,none,none,none,f_value,3.500,6673,0.5087666716619211,9.087666716619212,0.014835905889405065,36.35066686647685,0.5162475153400743,0.510509754562618,50000,comm,private,
<SOURCE_VECSTRAIGHT_REPO>/hetzner-results/phase3_vecstraight_clean_msgsource_learned_15seeds_hetzner_20260410/train/cond1_seed404_ep50000.pt,cond1,404,1,9001,greedy,sender_shuffle,none,none,none,f_value,5.000,5917,0.5524336657089741,12.838938651343586,0.06810883893865134,51.355754605374344,0.5401296233127041,0.5513057490876345,50000,comm,private,
<SOURCE_VECSTRAIGHT_REPO>/hetzner-results/phase3_vecstraight_clean_msgsource_learned_15seeds_hetzner_20260410/train/cond1_seed404_ep50000.pt,cond1,404,1,9001,greedy,zeros,none,none,none,regime,competitive,5288,0.002411119515885023,3.9951777609682297,0.0,15.980711043872919,,,50000,comm,private,
<SOURCE_VECSTRAIGHT_REPO>/hetzner-results/phase3_vecstraight_clean_msgsource_learned_15seeds_hetzner_20260410/train/cond1_seed404_ep50000.pt,cond1,404,1,9001,greedy,zeros,none,none,none,regime,cooperative,5917,0.45656582727733647,11.305053236437384,0.0,45.22021294574954,,,50000,comm,private,
<SOURCE_VECSTRAIGHT_REPO>/hetzner-results/phase3_vecstraight_clean_msgsource_learned_15seeds_hetzner_20260410/train/cond1_seed404_ep50000.pt,cond1,404,1,9001,greedy,zeros,none,none,none,regime,mixed,18795,0.36295557329076883,6.846953977121575,0.0,27.3878159084863,,,50000,comm,private,
<SOURCE_VECSTRAIGHT_REPO>/hetzner-results/phase3_vecstraight_clean_msgsource_learned_15seeds_hetzner_20260410/train/cond1_seed404_ep50000.pt,cond1,404,1,9001,greedy,zeros,none,none,none,f_value,0.500,5288,0.002411119515885023,3.9951777609682297,0.0,15.980711043872919,0.002492025518341308,0.0022394581603670527,50000,comm,private,
<SOURCE_VECSTRAIGHT_REPO>/hetzner-results/phase3_vecstraight_clean_msgsource_learned_15seeds_hetzner_20260410/train/cond1_seed404_ep50000.pt,cond1,404,1,9001,greedy,zeros,none,none,none,f_value,1.500,5824,0.10765796703296704,4.215315934065934,0.0,16.861263736263737,0.10840770314701738,0.10940053777613751,50000,comm,private,
<SOURCE_VECSTRAIGHT_REPO>/hetzner-results/phase3_vecstraight_clean_msgsource_learned_15seeds_hetzner_20260410/train/cond1_seed404_ep50000.pt,cond1,404,1,9001,greedy,zeros,none,none,none,f_value,2.500,6298,0.38476500476341696,6.308590028580502,0.0,25.23436011432201,0.39042810819685586,0.30688430049945936,50000,comm,private,
<SOURCE_VECSTRAIGHT_REPO>/hetzner-results/phase3_vecstraight_clean_msgsource_learned_15seeds_hetzner_20260410/train/cond1_seed404_ep50000.pt,cond1,404,1,9001,greedy,zeros,none,none,none,f_value,3.500,6673,0.5651880713322344,9.651880713322344,0.0,38.607522853289375,0.5646630934150076,0.5603471535210001,50000,comm,private,
<SOURCE_VECSTRAIGHT_REPO>/hetzner-results/phase3_vecstraight_clean_msgsource_learned_15seeds_hetzner_20260410/train/cond1_seed404_ep50000.pt,cond1,404,1,9001,greedy,zeros,none,none,none,f_value,5.000,5917,0.45656582727733647,11.305053236437384,0.0,45.22021294574954,0.4583279659925287,0.45357048283167095,50000,comm,private,
<SOURCE_VECSTRAIGHT_REPO>/hetzner-results/phase3_vecstraight_clean_msgsource_learned_15seeds_hetzner_20260410/train/cond1_seed505_ep50000.pt,cond1,505,1,9001,greedy,fixed0,none,none,none,regime,competitive,5288,0.0,4.0,0.0,16.0,,,50000,comm,private,
<SOURCE_VECSTRAIGHT_REPO>/hetzner-results/phase3_vecstraight_clean_msgsource_learned_15seeds_hetzner_20260410/train/cond1_seed505_ep50000.pt,cond1,505,1,9001,greedy,fixed0,none,none,none,regime,cooperative,5917,0.3786969748183201,10.059151597093122,0.0,40.236606388372486,,,50000,comm,private,
<SOURCE_VECSTRAIGHT_REPO>/hetzner-results/phase3_vecstraight_clean_msgsource_learned_15seeds_hetzner_20260410/train/cond1_seed505_ep50000.pt,cond1,505,1,9001,greedy,fixed0,none,none,none,regime,mixed,18795,0.11652035115722266,5.124447991487098,0.0,20.49779196594839,,,50000,comm,private,
<SOURCE_VECSTRAIGHT_REPO>/hetzner-results/phase3_vecstraight_clean_msgsource_learned_15seeds_hetzner_20260410/train/cond1_seed505_ep50000.pt,cond1,505,1,9001,greedy,fixed0,none,none,none,f_value,0.500,5288,0.0,4.0,0.0,16.0,0.0,,50000,comm,private,
<SOURCE_VECSTRAIGHT_REPO>/hetzner-results/phase3_vecstraight_clean_msgsource_learned_15seeds_hetzner_20260410/train/cond1_seed505_ep50000.pt,cond1,505,1,9001,greedy,fixed0,none,none,none,f_value,1.500,5824,0.00038633241758241757,4.000772664835165,0.0,16.00309065934066,0.00038633241758241757,,50000,comm,private,
<SOURCE_VECSTRAIGHT_REPO>/hetzner-results/phase3_vecstraight_clean_msgsource_learned_15seeds_hetzner_20260410/train/cond1_seed505_ep50000.pt,cond1,505,1,9001,greedy,fixed0,none,none,none,f_value,2.500,6298,0.029691965703397903,4.178151794220388,0.0,16.71260717688155,0.029691965703397903,,50000,comm,private,
<SOURCE_VECSTRAIGHT_REPO>/hetzner-results/phase3_vecstraight_clean_msgsource_learned_15seeds_hetzner_20260410/train/cond1_seed505_ep50000.pt,cond1,505,1,9001,greedy,fixed0,none,none,none,f_value,3.500,6673,0.2998276637194665,6.998276637194665,0.0,27.99310654877866,0.2998276637194665,,50000,comm,private,
<SOURCE_VECSTRAIGHT_REPO>/hetzner-results/phase3_vecstraight_clean_msgsource_learned_15seeds_hetzner_20260410/train/cond1_seed505_ep50000.pt,cond1,505,1,9001,greedy,fixed0,none,none,none,f_value,5.000,5917,0.3786969748183201,10.059151597093122,0.0,40.236606388372486,0.3786969748183201,,50000,comm,private,
<SOURCE_VECSTRAIGHT_REPO>/hetzner-results/phase3_vecstraight_clean_msgsource_learned_15seeds_hetzner_20260410/train/cond1_seed505_ep50000.pt,cond1,505,1,9001,greedy,fixed1,none,none,none,regime,competitive,5288,0.0015128593040847202,3.9969742813918305,0.0,15.987897125567322,,,50000,comm,private,
<SOURCE_VECSTRAIGHT_REPO>/hetzner-results/phase3_vecstraight_clean_msgsource_learned_15seeds_hetzner_20260410/train/cond1_seed505_ep50000.pt,cond1,505,1,9001,greedy,fixed1,none,none,none,regime,cooperative,5917,0.8615852628020957,17.78536420483353,0.4542842656751732,71.14145681933412,,,50000,comm,private,
<SOURCE_VECSTRAIGHT_REPO>/hetzner-results/phase3_vecstraight_clean_msgsource_learned_15seeds_hetzner_20260410/train/cond1_seed505_ep50000.pt,cond1,505,1,9001,greedy,fixed1,none,none,none,regime,mixed,18795,0.3251928704442671,6.6862995477520615,0.003085927108273477,26.745198191008246,,,50000,comm,private,
<SOURCE_VECSTRAIGHT_REPO>/hetzner-results/phase3_vecstraight_clean_msgsource_learned_15seeds_hetzner_20260410/train/cond1_seed505_ep50000.pt,cond1,505,1,9001,greedy,fixed1,none,none,none,f_value,0.500,5288,0.0015128593040847202,3.9969742813918305,0.0,15.987897125567322,,0.0015128593040847202,50000,comm,private,
<SOURCE_VECSTRAIGHT_REPO>/hetzner-results/phase3_vecstraight_clean_msgsource_learned_15seeds_hetzner_20260410/train/cond1_seed505_ep50000.pt,cond1,505,1,9001,greedy,fixed1,none,none,none,f_value,1.500,5824,0.03751717032967033,4.07503434065934,0.0,16.30013736263736,,0.03751717032967033,50000,comm,private,
<SOURCE_VECSTRAIGHT_REPO>/hetzner-results/phase3_vecstraight_clean_msgsource_learned_15seeds_hetzner_20260410/train/cond1_seed505_ep50000.pt,cond1,505,1,9001,greedy,fixed1,none,none,none,f_value,2.500,6298,0.35261194029850745,6.115671641791045,0.0,24.46268656716418,,0.35261194029850745,50000,comm,private,
<SOURCE_VECSTRAIGHT_REPO>/hetzner-results/phase3_vecstraight_clean_msgsource_learned_15seeds_hetzner_20260410/train/cond1_seed505_ep50000.pt,cond1,505,1,9001,greedy,fixed1,none,none,none,f_value,3.500,6673,0.550389629851641,9.503896298516409,0.008691742844297917,38.015585194065636,,0.550389629851641,50000,comm,private,
<SOURCE_VECSTRAIGHT_REPO>/hetzner-results/phase3_vecstraight_clean_msgsource_learned_15seeds_hetzner_20260410/train/cond1_seed505_ep50000.pt,cond1,505,1,9001,greedy,fixed1,none,none,none,f_value,5.000,5917,0.8615852628020957,17.78536420483353,0.4542842656751732,71.14145681933412,,0.8615852628020957,50000,comm,private,
<SOURCE_VECSTRAIGHT_REPO>/hetzner-results/phase3_vecstraight_clean_msgsource_learned_15seeds_hetzner_20260410/train/cond1_seed505_ep50000.pt,cond1,505,1,9001,greedy,indep_random,none,none,none,regime,competitive,5444,0.0006888317413666422,3.9986223365172666,0.0,15.994489346069066,,,50000,comm,private,
<SOURCE_VECSTRAIGHT_REPO>/hetzner-results/phase3_vecstraight_clean_msgsource_learned_15seeds_hetzner_20260410/train/cond1_seed505_ep50000.pt,cond1,505,1,9001,greedy,indep_random,none,none,none,regime,cooperative,5829,0.5943986961743009,13.510379138788814,0.21495968433693602,54.041516555155255,,,50000,comm,private,
<SOURCE_VECSTRAIGHT_REPO>/hetzner-results/phase3_vecstraight_clean_msgsource_learned_15seeds_hetzner_20260410/train/cond1_seed505_ep50000.pt,cond1,505,1,9001,greedy,indep_random,none,none,none,regime,mixed,18727,0.19698830565493672,5.6804613659422225,0.01308271479681743,22.72184546376889,,,50000,comm,private,
<SOURCE_VECSTRAIGHT_REPO>/hetzner-results/phase3_vecstraight_clean_msgsource_learned_15seeds_hetzner_20260410/train/cond1_seed505_ep50000.pt,cond1,505,1,9001,greedy,indep_random,none,none,none,f_value,0.500,5444,0.0006888317413666422,3.9986223365172666,0.0,15.994489346069066,0.0005816105324380056,0.0006848232629194542,50000,comm,private,
<SOURCE_VECSTRAIGHT_REPO>/hetzner-results/phase3_vecstraight_clean_msgsource_learned_15seeds_hetzner_20260410/train/cond1_seed505_ep50000.pt,cond1,505,1,9001,greedy,indep_random,none,none,none,f_value,1.500,5205,0.027857829010566763,4.055715658021134,0.0,16.222862632084535,0.02682604384708604,0.02654429544954935,50000,comm,private,
<SOURCE_VECSTRAIGHT_REPO>/hetzner-results/phase3_vecstraight_clean_msgsource_learned_15seeds_hetzner_20260410/train/cond1_seed505_ep50000.pt,cond1,505,1,9001,greedy,indep_random,none,none,none,f_value,2.500,7182,0.14828738512949038,4.889724310776942,0.000278473962684489,19.55889724310777,0.1381224294213952,0.13981956202058743,50000,comm,private,
<SOURCE_VECSTRAIGHT_REPO>/hetzner-results/phase3_vecstraight_clean_msgsource_learned_15seeds_hetzner_20260410/train/cond1_seed505_ep50000.pt,cond1,505,1,9001,greedy,indep_random,none,none,none,f_value,3.500,6340,0.3910094637223975,7.910094637223975,0.03832807570977918,31.6403785488959,0.3762152385258874,0.38943328065025967,50000,comm,private,
<SOURCE_VECSTRAIGHT_REPO>/hetzner-results/phase3_vecstraight_clean_msgsource_learned_15seeds_hetzner_20260410/train/cond1_seed505_ep50000.pt,cond1,505,1,9001,greedy,indep_random,none,none,none,f_value,5.000,5829,0.5943986961743009,13.510379138788814,0.21495968433693602,54.041516555155255,0.5758235235928381,0.6069898753894081,50000,comm,private,
<SOURCE_VECSTRAIGHT_REPO>/hetzner-results/phase3_vecstraight_clean_msgsource_learned_15seeds_hetzner_20260410/train/cond1_seed505_ep50000.pt,cond1,505,1,9001,greedy,marginal,none,none,none,regime,competitive,5980,0.0007107023411371238,3.998578595317726,0.0,15.994314381270904,,,50000,comm,private,
<SOURCE_VECSTRAIGHT_REPO>/hetzner-results/phase3_vecstraight_clean_msgsource_learned_15seeds_hetzner_20260410/train/cond1_seed505_ep50000.pt,cond1,505,1,9001,greedy,marginal,none,none,none,regime,cooperative,5921,0.6153099138659011,13.844958621854417,0.2383043404830265,55.37983448741767,,,50000,comm,private,
<SOURCE_VECSTRAIGHT_REPO>/hetzner-results/phase3_vecstraight_clean_msgsource_learned_15seeds_hetzner_20260410/train/cond1_seed505_ep50000.pt,cond1,505,1,9001,greedy,marginal,none,none,none,regime,mixed,18099,0.2038096027404829,5.774600806674402,0.013591911155312449,23.09840322669761,,,50000,comm,private,
<SOURCE_VECSTRAIGHT_REPO>/hetzner-results/phase3_vecstraight_clean_msgsource_learned_15seeds_hetzner_20260410/train/cond1_seed505_ep50000.pt,cond1,505,1,9001,greedy,marginal,none,none,none,f_value,0.500,5980,0.0007107023411371238,3.998578595317726,0.0,15.994314381270904,0.0007124875314681993,0.0006209696680200621,50000,comm,private,
<SOURCE_VECSTRAIGHT_REPO>/hetzner-results/phase3_vecstraight_clean_msgsource_learned_15seeds_hetzner_20260410/train/cond1_seed505_ep50000.pt,cond1,505,1,9001,greedy,marginal,none,none,none,f_value,1.500,5804,0.02580117160578911,4.051602343211578,0.0,16.206409372846313,0.02493431814801963,0.02506854680767724,50000,comm,private,
<SOURCE_VECSTRAIGHT_REPO>/hetzner-results/phase3_vecstraight_clean_msgsource_learned_15seeds_hetzner_20260410/train/cond1_seed505_ep50000.pt,cond1,505,1,9001,greedy,marginal,none,none,none,f_value,2.500,5884,0.15172501699524132,4.910350101971448,0.0001699524133242692,19.641400407885794,0.1360900029606237,0.14973109323687592,50000,comm,private,
<SOURCE_VECSTRAIGHT_REPO>/hetzner-results/phase3_vecstraight_clean_msgsource_learned_15seeds_hetzner_20260410/train/cond1_seed505_ep50000.pt,cond1,505,1,9001,greedy,marginal,none,none,none,f_value,3.500,6411,0.41276711901419433,8.127671190141944,0.03821556699422867,32.51068476056778,0.3900452902694542,0.4159041394335512,50000,comm,private,
<SOURCE_VECSTRAIGHT_REPO>/hetzner-results/phase3_vecstraight_clean_msgsource_learned_15seeds_hetzner_20260410/train/cond1_seed505_ep50000.pt,cond1,505,1,9001,greedy,marginal,none,none,none,f_value,5.000,5921,0.6153099138659011,13.844958621854417,0.2383043404830265,55.37983448741767,0.6006925815734283,0.6333843651325232,50000,comm,private,
<SOURCE_VECSTRAIGHT_REPO>/hetzner-results/phase3_vecstraight_clean_msgsource_learned_15seeds_hetzner_20260410/train/cond1_seed505_ep50000.pt,cond1,505,1,9001,greedy,none,none,none,none,regime,competitive,5288,9.455370650529501e-05,3.9998108925869893,0.0,15.999243570347957,,,50000,comm,private,
<SOURCE_VECSTRAIGHT_REPO>/hetzner-results/phase3_vecstraight_clean_msgsource_learned_15seeds_hetzner_20260410/train/cond1_seed505_ep50000.pt,cond1,505,1,9001,greedy,none,none,none,none,regime,cooperative,5917,0.7936454284265675,16.69832685482508,0.4333276998478959,66.79330741930032,,,50000,comm,private,
<SOURCE_VECSTRAIGHT_REPO>/hetzner-results/phase3_vecstraight_clean_msgsource_learned_15seeds_hetzner_20260410/train/cond1_seed505_ep50000.pt,cond1,505,1,9001,greedy,none,none,none,none,regime,mixed,18795,0.2775073157754722,6.4300345836658686,0.03304070231444533,25.720138334663474,,,50000,comm,private,
<SOURCE_VECSTRAIGHT_REPO>/hetzner-results/phase3_vecstraight_clean_msgsource_learned_15seeds_hetzner_20260410/train/cond1_seed505_ep50000.pt,cond1,505,1,9001,greedy,none,none,none,none,f_value,0.500,5288,9.455370650529501e-05,3.9998108925869893,0.0,15.999243570347957,9.622786759045419e-05,0.0,50000,comm,private,
<SOURCE_VECSTRAIGHT_REPO>/hetzner-results/phase3_vecstraight_clean_msgsource_learned_15seeds_hetzner_20260410/train/cond1_seed505_ep50000.pt,cond1,505,1,9001,greedy,none,none,none,none,f_value,1.500,5824,0.021291208791208792,4.042582417582418,0.0,16.17032967032967,0.018278607433928486,0.02238348805428585,50000,comm,private,
<SOURCE_VECSTRAIGHT_REPO>/hetzner-results/phase3_vecstraight_clean_msgsource_learned_15seeds_hetzner_20260410/train/cond1_seed505_ep50000.pt,cond1,505,1,9001,greedy,none,none,none,none,f_value,2.500,6298,0.21804541124166402,5.308272467449984,0.0006351222610352493,21.233089869799937,0.17395450860712414,0.21862133626839508,50000,comm,private,
<SOURCE_VECSTRAIGHT_REPO>/hetzner-results/phase3_vecstraight_clean_msgsource_learned_15seeds_hetzner_20260410/train/cond1_seed505_ep50000.pt,cond1,505,1,9001,greedy,none,none,none,none,f_value,3.500,6673,0.557245616664169,9.57245616664169,0.09246216094710026,38.28982466656676,0.5065236912999842,0.5586284853051997,50000,comm,private,
<SOURCE_VECSTRAIGHT_REPO>/hetzner-results/phase3_vecstraight_clean_msgsource_learned_15seeds_hetzner_20260410/train/cond1_seed505_ep50000.pt,cond1,505,1,9001,greedy,none,none,none,none,f_value,5.000,5917,0.7936454284265675,16.69832685482508,0.4333276998478959,66.79330741930032,0.8064306827193425,0.7929929409726734,50000,comm,private,
<SOURCE_VECSTRAIGHT_REPO>/hetzner-results/phase3_vecstraight_clean_msgsource_learned_15seeds_hetzner_20260410/train/cond1_seed505_ep50000.pt,cond1,505,1,9001,greedy,permute_slots,none,none,none,regime,competitive,5862,0.00127942681678608,3.9974411463664277,0.0,15.98976458546571,,,50000,comm,private,
<SOURCE_VECSTRAIGHT_REPO>/hetzner-results/phase3_vecstraight_clean_msgsource_learned_15seeds_hetzner_20260410/train/cond1_seed505_ep50000.pt,cond1,505,1,9001,greedy,permute_slots,none,none,none,regime,cooperative,6068,0.6285843770599868,14.05735003295979,0.2228081740276862,56.22940013183916,,,50000,comm,private,
<SOURCE_VECSTRAIGHT_REPO>/hetzner-results/phase3_vecstraight_clean_msgsource_learned_15seeds_hetzner_20260410/train/cond1_seed505_ep50000.pt,cond1,505,1,9001,greedy,permute_slots,none,none,none,regime,mixed,18070,0.21889872717210845,5.916602102933038,0.021250691754288877,23.666408411732153,,,50000,comm,private,
<SOURCE_VECSTRAIGHT_REPO>/hetzner-results/phase3_vecstraight_clean_msgsource_learned_15seeds_hetzner_20260410/train/cond1_seed505_ep50000.pt,cond1,505,1,9001,greedy,permute_slots,none,none,none,f_value,0.500,5862,0.00127942681678608,3.9974411463664277,0.0,15.98976458546571,0.001304744922367677,9.893153937475267e-05,50000,comm,private,
<SOURCE_VECSTRAIGHT_REPO>/hetzner-results/phase3_vecstraight_clean_msgsource_learned_15seeds_hetzner_20260410/train/cond1_seed505_ep50000.pt,cond1,505,1,9001,greedy,permute_slots,none,none,none,f_value,1.500,5576,0.02465925394548063,4.049318507890962,0.0,16.197274031563847,0.025266406287670573,0.021613691931540342,50000,comm,private,
<SOURCE_VECSTRAIGHT_REPO>/hetzner-results/phase3_vecstraight_clean_msgsource_learned_15seeds_hetzner_20260410/train/cond1_seed505_ep50000.pt,cond1,505,1,9001,greedy,permute_slots,none,none,none,f_value,2.500,6045,0.15806451612903225,4.948387096774193,0.0008271298593879239,19.793548387096774,0.14929233772571987,0.15174630383544033,50000,comm,private,
<SOURCE_VECSTRAIGHT_REPO>/hetzner-results/phase3_vecstraight_clean_msgsource_learned_15seeds_hetzner_20260410/train/cond1_seed505_ep50000.pt,cond1,505,1,9001,greedy,permute_slots,none,none,none,f_value,3.500,6449,0.44386726624282835,8.438672662428283,0.05876880136455264,33.75469064971313,0.40511661358265694,0.44235137463773794,50000,comm,private,
<SOURCE_VECSTRAIGHT_REPO>/hetzner-results/phase3_vecstraight_clean_msgsource_learned_15seeds_hetzner_20260410/train/cond1_seed505_ep50000.pt,cond1,505,1,9001,greedy,permute_slots,none,none,none,f_value,5.000,6068,0.6285843770599868,14.05735003295979,0.2228081740276862,56.22940013183916,0.585569406296218,0.6242849481587415,50000,comm,private,
<SOURCE_VECSTRAIGHT_REPO>/hetzner-results/phase3_vecstraight_clean_msgsource_learned_15seeds_hetzner_20260410/train/cond1_seed505_ep50000.pt,cond1,505,1,9001,greedy,public_marginal,none,none,none,regime,competitive,6381,0.00039178812098417175,3.9992164237580314,0.0,15.996865695032126,,,50000,comm,private,
<SOURCE_VECSTRAIGHT_REPO>/hetzner-results/phase3_vecstraight_clean_msgsource_learned_15seeds_hetzner_20260410/train/cond1_seed505_ep50000.pt,cond1,505,1,9001,greedy,public_marginal,none,none,none,regime,cooperative,5877,0.6020078271226816,13.632125233962906,0.2307299642674834,54.528500935851625,,,50000,comm,private,
<SOURCE_VECSTRAIGHT_REPO>/hetzner-results/phase3_vecstraight_clean_msgsource_learned_15seeds_hetzner_20260410/train/cond1_seed505_ep50000.pt,cond1,505,1,9001,greedy,public_marginal,none,none,none,regime,mixed,17742,0.19355202344718747,5.6906774884454965,0.0015218126479540075,22.762709953781986,,,50000,comm,private,
<SOURCE_VECSTRAIGHT_REPO>/hetzner-results/phase3_vecstraight_clean_msgsource_learned_15seeds_hetzner_20260410/train/cond1_seed505_ep50000.pt,cond1,505,1,9001,greedy,public_marginal,none,none,none,f_value,0.500,6381,0.00039178812098417175,3.9992164237580314,0.0,15.996865695032126,7.642922653622745e-05,0.0007234726688102893,50000,comm,private,
<SOURCE_VECSTRAIGHT_REPO>/hetzner-results/phase3_vecstraight_clean_msgsource_learned_15seeds_hetzner_20260410/train/cond1_seed505_ep50000.pt,cond1,505,1,9001,greedy,public_marginal,none,none,none,f_value,1.500,5647,0.017619975208075084,4.03523995041615,0.0,16.1409598016646,0.000870170553428472,0.034967555875991346,50000,comm,private,
<SOURCE_VECSTRAIGHT_REPO>/hetzner-results/phase3_vecstraight_clean_msgsource_learned_15seeds_hetzner_20260410/train/cond1_seed505_ep50000.pt,cond1,505,1,9001,greedy,public_marginal,none,none,none,f_value,2.500,6241,0.14212465950969397,4.852747957058164,0.0,19.410991828232657,0.031301893058784454,0.24543343653250774,50000,comm,private,
<SOURCE_VECSTRAIGHT_REPO>/hetzner-results/phase3_vecstraight_clean_msgsource_learned_15seeds_hetzner_20260410/train/cond1_seed505_ep50000.pt,cond1,505,1,9001,greedy,public_marginal,none,none,none,f_value,3.500,5854,0.41809019473864023,8.180901947386403,0.004612230953194397,32.72360778954561,0.28442028985507245,0.5373303167420814,50000,comm,private,
<SOURCE_VECSTRAIGHT_REPO>/hetzner-results/phase3_vecstraight_clean_msgsource_learned_15seeds_hetzner_20260410/train/cond1_seed505_ep50000.pt,cond1,505,1,9001,greedy,public_marginal,none,none,none,f_value,5.000,5877,0.6020078271226816,13.632125233962906,0.2307299642674834,54.528500935851625,0.3543201607501674,0.8578346592874438,50000,comm,private,
<SOURCE_VECSTRAIGHT_REPO>/hetzner-results/phase3_vecstraight_clean_msgsource_learned_15seeds_hetzner_20260410/train/cond1_seed505_ep50000.pt,cond1,505,1,9001,greedy,public_random,none,none,none,regime,competitive,5929,0.00021082813290605498,3.999578343734188,0.0,15.998313374936751,,,50000,comm,private,
<SOURCE_VECSTRAIGHT_REPO>/hetzner-results/phase3_vecstraight_clean_msgsource_learned_15seeds_hetzner_20260410/train/cond1_seed505_ep50000.pt,cond1,505,1,9001,greedy,public_random,none,none,none,regime,cooperative,5836,0.6034098697738177,13.654557916381084,0.22978067169294036,54.618231665524334,,,50000,comm,private,
<SOURCE_VECSTRAIGHT_REPO>/hetzner-results/phase3_vecstraight_clean_msgsource_learned_15seeds_hetzner_20260410/train/cond1_seed505_ep50000.pt,cond1,505,1,9001,greedy,public_random,none,none,none,regime,mixed,18235,0.19115711543734576,5.6768028516588975,0.0009322731011790513,22.70721140663559,,,50000,comm,private,
<SOURCE_VECSTRAIGHT_REPO>/hetzner-results/phase3_vecstraight_clean_msgsource_learned_15seeds_hetzner_20260410/train/cond1_seed505_ep50000.pt,cond1,505,1,9001,greedy,public_random,none,none,none,f_value,0.500,5929,0.00021082813290605498,3.999578343734188,0.0,15.998313374936751,0.0,0.00041974479516453995,50000,comm,private,
<SOURCE_VECSTRAIGHT_REPO>/hetzner-results/phase3_vecstraight_clean_msgsource_learned_15seeds_hetzner_20260410/train/cond1_seed505_ep50000.pt,cond1,505,1,9001,greedy,public_random,none,none,none,f_value,1.500,5872,0.017115122615803814,4.0342302452316074,0.0,16.13692098092643,0.0005103776794828172,0.033753835663143536,50000,comm,private,
<SOURCE_VECSTRAIGHT_REPO>/hetzner-results/phase3_vecstraight_clean_msgsource_learned_15seeds_hetzner_20260410/train/cond1_seed505_ep50000.pt,cond1,505,1,9001,greedy,public_random,none,none,none,f_value,2.500,6262,0.13881347812200576,4.832880868732034,0.0,19.331523474928137,0.03630441690498888,0.24237560192616373,50000,comm,private,
<SOURCE_VECSTRAIGHT_REPO>/hetzner-results/phase3_vecstraight_clean_msgsource_learned_15seeds_hetzner_20260410/train/cond1_seed505_ep50000.pt,cond1,505,1,9001,greedy,public_random,none,none,none,f_value,3.500,6101,0.41239141124405837,8.123914112440584,0.0027864284543517455,32.495656449762336,0.28880302532061825,0.5352124183006536,50000,comm,private,
<SOURCE_VECSTRAIGHT_REPO>/hetzner-results/phase3_vecstraight_clean_msgsource_learned_15seeds_hetzner_20260410/train/cond1_seed505_ep50000.pt,cond1,505,1,9001,greedy,public_random,none,none,none,f_value,5.000,5836,0.6034098697738177,13.654557916381084,0.22978067169294036,54.618231665524334,0.3543928086838535,0.8576004155124654,50000,comm,private,
<SOURCE_VECSTRAIGHT_REPO>/hetzner-results/phase3_vecstraight_clean_msgsource_learned_15seeds_hetzner_20260410/train/cond1_seed505_ep50000.pt,cond1,505,1,9001,greedy,sender_shuffle,none,none,none,regime,competitive,5288,0.0005200453857791225,3.9989599092284416,0.0,15.995839636913766,,,50000,comm,private,
<SOURCE_VECSTRAIGHT_REPO>/hetzner-results/phase3_vecstraight_clean_msgsource_learned_15seeds_hetzner_20260410/train/cond1_seed505_ep50000.pt,cond1,505,1,9001,greedy,sender_shuffle,none,none,none,regime,cooperative,5917,0.6584840290687849,14.535744465100558,0.27970255196890315,58.14297786040223,,,50000,comm,private,
<SOURCE_VECSTRAIGHT_REPO>/hetzner-results/phase3_vecstraight_clean_msgsource_learned_15seeds_hetzner_20260410/train/cond1_seed505_ep50000.pt,cond1,505,1,9001,greedy,sender_shuffle,none,none,none,regime,mixed,18795,0.2096435222133546,5.832854482575153,0.016493748337323755,23.331417930300614,,,50000,comm,private,
<SOURCE_VECSTRAIGHT_REPO>/hetzner-results/phase3_vecstraight_clean_msgsource_learned_15seeds_hetzner_20260410/train/cond1_seed505_ep50000.pt,cond1,505,1,9001,greedy,sender_shuffle,none,none,none,f_value,0.500,5288,0.0005200453857791225,3.9989599092284416,0.0,15.995839636913766,0.0005316635160680529,0.0005076142131979696,50000,comm,private,
<SOURCE_VECSTRAIGHT_REPO>/hetzner-results/phase3_vecstraight_clean_msgsource_learned_15seeds_hetzner_20260410/train/cond1_seed505_ep50000.pt,cond1,505,1,9001,greedy,sender_shuffle,none,none,none,f_value,1.500,5824,0.026356456043956044,4.052712912087912,0.0,16.21085164835165,0.026535940747056,0.026216365646885367,50000,comm,private,
<SOURCE_VECSTRAIGHT_REPO>/hetzner-results/phase3_vecstraight_clean_msgsource_learned_15seeds_hetzner_20260410/train/cond1_seed505_ep50000.pt,cond1,505,1,9001,greedy,sender_shuffle,none,none,none,f_value,2.500,6298,0.1479040965385837,4.887424579231502,0.00015878056525881233,19.54969831692601,0.12583601684419124,0.14611231560600263,50000,comm,private,
<SOURCE_VECSTRAIGHT_REPO>/hetzner-results/phase3_vecstraight_clean_msgsource_learned_15seeds_hetzner_20260410/train/cond1_seed505_ep50000.pt,cond1,505,1,9001,greedy,sender_shuffle,none,none,none,f_value,3.500,6673,0.4278810130376143,8.278810130376142,0.046306009291173386,33.11524052150457,0.39553799674645596,0.43463293571371386,50000,comm,private,
<SOURCE_VECSTRAIGHT_REPO>/hetzner-results/phase3_vecstraight_clean_msgsource_learned_15seeds_hetzner_20260410/train/cond1_seed505_ep50000.pt,cond1,505,1,9001,greedy,sender_shuffle,none,none,none,f_value,5.000,5917,0.6584840290687849,14.535744465100558,0.27970255196890315,58.14297786040223,0.6360403702347958,0.6733058711692544,50000,comm,private,
<SOURCE_VECSTRAIGHT_REPO>/hetzner-results/phase3_vecstraight_clean_msgsource_learned_15seeds_hetzner_20260410/train/cond1_seed505_ep50000.pt,cond1,505,1,9001,greedy,zeros,none,none,none,regime,competitive,5288,0.0007091527987897125,3.9985816944024206,0.0,15.994326777609682,,,50000,comm,private,
<SOURCE_VECSTRAIGHT_REPO>/hetzner-results/phase3_vecstraight_clean_msgsource_learned_15seeds_hetzner_20260410/train/cond1_seed505_ep50000.pt,cond1,505,1,9001,greedy,zeros,none,none,none,regime,cooperative,5917,0.5544617204664526,12.871387527463241,0.017745479127936455,51.485550109852966,,,50000,comm,private,
<SOURCE_VECSTRAIGHT_REPO>/hetzner-results/phase3_vecstraight_clean_msgsource_learned_15seeds_hetzner_20260410/train/cond1_seed505_ep50000.pt,cond1,505,1,9001,greedy,zeros,none,none,none,regime,mixed,18795,0.3073822825219473,6.62561851556265,0.047725458898643255,26.5024740622506,,,50000,comm,private,
<SOURCE_VECSTRAIGHT_REPO>/hetzner-results/phase3_vecstraight_clean_msgsource_learned_15seeds_hetzner_20260410/train/cond1_seed505_ep50000.pt,cond1,505,1,9001,greedy,zeros,none,none,none,f_value,0.500,5288,0.0007091527987897125,3.9985816944024206,0.0,15.994326777609682,0.0007220564166746895,0.0006467924972070324,50000,comm,private,
<SOURCE_VECSTRAIGHT_REPO>/hetzner-results/phase3_vecstraight_clean_msgsource_learned_15seeds_hetzner_20260410/train/cond1_seed505_ep50000.pt,cond1,505,1,9001,greedy,zeros,none,none,none,f_value,1.500,5824,0.03713083791208791,4.074261675824176,0.0,16.297046703296704,0.03872758928991577,0.031205606591533288,50000,comm,private,
<SOURCE_VECSTRAIGHT_REPO>/hetzner-results/phase3_vecstraight_clean_msgsource_learned_15seeds_hetzner_20260410/train/cond1_seed505_ep50000.pt,cond1,505,1,9001,greedy,zeros,none,none,none,f_value,2.500,6298,0.26571927596062245,5.594315655763735,0.002381708478882185,22.37726262305494,0.2708808869427493,0.2657354149548069,50000,comm,private,
<SOURCE_VECSTRAIGHT_REPO>/hetzner-results/phase3_vecstraight_clean_msgsource_learned_15seeds_hetzner_20260410/train/cond1_seed505_ep50000.pt,cond1,505,1,9001,greedy,zeros,none,none,none,f_value,3.500,6673,0.5825715570208302,9.825715570208303,0.13217443428742695,39.30286228083321,0.5744878094002039,0.5837825525776327,50000,comm,private,
<SOURCE_VECSTRAIGHT_REPO>/hetzner-results/phase3_vecstraight_clean_msgsource_learned_15seeds_hetzner_20260410/train/cond1_seed505_ep50000.pt,cond1,505,1,9001,greedy,zeros,none,none,none,f_value,5.000,5917,0.5544617204664526,12.871387527463241,0.017745479127936455,51.485550109852966,0.5547272564949558,0.569836376571022,50000,comm,private,
<SOURCE_VECSTRAIGHT_REPO>/hetzner-results/phase3_vecstraight_clean_msgsource_learned_15seeds_hetzner_20260410/train/cond1_seed606_ep50000.pt,cond1,606,1,9001,greedy,fixed0,none,none,none,regime,competitive,5288,0.0035930408472012103,3.9928139183055977,0.0,15.971255673222391,,,50000,comm,private,
<SOURCE_VECSTRAIGHT_REPO>/hetzner-results/phase3_vecstraight_clean_msgsource_learned_15seeds_hetzner_20260410/train/cond1_seed606_ep50000.pt,cond1,606,1,9001,greedy,fixed0,none,none,none,regime,cooperative,5917,0.9841558222071995,19.746493155315193,0.9383133344600304,78.98597262126077,,,50000,comm,private,
<SOURCE_VECSTRAIGHT_REPO>/hetzner-results/phase3_vecstraight_clean_msgsource_learned_15seeds_hetzner_20260410/train/cond1_seed606_ep50000.pt,cond1,606,1,9001,greedy,fixed0,none,none,none,regime,mixed,18795,0.23939877627028466,6.083639265762171,0.0011705240755520085,24.334557063048685,,,50000,comm,private,
<SOURCE_VECSTRAIGHT_REPO>/hetzner-results/phase3_vecstraight_clean_msgsource_learned_15seeds_hetzner_20260410/train/cond1_seed606_ep50000.pt,cond1,606,1,9001,greedy,fixed0,none,none,none,f_value,0.500,5288,0.0035930408472012103,3.9928139183055977,0.0,15.971255673222391,0.0035930408472012103,,50000,comm,private,
<SOURCE_VECSTRAIGHT_REPO>/hetzner-results/phase3_vecstraight_clean_msgsource_learned_15seeds_hetzner_20260410/train/cond1_seed606_ep50000.pt,cond1,606,1,9001,greedy,fixed0,none,none,none,f_value,1.500,5824,0.017771291208791208,4.035542582417582,0.0,16.14217032967033,0.017771291208791208,,50000,comm,private,
<SOURCE_VECSTRAIGHT_REPO>/hetzner-results/phase3_vecstraight_clean_msgsource_learned_15seeds_hetzner_20260410/train/cond1_seed606_ep50000.pt,cond1,606,1,9001,greedy,fixed0,none,none,none,f_value,2.500,6298,0.19867418228008893,5.192045093680534,0.0,20.768180374722135,0.19867418228008893,,50000,comm,private,
<SOURCE_VECSTRAIGHT_REPO>/hetzner-results/phase3_vecstraight_clean_msgsource_learned_15seeds_hetzner_20260410/train/cond1_seed606_ep50000.pt,cond1,606,1,9001,greedy,fixed0,none,none,none,f_value,3.500,6673,0.4712647984414806,8.712647984414806,0.0032968679754233478,34.850591937659225,0.4712647984414806,,50000,comm,private,
<SOURCE_VECSTRAIGHT_REPO>/hetzner-results/phase3_vecstraight_clean_msgsource_learned_15seeds_hetzner_20260410/train/cond1_seed606_ep50000.pt,cond1,606,1,9001,greedy,fixed0,none,none,none,f_value,5.000,5917,0.9841558222071995,19.746493155315193,0.9383133344600304,78.98597262126077,0.9841558222071995,,50000,comm,private,
<SOURCE_VECSTRAIGHT_REPO>/hetzner-results/phase3_vecstraight_clean_msgsource_learned_15seeds_hetzner_20260410/train/cond1_seed606_ep50000.pt,cond1,606,1,9001,greedy,fixed1,none,none,none,regime,competitive,5288,0.0,4.0,0.0,16.0,,,50000,comm,private,
<SOURCE_VECSTRAIGHT_REPO>/hetzner-results/phase3_vecstraight_clean_msgsource_learned_15seeds_hetzner_20260410/train/cond1_seed606_ep50000.pt,cond1,606,1,9001,greedy,fixed1,none,none,none,regime,cooperative,5917,0.808179820855163,16.93087713368261,0.40848402906878484,67.72350853473044,,,50000,comm,private,
<SOURCE_VECSTRAIGHT_REPO>/hetzner-results/phase3_vecstraight_clean_msgsource_learned_15seeds_hetzner_20260410/train/cond1_seed606_ep50000.pt,cond1,606,1,9001,greedy,fixed1,none,none,none,regime,mixed,18795,0.21594839052939613,5.989225857940942,0.011439212556530992,23.956903431763767,,,50000,comm,private,
<SOURCE_VECSTRAIGHT_REPO>/hetzner-results/phase3_vecstraight_clean_msgsource_learned_15seeds_hetzner_20260410/train/cond1_seed606_ep50000.pt,cond1,606,1,9001,greedy,fixed1,none,none,none,f_value,0.500,5288,0.0,4.0,0.0,16.0,,0.0,50000,comm,private,
<SOURCE_VECSTRAIGHT_REPO>/hetzner-results/phase3_vecstraight_clean_msgsource_learned_15seeds_hetzner_20260410/train/cond1_seed606_ep50000.pt,cond1,606,1,9001,greedy,fixed1,none,none,none,f_value,1.500,5824,0.0018887362637362637,4.003777472527473,0.0,16.01510989010989,,0.0018887362637362637,50000,comm,private,
<SOURCE_VECSTRAIGHT_REPO>/hetzner-results/phase3_vecstraight_clean_msgsource_learned_15seeds_hetzner_20260410/train/cond1_seed606_ep50000.pt,cond1,606,1,9001,greedy,fixed1,none,none,none,f_value,2.500,6298,0.12353127977135599,4.741187678628136,0.0,18.964750714512544,,0.12353127977135599,50000,comm,private,
<SOURCE_VECSTRAIGHT_REPO>/hetzner-results/phase3_vecstraight_clean_msgsource_learned_15seeds_hetzner_20260410/train/cond1_seed606_ep50000.pt,cond1,606,1,9001,greedy,fixed1,none,none,none,f_value,3.500,6673,0.4899970028472951,8.89997002847295,0.0322193915780009,35.5998801138918,,0.4899970028472951,50000,comm,private,
<SOURCE_VECSTRAIGHT_REPO>/hetzner-results/phase3_vecstraight_clean_msgsource_learned_15seeds_hetzner_20260410/train/cond1_seed606_ep50000.pt,cond1,606,1,9001,greedy,fixed1,none,none,none,f_value,5.000,5917,0.808179820855163,16.93087713368261,0.40848402906878484,67.72350853473044,,0.808179820855163,50000,comm,private,
<SOURCE_VECSTRAIGHT_REPO>/hetzner-results/phase3_vecstraight_clean_msgsource_learned_15seeds_hetzner_20260410/train/cond1_seed606_ep50000.pt,cond1,606,1,9001,greedy,indep_random,none,none,none,regime,competitive,5444,0.001331741366642175,3.9973365172667155,0.0,15.989346069066862,,,50000,comm,private,
<SOURCE_VECSTRAIGHT_REPO>/hetzner-results/phase3_vecstraight_clean_msgsource_learned_15seeds_hetzner_20260410/train/cond1_seed606_ep50000.pt,cond1,606,1,9001,greedy,indep_random,none,none,none,regime,cooperative,5829,0.8074712643678161,16.919540229885058,0.42460113226968604,67.67816091954023,,,50000,comm,private,
<SOURCE_VECSTRAIGHT_REPO>/hetzner-results/phase3_vecstraight_clean_msgsource_learned_15seeds_hetzner_20260410/train/cond1_seed606_ep50000.pt,cond1,606,1,9001,greedy,indep_random,none,none,none,regime,mixed,18727,0.23622310033641267,6.039007849628878,0.009237998611630266,24.156031398515513,,,50000,comm,private,
<SOURCE_VECSTRAIGHT_REPO>/hetzner-results/phase3_vecstraight_clean_msgsource_learned_15seeds_hetzner_20260410/train/cond1_seed606_ep50000.pt,cond1,606,1,9001,greedy,indep_random,none,none,none,f_value,0.500,5444,0.001331741366642175,3.9973365172667155,0.0,15.989346069066862,0.0014804631734785596,0.0010008955381130486,50000,comm,private,
<SOURCE_VECSTRAIGHT_REPO>/hetzner-results/phase3_vecstraight_clean_msgsource_learned_15seeds_hetzner_20260410/train/cond1_seed606_ep50000.pt,cond1,606,1,9001,greedy,indep_random,none,none,none,f_value,1.500,5205,0.022142170989433236,4.044284341978867,0.0,16.177137367915467,0.023135397157651207,0.014178940426467355,50000,comm,private,
<SOURCE_VECSTRAIGHT_REPO>/hetzner-results/phase3_vecstraight_clean_msgsource_learned_15seeds_hetzner_20260410/train/cond1_seed606_ep50000.pt,cond1,606,1,9001,greedy,indep_random,none,none,none,f_value,2.500,7182,0.17860623781676413,5.071637426900585,0.0,20.28654970760234,0.1778141596454099,0.17415841977663846,50000,comm,private,
<SOURCE_VECSTRAIGHT_REPO>/hetzner-results/phase3_vecstraight_clean_msgsource_learned_15seeds_hetzner_20260410/train/cond1_seed606_ep50000.pt,cond1,606,1,9001,greedy,indep_random,none,none,none,f_value,3.500,6340,0.47724763406940063,8.772476340694006,0.02728706624605678,35.08990536277602,0.468595975582184,0.4881011515014676,50000,comm,private,
<SOURCE_VECSTRAIGHT_REPO>/hetzner-results/phase3_vecstraight_clean_msgsource_learned_15seeds_hetzner_20260410/train/cond1_seed606_ep50000.pt,cond1,606,1,9001,greedy,indep_random,none,none,none,f_value,5.000,5829,0.8074712643678161,16.919540229885058,0.42460113226968604,67.67816091954023,0.7962706499159166,0.7984326323987538,50000,comm,private,
<SOURCE_VECSTRAIGHT_REPO>/hetzner-results/phase3_vecstraight_clean_msgsource_learned_15seeds_hetzner_20260410/train/cond1_seed606_ep50000.pt,cond1,606,1,9001,greedy,marginal,none,none,none,regime,competitive,5980,0.0015050167224080267,3.996989966555184,0.0,15.987959866220736,,,50000,comm,private,
<SOURCE_VECSTRAIGHT_REPO>/hetzner-results/phase3_vecstraight_clean_msgsource_learned_15seeds_hetzner_20260410/train/cond1_seed606_ep50000.pt,cond1,606,1,9001,greedy,marginal,none,none,none,regime,cooperative,5921,0.8295051511568992,17.272082418510387,0.45701739571018407,69.08832967404155,,,50000,comm,private,
<SOURCE_VECSTRAIGHT_REPO>/hetzner-results/phase3_vecstraight_clean_msgsource_learned_15seeds_hetzner_20260410/train/cond1_seed606_ep50000.pt,cond1,606,1,9001,greedy,marginal,none,none,none,regime,mixed,18099,0.22654566550638155,5.991353113431681,0.010000552516713631,23.965412453726724,,,50000,comm,private,
<SOURCE_VECSTRAIGHT_REPO>/hetzner-results/phase3_vecstraight_clean_msgsource_learned_15seeds_hetzner_20260410/train/cond1_seed606_ep50000.pt,cond1,606,1,9001,greedy,marginal,none,none,none,f_value,0.500,5980,0.0015050167224080267,3.996989966555184,0.0,15.987959866220736,0.001705110595367783,0.0008645533141210375,50000,comm,private,
<SOURCE_VECSTRAIGHT_REPO>/hetzner-results/phase3_vecstraight_clean_msgsource_learned_15seeds_hetzner_20260410/train/cond1_seed606_ep50000.pt,cond1,606,1,9001,greedy,marginal,none,none,none,f_value,1.500,5804,0.021709166092350102,4.0434183321847,0.0,16.1736733287388,0.022707465866176044,0.015448455154484552,50000,comm,private,
<SOURCE_VECSTRAIGHT_REPO>/hetzner-results/phase3_vecstraight_clean_msgsource_learned_15seeds_hetzner_20260410/train/cond1_seed606_ep50000.pt,cond1,606,1,9001,greedy,marginal,none,none,none,f_value,2.500,5884,0.16795547246770903,5.007732834806254,0.0,20.030931339225017,0.1677290457615831,0.16237100553367564,50000,comm,private,
<SOURCE_VECSTRAIGHT_REPO>/hetzner-results/phase3_vecstraight_clean_msgsource_learned_15seeds_hetzner_20260410/train/cond1_seed606_ep50000.pt,cond1,606,1,9001,greedy,marginal,none,none,none,f_value,3.500,6411,0.46576197161129307,8.657619716112931,0.028232725003899548,34.630478864451725,0.4568087027561594,0.47583088612315294,50000,comm,private,
<SOURCE_VECSTRAIGHT_REPO>/hetzner-results/phase3_vecstraight_clean_msgsource_learned_15seeds_hetzner_20260410/train/cond1_seed606_ep50000.pt,cond1,606,1,9001,greedy,marginal,none,none,none,f_value,5.000,5921,0.8295051511568992,17.272082418510387,0.45701739571018407,69.08832967404155,0.8233425220763444,0.8227688902304054,50000,comm,private,
<SOURCE_VECSTRAIGHT_REPO>/hetzner-results/phase3_vecstraight_clean_msgsource_learned_15seeds_hetzner_20260410/train/cond1_seed606_ep50000.pt,cond1,606,1,9001,greedy,none,none,none,none,regime,competitive,5288,9.455370650529501e-05,3.9998108925869893,0.0,15.999243570347957,,,50000,comm,private,
<SOURCE_VECSTRAIGHT_REPO>/hetzner-results/phase3_vecstraight_clean_msgsource_learned_15seeds_hetzner_20260410/train/cond1_seed606_ep50000.pt,cond1,606,1,9001,greedy,none,none,none,none,regime,cooperative,5917,0.8717677877302688,17.9482846036843,0.4997464931553152,71.7931384147372,,,50000,comm,private,
<SOURCE_VECSTRAIGHT_REPO>/hetzner-results/phase3_vecstraight_clean_msgsource_learned_15seeds_hetzner_20260410/train/cond1_seed606_ep50000.pt,cond1,606,1,9001,greedy,none,none,none,none,regime,mixed,18795,0.2200319233838787,5.9065708965150305,0.0035647778664538443,23.626283586060122,,,50000,comm,private,
<SOURCE_VECSTRAIGHT_REPO>/hetzner-results/phase3_vecstraight_clean_msgsource_learned_15seeds_hetzner_20260410/train/cond1_seed606_ep50000.pt,cond1,606,1,9001,greedy,none,none,none,none,f_value,0.500,5288,9.455370650529501e-05,3.9998108925869893,0.0,15.999243570347957,0.00010978756106933085,9.821253191907288e-05,50000,comm,private,
<SOURCE_VECSTRAIGHT_REPO>/hetzner-results/phase3_vecstraight_clean_msgsource_learned_15seeds_hetzner_20260410/train/cond1_seed606_ep50000.pt,cond1,606,1,9001,greedy,none,none,none,none,f_value,1.500,5824,0.022965315934065936,4.045930631868132,0.0,16.18372252747253,0.024377690436084596,0.023233345601766653,50000,comm,private,
<SOURCE_VECSTRAIGHT_REPO>/hetzner-results/phase3_vecstraight_clean_msgsource_learned_15seeds_hetzner_20260410/train/cond1_seed606_ep50000.pt,cond1,606,1,9001,greedy,none,none,none,none,f_value,2.500,6298,0.1766830739917434,5.06009844395046,0.0,20.24039377580184,0.17873073356004063,0.1718295784883721,50000,comm,private,
<SOURCE_VECSTRAIGHT_REPO>/hetzner-results/phase3_vecstraight_clean_msgsource_learned_15seeds_hetzner_20260410/train/cond1_seed606_ep50000.pt,cond1,606,1,9001,greedy,none,none,none,none,f_value,3.500,6673,0.43293870822718417,8.329387082271841,0.01004046156151656,33.317548329087366,0.4301255230125523,0.4331172944788266,50000,comm,private,
<SOURCE_VECSTRAIGHT_REPO>/hetzner-results/phase3_vecstraight_clean_msgsource_learned_15seeds_hetzner_20260410/train/cond1_seed606_ep50000.pt,cond1,606,1,9001,greedy,none,none,none,none,f_value,5.000,5917,0.8717677877302688,17.9482846036843,0.4997464931553152,71.7931384147372,0.8704636666382034,0.9333049449087135,50000,comm,private,
<SOURCE_VECSTRAIGHT_REPO>/hetzner-results/phase3_vecstraight_clean_msgsource_learned_15seeds_hetzner_20260410/train/cond1_seed606_ep50000.pt,cond1,606,1,9001,greedy,permute_slots,none,none,none,regime,competitive,5862,0.0010235414534288639,3.9979529170931425,0.0,15.99181166837257,,,50000,comm,private,
<SOURCE_VECSTRAIGHT_REPO>/hetzner-results/phase3_vecstraight_clean_msgsource_learned_15seeds_hetzner_20260410/train/cond1_seed606_ep50000.pt,cond1,606,1,9001,greedy,permute_slots,none,none,none,regime,cooperative,6068,0.8397330257086355,17.435728411338168,0.4475939353988134,69.74291364535267,,,50000,comm,private,
<SOURCE_VECSTRAIGHT_REPO>/hetzner-results/phase3_vecstraight_clean_msgsource_learned_15seeds_hetzner_20260410/train/cond1_seed606_ep50000.pt,cond1,606,1,9001,greedy,permute_slots,none,none,none,regime,mixed,18070,0.2292612064194798,6.000083010514665,0.007470946319867183,24.00033204205866,,,50000,comm,private,
<SOURCE_VECSTRAIGHT_REPO>/hetzner-results/phase3_vecstraight_clean_msgsource_learned_15seeds_hetzner_20260410/train/cond1_seed606_ep50000.pt,cond1,606,1,9001,greedy,permute_slots,none,none,none,f_value,0.500,5862,0.0010235414534288639,3.9979529170931425,0.0,15.99181166837257,0.001166974618302052,0.0007597086293962551,50000,comm,private,
<SOURCE_VECSTRAIGHT_REPO>/hetzner-results/phase3_vecstraight_clean_msgsource_learned_15seeds_hetzner_20260410/train/cond1_seed606_ep50000.pt,cond1,606,1,9001,greedy,permute_slots,none,none,none,f_value,1.500,5576,0.019682568149210905,4.0393651362984215,0.0,16.157460545193686,0.019714285714285715,0.013677012098895318,50000,comm,private,
<SOURCE_VECSTRAIGHT_REPO>/hetzner-results/phase3_vecstraight_clean_msgsource_learned_15seeds_hetzner_20260410/train/cond1_seed606_ep50000.pt,cond1,606,1,9001,greedy,permute_slots,none,none,none,f_value,2.500,6045,0.18229942100909843,5.09379652605459,0.00016542597187758478,20.37518610421836,0.18204769848068167,0.17764711552363968,50000,comm,private,
<SOURCE_VECSTRAIGHT_REPO>/hetzner-results/phase3_vecstraight_clean_msgsource_learned_15seeds_hetzner_20260410/train/cond1_seed606_ep50000.pt,cond1,606,1,9001,greedy,permute_slots,none,none,none,f_value,3.500,6449,0.4544890680725694,8.544890680725693,0.020778415258179563,34.17956272290277,0.4530827950675279,0.47226247753753403,50000,comm,private,
<SOURCE_VECSTRAIGHT_REPO>/hetzner-results/phase3_vecstraight_clean_msgsource_learned_15seeds_hetzner_20260410/train/cond1_seed606_ep50000.pt,cond1,606,1,9001,greedy,permute_slots,none,none,none,f_value,5.000,6068,0.8397330257086355,17.435728411338168,0.4475939353988134,69.74291364535267,0.8374289535272484,0.8476900615288351,50000,comm,private,
<SOURCE_VECSTRAIGHT_REPO>/hetzner-results/phase3_vecstraight_clean_msgsource_learned_15seeds_hetzner_20260410/train/cond1_seed606_ep50000.pt,cond1,606,1,9001,greedy,public_marginal,none,none,none,regime,competitive,6381,0.001097006738755681,3.9978059865224886,0.0,15.991223946089955,,,50000,comm,private,
<SOURCE_VECSTRAIGHT_REPO>/hetzner-results/phase3_vecstraight_clean_msgsource_learned_15seeds_hetzner_20260410/train/cond1_seed606_ep50000.pt,cond1,606,1,9001,greedy,public_marginal,none,none,none,regime,cooperative,5877,0.8781691339118598,18.050706142589757,0.6384209630763995,72.20282457035903,,,50000,comm,private,
<SOURCE_VECSTRAIGHT_REPO>/hetzner-results/phase3_vecstraight_clean_msgsource_learned_15seeds_hetzner_20260410/train/cond1_seed606_ep50000.pt,cond1,606,1,9001,greedy,public_marginal,none,none,none,regime,mixed,17742,0.2228328260624507,5.966238304587983,0.006819975200090181,23.864953218351932,,,50000,comm,private,
<SOURCE_VECSTRAIGHT_REPO>/hetzner-results/phase3_vecstraight_clean_msgsource_learned_15seeds_hetzner_20260410/train/cond1_seed606_ep50000.pt,cond1,606,1,9001,greedy,public_marginal,none,none,none,f_value,0.500,6381,0.001097006738755681,3.9978059865224886,0.0,15.991223946089955,0.0020582181711261394,0.0,50000,comm,private,
<SOURCE_VECSTRAIGHT_REPO>/hetzner-results/phase3_vecstraight_clean_msgsource_learned_15seeds_hetzner_20260410/train/cond1_seed606_ep50000.pt,cond1,606,1,9001,greedy,public_marginal,none,none,none,f_value,1.500,5647,0.010226669027802372,4.020453338055605,0.0,16.08181335222242,0.017652827721477606,0.0014489953632148378,50000,comm,private,
<SOURCE_VECSTRAIGHT_REPO>/hetzner-results/phase3_vecstraight_clean_msgsource_learned_15seeds_hetzner_20260410/train/cond1_seed606_ep50000.pt,cond1,606,1,9001,greedy,public_marginal,none,none,none,f_value,2.500,6241,0.1677615766704054,5.006569460022432,0.0,20.02627784008973,0.19895958986731002,0.1323931623931624,50000,comm,private,
<SOURCE_VECSTRAIGHT_REPO>/hetzner-results/phase3_vecstraight_clean_msgsource_learned_15seeds_hetzner_20260410/train/cond1_seed606_ep50000.pt,cond1,606,1,9001,greedy,public_marginal,none,none,none,f_value,3.500,5854,0.4866330714041681,8.86633071404168,0.020669627605056373,35.46532285616672,0.4846969696969697,0.48913469068128423,50000,comm,private,
<SOURCE_VECSTRAIGHT_REPO>/hetzner-results/phase3_vecstraight_clean_msgsource_learned_15seeds_hetzner_20260410/train/cond1_seed606_ep50000.pt,cond1,606,1,9001,greedy,public_marginal,none,none,none,f_value,5.000,5877,0.8781691339118598,18.050706142589757,0.6384209630763995,72.20282457035903,0.9795144157814871,0.7488381099922541,50000,comm,private,
<SOURCE_VECSTRAIGHT_REPO>/hetzner-results/phase3_vecstraight_clean_msgsource_learned_15seeds_hetzner_20260410/train/cond1_seed606_ep50000.pt,cond1,606,1,9001,greedy,public_random,none,none,none,regime,competitive,5929,0.0011806375442739079,3.997638724911452,0.0,15.990554899645808,,,50000,comm,private,
<SOURCE_VECSTRAIGHT_REPO>/hetzner-results/phase3_vecstraight_clean_msgsource_learned_15seeds_hetzner_20260410/train/cond1_seed606_ep50000.pt,cond1,606,1,9001,greedy,public_random,none,none,none,regime,cooperative,5836,0.8693882796435916,17.910212474297463,0.6103495544893763,71.64084989718985,,,50000,comm,private,
<SOURCE_VECSTRAIGHT_REPO>/hetzner-results/phase3_vecstraight_clean_msgsource_learned_15seeds_hetzner_20260410/train/cond1_seed606_ep50000.pt,cond1,606,1,9001,greedy,public_random,none,none,none,regime,mixed,18235,0.22075678639978064,5.96194132163422,0.006854949273375377,23.84776528653688,,,50000,comm,private,
<SOURCE_VECSTRAIGHT_REPO>/hetzner-results/phase3_vecstraight_clean_msgsource_learned_15seeds_hetzner_20260410/train/cond1_seed606_ep50000.pt,cond1,606,1,9001,greedy,public_random,none,none,none,f_value,0.500,5929,0.0011806375442739079,3.997638724911452,0.0,15.990554899645808,0.0022873602168756355,8.3948959032908e-05,50000,comm,private,
<SOURCE_VECSTRAIGHT_REPO>/hetzner-results/phase3_vecstraight_clean_msgsource_learned_15seeds_hetzner_20260410/train/cond1_seed606_ep50000.pt,cond1,606,1,9001,greedy,public_random,none,none,none,f_value,1.500,5872,0.008302111716621253,4.016604223433243,0.0,16.06641689373297,0.01497107859816264,0.0016195022161609274,50000,comm,private,
<SOURCE_VECSTRAIGHT_REPO>/hetzner-results/phase3_vecstraight_clean_msgsource_learned_15seeds_hetzner_20260410/train/cond1_seed606_ep50000.pt,cond1,606,1,9001,greedy,public_random,none,none,none,f_value,2.500,6262,0.1632465665921431,4.979479399552859,0.0,19.917917598211435,0.1965363838576422,0.1296147672552167,50000,comm,private,
<SOURCE_VECSTRAIGHT_REPO>/hetzner-results/phase3_vecstraight_clean_msgsource_learned_15seeds_hetzner_20260410/train/cond1_seed606_ep50000.pt,cond1,606,1,9001,greedy,public_random,none,none,none,f_value,3.500,6101,0.48426487461071954,8.842648746107196,0.02048844451729225,35.370594984428784,0.4890660966787241,0.4794934640522876,50000,comm,private,
<SOURCE_VECSTRAIGHT_REPO>/hetzner-results/phase3_vecstraight_clean_msgsource_learned_15seeds_hetzner_20260410/train/cond1_seed606_ep50000.pt,cond1,606,1,9001,greedy,public_random,none,none,none,f_value,5.000,5836,0.8693882796435916,17.910212474297463,0.6103495544893763,71.64084989718985,0.9772727272727273,0.7592624653739612,50000,comm,private,
<SOURCE_VECSTRAIGHT_REPO>/hetzner-results/phase3_vecstraight_clean_msgsource_learned_15seeds_hetzner_20260410/train/cond1_seed606_ep50000.pt,cond1,606,1,9001,greedy,sender_shuffle,none,none,none,regime,competitive,5288,0.0015128593040847202,3.9969742813918305,0.0,15.987897125567322,,,50000,comm,private,
<SOURCE_VECSTRAIGHT_REPO>/hetzner-results/phase3_vecstraight_clean_msgsource_learned_15seeds_hetzner_20260410/train/cond1_seed606_ep50000.pt,cond1,606,1,9001,greedy,sender_shuffle,none,none,none,regime,cooperative,5917,0.8452763224607064,17.524421159371304,0.47912793645428425,70.09768463748522,,,50000,comm,private,
<SOURCE_VECSTRAIGHT_REPO>/hetzner-results/phase3_vecstraight_clean_msgsource_learned_15seeds_hetzner_20260410/train/cond1_seed606_ep50000.pt,cond1,606,1,9001,greedy,sender_shuffle,none,none,none,regime,mixed,18795,0.21682628358606013,5.932455440276669,0.00856610800744879,23.729821761106678,,,50000,comm,private,
<SOURCE_VECSTRAIGHT_REPO>/hetzner-results/phase3_vecstraight_clean_msgsource_learned_15seeds_hetzner_20260410/train/cond1_seed606_ep50000.pt,cond1,606,1,9001,greedy,sender_shuffle,none,none,none,f_value,0.500,5288,0.0015128593040847202,3.9969742813918305,0.0,15.987897125567322,0.001643300980845273,0.0009127210496292071,50000,comm,private,
<SOURCE_VECSTRAIGHT_REPO>/hetzner-results/phase3_vecstraight_clean_msgsource_learned_15seeds_hetzner_20260410/train/cond1_seed606_ep50000.pt,cond1,606,1,9001,greedy,sender_shuffle,none,none,none,f_value,1.500,5824,0.016526442307692308,4.033052884615385,0.0,16.13221153846154,0.017213305419865085,0.009550007785332434,50000,comm,private,
<SOURCE_VECSTRAIGHT_REPO>/hetzner-results/phase3_vecstraight_clean_msgsource_learned_15seeds_hetzner_20260410/train/cond1_seed606_ep50000.pt,cond1,606,1,9001,greedy,sender_shuffle,none,none,none,f_value,2.500,6298,0.1453636074944427,4.872181644966656,0.00015878056525881233,19.488726579866626,0.14390684083877622,0.14008189696219409,50000,comm,private,
<SOURCE_VECSTRAIGHT_REPO>/hetzner-results/phase3_vecstraight_clean_msgsource_learned_15seeds_hetzner_20260410/train/cond1_seed606_ep50000.pt,cond1,606,1,9001,greedy,sender_shuffle,none,none,none,f_value,3.500,6673,0.4590888655777012,8.590888655777011,0.02397722163944253,34.363554623108044,0.45555195068537596,0.47821203953279423,50000,comm,private,
<SOURCE_VECSTRAIGHT_REPO>/hetzner-results/phase3_vecstraight_clean_msgsource_learned_15seeds_hetzner_20260410/train/cond1_seed606_ep50000.pt,cond1,606,1,9001,greedy,sender_shuffle,none,none,none,f_value,5.000,5917,0.8452763224607064,17.524421159371304,0.47912793645428425,70.09768463748522,0.841210348295091,0.8437325197050598,50000,comm,private,
<SOURCE_VECSTRAIGHT_REPO>/hetzner-results/phase3_vecstraight_clean_msgsource_learned_15seeds_hetzner_20260410/train/cond1_seed606_ep50000.pt,cond1,606,1,9001,greedy,zeros,none,none,none,regime,competitive,5288,0.0012291981845688352,3.997541603630862,0.0,15.990166414523449,,,50000,comm,private,
<SOURCE_VECSTRAIGHT_REPO>/hetzner-results/phase3_vecstraight_clean_msgsource_learned_15seeds_hetzner_20260410/train/cond1_seed606_ep50000.pt,cond1,606,1,9001,greedy,zeros,none,none,none,regime,cooperative,5917,0.9123711340206185,18.5979381443299,0.6665539969579178,74.3917525773196,,,50000,comm,private,
<SOURCE_VECSTRAIGHT_REPO>/hetzner-results/phase3_vecstraight_clean_msgsource_learned_15seeds_hetzner_20260410/train/cond1_seed606_ep50000.pt,cond1,606,1,9001,greedy,zeros,none,none,none,regime,mixed,18795,0.32776004256451186,6.762569832402234,0.025804735301942005,27.050279329608937,,,50000,comm,private,
<SOURCE_VECSTRAIGHT_REPO>/hetzner-results/phase3_vecstraight_clean_msgsource_learned_15seeds_hetzner_20260410/train/cond1_seed606_ep50000.pt,cond1,606,1,9001,greedy,zeros,none,none,none,f_value,0.500,5288,0.0012291981845688352,3.997541603630862,0.0,15.990166414523449,0.0008258092931072451,0.001277829655477466,50000,comm,private,
<SOURCE_VECSTRAIGHT_REPO>/hetzner-results/phase3_vecstraight_clean_msgsource_learned_15seeds_hetzner_20260410/train/cond1_seed606_ep50000.pt,cond1,606,1,9001,greedy,zeros,none,none,none,f_value,1.500,5824,0.03601476648351648,4.072029532967033,0.0,16.28811813186813,0.034439311213775727,0.03806975543350702,50000,comm,private,
<SOURCE_VECSTRAIGHT_REPO>/hetzner-results/phase3_vecstraight_clean_msgsource_learned_15seeds_hetzner_20260410/train/cond1_seed606_ep50000.pt,cond1,606,1,9001,greedy,zeros,none,none,none,f_value,2.500,6298,0.31764052080025407,5.905843124801525,0.000476341695776437,23.6233724992061,0.31812357925191154,0.3300862936100376,50000,comm,private,
<SOURCE_VECSTRAIGHT_REPO>/hetzner-results/phase3_vecstraight_clean_msgsource_learned_15seeds_hetzner_20260410/train/cond1_seed606_ep50000.pt,cond1,606,1,9001,greedy,zeros,none,none,none,f_value,3.500,6673,0.5919376592237374,9.919376592237375,0.07223138018882062,39.6775063689495,0.5917693000901172,0.5691823899371069,50000,comm,private,
<SOURCE_VECSTRAIGHT_REPO>/hetzner-results/phase3_vecstraight_clean_msgsource_learned_15seeds_hetzner_20260410/train/cond1_seed606_ep50000.pt,cond1,606,1,9001,greedy,zeros,none,none,none,f_value,5.000,5917,0.9123711340206185,18.5979381443299,0.6665539969579178,74.3917525773196,0.9116958317367054,0.9611640098427303,50000,comm,private,
<SOURCE_VECSTRAIGHT_REPO>/hetzner-results/phase3_vecstraight_clean_msgsource_learned_15seeds_hetzner_20260410/train/cond1_seed707_ep50000.pt,cond1,707,1,9001,greedy,fixed0,none,none,none,regime,competitive,5288,4.7276853252647505e-05,3.9999054462934946,0.0,15.999621785173979,,,50000,comm,private,
<SOURCE_VECSTRAIGHT_REPO>/hetzner-results/phase3_vecstraight_clean_msgsource_learned_15seeds_hetzner_20260410/train/cond1_seed707_ep50000.pt,cond1,707,1,9001,greedy,fixed0,none,none,none,regime,cooperative,5917,0.5114500591515971,12.183200946425554,0.025857698157850263,48.73280378570222,,,50000,comm,private,
<SOURCE_VECSTRAIGHT_REPO>/hetzner-results/phase3_vecstraight_clean_msgsource_learned_15seeds_hetzner_20260410/train/cond1_seed707_ep50000.pt,cond1,707,1,9001,greedy,fixed0,none,none,none,regime,mixed,18795,0.24616919393455705,6.307395583931897,0.0052141527001862194,25.22958233572759,,,50000,comm,private,
<SOURCE_VECSTRAIGHT_REPO>/hetzner-results/phase3_vecstraight_clean_msgsource_learned_15seeds_hetzner_20260410/train/cond1_seed707_ep50000.pt,cond1,707,1,9001,greedy,fixed0,none,none,none,f_value,0.500,5288,4.7276853252647505e-05,3.9999054462934946,0.0,15.999621785173979,4.7276853252647505e-05,,50000,comm,private,
<SOURCE_VECSTRAIGHT_REPO>/hetzner-results/phase3_vecstraight_clean_msgsource_learned_15seeds_hetzner_20260410/train/cond1_seed707_ep50000.pt,cond1,707,1,9001,greedy,fixed0,none,none,none,f_value,1.500,5824,0.0027472527472527475,4.0054945054945055,0.0,16.021978021978022,0.0027472527472527475,,50000,comm,private,
<SOURCE_VECSTRAIGHT_REPO>/hetzner-results/phase3_vecstraight_clean_msgsource_learned_15seeds_hetzner_20260410/train/cond1_seed707_ep50000.pt,cond1,707,1,9001,greedy,fixed0,none,none,none,f_value,2.500,6298,0.11003493172435694,4.660209590346142,0.0,18.640838361384567,0.11003493172435694,,50000,comm,private,
<SOURCE_VECSTRAIGHT_REPO>/hetzner-results/phase3_vecstraight_clean_msgsource_learned_15seeds_hetzner_20260410/train/cond1_seed707_ep50000.pt,cond1,707,1,9001,greedy,fixed0,none,none,none,f_value,3.500,6673,0.5871047504870374,9.871047504870374,0.014686048254158549,39.484190019481495,0.5871047504870374,,50000,comm,private,
<SOURCE_VECSTRAIGHT_REPO>/hetzner-results/phase3_vecstraight_clean_msgsource_learned_15seeds_hetzner_20260410/train/cond1_seed707_ep50000.pt,cond1,707,1,9001,greedy,fixed0,none,none,none,f_value,5.000,5917,0.5114500591515971,12.183200946425554,0.025857698157850263,48.73280378570222,0.5114500591515971,,50000,comm,private,
<SOURCE_VECSTRAIGHT_REPO>/hetzner-results/phase3_vecstraight_clean_msgsource_learned_15seeds_hetzner_20260410/train/cond1_seed707_ep50000.pt,cond1,707,1,9001,greedy,fixed1,none,none,none,regime,competitive,5288,0.0006145990922844176,3.9987708018154313,0.0,15.995083207261725,,,50000,comm,private,
<SOURCE_VECSTRAIGHT_REPO>/hetzner-results/phase3_vecstraight_clean_msgsource_learned_15seeds_hetzner_20260410/train/cond1_seed707_ep50000.pt,cond1,707,1,9001,greedy,fixed1,none,none,none,regime,cooperative,5917,0.7380429271590333,15.808686834544533,0.0,63.23474733817813,,,50000,comm,private,
<SOURCE_VECSTRAIGHT_REPO>/hetzner-results/phase3_vecstraight_clean_msgsource_learned_15seeds_hetzner_20260410/train/cond1_seed707_ep50000.pt,cond1,707,1,9001,greedy,fixed1,none,none,none,regime,mixed,18795,0.22756052141527003,6.00462889066241,0.0,24.01851556264964,,,50000,comm,private,
<SOURCE_VECSTRAIGHT_REPO>/hetzner-results/phase3_vecstraight_clean_msgsource_learned_15seeds_hetzner_20260410/train/cond1_seed707_ep50000.pt,cond1,707,1,9001,greedy,fixed1,none,none,none,f_value,0.500,5288,0.0006145990922844176,3.9987708018154313,0.0,15.995083207261725,,0.0006145990922844176,50000,comm,private,
<SOURCE_VECSTRAIGHT_REPO>/hetzner-results/phase3_vecstraight_clean_msgsource_learned_15seeds_hetzner_20260410/train/cond1_seed707_ep50000.pt,cond1,707,1,9001,greedy,fixed1,none,none,none,f_value,1.500,5824,0.008671016483516484,4.017342032967033,0.0,16.06936813186813,,0.008671016483516484,50000,comm,private,
<SOURCE_VECSTRAIGHT_REPO>/hetzner-results/phase3_vecstraight_clean_msgsource_learned_15seeds_hetzner_20260410/train/cond1_seed707_ep50000.pt,cond1,707,1,9001,greedy,fixed1,none,none,none,f_value,2.500,6298,0.18613051762464275,5.1167831057478566,0.0,20.467132422991426,,0.18613051762464275,50000,comm,private,
<SOURCE_VECSTRAIGHT_REPO>/hetzner-results/phase3_vecstraight_clean_msgsource_learned_15seeds_hetzner_20260410/train/cond1_seed707_ep50000.pt,cond1,707,1,9001,greedy,fixed1,none,none,none,f_value,3.500,6673,0.4577026824516709,8.57702682451671,0.0,34.30810729806684,,0.4577026824516709,50000,comm,private,
<SOURCE_VECSTRAIGHT_REPO>/hetzner-results/phase3_vecstraight_clean_msgsource_learned_15seeds_hetzner_20260410/train/cond1_seed707_ep50000.pt,cond1,707,1,9001,greedy,fixed1,none,none,none,f_value,5.000,5917,0.7380429271590333,15.808686834544533,0.0,63.23474733817813,,0.7380429271590333,50000,comm,private,
<SOURCE_VECSTRAIGHT_REPO>/hetzner-results/phase3_vecstraight_clean_msgsource_learned_15seeds_hetzner_20260410/train/cond1_seed707_ep50000.pt,cond1,707,1,9001,greedy,indep_random,none,none,none,regime,competitive,5444,0.003352314474650992,3.993295371050698,0.0,15.973181484202792,,,50000,comm,private,
<SOURCE_VECSTRAIGHT_REPO>/hetzner-results/phase3_vecstraight_clean_msgsource_learned_15seeds_hetzner_20260410/train/cond1_seed707_ep50000.pt,cond1,707,1,9001,greedy,indep_random,none,none,none,regime,cooperative,5829,0.6971178589809572,15.153885743695316,0.033281866529421854,60.61554297478126,,,50000,comm,private,
<SOURCE_VECSTRAIGHT_REPO>/hetzner-results/phase3_vecstraight_clean_msgsource_learned_15seeds_hetzner_20260410/train/cond1_seed707_ep50000.pt,cond1,707,1,9001,greedy,indep_random,none,none,none,regime,mixed,18727,0.2773268542745768,6.400384471618518,0.015111870561221765,25.601537886474073,,,50000,comm,private,
<SOURCE_VECSTRAIGHT_REPO>/hetzner-results/phase3_vecstraight_clean_msgsource_learned_15seeds_hetzner_20260410/train/cond1_seed707_ep50000.pt,cond1,707,1,9001,greedy,indep_random,none,none,none,f_value,0.500,5444,0.003352314474650992,3.993295371050698,0.0,15.973181484202792,0.003542536879395125,0.0037401885897908656,50000,comm,private,
<SOURCE_VECSTRAIGHT_REPO>/hetzner-results/phase3_vecstraight_clean_msgsource_learned_15seeds_hetzner_20260410/train/cond1_seed707_ep50000.pt,cond1,707,1,9001,greedy,indep_random,none,none,none,f_value,1.500,5205,0.02824207492795389,4.056484149855907,0.0,16.22593659942363,0.028974330726010796,0.03110573752473071,50000,comm,private,
<SOURCE_VECSTRAIGHT_REPO>/hetzner-results/phase3_vecstraight_clean_msgsource_learned_15seeds_hetzner_20260410/train/cond1_seed707_ep50000.pt,cond1,707,1,9001,greedy,indep_random,none,none,none,f_value,2.500,7182,0.20213728766360345,5.212823725981621,0.0004177109440267335,20.851294903926483,0.1957433214870423,0.20551647390803227,50000,comm,private,
<SOURCE_VECSTRAIGHT_REPO>/hetzner-results/phase3_vecstraight_clean_msgsource_learned_15seeds_hetzner_20260410/train/cond1_seed707_ep50000.pt,cond1,707,1,9001,greedy,indep_random,none,none,none,f_value,3.500,6340,0.5669952681388013,9.669952681388013,0.04416403785488959,38.67981072555205,0.5785213655889667,0.5509595845563332,50000,comm,private,
<SOURCE_VECSTRAIGHT_REPO>/hetzner-results/phase3_vecstraight_clean_msgsource_learned_15seeds_hetzner_20260410/train/cond1_seed707_ep50000.pt,cond1,707,1,9001,greedy,indep_random,none,none,none,f_value,5.000,5829,0.6971178589809572,15.153885743695316,0.033281866529421854,60.61554297478126,0.7039766544663172,0.7020054517133957,50000,comm,private,
<SOURCE_VECSTRAIGHT_REPO>/hetzner-results/phase3_vecstraight_clean_msgsource_learned_15seeds_hetzner_20260410/train/cond1_seed707_ep50000.pt,cond1,707,1,9001,greedy,marginal,none,none,none,regime,competitive,5980,0.0038879598662207356,3.9922240802675586,0.0,15.968896321070234,,,50000,comm,private,
<SOURCE_VECSTRAIGHT_REPO>/hetzner-results/phase3_vecstraight_clean_msgsource_learned_15seeds_hetzner_20260410/train/cond1_seed707_ep50000.pt,cond1,707,1,9001,greedy,marginal,none,none,none,regime,cooperative,5921,0.6862438777233575,14.97990204357372,0.0415470359736531,59.91960817429488,,,50000,comm,private,
<SOURCE_VECSTRAIGHT_REPO>/hetzner-results/phase3_vecstraight_clean_msgsource_learned_15seeds_hetzner_20260410/train/cond1_seed707_ep50000.pt,cond1,707,1,9001,greedy,marginal,none,none,none,regime,mixed,18099,0.28002928338582245,6.4503839991159735,0.01701751477982209,25.801535996463894,,,50000,comm,private,
<SOURCE_VECSTRAIGHT_REPO>/hetzner-results/phase3_vecstraight_clean_msgsource_learned_15seeds_hetzner_20260410/train/cond1_seed707_ep50000.pt,cond1,707,1,9001,greedy,marginal,none,none,none,f_value,0.500,5980,0.0038879598662207356,3.9922240802675586,0.0,15.968896321070234,0.004289062889631439,0.004185832566697332,50000,comm,private,
<SOURCE_VECSTRAIGHT_REPO>/hetzner-results/phase3_vecstraight_clean_msgsource_learned_15seeds_hetzner_20260410/train/cond1_seed707_ep50000.pt,cond1,707,1,9001,greedy,marginal,none,none,none,f_value,1.500,5804,0.030883873190902824,4.061767746381806,0.0,16.247070985527223,0.0323265813604103,0.033122283122283123,50000,comm,private,
<SOURCE_VECSTRAIGHT_REPO>/hetzner-results/phase3_vecstraight_clean_msgsource_learned_15seeds_hetzner_20260410/train/cond1_seed707_ep50000.pt,cond1,707,1,9001,greedy,marginal,none,none,none,f_value,2.500,5884,0.2081492182188987,5.248895309313392,0.0,20.995581237253568,0.1966676584349896,0.2095697856027261,50000,comm,private,
<SOURCE_VECSTRAIGHT_REPO>/hetzner-results/phase3_vecstraight_clean_msgsource_learned_15seeds_hetzner_20260410/train/cond1_seed707_ep50000.pt,cond1,707,1,9001,greedy,marginal,none,none,none,f_value,3.500,6411,0.5715566994228669,9.71556699422867,0.0480424270784589,38.86226797691468,0.5783368273934312,0.5599160275909344,50000,comm,private,
<SOURCE_VECSTRAIGHT_REPO>/hetzner-results/phase3_vecstraight_clean_msgsource_learned_15seeds_hetzner_20260410/train/cond1_seed707_ep50000.pt,cond1,707,1,9001,greedy,marginal,none,none,none,f_value,5.000,5921,0.6862438777233575,14.97990204357372,0.0415470359736531,59.91960817429488,0.6833135156559651,0.6904661710384813,50000,comm,private,
<SOURCE_VECSTRAIGHT_REPO>/hetzner-results/phase3_vecstraight_clean_msgsource_learned_15seeds_hetzner_20260410/train/cond1_seed707_ep50000.pt,cond1,707,1,9001,greedy,none,none,none,none,regime,competitive,5288,0.00529500756429652,3.989409984871407,0.0,15.957639939485627,,,50000,comm,private,
<SOURCE_VECSTRAIGHT_REPO>/hetzner-results/phase3_vecstraight_clean_msgsource_learned_15seeds_hetzner_20260410/train/cond1_seed707_ep50000.pt,cond1,707,1,9001,greedy,none,none,none,none,regime,cooperative,5917,0.7142132837586614,15.427412540138583,0.14044279195538278,61.70965016055433,,,50000,comm,private,
<SOURCE_VECSTRAIGHT_REPO>/hetzner-results/phase3_vecstraight_clean_msgsource_learned_15seeds_hetzner_20260410/train/cond1_seed707_ep50000.pt,cond1,707,1,9001,greedy,none,none,none,none,regime,mixed,18795,0.26960627826549616,6.357621707901037,0.012450119712689545,25.43048683160415,,,50000,comm,private,
<SOURCE_VECSTRAIGHT_REPO>/hetzner-results/phase3_vecstraight_clean_msgsource_learned_15seeds_hetzner_20260410/train/cond1_seed707_ep50000.pt,cond1,707,1,9001,greedy,none,none,none,none,f_value,0.500,5288,0.00529500756429652,3.989409984871407,0.0,15.957639939485627,0.007155289112357377,0.005455696819133908,50000,comm,private,
<SOURCE_VECSTRAIGHT_REPO>/hetzner-results/phase3_vecstraight_clean_msgsource_learned_15seeds_hetzner_20260410/train/cond1_seed707_ep50000.pt,cond1,707,1,9001,greedy,none,none,none,none,f_value,1.500,5824,0.02262190934065934,4.045243818681318,0.0,16.180975274725274,0.02599139434818002,0.02323083120719753,50000,comm,private,
<SOURCE_VECSTRAIGHT_REPO>/hetzner-results/phase3_vecstraight_clean_msgsource_learned_15seeds_hetzner_20260410/train/cond1_seed707_ep50000.pt,cond1,707,1,9001,greedy,none,none,none,none,f_value,2.500,6298,0.21066211495712925,5.263972689742776,0.0,21.055890758971103,0.19338313767342583,0.2141077750098335,50000,comm,private,
<SOURCE_VECSTRAIGHT_REPO>/hetzner-results/phase3_vecstraight_clean_msgsource_learned_15seeds_hetzner_20260410/train/cond1_seed707_ep50000.pt,cond1,707,1,9001,greedy,none,none,none,none,f_value,3.500,6673,0.5407987411958639,9.40798741195864,0.0350666866476847,37.63194964783456,0.4449809638777974,0.5393504531722054,50000,comm,private,
<SOURCE_VECSTRAIGHT_REPO>/hetzner-results/phase3_vecstraight_clean_msgsource_learned_15seeds_hetzner_20260410/train/cond1_seed707_ep50000.pt,cond1,707,1,9001,greedy,none,none,none,none,f_value,5.000,5917,0.7142132837586614,15.427412540138583,0.14044279195538278,61.70965016055433,0.701545725867522,0.7090126909012691,50000,comm,private,
<SOURCE_VECSTRAIGHT_REPO>/hetzner-results/phase3_vecstraight_clean_msgsource_learned_15seeds_hetzner_20260410/train/cond1_seed707_ep50000.pt,cond1,707,1,9001,greedy,permute_slots,none,none,none,regime,competitive,5862,0.0028573865574889118,3.994285226885022,0.0,15.977140907540088,,,50000,comm,private,
<SOURCE_VECSTRAIGHT_REPO>/hetzner-results/phase3_vecstraight_clean_msgsource_learned_15seeds_hetzner_20260410/train/cond1_seed707_ep50000.pt,cond1,707,1,9001,greedy,permute_slots,none,none,none,regime,cooperative,6068,0.7218605800922874,15.549769281476598,0.03361898483849703,62.19907712590639,,,50000,comm,private,
<SOURCE_VECSTRAIGHT_REPO>/hetzner-results/phase3_vecstraight_clean_msgsource_learned_15seeds_hetzner_20260410/train/cond1_seed707_ep50000.pt,cond1,707,1,9001,greedy,permute_slots,none,none,none,regime,mixed,18070,0.25611510791366904,6.2131156613171,0.0051466519092418376,24.8524626452684,,,50000,comm,private,
<SOURCE_VECSTRAIGHT_REPO>/hetzner-results/phase3_vecstraight_clean_msgsource_learned_15seeds_hetzner_20260410/train/cond1_seed707_ep50000.pt,cond1,707,1,9001,greedy,permute_slots,none,none,none,f_value,0.500,5862,0.0028573865574889118,3.994285226885022,0.0,15.977140907540088,0.003764890986738593,0.0028862553024008395,50000,comm,private,
<SOURCE_VECSTRAIGHT_REPO>/hetzner-results/phase3_vecstraight_clean_msgsource_learned_15seeds_hetzner_20260410/train/cond1_seed707_ep50000.pt,cond1,707,1,9001,greedy,permute_slots,none,none,none,f_value,1.500,5576,0.026318149210903873,4.052636298421808,0.0,16.21054519368723,0.031999531999532,0.026495327102803737,50000,comm,private,
<SOURCE_VECSTRAIGHT_REPO>/hetzner-results/phase3_vecstraight_clean_msgsource_learned_15seeds_hetzner_20260410/train/cond1_seed707_ep50000.pt,cond1,707,1,9001,greedy,permute_slots,none,none,none,f_value,2.500,6045,0.21153846153846154,5.269230769230769,0.00016542597187758478,21.076923076923077,0.20189623853617475,0.21086568802304842,50000,comm,private,
<SOURCE_VECSTRAIGHT_REPO>/hetzner-results/phase3_vecstraight_clean_msgsource_learned_15seeds_hetzner_20260410/train/cond1_seed707_ep50000.pt,cond1,707,1,9001,greedy,permute_slots,none,none,none,f_value,3.500,6449,0.49658861839044816,8.965886183904482,0.014265777639944178,35.86354473561793,0.4965327872667194,0.4927519011406844,50000,comm,private,
<SOURCE_VECSTRAIGHT_REPO>/hetzner-results/phase3_vecstraight_clean_msgsource_learned_15seeds_hetzner_20260410/train/cond1_seed707_ep50000.pt,cond1,707,1,9001,greedy,permute_slots,none,none,none,f_value,5.000,6068,0.7218605800922874,15.549769281476598,0.03361898483849703,62.19907712590639,0.7335251046025104,0.7219781130824076,50000,comm,private,
<SOURCE_VECSTRAIGHT_REPO>/hetzner-results/phase3_vecstraight_clean_msgsource_learned_15seeds_hetzner_20260410/train/cond1_seed707_ep50000.pt,cond1,707,1,9001,greedy,public_marginal,none,none,none,regime,competitive,6381,0.0005876821814762576,3.9988246356370474,0.0,15.99529854254819,,,50000,comm,private,
<SOURCE_VECSTRAIGHT_REPO>/hetzner-results/phase3_vecstraight_clean_msgsource_learned_15seeds_hetzner_20260410/train/cond1_seed707_ep50000.pt,cond1,707,1,9001,greedy,public_marginal,none,none,none,regime,cooperative,5877,0.61596052407691,13.85536838523056,0.0074868129998298455,55.42147354092224,,,50000,comm,private,
<SOURCE_VECSTRAIGHT_REPO>/hetzner-results/phase3_vecstraight_clean_msgsource_learned_15seeds_hetzner_20260410/train/cond1_seed707_ep50000.pt,cond1,707,1,9001,greedy,public_marginal,none,none,none,regime,mixed,17742,0.21478694622928643,5.965082854244167,0.0012963589223311915,23.860331416976667,,,50000,comm,private,
<SOURCE_VECSTRAIGHT_REPO>/hetzner-results/phase3_vecstraight_clean_msgsource_learned_15seeds_hetzner_20260410/train/cond1_seed707_ep50000.pt,cond1,707,1,9001,greedy,public_marginal,none,none,none,f_value,0.500,6381,0.0005876821814762576,3.9988246356370474,0.0,15.99529854254819,0.00017562346329469617,0.0009196378041878891,50000,comm,private,
<SOURCE_VECSTRAIGHT_REPO>/hetzner-results/phase3_vecstraight_clean_msgsource_learned_15seeds_hetzner_20260410/train/cond1_seed707_ep50000.pt,cond1,707,1,9001,greedy,public_marginal,none,none,none,f_value,1.500,5647,0.004648485921728352,4.009296971843456,0.0,16.037187887373825,0.00351288056206089,0.005591572123176661,50000,comm,private,
<SOURCE_VECSTRAIGHT_REPO>/hetzner-results/phase3_vecstraight_clean_msgsource_learned_15seeds_hetzner_20260410/train/cond1_seed707_ep50000.pt,cond1,707,1,9001,greedy,public_marginal,none,none,none,f_value,2.500,6241,0.12149495273193399,4.728969716391604,0.0,18.915878865566416,0.11515513126491647,0.1271160822249093,50000,comm,private,
<SOURCE_VECSTRAIGHT_REPO>/hetzner-results/phase3_vecstraight_clean_msgsource_learned_15seeds_hetzner_20260410/train/cond1_seed707_ep50000.pt,cond1,707,1,9001,greedy,public_marginal,none,none,none,f_value,3.500,5854,0.5169542193372053,9.169542193372052,0.003928937478647079,36.67816877348821,0.5713452566096423,0.47432967702620354,50000,comm,private,
<SOURCE_VECSTRAIGHT_REPO>/hetzner-results/phase3_vecstraight_clean_msgsource_learned_15seeds_hetzner_20260410/train/cond1_seed707_ep50000.pt,cond1,707,1,9001,greedy,public_marginal,none,none,none,f_value,5.000,5877,0.61596052407691,13.85536838523056,0.0074868129998298455,55.42147354092224,0.4746023138105568,0.7416425586628094,50000,comm,private,
<SOURCE_VECSTRAIGHT_REPO>/hetzner-results/phase3_vecstraight_clean_msgsource_learned_15seeds_hetzner_20260410/train/cond1_seed707_ep50000.pt,cond1,707,1,9001,greedy,public_random,none,none,none,regime,competitive,5929,4.2165626581210996e-05,3.9999156687468376,0.0,15.99966267498735,,,50000,comm,private,
<SOURCE_VECSTRAIGHT_REPO>/hetzner-results/phase3_vecstraight_clean_msgsource_learned_15seeds_hetzner_20260410/train/cond1_seed707_ep50000.pt,cond1,707,1,9001,greedy,public_random,none,none,none,regime,cooperative,5836,0.6109492803289924,13.775188485263879,0.009424263193968472,55.100753941055515,,,50000,comm,private,
<SOURCE_VECSTRAIGHT_REPO>/hetzner-results/phase3_vecstraight_clean_msgsource_learned_15seeds_hetzner_20260410/train/cond1_seed707_ep50000.pt,cond1,707,1,9001,greedy,public_random,none,none,none,regime,mixed,18235,0.21838497395119277,6.003427474636688,0.0010419522895530574,24.01370989854675,,,50000,comm,private,
<SOURCE_VECSTRAIGHT_REPO>/hetzner-results/phase3_vecstraight_clean_msgsource_learned_15seeds_hetzner_20260410/train/cond1_seed707_ep50000.pt,cond1,707,1,9001,greedy,public_random,none,none,none,f_value,0.500,5929,4.2165626581210996e-05,3.9999156687468376,0.0,15.99966267498735,0.0,8.3948959032908e-05,50000,comm,private,
<SOURCE_VECSTRAIGHT_REPO>/hetzner-results/phase3_vecstraight_clean_msgsource_learned_15seeds_hetzner_20260410/train/cond1_seed707_ep50000.pt,cond1,707,1,9001,greedy,public_random,none,none,none,f_value,1.500,5872,0.004555517711171662,4.009111035422343,0.0,16.036444141689373,0.0022966995576726777,0.006818956699624957,50000,comm,private,
<SOURCE_VECSTRAIGHT_REPO>/hetzner-results/phase3_vecstraight_clean_msgsource_learned_15seeds_hetzner_20260410/train/cond1_seed707_ep50000.pt,cond1,707,1,9001,greedy,public_random,none,none,none,f_value,2.500,6262,0.12280421590546152,4.736825295432769,0.0,18.947301181731078,0.11773117254528122,0.12792937399678972,50000,comm,private,
<SOURCE_VECSTRAIGHT_REPO>/hetzner-results/phase3_vecstraight_clean_msgsource_learned_15seeds_hetzner_20260410/train/cond1_seed707_ep50000.pt,cond1,707,1,9001,greedy,public_random,none,none,none,f_value,3.500,6101,0.522291427634814,9.22291427634814,0.0031142435666284217,36.89165710539256,0.570782637290365,0.47410130718954246,50000,comm,private,
<SOURCE_VECSTRAIGHT_REPO>/hetzner-results/phase3_vecstraight_clean_msgsource_learned_15seeds_hetzner_20260410/train/cond1_seed707_ep50000.pt,cond1,707,1,9001,greedy,public_random,none,none,none,f_value,5.000,5836,0.6109492803289924,13.775188485263879,0.009424263193968472,55.100753941055515,0.4832089552238806,0.7413434903047091,50000,comm,private,
<SOURCE_VECSTRAIGHT_REPO>/hetzner-results/phase3_vecstraight_clean_msgsource_learned_15seeds_hetzner_20260410/train/cond1_seed707_ep50000.pt,cond1,707,1,9001,greedy,sender_shuffle,none,none,none,regime,competitive,5288,0.0045385779122541605,3.9909228441754916,0.0,15.963691376701966,,,50000,comm,private,
<SOURCE_VECSTRAIGHT_REPO>/hetzner-results/phase3_vecstraight_clean_msgsource_learned_15seeds_hetzner_20260410/train/cond1_seed707_ep50000.pt,cond1,707,1,9001,greedy,sender_shuffle,none,none,none,regime,cooperative,5917,0.6848909920567855,14.958255872908568,0.03413892175088727,59.83302349163427,,,50000,comm,private,
<SOURCE_VECSTRAIGHT_REPO>/hetzner-results/phase3_vecstraight_clean_msgsource_learned_15seeds_hetzner_20260410/train/cond1_seed707_ep50000.pt,cond1,707,1,9001,greedy,sender_shuffle,none,none,none,regime,mixed,18795,0.2894120776802341,6.496940675711626,0.019100824687416865,25.987762702846503,,,50000,comm,private,
<SOURCE_VECSTRAIGHT_REPO>/hetzner-results/phase3_vecstraight_clean_msgsource_learned_15seeds_hetzner_20260410/train/cond1_seed707_ep50000.pt,cond1,707,1,9001,greedy,sender_shuffle,none,none,none,f_value,0.500,5288,0.0045385779122541605,3.9909228441754916,0.0,15.963691376701966,0.004225687418164504,0.004810342235806985,50000,comm,private,
<SOURCE_VECSTRAIGHT_REPO>/hetzner-results/phase3_vecstraight_clean_msgsource_learned_15seeds_hetzner_20260410/train/cond1_seed707_ep50000.pt,cond1,707,1,9001,greedy,sender_shuffle,none,none,none,f_value,1.500,5824,0.033482142857142856,4.066964285714286,0.0,16.267857142857142,0.03583727938011192,0.0347345839609293,50000,comm,private,
<SOURCE_VECSTRAIGHT_REPO>/hetzner-results/phase3_vecstraight_clean_msgsource_learned_15seeds_hetzner_20260410/train/cond1_seed707_ep50000.pt,cond1,707,1,9001,greedy,sender_shuffle,none,none,none,f_value,2.500,6298,0.2343998094633217,5.40639885677993,0.00015878056525881233,21.62559542711972,0.205071554104946,0.23321764158130873,50000,comm,private,
<SOURCE_VECSTRAIGHT_REPO>/hetzner-results/phase3_vecstraight_clean_msgsource_learned_15seeds_hetzner_20260410/train/cond1_seed707_ep50000.pt,cond1,707,1,9001,greedy,sender_shuffle,none,none,none,f_value,3.500,6673,0.5647010340176832,9.647010340176832,0.05364903341825266,38.58804136070733,0.5644972080146403,0.5553338388474278,50000,comm,private,
<SOURCE_VECSTRAIGHT_REPO>/hetzner-results/phase3_vecstraight_clean_msgsource_learned_15seeds_hetzner_20260410/train/cond1_seed707_ep50000.pt,cond1,707,1,9001,greedy,sender_shuffle,none,none,none,f_value,5.000,5917,0.6848909920567855,14.958255872908568,0.03413892175088727,59.83302349163427,0.6694022343410811,0.6867064471263852,50000,comm,private,
<SOURCE_VECSTRAIGHT_REPO>/hetzner-results/phase3_vecstraight_clean_msgsource_learned_15seeds_hetzner_20260410/train/cond1_seed707_ep50000.pt,cond1,707,1,9001,greedy,zeros,none,none,none,regime,competitive,5288,0.0,4.0,0.0,16.0,,,50000,comm,private,
<SOURCE_VECSTRAIGHT_REPO>/hetzner-results/phase3_vecstraight_clean_msgsource_learned_15seeds_hetzner_20260410/train/cond1_seed707_ep50000.pt,cond1,707,1,9001,greedy,zeros,none,none,none,regime,cooperative,5917,0.7487324657765759,15.979719452425215,0.0,63.91887780970086,,,50000,comm,private,
<SOURCE_VECSTRAIGHT_REPO>/hetzner-results/phase3_vecstraight_clean_msgsource_learned_15seeds_hetzner_20260410/train/cond1_seed707_ep50000.pt,cond1,707,1,9001,greedy,zeros,none,none,none,regime,mixed,18795,0.25655759510508114,6.36754455972333,0.0,25.47017823889332,,,50000,comm,private,
<SOURCE_VECSTRAIGHT_REPO>/hetzner-results/phase3_vecstraight_clean_msgsource_learned_15seeds_hetzner_20260410/train/cond1_seed707_ep50000.pt,cond1,707,1,9001,greedy,zeros,none,none,none,f_value,0.500,5288,0.0,4.0,0.0,16.0,0.0,0.0,50000,comm,private,
<SOURCE_VECSTRAIGHT_REPO>/hetzner-results/phase3_vecstraight_clean_msgsource_learned_15seeds_hetzner_20260410/train/cond1_seed707_ep50000.pt,cond1,707,1,9001,greedy,zeros,none,none,none,f_value,1.500,5824,0.002704326923076923,4.005408653846154,0.0,16.021634615384617,0.002667298915298441,0.0027163022665538583,50000,comm,private,
<SOURCE_VECSTRAIGHT_REPO>/hetzner-results/phase3_vecstraight_clean_msgsource_learned_15seeds_hetzner_20260410/train/cond1_seed707_ep50000.pt,cond1,707,1,9001,greedy,zeros,none,none,none,f_value,2.500,6298,0.14274372816767228,4.856462369006033,0.0,19.425849476024133,0.13810180001722505,0.14578773443199863,50000,comm,private,
<SOURCE_VECSTRAIGHT_REPO>/hetzner-results/phase3_vecstraight_clean_msgsource_learned_15seeds_hetzner_20260410/train/cond1_seed707_ep50000.pt,cond1,707,1,9001,greedy,zeros,none,none,none,f_value,3.500,6673,0.5855312453169489,9.85531245316949,0.0,39.42124981267796,0.4950286806883365,0.5853135809896225,50000,comm,private,
<SOURCE_VECSTRAIGHT_REPO>/hetzner-results/phase3_vecstraight_clean_msgsource_learned_15seeds_hetzner_20260410/train/cond1_seed707_ep50000.pt,cond1,707,1,9001,greedy,zeros,none,none,none,f_value,5.000,5917,0.7487324657765759,15.979719452425215,0.0,63.91887780970086,0.7364234290285308,0.7486050050727088,50000,comm,private,
<SOURCE_VECSTRAIGHT_REPO>/hetzner-results/phase3_vecstraight_clean_msgsource_learned_15seeds_hetzner_20260410/train/cond1_seed808_ep50000.pt,cond1,808,1,9001,greedy,fixed0,none,none,none,regime,competitive,5288,0.003072995461422088,3.9938540090771557,0.0,15.975416036308623,,,50000,comm,private,
<SOURCE_VECSTRAIGHT_REPO>/hetzner-results/phase3_vecstraight_clean_msgsource_learned_15seeds_hetzner_20260410/train/cond1_seed808_ep50000.pt,cond1,808,1,9001,greedy,fixed0,none,none,none,regime,cooperative,5917,0.9250042251140781,18.800067601825248,0.7524083150245057,75.20027040730099,,,50000,comm,private,
<SOURCE_VECSTRAIGHT_REPO>/hetzner-results/phase3_vecstraight_clean_msgsource_learned_15seeds_hetzner_20260410/train/cond1_seed808_ep50000.pt,cond1,808,1,9001,greedy,fixed0,none,none,none,regime,mixed,18795,0.26943335993615325,6.346741154562384,0.006544293695131684,25.386964618249536,,,50000,comm,private,
<SOURCE_VECSTRAIGHT_REPO>/hetzner-results/phase3_vecstraight_clean_msgsource_learned_15seeds_hetzner_20260410/train/cond1_seed808_ep50000.pt,cond1,808,1,9001,greedy,fixed0,none,none,none,f_value,0.500,5288,0.003072995461422088,3.9938540090771557,0.0,15.975416036308623,0.003072995461422088,,50000,comm,private,
<SOURCE_VECSTRAIGHT_REPO>/hetzner-results/phase3_vecstraight_clean_msgsource_learned_15seeds_hetzner_20260410/train/cond1_seed808_ep50000.pt,cond1,808,1,9001,greedy,fixed0,none,none,none,f_value,1.500,5824,0.020089285714285716,4.040178571428571,0.0,16.160714285714285,0.020089285714285716,,50000,comm,private,
<SOURCE_VECSTRAIGHT_REPO>/hetzner-results/phase3_vecstraight_clean_msgsource_learned_15seeds_hetzner_20260410/train/cond1_seed808_ep50000.pt,cond1,808,1,9001,greedy,fixed0,none,none,none,f_value,2.500,6298,0.22217370593839314,5.333042235630359,0.00031756113051762465,21.332168942521434,0.22217370593839314,,50000,comm,private,
<SOURCE_VECSTRAIGHT_REPO>/hetzner-results/phase3_vecstraight_clean_msgsource_learned_15seeds_hetzner_20260410/train/cond1_seed808_ep50000.pt,cond1,808,1,9001,greedy,fixed0,none,none,none,f_value,3.500,6673,0.5316574254458265,9.316574254458265,0.01813277386482841,37.26629701783306,0.5316574254458265,,50000,comm,private,
<SOURCE_VECSTRAIGHT_REPO>/hetzner-results/phase3_vecstraight_clean_msgsource_learned_15seeds_hetzner_20260410/train/cond1_seed808_ep50000.pt,cond1,808,1,9001,greedy,fixed0,none,none,none,f_value,5.000,5917,0.9250042251140781,18.800067601825248,0.7524083150245057,75.20027040730099,0.9250042251140781,,50000,comm,private,
<SOURCE_VECSTRAIGHT_REPO>/hetzner-results/phase3_vecstraight_clean_msgsource_learned_15seeds_hetzner_20260410/train/cond1_seed808_ep50000.pt,cond1,808,1,9001,greedy,fixed1,none,none,none,regime,competitive,5288,0.0011819213313161876,3.9976361573373675,0.0,15.99054462934947,,,50000,comm,private,
<SOURCE_VECSTRAIGHT_REPO>/hetzner-results/phase3_vecstraight_clean_msgsource_learned_15seeds_hetzner_20260410/train/cond1_seed808_ep50000.pt,cond1,808,1,9001,greedy,fixed1,none,none,none,regime,cooperative,5917,0.7843924285955721,16.550278857529154,0.19300321108669935,66.20111543011662,,,50000,comm,private,
<SOURCE_VECSTRAIGHT_REPO>/hetzner-results/phase3_vecstraight_clean_msgsource_learned_15seeds_hetzner_20260410/train/cond1_seed808_ep50000.pt,cond1,808,1,9001,greedy,fixed1,none,none,none,regime,mixed,18795,0.17303804203245543,5.6437616387337055,0.020856610800744878,22.575046554934822,,,50000,comm,private,
<SOURCE_VECSTRAIGHT_REPO>/hetzner-results/phase3_vecstraight_clean_msgsource_learned_15seeds_hetzner_20260410/train/cond1_seed808_ep50000.pt,cond1,808,1,9001,greedy,fixed1,none,none,none,f_value,0.500,5288,0.0011819213313161876,3.9976361573373675,0.0,15.99054462934947,,0.0011819213313161876,50000,comm,private,
<SOURCE_VECSTRAIGHT_REPO>/hetzner-results/phase3_vecstraight_clean_msgsource_learned_15seeds_hetzner_20260410/train/cond1_seed808_ep50000.pt,cond1,808,1,9001,greedy,fixed1,none,none,none,f_value,1.500,5824,0.00442135989010989,4.00884271978022,0.0,16.03537087912088,,0.00442135989010989,50000,comm,private,
<SOURCE_VECSTRAIGHT_REPO>/hetzner-results/phase3_vecstraight_clean_msgsource_learned_15seeds_hetzner_20260410/train/cond1_seed808_ep50000.pt,cond1,808,1,9001,greedy,fixed1,none,none,none,f_value,2.500,6298,0.05644649094950778,4.338678945697047,0.00015878056525881233,17.354715782788187,,0.05644649094950778,50000,comm,private,
<SOURCE_VECSTRAIGHT_REPO>/hetzner-results/phase3_vecstraight_clean_msgsource_learned_15seeds_hetzner_20260410/train/cond1_seed808_ep50000.pt,cond1,808,1,9001,greedy,fixed1,none,none,none,f_value,3.500,6673,0.4302412707927469,8.302412707927468,0.05859433538138768,33.20965083170987,,0.4302412707927469,50000,comm,private,
<SOURCE_VECSTRAIGHT_REPO>/hetzner-results/phase3_vecstraight_clean_msgsource_learned_15seeds_hetzner_20260410/train/cond1_seed808_ep50000.pt,cond1,808,1,9001,greedy,fixed1,none,none,none,f_value,5.000,5917,0.7843924285955721,16.550278857529154,0.19300321108669935,66.20111543011662,,0.7843924285955721,50000,comm,private,
<SOURCE_VECSTRAIGHT_REPO>/hetzner-results/phase3_vecstraight_clean_msgsource_learned_15seeds_hetzner_20260410/train/cond1_seed808_ep50000.pt,cond1,808,1,9001,greedy,indep_random,none,none,none,regime,competitive,5444,0.004270756796473181,3.9914584864070535,0.0,15.965833945628214,,,50000,comm,private,
<SOURCE_VECSTRAIGHT_REPO>/hetzner-results/phase3_vecstraight_clean_msgsource_learned_15seeds_hetzner_20260410/train/cond1_seed808_ep50000.pt,cond1,808,1,9001,greedy,indep_random,none,none,none,regime,cooperative,5829,0.828443986961743,17.25510379138789,0.46011322696860524,69.02041516555155,,,50000,comm,private,
<SOURCE_VECSTRAIGHT_REPO>/hetzner-results/phase3_vecstraight_clean_msgsource_learned_15seeds_hetzner_20260410/train/cond1_seed808_ep50000.pt,cond1,808,1,9001,greedy,indep_random,none,none,none,regime,mixed,18727,0.3032653388156138,6.669274309820046,0.07951086666310675,26.677097239280183,,,50000,comm,private,
<SOURCE_VECSTRAIGHT_REPO>/hetzner-results/phase3_vecstraight_clean_msgsource_learned_15seeds_hetzner_20260410/train/cond1_seed808_ep50000.pt,cond1,808,1,9001,greedy,indep_random,none,none,none,f_value,0.500,5444,0.004270756796473181,3.9914584864070535,0.0,15.965833945628214,0.0037540316184634906,0.004741084127903914,50000,comm,private,
<SOURCE_VECSTRAIGHT_REPO>/hetzner-results/phase3_vecstraight_clean_msgsource_learned_15seeds_hetzner_20260410/train/cond1_seed808_ep50000.pt,cond1,808,1,9001,greedy,indep_random,none,none,none,f_value,1.500,5205,0.018683957732949088,4.037367915465898,0.0,16.149471661863593,0.018067643494546655,0.018520553967905033,50000,comm,private,
<SOURCE_VECSTRAIGHT_REPO>/hetzner-results/phase3_vecstraight_clean_msgsource_learned_15seeds_hetzner_20260410/train/cond1_seed808_ep50000.pt,cond1,808,1,9001,greedy,indep_random,none,none,none,f_value,2.500,7182,0.2097953216374269,5.258771929824562,0.006404901141743247,21.035087719298247,0.21191550533083098,0.20865625372600452,50000,comm,private,
<SOURCE_VECSTRAIGHT_REPO>/hetzner-results/phase3_vecstraight_clean_msgsource_learned_15seeds_hetzner_20260410/train/cond1_seed808_ep50000.pt,cond1,808,1,9001,greedy,indep_random,none,none,none,f_value,3.500,6340,0.6427839116719243,10.427839116719243,0.227602523659306,41.71135646687697,0.6507347953877459,0.6478211785956198,50000,comm,private,
<SOURCE_VECSTRAIGHT_REPO>/hetzner-results/phase3_vecstraight_clean_msgsource_learned_15seeds_hetzner_20260410/train/cond1_seed808_ep50000.pt,cond1,808,1,9001,greedy,indep_random,none,none,none,f_value,5.000,5829,0.828443986961743,17.25510379138789,0.46011322696860524,69.02041516555155,0.8398456820654862,0.8241822429906542,50000,comm,private,
<SOURCE_VECSTRAIGHT_REPO>/hetzner-results/phase3_vecstraight_clean_msgsource_learned_15seeds_hetzner_20260410/train/cond1_seed808_ep50000.pt,cond1,808,1,9001,greedy,marginal,none,none,none,regime,competitive,5980,0.0038043478260869567,3.992391304347826,0.0,15.969565217391304,,,50000,comm,private,
<SOURCE_VECSTRAIGHT_REPO>/hetzner-results/phase3_vecstraight_clean_msgsource_learned_15seeds_hetzner_20260410/train/cond1_seed808_ep50000.pt,cond1,808,1,9001,greedy,marginal,none,none,none,regime,cooperative,5921,0.8278584698530653,17.245735517649045,0.4453639587907448,68.98294207059618,,,50000,comm,private,
<SOURCE_VECSTRAIGHT_REPO>/hetzner-results/phase3_vecstraight_clean_msgsource_learned_15seeds_hetzner_20260410/train/cond1_seed808_ep50000.pt,cond1,808,1,9001,greedy,marginal,none,none,none,regime,mixed,18099,0.2977512569755235,6.670810542018896,0.0727111995137853,26.683242168075584,,,50000,comm,private,
<SOURCE_VECSTRAIGHT_REPO>/hetzner-results/phase3_vecstraight_clean_msgsource_learned_15seeds_hetzner_20260410/train/cond1_seed808_ep50000.pt,cond1,808,1,9001,greedy,marginal,none,none,none,f_value,0.500,5980,0.0038043478260869567,3.992391304347826,0.0,15.969565217391304,0.0032314923619271444,0.004091881335441272,50000,comm,private,
<SOURCE_VECSTRAIGHT_REPO>/hetzner-results/phase3_vecstraight_clean_msgsource_learned_15seeds_hetzner_20260410/train/cond1_seed808_ep50000.pt,cond1,808,1,9001,greedy,marginal,none,none,none,f_value,1.500,5804,0.01938318401102688,4.038766368022054,0.0,16.155065472088214,0.019106635682933127,0.01969489444103339,50000,comm,private,
<SOURCE_VECSTRAIGHT_REPO>/hetzner-results/phase3_vecstraight_clean_msgsource_learned_15seeds_hetzner_20260410/train/cond1_seed808_ep50000.pt,cond1,808,1,9001,greedy,marginal,none,none,none,f_value,2.500,5884,0.197612168592794,5.185673011556764,0.00424881033310673,20.742692046227056,0.19869104716227018,0.1976618620592516,50000,comm,private,
<SOURCE_VECSTRAIGHT_REPO>/hetzner-results/phase3_vecstraight_clean_msgsource_learned_15seeds_hetzner_20260410/train/cond1_seed808_ep50000.pt,cond1,808,1,9001,greedy,marginal,none,none,none,f_value,3.500,6411,0.6416705662143192,10.416705662143192,0.20137264077367026,41.66682264857277,0.6420547242809863,0.6490965785314595,50000,comm,private,
<SOURCE_VECSTRAIGHT_REPO>/hetzner-results/phase3_vecstraight_clean_msgsource_learned_15seeds_hetzner_20260410/train/cond1_seed808_ep50000.pt,cond1,808,1,9001,greedy,marginal,none,none,none,f_value,5.000,5921,0.8278584698530653,17.245735517649045,0.4453639587907448,68.98294207059618,0.8328942034860154,0.8259382510630431,50000,comm,private,
<SOURCE_VECSTRAIGHT_REPO>/hetzner-results/phase3_vecstraight_clean_msgsource_learned_15seeds_hetzner_20260410/train/cond1_seed808_ep50000.pt,cond1,808,1,9001,greedy,none,none,none,none,regime,competitive,5288,0.0016074130105900152,3.99678517397882,0.0,15.98714069591528,,,50000,comm,private,
<SOURCE_VECSTRAIGHT_REPO>/hetzner-results/phase3_vecstraight_clean_msgsource_learned_15seeds_hetzner_20260410/train/cond1_seed808_ep50000.pt,cond1,808,1,9001,greedy,none,none,none,none,regime,cooperative,5917,0.8384316376542167,17.414906202467467,0.4710157174243705,69.65962480986987,,,50000,comm,private,
<SOURCE_VECSTRAIGHT_REPO>/hetzner-results/phase3_vecstraight_clean_msgsource_learned_15seeds_hetzner_20260410/train/cond1_seed808_ep50000.pt,cond1,808,1,9001,greedy,none,none,none,none,regime,mixed,18795,0.2743947858472998,6.514737962223996,0.047299813780260706,26.058951848895983,,,50000,comm,private,
<SOURCE_VECSTRAIGHT_REPO>/hetzner-results/phase3_vecstraight_clean_msgsource_learned_15seeds_hetzner_20260410/train/cond1_seed808_ep50000.pt,cond1,808,1,9001,greedy,none,none,none,none,f_value,0.500,5288,0.0016074130105900152,3.99678517397882,0.0,15.98714069591528,0.0017238677323303557,0.0014392059553349876,50000,comm,private,
<SOURCE_VECSTRAIGHT_REPO>/hetzner-results/phase3_vecstraight_clean_msgsource_learned_15seeds_hetzner_20260410/train/cond1_seed808_ep50000.pt,cond1,808,1,9001,greedy,none,none,none,none,f_value,1.500,5824,0.013006524725274726,4.026013049450549,0.0,16.104052197802197,0.015622356325080368,0.012457481114988735,50000,comm,private,
<SOURCE_VECSTRAIGHT_REPO>/hetzner-results/phase3_vecstraight_clean_msgsource_learned_15seeds_hetzner_20260410/train/cond1_seed808_ep50000.pt,cond1,808,1,9001,greedy,none,none,none,none,f_value,2.500,6298,0.1469514131470308,4.881708478882185,0.0006351222610352493,19.52683391552874,0.16021965205559335,0.1479145644130508,50000,comm,private,
<SOURCE_VECSTRAIGHT_REPO>/hetzner-results/phase3_vecstraight_clean_msgsource_learned_15seeds_hetzner_20260410/train/cond1_seed808_ep50000.pt,cond1,808,1,9001,greedy,none,none,none,none,f_value,3.500,6673,0.6228083320845197,10.228083320845197,0.1326240071931665,40.91233328338079,0.6204045551453382,0.6283253007475997,50000,comm,private,
<SOURCE_VECSTRAIGHT_REPO>/hetzner-results/phase3_vecstraight_clean_msgsource_learned_15seeds_hetzner_20260410/train/cond1_seed808_ep50000.pt,cond1,808,1,9001,greedy,none,none,none,none,f_value,5.000,5917,0.8384316376542167,17.414906202467467,0.4710157174243705,69.65962480986987,0.8042878369772872,0.8414566066904281,50000,comm,private,
<SOURCE_VECSTRAIGHT_REPO>/hetzner-results/phase3_vecstraight_clean_msgsource_learned_15seeds_hetzner_20260410/train/cond1_seed808_ep50000.pt,cond1,808,1,9001,greedy,permute_slots,none,none,none,regime,competitive,5862,0.0047338792221084955,3.990532241555783,0.0,15.962128966223132,,,50000,comm,private,
<SOURCE_VECSTRAIGHT_REPO>/hetzner-results/phase3_vecstraight_clean_msgsource_learned_15seeds_hetzner_20260410/train/cond1_seed808_ep50000.pt,cond1,808,1,9001,greedy,permute_slots,none,none,none,regime,cooperative,6068,0.8051664469347396,16.882663150955835,0.3492089650626236,67.53065260382334,,,50000,comm,private,
<SOURCE_VECSTRAIGHT_REPO>/hetzner-results/phase3_vecstraight_clean_msgsource_learned_15seeds_hetzner_20260410/train/cond1_seed808_ep50000.pt,cond1,808,1,9001,greedy,permute_slots,none,none,none,regime,mixed,18070,0.3117874930824571,6.779136690647482,0.07570558937465412,27.116546762589927,,,50000,comm,private,
<SOURCE_VECSTRAIGHT_REPO>/hetzner-results/phase3_vecstraight_clean_msgsource_learned_15seeds_hetzner_20260410/train/cond1_seed808_ep50000.pt,cond1,808,1,9001,greedy,permute_slots,none,none,none,f_value,0.500,5862,0.0047338792221084955,3.990532241555783,0.0,15.962128966223132,0.004463874827427519,0.004038662249852521,50000,comm,private,
<SOURCE_VECSTRAIGHT_REPO>/hetzner-results/phase3_vecstraight_clean_msgsource_learned_15seeds_hetzner_20260410/train/cond1_seed808_ep50000.pt,cond1,808,1,9001,greedy,permute_slots,none,none,none,f_value,1.500,5576,0.016230272596843617,4.032460545193687,0.0,16.129842180774748,0.017400204708290685,0.01513317191283293,50000,comm,private,
<SOURCE_VECSTRAIGHT_REPO>/hetzner-results/phase3_vecstraight_clean_msgsource_learned_15seeds_hetzner_20260410/train/cond1_seed808_ep50000.pt,cond1,808,1,9001,greedy,permute_slots,none,none,none,f_value,2.500,6045,0.22320099255583126,5.339205955334988,0.007113316790736146,21.35682382133995,0.21962750716332377,0.2160348267730818,50000,comm,private,
<SOURCE_VECSTRAIGHT_REPO>/hetzner-results/phase3_vecstraight_clean_msgsource_learned_15seeds_hetzner_20260410/train/cond1_seed808_ep50000.pt,cond1,808,1,9001,greedy,permute_slots,none,none,none,f_value,3.500,6449,0.650372150721042,10.50372150721042,0.205458210575283,42.01488602884168,0.6433267587113741,0.6507824726134586,50000,comm,private,
<SOURCE_VECSTRAIGHT_REPO>/hetzner-results/phase3_vecstraight_clean_msgsource_learned_15seeds_hetzner_20260410/train/cond1_seed808_ep50000.pt,cond1,808,1,9001,greedy,permute_slots,none,none,none,f_value,5.000,6068,0.8051664469347396,16.882663150955835,0.3492089650626236,67.53065260382334,0.8208469055374593,0.8067867616254712,50000,comm,private,
<SOURCE_VECSTRAIGHT_REPO>/hetzner-results/phase3_vecstraight_clean_msgsource_learned_15seeds_hetzner_20260410/train/cond1_seed808_ep50000.pt,cond1,808,1,9001,greedy,public_marginal,none,none,none,regime,competitive,6381,0.002272371101708196,3.9954552577965834,0.0,15.981821031186334,,,50000,comm,private,
<SOURCE_VECSTRAIGHT_REPO>/hetzner-results/phase3_vecstraight_clean_msgsource_learned_15seeds_hetzner_20260410/train/cond1_seed808_ep50000.pt,cond1,808,1,9001,greedy,public_marginal,none,none,none,regime,cooperative,5877,0.8292496171516079,17.267993874425727,0.3722987919006296,69.07197549770291,,,50000,comm,private,
<SOURCE_VECSTRAIGHT_REPO>/hetzner-results/phase3_vecstraight_clean_msgsource_learned_15seeds_hetzner_20260410/train/cond1_seed808_ep50000.pt,cond1,808,1,9001,greedy,public_marginal,none,none,none,regime,mixed,17742,0.242855935069327,6.20118926840266,0.02305264344493293,24.80475707361064,,,50000,comm,private,
<SOURCE_VECSTRAIGHT_REPO>/hetzner-results/phase3_vecstraight_clean_msgsource_learned_15seeds_hetzner_20260410/train/cond1_seed808_ep50000.pt,cond1,808,1,9001,greedy,public_marginal,none,none,none,f_value,0.500,6381,0.002272371101708196,3.9954552577965834,0.0,15.981821031186334,0.002605917955615333,0.0019812151452891107,50000,comm,private,
<SOURCE_VECSTRAIGHT_REPO>/hetzner-results/phase3_vecstraight_clean_msgsource_learned_15seeds_hetzner_20260410/train/cond1_seed808_ep50000.pt,cond1,808,1,9001,greedy,public_marginal,none,none,none,f_value,1.500,5647,0.011599079157074553,4.023198158314149,0.0,16.092792633256597,0.019357336430507164,0.005058746736292428,50000,comm,private,
<SOURCE_VECSTRAIGHT_REPO>/hetzner-results/phase3_vecstraight_clean_msgsource_learned_15seeds_hetzner_20260410/train/cond1_seed808_ep50000.pt,cond1,808,1,9001,greedy,public_marginal,none,none,none,f_value,2.500,6241,0.1406024675532767,4.84361480531966,0.0,19.37445922127864,0.21266523758485173,0.08200174317257408,50000,comm,private,
<SOURCE_VECSTRAIGHT_REPO>/hetzner-results/phase3_vecstraight_clean_msgsource_learned_15seeds_hetzner_20260410/train/cond1_seed808_ep50000.pt,cond1,808,1,9001,greedy,public_marginal,none,none,none,f_value,3.500,5854,0.574948752989409,9.74948752989409,0.06986675777246328,38.99795011957636,0.5243685872138911,0.6135542168674699,50000,comm,private,
<SOURCE_VECSTRAIGHT_REPO>/hetzner-results/phase3_vecstraight_clean_msgsource_learned_15seeds_hetzner_20260410/train/cond1_seed808_ep50000.pt,cond1,808,1,9001,greedy,public_marginal,none,none,none,f_value,5.000,5877,0.8292496171516079,17.267993874425727,0.3722987919006296,69.07197549770291,0.8940520446096655,0.7745528710385943,50000,comm,private,
<SOURCE_VECSTRAIGHT_REPO>/hetzner-results/phase3_vecstraight_clean_msgsource_learned_15seeds_hetzner_20260410/train/cond1_seed808_ep50000.pt,cond1,808,1,9001,greedy,public_random,none,none,none,regime,competitive,5929,0.002403440715129027,3.995193118569742,0.0,15.980772474278968,,,50000,comm,private,
<SOURCE_VECSTRAIGHT_REPO>/hetzner-results/phase3_vecstraight_clean_msgsource_learned_15seeds_hetzner_20260410/train/cond1_seed808_ep50000.pt,cond1,808,1,9001,greedy,public_random,none,none,none,regime,cooperative,5836,0.8410726525017135,17.457162440027417,0.41843728581220013,69.82864976010967,,,50000,comm,private,
<SOURCE_VECSTRAIGHT_REPO>/hetzner-results/phase3_vecstraight_clean_msgsource_learned_15seeds_hetzner_20260410/train/cond1_seed808_ep50000.pt,cond1,808,1,9001,greedy,public_random,none,none,none,regime,mixed,18235,0.2472168905950096,6.231971483411023,0.01946805593638607,24.92788593364409,,,50000,comm,private,
<SOURCE_VECSTRAIGHT_REPO>/hetzner-results/phase3_vecstraight_clean_msgsource_learned_15seeds_hetzner_20260410/train/cond1_seed808_ep50000.pt,cond1,808,1,9001,greedy,public_random,none,none,none,f_value,0.500,5929,0.002403440715129027,3.995193118569742,0.0,15.980772474278968,0.003558115892917655,0.0012592343854936198,50000,comm,private,
<SOURCE_VECSTRAIGHT_REPO>/hetzner-results/phase3_vecstraight_clean_msgsource_learned_15seeds_hetzner_20260410/train/cond1_seed808_ep50000.pt,cond1,808,1,9001,greedy,public_random,none,none,none,f_value,1.500,5872,0.012772479564032697,4.025544959128065,0.0,16.10217983651226,0.02075535896563457,0.00477326968973747,50000,comm,private,
<SOURCE_VECSTRAIGHT_REPO>/hetzner-results/phase3_vecstraight_clean_msgsource_learned_15seeds_hetzner_20260410/train/cond1_seed808_ep50000.pt,cond1,808,1,9001,greedy,public_random,none,none,none,f_value,2.500,6262,0.15091025231555413,4.905461513893325,0.0,19.6218460555733,0.21472831267874165,0.08643659711075441,50000,comm,private,
<SOURCE_VECSTRAIGHT_REPO>/hetzner-results/phase3_vecstraight_clean_msgsource_learned_15seeds_hetzner_20260410/train/cond1_seed808_ep50000.pt,cond1,808,1,9001,greedy,public_random,none,none,none,f_value,3.500,6101,0.5717095558105229,9.717095558105228,0.05818718242910998,38.86838223242091,0.5285268003946071,0.614624183006536,50000,comm,private,
<SOURCE_VECSTRAIGHT_REPO>/hetzner-results/phase3_vecstraight_clean_msgsource_learned_15seeds_hetzner_20260410/train/cond1_seed808_ep50000.pt,cond1,808,1,9001,greedy,public_random,none,none,none,f_value,5.000,5836,0.8410726525017135,17.457162440027417,0.41843728581220013,69.82864976010967,0.9068012211668928,0.7739785318559557,50000,comm,private,
<SOURCE_VECSTRAIGHT_REPO>/hetzner-results/phase3_vecstraight_clean_msgsource_learned_15seeds_hetzner_20260410/train/cond1_seed808_ep50000.pt,cond1,808,1,9001,greedy,sender_shuffle,none,none,none,regime,competitive,5288,0.0056732223903177,3.9886535552193645,0.0,15.954614220877458,,,50000,comm,private,
<SOURCE_VECSTRAIGHT_REPO>/hetzner-results/phase3_vecstraight_clean_msgsource_learned_15seeds_hetzner_20260410/train/cond1_seed808_ep50000.pt,cond1,808,1,9001,greedy,sender_shuffle,none,none,none,regime,cooperative,5917,0.8162497887442961,17.059996619908738,0.3953016731451749,68.23998647963495,,,50000,comm,private,
<SOURCE_VECSTRAIGHT_REPO>/hetzner-results/phase3_vecstraight_clean_msgsource_learned_15seeds_hetzner_20260410/train/cond1_seed808_ep50000.pt,cond1,808,1,9001,greedy,sender_shuffle,none,none,none,regime,mixed,18795,0.30371109337589786,6.725432295823357,0.0701782388933227,26.90172918329343,,,50000,comm,private,
<SOURCE_VECSTRAIGHT_REPO>/hetzner-results/phase3_vecstraight_clean_msgsource_learned_15seeds_hetzner_20260410/train/cond1_seed808_ep50000.pt,cond1,808,1,9001,greedy,sender_shuffle,none,none,none,f_value,0.500,5288,0.0056732223903177,3.9886535552193645,0.0,15.954614220877458,0.004864404718472577,0.005815374089820652,50000,comm,private,
<SOURCE_VECSTRAIGHT_REPO>/hetzner-results/phase3_vecstraight_clean_msgsource_learned_15seeds_hetzner_20260410/train/cond1_seed808_ep50000.pt,cond1,808,1,9001,greedy,sender_shuffle,none,none,none,f_value,1.500,5824,0.016912774725274724,4.033825549450549,0.0,16.135302197802197,0.01680300685385806,0.01697168431780919,50000,comm,private,
<SOURCE_VECSTRAIGHT_REPO>/hetzner-results/phase3_vecstraight_clean_msgsource_learned_15seeds_hetzner_20260410/train/cond1_seed808_ep50000.pt,cond1,808,1,9001,greedy,sender_shuffle,none,none,none,f_value,2.500,6298,0.20125436646554462,5.207526198793268,0.0026992696093998095,20.83010479517307,0.20924348050606764,0.20393817314807203,50000,comm,private,
<SOURCE_VECSTRAIGHT_REPO>/hetzner-results/phase3_vecstraight_clean_msgsource_learned_15seeds_hetzner_20260410/train/cond1_seed808_ep50000.pt,cond1,808,1,9001,greedy,sender_shuffle,none,none,none,f_value,3.500,6673,0.6507193166491833,10.507193166491833,0.19511464109096358,42.02877266596733,0.6609652098071519,0.65322736964528,50000,comm,private,
<SOURCE_VECSTRAIGHT_REPO>/hetzner-results/phase3_vecstraight_clean_msgsource_learned_15seeds_hetzner_20260410/train/cond1_seed808_ep50000.pt,cond1,808,1,9001,greedy,sender_shuffle,none,none,none,f_value,5.000,5917,0.8162497887442961,17.059996619908738,0.3953016731451749,68.23998647963495,0.8054466230936819,0.813813025210084,50000,comm,private,
<SOURCE_VECSTRAIGHT_REPO>/hetzner-results/phase3_vecstraight_clean_msgsource_learned_15seeds_hetzner_20260410/train/cond1_seed808_ep50000.pt,cond1,808,1,9001,greedy,zeros,none,none,none,regime,competitive,5288,0.0004254916792738275,3.9991490166414523,0.0,15.99659606656581,,,50000,comm,private,
<SOURCE_VECSTRAIGHT_REPO>/hetzner-results/phase3_vecstraight_clean_msgsource_learned_15seeds_hetzner_20260410/train/cond1_seed808_ep50000.pt,cond1,808,1,9001,greedy,zeros,none,none,none,regime,cooperative,5917,0.8025604191313166,16.840966706101064,0.21683285448707115,67.36386682440425,,,50000,comm,private,
<SOURCE_VECSTRAIGHT_REPO>/hetzner-results/phase3_vecstraight_clean_msgsource_learned_15seeds_hetzner_20260410/train/cond1_seed808_ep50000.pt,cond1,808,1,9001,greedy,zeros,none,none,none,regime,mixed,18795,0.29781856876828944,6.823038042032455,0.07869114126097367,27.29215216812982,,,50000,comm,private,
<SOURCE_VECSTRAIGHT_REPO>/hetzner-results/phase3_vecstraight_clean_msgsource_learned_15seeds_hetzner_20260410/train/cond1_seed808_ep50000.pt,cond1,808,1,9001,greedy,zeros,none,none,none,f_value,0.500,5288,0.0004254916792738275,3.9991490166414523,0.0,15.99659606656581,0.000468554768846314,9.915224827722968e-05,50000,comm,private,
<SOURCE_VECSTRAIGHT_REPO>/hetzner-results/phase3_vecstraight_clean_msgsource_learned_15seeds_hetzner_20260410/train/cond1_seed808_ep50000.pt,cond1,808,1,9001,greedy,zeros,none,none,none,f_value,1.500,5824,0.004507211538461538,4.009014423076923,0.0,16.036057692307693,0.005825132903517702,0.0032099199718582357,50000,comm,private,
<SOURCE_VECSTRAIGHT_REPO>/hetzner-results/phase3_vecstraight_clean_msgsource_learned_15seeds_hetzner_20260410/train/cond1_seed808_ep50000.pt,cond1,808,1,9001,greedy,zeros,none,none,none,f_value,2.500,6298,0.10741505239758653,4.64449031438552,0.0022229279136233727,18.57796125754208,0.11904032669729454,0.10789136455706667,50000,comm,private,
<SOURCE_VECSTRAIGHT_REPO>/hetzner-results/phase3_vecstraight_clean_msgsource_learned_15seeds_hetzner_20260410/train/cond1_seed808_ep50000.pt,cond1,808,1,9001,greedy,zeros,none,none,none,f_value,3.500,6673,0.7335156601228833,11.335156601228833,0.21954143563614567,45.340626404915334,0.697929658268895,0.7487946736052652,50000,comm,private,
<SOURCE_VECSTRAIGHT_REPO>/hetzner-results/phase3_vecstraight_clean_msgsource_learned_15seeds_hetzner_20260410/train/cond1_seed808_ep50000.pt,cond1,808,1,9001,greedy,zeros,none,none,none,f_value,5.000,5917,0.8025604191313166,16.840966706101064,0.21683285448707115,67.36386682440425,0.7626080125687352,0.8230069324090121,50000,comm,private,
<SOURCE_VECSTRAIGHT_REPO>/hetzner-results/phase3_vecstraight_clean_msgsource_learned_15seeds_hetzner_20260410/train/cond1_seed909_ep50000.pt,cond1,909,1,9001,greedy,fixed0,none,none,none,regime,competitive,5288,0.007611573373676248,3.9847768532526473,0.0,15.93910741301059,,,50000,comm,private,
<SOURCE_VECSTRAIGHT_REPO>/hetzner-results/phase3_vecstraight_clean_msgsource_learned_15seeds_hetzner_20260410/train/cond1_seed909_ep50000.pt,cond1,909,1,9001,greedy,fixed0,none,none,none,regime,cooperative,5917,0.8251225283082643,17.20196045293223,0.30150414061179653,68.80784181172892,,,50000,comm,private,
<SOURCE_VECSTRAIGHT_REPO>/hetzner-results/phase3_vecstraight_clean_msgsource_learned_15seeds_hetzner_20260410/train/cond1_seed909_ep50000.pt,cond1,909,1,9001,greedy,fixed0,none,none,none,regime,mixed,18795,0.3789837722798617,7.088853418462357,5.320563979781857e-05,28.355413673849426,,,50000,comm,private,
<SOURCE_VECSTRAIGHT_REPO>/hetzner-results/phase3_vecstraight_clean_msgsource_learned_15seeds_hetzner_20260410/train/cond1_seed909_ep50000.pt,cond1,909,1,9001,greedy,fixed0,none,none,none,f_value,0.500,5288,0.007611573373676248,3.9847768532526473,0.0,15.93910741301059,0.007611573373676248,,50000,comm,private,
<SOURCE_VECSTRAIGHT_REPO>/hetzner-results/phase3_vecstraight_clean_msgsource_learned_15seeds_hetzner_20260410/train/cond1_seed909_ep50000.pt,cond1,909,1,9001,greedy,fixed0,none,none,none,f_value,1.500,5824,0.06065418956043956,4.1213083791208796,0.0,16.485233516483518,0.06065418956043956,,50000,comm,private,
<SOURCE_VECSTRAIGHT_REPO>/hetzner-results/phase3_vecstraight_clean_msgsource_learned_15seeds_hetzner_20260410/train/cond1_seed909_ep50000.pt,cond1,909,1,9001,greedy,fixed0,none,none,none,f_value,2.500,6298,0.4108050174658622,6.4648301047951735,0.0,25.859320419180694,0.4108050174658622,,50000,comm,private,
<SOURCE_VECSTRAIGHT_REPO>/hetzner-results/phase3_vecstraight_clean_msgsource_learned_15seeds_hetzner_20260410/train/cond1_seed909_ep50000.pt,cond1,909,1,9001,greedy,fixed0,none,none,none,f_value,3.500,6673,0.6267795594185523,10.267795594185523,0.0001498576352465158,41.071182376742094,0.6267795594185523,,50000,comm,private,
<SOURCE_VECSTRAIGHT_REPO>/hetzner-results/phase3_vecstraight_clean_msgsource_learned_15seeds_hetzner_20260410/train/cond1_seed909_ep50000.pt,cond1,909,1,9001,greedy,fixed0,none,none,none,f_value,5.000,5917,0.8251225283082643,17.20196045293223,0.30150414061179653,68.80784181172892,0.8251225283082643,,50000,comm,private,
<SOURCE_VECSTRAIGHT_REPO>/hetzner-results/phase3_vecstraight_clean_msgsource_learned_15seeds_hetzner_20260410/train/cond1_seed909_ep50000.pt,cond1,909,1,9001,greedy,fixed1,none,none,none,regime,competitive,5288,0.06377647503782148,3.872447049924357,0.0,15.489788199697427,,,50000,comm,private,
<SOURCE_VECSTRAIGHT_REPO>/hetzner-results/phase3_vecstraight_clean_msgsource_learned_15seeds_hetzner_20260410/train/cond1_seed909_ep50000.pt,cond1,909,1,9001,greedy,fixed1,none,none,none,regime,cooperative,5917,0.6027125232381274,13.643400371810039,0.0,54.573601487240154,,,50000,comm,private,
<SOURCE_VECSTRAIGHT_REPO>/hetzner-results/phase3_vecstraight_clean_msgsource_learned_15seeds_hetzner_20260410/train/cond1_seed909_ep50000.pt,cond1,909,1,9001,greedy,fixed1,none,none,none,regime,mixed,18795,0.2971534982708167,6.156797020484171,0.0,24.627188081936684,,,50000,comm,private,
<SOURCE_VECSTRAIGHT_REPO>/hetzner-results/phase3_vecstraight_clean_msgsource_learned_15seeds_hetzner_20260410/train/cond1_seed909_ep50000.pt,cond1,909,1,9001,greedy,fixed1,none,none,none,f_value,0.500,5288,0.06377647503782148,3.872447049924357,0.0,15.489788199697427,,0.06377647503782148,50000,comm,private,
<SOURCE_VECSTRAIGHT_REPO>/hetzner-results/phase3_vecstraight_clean_msgsource_learned_15seeds_hetzner_20260410/train/cond1_seed909_ep50000.pt,cond1,909,1,9001,greedy,fixed1,none,none,none,f_value,1.500,5824,0.18067479395604397,4.361349587912088,0.0,17.44539835164835,,0.18067479395604397,50000,comm,private,
<SOURCE_VECSTRAIGHT_REPO>/hetzner-results/phase3_vecstraight_clean_msgsource_learned_15seeds_hetzner_20260410/train/cond1_seed909_ep50000.pt,cond1,909,1,9001,greedy,fixed1,none,none,none,f_value,2.500,6298,0.27369799936487776,5.642187996189266,0.0,22.568751984757064,,0.27369799936487776,50000,comm,private,
<SOURCE_VECSTRAIGHT_REPO>/hetzner-results/phase3_vecstraight_clean_msgsource_learned_15seeds_hetzner_20260410/train/cond1_seed909_ep50000.pt,cond1,909,1,9001,greedy,fixed1,none,none,none,f_value,3.500,6673,0.4209500974074629,8.20950097407463,0.0,32.83800389629852,,0.4209500974074629,50000,comm,private,
<SOURCE_VECSTRAIGHT_REPO>/hetzner-results/phase3_vecstraight_clean_msgsource_learned_15seeds_hetzner_20260410/train/cond1_seed909_ep50000.pt,cond1,909,1,9001,greedy,fixed1,none,none,none,f_value,5.000,5917,0.6027125232381274,13.643400371810039,0.0,54.573601487240154,,0.6027125232381274,50000,comm,private,
<SOURCE_VECSTRAIGHT_REPO>/hetzner-results/phase3_vecstraight_clean_msgsource_learned_15seeds_hetzner_20260410/train/cond1_seed909_ep50000.pt,cond1,909,1,9001,greedy,indep_random,none,none,none,regime,competitive,5444,0.0031227038941954444,3.993754592211609,0.0,15.975018368846436,,,50000,comm,private,
<SOURCE_VECSTRAIGHT_REPO>/hetzner-results/phase3_vecstraight_clean_msgsource_learned_15seeds_hetzner_20260410/train/cond1_seed909_ep50000.pt,cond1,909,1,9001,greedy,indep_random,none,none,none,regime,cooperative,5829,0.7065105506948018,15.30416881111683,0.26265225596157143,61.21667524446732,,,50000,comm,private,
<SOURCE_VECSTRAIGHT_REPO>/hetzner-results/phase3_vecstraight_clean_msgsource_learned_15seeds_hetzner_20260410/train/cond1_seed909_ep50000.pt,cond1,909,1,9001,greedy,indep_random,none,none,none,regime,mixed,18727,0.2910904042291878,6.400624766380093,0.01383029849949271,25.602499065520373,,,50000,comm,private,
<SOURCE_VECSTRAIGHT_REPO>/hetzner-results/phase3_vecstraight_clean_msgsource_learned_15seeds_hetzner_20260410/train/cond1_seed909_ep50000.pt,cond1,909,1,9001,greedy,indep_random,none,none,none,f_value,0.500,5444,0.0031227038941954444,3.993754592211609,0.0,15.975018368846436,0.0026965579231216625,0.0031607227519359427,50000,comm,private,
<SOURCE_VECSTRAIGHT_REPO>/hetzner-results/phase3_vecstraight_clean_msgsource_learned_15seeds_hetzner_20260410/train/cond1_seed909_ep50000.pt,cond1,909,1,9001,greedy,indep_random,none,none,none,f_value,1.500,5205,0.039865513928914506,4.079731027857829,0.0,16.318924111431315,0.04043186074694282,0.04006375027478567,50000,comm,private,
<SOURCE_VECSTRAIGHT_REPO>/hetzner-results/phase3_vecstraight_clean_msgsource_learned_15seeds_hetzner_20260410/train/cond1_seed909_ep50000.pt,cond1,909,1,9001,greedy,indep_random,none,none,none,f_value,2.500,7182,0.27485380116959063,5.649122807017544,0.000278473962684489,22.596491228070175,0.29437367727508684,0.2643376654346012,50000,comm,private,
<SOURCE_VECSTRAIGHT_REPO>/hetzner-results/phase3_vecstraight_clean_msgsource_learned_15seeds_hetzner_20260410/train/cond1_seed909_ep50000.pt,cond1,909,1,9001,greedy,indep_random,none,none,none,f_value,3.500,6340,0.5157334384858044,9.157334384858045,0.04053627760252366,36.62933753943218,0.5520687316301153,0.4969519078798826,50000,comm,private,
<SOURCE_VECSTRAIGHT_REPO>/hetzner-results/phase3_vecstraight_clean_msgsource_learned_15seeds_hetzner_20260410/train/cond1_seed909_ep50000.pt,cond1,909,1,9001,greedy,indep_random,none,none,none,f_value,5.000,5829,0.7065105506948018,15.30416881111683,0.26265225596157143,61.21667524446732,0.7319715105351667,0.6920268691588785,50000,comm,private,
<SOURCE_VECSTRAIGHT_REPO>/hetzner-results/phase3_vecstraight_clean_msgsource_learned_15seeds_hetzner_20260410/train/cond1_seed909_ep50000.pt,cond1,909,1,9001,greedy,marginal,none,none,none,regime,competitive,5980,0.002926421404682274,3.9941471571906355,0.0,15.976588628762542,,,50000,comm,private,
<SOURCE_VECSTRAIGHT_REPO>/hetzner-results/phase3_vecstraight_clean_msgsource_learned_15seeds_hetzner_20260410/train/cond1_seed909_ep50000.pt,cond1,909,1,9001,greedy,marginal,none,none,none,regime,cooperative,5921,0.7126330011822327,15.402128018915723,0.2646512413443675,61.608512075662894,,,50000,comm,private,
<SOURCE_VECSTRAIGHT_REPO>/hetzner-results/phase3_vecstraight_clean_msgsource_learned_15seeds_hetzner_20260410/train/cond1_seed909_ep50000.pt,cond1,909,1,9001,greedy,marginal,none,none,none,regime,mixed,18099,0.2902922813415106,6.438532515608597,0.014310182883032211,25.75413006243439,,,50000,comm,private,
<SOURCE_VECSTRAIGHT_REPO>/hetzner-results/phase3_vecstraight_clean_msgsource_learned_15seeds_hetzner_20260410/train/cond1_seed909_ep50000.pt,cond1,909,1,9001,greedy,marginal,none,none,none,f_value,0.500,5980,0.002926421404682274,3.9941471571906355,0.0,15.976588628762542,0.0029634667703070344,0.002734688104106747,50000,comm,private,
<SOURCE_VECSTRAIGHT_REPO>/hetzner-results/phase3_vecstraight_clean_msgsource_learned_15seeds_hetzner_20260410/train/cond1_seed909_ep50000.pt,cond1,909,1,9001,greedy,marginal,none,none,none,f_value,1.500,5804,0.04186767746381806,4.0837353549276365,0.0,16.334941419710546,0.041870099127089805,0.042582417582417584,50000,comm,private,
<SOURCE_VECSTRAIGHT_REPO>/hetzner-results/phase3_vecstraight_clean_msgsource_learned_15seeds_hetzner_20260410/train/cond1_seed909_ep50000.pt,cond1,909,1,9001,greedy,marginal,none,none,none,f_value,2.500,5884,0.27451563562202586,5.647093813732155,0.0,22.58837525492862,0.29459973657251576,0.26229190863337204,50000,comm,private,
<SOURCE_VECSTRAIGHT_REPO>/hetzner-results/phase3_vecstraight_clean_msgsource_learned_15seeds_hetzner_20260410/train/cond1_seed909_ep50000.pt,cond1,909,1,9001,greedy,marginal,none,none,none,f_value,3.500,6411,0.5296755576353143,9.296755576353142,0.040399313679613164,37.18702230541257,0.5687810555530686,0.5106136282554407,50000,comm,private,
<SOURCE_VECSTRAIGHT_REPO>/hetzner-results/phase3_vecstraight_clean_msgsource_learned_15seeds_hetzner_20260410/train/cond1_seed909_ep50000.pt,cond1,909,1,9001,greedy,marginal,none,none,none,f_value,5.000,5921,0.7126330011822327,15.402128018915723,0.2646512413443675,61.608512075662894,0.7350883826448624,0.6921802850833166,50000,comm,private,
<SOURCE_VECSTRAIGHT_REPO>/hetzner-results/phase3_vecstraight_clean_msgsource_learned_15seeds_hetzner_20260410/train/cond1_seed909_ep50000.pt,cond1,909,1,9001,greedy,none,none,none,none,regime,competitive,5288,0.0028838880484114977,3.994232223903177,0.0,15.976928895612708,,,50000,comm,private,
<SOURCE_VECSTRAIGHT_REPO>/hetzner-results/phase3_vecstraight_clean_msgsource_learned_15seeds_hetzner_20260410/train/cond1_seed909_ep50000.pt,cond1,909,1,9001,greedy,none,none,none,none,regime,cooperative,5917,0.7322122697312827,15.715396315700524,0.2528308264323137,62.861585262802095,,,50000,comm,private,
<SOURCE_VECSTRAIGHT_REPO>/hetzner-results/phase3_vecstraight_clean_msgsource_learned_15seeds_hetzner_20260410/train/cond1_seed909_ep50000.pt,cond1,909,1,9001,greedy,none,none,none,none,regime,mixed,18795,0.24977387603085927,6.188720404362862,0.02314445331205108,24.75488161745145,,,50000,comm,private,
<SOURCE_VECSTRAIGHT_REPO>/hetzner-results/phase3_vecstraight_clean_msgsource_learned_15seeds_hetzner_20260410/train/cond1_seed909_ep50000.pt,cond1,909,1,9001,greedy,none,none,none,none,f_value,0.500,5288,0.0028838880484114977,3.994232223903177,0.0,15.976928895612708,0.0022322674256375916,0.002941034665638108,50000,comm,private,
<SOURCE_VECSTRAIGHT_REPO>/hetzner-results/phase3_vecstraight_clean_msgsource_learned_15seeds_hetzner_20260410/train/cond1_seed909_ep50000.pt,cond1,909,1,9001,greedy,none,none,none,none,f_value,1.500,5824,0.02489697802197802,4.049793956043956,0.0,16.199175824175825,0.02590896077870026,0.02650916193842433,50000,comm,private,
<SOURCE_VECSTRAIGHT_REPO>/hetzner-results/phase3_vecstraight_clean_msgsource_learned_15seeds_hetzner_20260410/train/cond1_seed909_ep50000.pt,cond1,909,1,9001,greedy,none,none,none,none,f_value,2.500,6298,0.1845030168307399,5.1070181009844395,0.0,20.428072403937758,0.19598013493253374,0.1920075465225967,50000,comm,private,
<SOURCE_VECSTRAIGHT_REPO>/hetzner-results/phase3_vecstraight_clean_msgsource_learned_15seeds_hetzner_20260410/train/cond1_seed909_ep50000.pt,cond1,909,1,9001,greedy,none,none,none,none,f_value,3.500,6673,0.5076427393975723,9.076427393975724,0.06518807133223438,36.305709575902895,0.562125553529565,0.4923630192338775,50000,comm,private,
<SOURCE_VECSTRAIGHT_REPO>/hetzner-results/phase3_vecstraight_clean_msgsource_learned_15seeds_hetzner_20260410/train/cond1_seed909_ep50000.pt,cond1,909,1,9001,greedy,none,none,none,none,f_value,5.000,5917,0.7322122697312827,15.715396315700524,0.2528308264323137,62.861585262802095,0.7354701761834006,0.6388041011191986,50000,comm,private,
<SOURCE_VECSTRAIGHT_REPO>/hetzner-results/phase3_vecstraight_clean_msgsource_learned_15seeds_hetzner_20260410/train/cond1_seed909_ep50000.pt,cond1,909,1,9001,greedy,permute_slots,none,none,none,regime,competitive,5862,0.0026441487546912316,3.9947117024906174,0.0,15.97884680996247,,,50000,comm,private,
<SOURCE_VECSTRAIGHT_REPO>/hetzner-results/phase3_vecstraight_clean_msgsource_learned_15seeds_hetzner_20260410/train/cond1_seed909_ep50000.pt,cond1,909,1,9001,greedy,permute_slots,none,none,none,regime,cooperative,6068,0.7823417930125247,16.517468688200395,0.3360250494396836,66.06987475280158,,,50000,comm,private,
<SOURCE_VECSTRAIGHT_REPO>/hetzner-results/phase3_vecstraight_clean_msgsource_learned_15seeds_hetzner_20260410/train/cond1_seed909_ep50000.pt,cond1,909,1,9001,greedy,permute_slots,none,none,none,regime,mixed,18070,0.27628666297731047,6.328998339789707,0.017819590481460985,25.315993359158828,,,50000,comm,private,
<SOURCE_VECSTRAIGHT_REPO>/hetzner-results/phase3_vecstraight_clean_msgsource_learned_15seeds_hetzner_20260410/train/cond1_seed909_ep50000.pt,cond1,909,1,9001,greedy,permute_slots,none,none,none,f_value,0.500,5862,0.0026441487546912316,3.9947117024906174,0.0,15.97884680996247,0.0021641827750725493,0.0026970593353053767,50000,comm,private,
<SOURCE_VECSTRAIGHT_REPO>/hetzner-results/phase3_vecstraight_clean_msgsource_learned_15seeds_hetzner_20260410/train/cond1_seed909_ep50000.pt,cond1,909,1,9001,greedy,permute_slots,none,none,none,f_value,1.500,5576,0.037347560975609755,4.074695121951219,0.0,16.298780487804876,0.03896425388652342,0.037848797914453995,50000,comm,private,
<SOURCE_VECSTRAIGHT_REPO>/hetzner-results/phase3_vecstraight_clean_msgsource_learned_15seeds_hetzner_20260410/train/cond1_seed909_ep50000.pt,cond1,909,1,9001,greedy,permute_slots,none,none,none,f_value,2.500,6045,0.2553349875930521,5.532009925558313,0.00033085194375516956,22.128039702233252,0.28273809523809523,0.2519577047294607,50000,comm,private,
<SOURCE_VECSTRAIGHT_REPO>/hetzner-results/phase3_vecstraight_clean_msgsource_learned_15seeds_hetzner_20260410/train/cond1_seed909_ep50000.pt,cond1,909,1,9001,greedy,permute_slots,none,none,none,f_value,3.500,6449,0.5025197705070553,9.025197705070553,0.04962009613893627,36.100790820282214,0.5429987074536837,0.490325527321043,50000,comm,private,
<SOURCE_VECSTRAIGHT_REPO>/hetzner-results/phase3_vecstraight_clean_msgsource_learned_15seeds_hetzner_20260410/train/cond1_seed909_ep50000.pt,cond1,909,1,9001,greedy,permute_slots,none,none,none,f_value,5.000,6068,0.7823417930125247,16.517468688200395,0.3360250494396836,66.06987475280158,0.7830692209028094,0.7499385094695417,50000,comm,private,
<SOURCE_VECSTRAIGHT_REPO>/hetzner-results/phase3_vecstraight_clean_msgsource_learned_15seeds_hetzner_20260410/train/cond1_seed909_ep50000.pt,cond1,909,1,9001,greedy,public_marginal,none,none,none,regime,competitive,6381,0.010304027581883717,3.9793919448362325,0.0,15.91756777934493,,,50000,comm,private,
<SOURCE_VECSTRAIGHT_REPO>/hetzner-results/phase3_vecstraight_clean_msgsource_learned_15seeds_hetzner_20260410/train/cond1_seed909_ep50000.pt,cond1,909,1,9001,greedy,public_marginal,none,none,none,regime,cooperative,5877,0.6887867959843458,15.020588735749532,0.136123872724179,60.08235494299813,,,50000,comm,private,
<SOURCE_VECSTRAIGHT_REPO>/hetzner-results/phase3_vecstraight_clean_msgsource_learned_15seeds_hetzner_20260410/train/cond1_seed909_ep50000.pt,cond1,909,1,9001,greedy,public_marginal,none,none,none,regime,mixed,17742,0.302262991770939,6.408381242250028,0.0,25.633524969000113,,,50000,comm,private,
<SOURCE_VECSTRAIGHT_REPO>/hetzner-results/phase3_vecstraight_clean_msgsource_learned_15seeds_hetzner_20260410/train/cond1_seed909_ep50000.pt,cond1,909,1,9001,greedy,public_marginal,none,none,none,f_value,0.500,6381,0.010304027581883717,3.9793919448362325,0.0,15.91756777934493,0.005138662316476346,0.015078407720144753,50000,comm,private,
<SOURCE_VECSTRAIGHT_REPO>/hetzner-results/phase3_vecstraight_clean_msgsource_learned_15seeds_hetzner_20260410/train/cond1_seed909_ep50000.pt,cond1,909,1,9001,greedy,public_marginal,none,none,none,f_value,1.500,5647,0.06233398264565256,4.124667965291305,0.0,16.49867186116522,0.04498421606453876,0.08002503576537912,50000,comm,private,
<SOURCE_VECSTRAIGHT_REPO>/hetzner-results/phase3_vecstraight_clean_msgsource_learned_15seeds_hetzner_20260410/train/cond1_seed909_ep50000.pt,cond1,909,1,9001,greedy,public_marginal,none,none,none,f_value,2.500,6241,0.32374619452010894,5.9424771671206535,0.0,23.769908668482614,0.3858767303889255,0.26496725912067354,50000,comm,private,
<SOURCE_VECSTRAIGHT_REPO>/hetzner-results/phase3_vecstraight_clean_msgsource_learned_15seeds_hetzner_20260410/train/cond1_seed909_ep50000.pt,cond1,909,1,9001,greedy,public_marginal,none,none,none,f_value,3.500,5854,0.5108045780662794,9.108045780662795,0.0,36.43218312265118,0.6437823834196891,0.38070294018249407,50000,comm,private,
<SOURCE_VECSTRAIGHT_REPO>/hetzner-results/phase3_vecstraight_clean_msgsource_learned_15seeds_hetzner_20260410/train/cond1_seed909_ep50000.pt,cond1,909,1,9001,greedy,public_marginal,none,none,none,f_value,5.000,5877,0.6887867959843458,15.020588735749532,0.136123872724179,60.08235494299813,0.8130723081780865,0.5435424354243542,50000,comm,private,
<SOURCE_VECSTRAIGHT_REPO>/hetzner-results/phase3_vecstraight_clean_msgsource_learned_15seeds_hetzner_20260410/train/cond1_seed909_ep50000.pt,cond1,909,1,9001,greedy,public_random,none,none,none,regime,competitive,5929,0.010794400404790015,3.97841119919042,0.0,15.91364479676168,,,50000,comm,private,
<SOURCE_VECSTRAIGHT_REPO>/hetzner-results/phase3_vecstraight_clean_msgsource_learned_15seeds_hetzner_20260410/train/cond1_seed909_ep50000.pt,cond1,909,1,9001,greedy,public_random,none,none,none,regime,cooperative,5836,0.6820167923235092,14.912268677176147,0.13022618231665525,59.64907470870459,,,50000,comm,private,
<SOURCE_VECSTRAIGHT_REPO>/hetzner-results/phase3_vecstraight_clean_msgsource_learned_15seeds_hetzner_20260410/train/cond1_seed909_ep50000.pt,cond1,909,1,9001,greedy,public_random,none,none,none,regime,mixed,18235,0.2992733753770222,6.4050178228681105,0.00010967918837400603,25.620071291472442,,,50000,comm,private,
<SOURCE_VECSTRAIGHT_REPO>/hetzner-results/phase3_vecstraight_clean_msgsource_learned_15seeds_hetzner_20260410/train/cond1_seed909_ep50000.pt,cond1,909,1,9001,greedy,public_random,none,none,none,f_value,0.500,5929,0.010794400404790015,3.97841119919042,0.0,15.91364479676168,0.006862080650626906,0.014691067830758898,50000,comm,private,
<SOURCE_VECSTRAIGHT_REPO>/hetzner-results/phase3_vecstraight_clean_msgsource_learned_15seeds_hetzner_20260410/train/cond1_seed909_ep50000.pt,cond1,909,1,9001,greedy,public_random,none,none,none,f_value,1.500,5872,0.05722070844686648,4.114441416893733,0.0,16.457765667574932,0.041680843824430075,0.07279236276849642,50000,comm,private,
<SOURCE_VECSTRAIGHT_REPO>/hetzner-results/phase3_vecstraight_clean_msgsource_learned_15seeds_hetzner_20260410/train/cond1_seed909_ep50000.pt,cond1,909,1,9001,greedy,public_random,none,none,none,f_value,2.500,6262,0.32054455445544555,5.923267326732673,0.0,23.693069306930692,0.3809183349221481,0.2595505617977528,50000,comm,private,
<SOURCE_VECSTRAIGHT_REPO>/hetzner-results/phase3_vecstraight_clean_msgsource_learned_15seeds_hetzner_20260410/train/cond1_seed909_ep50000.pt,cond1,909,1,9001,greedy,public_random,none,none,none,f_value,3.500,6101,0.5104081298147845,9.104081298147845,0.00032781511227667593,36.41632519259138,0.6460046037487669,0.3756535947712418,50000,comm,private,
<SOURCE_VECSTRAIGHT_REPO>/hetzner-results/phase3_vecstraight_clean_msgsource_learned_15seeds_hetzner_20260410/train/cond1_seed909_ep50000.pt,cond1,909,1,9001,greedy,public_random,none,none,none,f_value,5.000,5836,0.6820167923235092,14.912268677176147,0.13022618231665525,59.64907470870459,0.8143656716417911,0.5469182825484764,50000,comm,private,
<SOURCE_VECSTRAIGHT_REPO>/hetzner-results/phase3_vecstraight_clean_msgsource_learned_15seeds_hetzner_20260410/train/cond1_seed909_ep50000.pt,cond1,909,1,9001,greedy,sender_shuffle,none,none,none,regime,competitive,5288,0.0030257186081694403,3.993948562783661,0.0,15.975794251134644,,,50000,comm,private,
<SOURCE_VECSTRAIGHT_REPO>/hetzner-results/phase3_vecstraight_clean_msgsource_learned_15seeds_hetzner_20260410/train/cond1_seed909_ep50000.pt,cond1,909,1,9001,greedy,sender_shuffle,none,none,none,regime,cooperative,5917,0.7033124894372148,15.252999830995437,0.25553489944228497,61.01199932398175,,,50000,comm,private,
<SOURCE_VECSTRAIGHT_REPO>/hetzner-results/phase3_vecstraight_clean_msgsource_learned_15seeds_hetzner_20260410/train/cond1_seed909_ep50000.pt,cond1,909,1,9001,greedy,sender_shuffle,none,none,none,regime,mixed,18795,0.29667464751263634,6.476669326948657,0.014578345304602287,25.906677307794627,,,50000,comm,private,
<SOURCE_VECSTRAIGHT_REPO>/hetzner-results/phase3_vecstraight_clean_msgsource_learned_15seeds_hetzner_20260410/train/cond1_seed909_ep50000.pt,cond1,909,1,9001,greedy,sender_shuffle,none,none,none,f_value,0.500,5288,0.0030257186081694403,3.993948562783661,0.0,15.975794251134644,0.002562323173010196,0.0033006871922515017,50000,comm,private,
<SOURCE_VECSTRAIGHT_REPO>/hetzner-results/phase3_vecstraight_clean_msgsource_learned_15seeds_hetzner_20260410/train/cond1_seed909_ep50000.pt,cond1,909,1,9001,greedy,sender_shuffle,none,none,none,f_value,1.500,5824,0.040865384615384616,4.081730769230769,0.0,16.326923076923077,0.041483435942538845,0.04158873904911901,50000,comm,private,
<SOURCE_VECSTRAIGHT_REPO>/hetzner-results/phase3_vecstraight_clean_msgsource_learned_15seeds_hetzner_20260410/train/cond1_seed909_ep50000.pt,cond1,909,1,9001,greedy,sender_shuffle,none,none,none,f_value,2.500,6298,0.2900523975865354,5.740314385519213,0.00015878056525881233,22.96125754207685,0.3111362096227694,0.2736386420596947,50000,comm,private,
<SOURCE_VECSTRAIGHT_REPO>/hetzner-results/phase3_vecstraight_clean_msgsource_learned_15seeds_hetzner_20260410/train/cond1_seed909_ep50000.pt,cond1,909,1,9001,greedy,sender_shuffle,none,none,none,f_value,3.500,6673,0.5261876217593286,9.261876217593286,0.040911134422298816,37.047504870373146,0.5607277983250436,0.505838755547895,50000,comm,private,
<SOURCE_VECSTRAIGHT_REPO>/hetzner-results/phase3_vecstraight_clean_msgsource_learned_15seeds_hetzner_20260410/train/cond1_seed909_ep50000.pt,cond1,909,1,9001,greedy,sender_shuffle,none,none,none,f_value,5.000,5917,0.7033124894372148,15.252999830995437,0.25553489944228497,61.01199932398175,0.7262399159864432,0.6861885984129302,50000,comm,private,
<SOURCE_VECSTRAIGHT_REPO>/hetzner-results/phase3_vecstraight_clean_msgsource_learned_15seeds_hetzner_20260410/train/cond1_seed909_ep50000.pt,cond1,909,1,9001,greedy,zeros,none,none,none,regime,competitive,5288,0.00047276853252647505,3.999054462934947,0.0,15.996217851739788,,,50000,comm,private,
<SOURCE_VECSTRAIGHT_REPO>/hetzner-results/phase3_vecstraight_clean_msgsource_learned_15seeds_hetzner_20260410/train/cond1_seed909_ep50000.pt,cond1,909,1,9001,greedy,zeros,none,none,none,regime,cooperative,5917,0.7560419131316546,16.09667061010647,0.2881527801250634,64.38668244042589,,,50000,comm,private,
<SOURCE_VECSTRAIGHT_REPO>/hetzner-results/phase3_vecstraight_clean_msgsource_learned_15seeds_hetzner_20260410/train/cond1_seed909_ep50000.pt,cond1,909,1,9001,greedy,zeros,none,none,none,regime,mixed,18795,0.3515828677839851,6.854535780792764,0.0036179835062516625,27.418143123171056,,,50000,comm,private,
<SOURCE_VECSTRAIGHT_REPO>/hetzner-results/phase3_vecstraight_clean_msgsource_learned_15seeds_hetzner_20260410/train/cond1_seed909_ep50000.pt,cond1,909,1,9001,greedy,zeros,none,none,none,f_value,0.500,5288,0.00047276853252647505,3.999054462934947,0.0,15.996217851739788,0.0004483802264320144,0.0004813014390913029,50000,comm,private,
<SOURCE_VECSTRAIGHT_REPO>/hetzner-results/phase3_vecstraight_clean_msgsource_learned_15seeds_hetzner_20260410/train/cond1_seed909_ep50000.pt,cond1,909,1,9001,greedy,zeros,none,none,none,f_value,1.500,5824,0.06820913461538461,4.136418269230769,0.0,16.545673076923077,0.059723759564945376,0.07138242894056848,50000,comm,private,
<SOURCE_VECSTRAIGHT_REPO>/hetzner-results/phase3_vecstraight_clean_msgsource_learned_15seeds_hetzner_20260410/train/cond1_seed909_ep50000.pt,cond1,909,1,9001,greedy,zeros,none,none,none,f_value,2.500,6298,0.3672197523023182,6.203318513813909,0.0,24.813274055255636,0.31265614202944775,0.3730681633317065,50000,comm,private,
<SOURCE_VECSTRAIGHT_REPO>/hetzner-results/phase3_vecstraight_clean_msgsource_learned_15seeds_hetzner_20260410/train/cond1_seed909_ep50000.pt,cond1,909,1,9001,greedy,zeros,none,none,none,f_value,3.500,6673,0.5841450621909187,9.841450621909186,0.010190319196763074,39.36580248763674,0.6049382716049383,0.5819905213270142,50000,comm,private,
<SOURCE_VECSTRAIGHT_REPO>/hetzner-results/phase3_vecstraight_clean_msgsource_learned_15seeds_hetzner_20260410/train/cond1_seed909_ep50000.pt,cond1,909,1,9001,greedy,zeros,none,none,none,f_value,5.000,5917,0.7560419131316546,16.09667061010647,0.2881527801250634,64.38668244042589,0.7572411449927801,0.7363770250368189,50000,comm,private,
<SOURCE_VECSTRAIGHT_REPO>/hetzner-results/phase3_vecstraight_comm_history_factorial_without_comm_full_history_15seeds_hetzner_20260330par24/train/cond2_seed101_ep50000.pt,cond2,101,0,9001,greedy,none,none,none,none,regime,competitive,5309,4.708984742889433e-05,3.999905820305142,0.0,15.999623281220568,,,50000,baseline,private,
<SOURCE_VECSTRAIGHT_REPO>/hetzner-results/phase3_vecstraight_comm_history_factorial_without_comm_full_history_15seeds_hetzner_20260330par24/train/cond2_seed101_ep50000.pt,cond2,101,0,9001,greedy,none,none,none,none,regime,cooperative,6363,0.1471004243281471,6.353606789250354,0.0,25.414427157001416,,,50000,baseline,private,
<SOURCE_VECSTRAIGHT_REPO>/hetzner-results/phase3_vecstraight_comm_history_factorial_without_comm_full_history_15seeds_hetzner_20260330par24/train/cond2_seed101_ep50000.pt,cond2,101,0,9001,greedy,none,none,none,none,regime,mixed,18328,0.11385584897424705,4.927187909209952,0.0,19.708751636839807,,,50000,baseline,private,
<SOURCE_VECSTRAIGHT_REPO>/hetzner-results/phase3_vecstraight_comm_history_factorial_without_comm_full_history_15seeds_hetzner_20260330par24/train/cond2_seed101_ep50000.pt,cond2,101,0,9001,greedy,none,none,none,none,f_value,0.500,5309,4.708984742889433e-05,3.999905820305142,0.0,15.999623281220568,,,50000,baseline,private,
<SOURCE_VECSTRAIGHT_REPO>/hetzner-results/phase3_vecstraight_comm_history_factorial_without_comm_full_history_15seeds_hetzner_20260330par24/train/cond2_seed101_ep50000.pt,cond2,101,0,9001,greedy,none,none,none,none,f_value,1.500,5852,0.01666097060833903,4.033321941216678,0.0,16.13328776486671,,,50000,baseline,private,
<SOURCE_VECSTRAIGHT_REPO>/hetzner-results/phase3_vecstraight_comm_history_factorial_without_comm_full_history_15seeds_hetzner_20260330par24/train/cond2_seed101_ep50000.pt,cond2,101,0,9001,greedy,none,none,none,none,f_value,2.500,6044,0.1279781601588352,4.767868960953011,0.0,19.071475843812046,,,50000,baseline,private,
<SOURCE_VECSTRAIGHT_REPO>/hetzner-results/phase3_vecstraight_comm_history_factorial_without_comm_full_history_15seeds_hetzner_20260330par24/train/cond2_seed101_ep50000.pt,cond2,101,0,9001,greedy,none,none,none,none,f_value,3.500,6432,0.18901585820895522,5.890158582089552,0.0,23.56063432835821,,,50000,baseline,private,
<SOURCE_VECSTRAIGHT_REPO>/hetzner-results/phase3_vecstraight_comm_history_factorial_without_comm_full_history_15seeds_hetzner_20260330par24/train/cond2_seed101_ep50000.pt,cond2,101,0,9001,greedy,none,none,none,none,f_value,5.000,6363,0.1471004243281471,6.353606789250354,0.0,25.414427157001416,,,50000,baseline,private,
<SOURCE_VECSTRAIGHT_REPO>/hetzner-results/phase3_vecstraight_comm_history_factorial_without_comm_full_history_15seeds_hetzner_20260330par24/train/cond2_seed1111_ep50000.pt,cond2,1111,0,9001,greedy,none,none,none,none,regime,competitive,5309,0.015068751177246186,3.9698624976455075,0.0,15.87944999058203,,,50000,baseline,private,
<SOURCE_VECSTRAIGHT_REPO>/hetzner-results/phase3_vecstraight_comm_history_factorial_without_comm_full_history_15seeds_hetzner_20260330par24/train/cond2_seed1111_ep50000.pt,cond2,1111,0,9001,greedy,none,none,none,none,regime,cooperative,6363,0.7784849913562785,16.455759861700457,0.39588244538739586,65.82303944680183,,,50000,baseline,private,
<SOURCE_VECSTRAIGHT_REPO>/hetzner-results/phase3_vecstraight_comm_history_factorial_without_comm_full_history_15seeds_hetzner_20260330par24/train/cond2_seed1111_ep50000.pt,cond2,1111,0,9001,greedy,none,none,none,none,regime,mixed,18328,0.05512058053251855,4.537019860323003,0.00032736796158882583,18.148079441292012,,,50000,baseline,private,
<SOURCE_VECSTRAIGHT_REPO>/hetzner-results/phase3_vecstraight_comm_history_factorial_without_comm_full_history_15seeds_hetzner_20260330par24/train/cond2_seed1111_ep50000.pt,cond2,1111,0,9001,greedy,none,none,none,none,f_value,0.500,5309,0.015068751177246186,3.9698624976455075,0.0,15.87944999058203,,,50000,baseline,private,
<SOURCE_VECSTRAIGHT_REPO>/hetzner-results/phase3_vecstraight_comm_history_factorial_without_comm_full_history_15seeds_hetzner_20260330par24/train/cond2_seed1111_ep50000.pt,cond2,1111,0,9001,greedy,none,none,none,none,f_value,1.500,5852,0.0011107313738892687,4.002221462747778,0.0,16.008885850991113,,,50000,baseline,private,
<SOURCE_VECSTRAIGHT_REPO>/hetzner-results/phase3_vecstraight_comm_history_factorial_without_comm_full_history_15seeds_hetzner_20260330par24/train/cond2_seed1111_ep50000.pt,cond2,1111,0,9001,greedy,none,none,none,none,f_value,2.500,6044,0.008603573792190603,4.051621442753143,0.0,16.206485771012574,,,50000,baseline,private,
<SOURCE_VECSTRAIGHT_REPO>/hetzner-results/phase3_vecstraight_comm_history_factorial_without_comm_full_history_15seeds_hetzner_20260330par24/train/cond2_seed1111_ep50000.pt,cond2,1111,0,9001,greedy,none,none,none,none,f_value,3.500,6432,0.14797108208955223,5.479710820895522,0.0009328358208955224,21.91884328358209,,,50000,baseline,private,
<SOURCE_VECSTRAIGHT_REPO>/hetzner-results/phase3_vecstraight_comm_history_factorial_without_comm_full_history_15seeds_hetzner_20260330par24/train/cond2_seed1111_ep50000.pt,cond2,1111,0,9001,greedy,none,none,none,none,f_value,5.000,6363,0.7784849913562785,16.455759861700457,0.39588244538739586,65.82303944680183,,,50000,baseline,private,
<SOURCE_VECSTRAIGHT_REPO>/hetzner-results/phase3_vecstraight_comm_history_factorial_without_comm_full_history_15seeds_hetzner_20260330par24/train/cond2_seed1212_ep50000.pt,cond2,1212,0,9001,greedy,none,none,none,none,regime,competitive,5309,0.01097193445093238,3.978056131098135,0.0,15.91222452439254,,,50000,baseline,private,
<SOURCE_VECSTRAIGHT_REPO>/hetzner-results/phase3_vecstraight_comm_history_factorial_without_comm_full_history_15seeds_hetzner_20260330par24/train/cond2_seed1212_ep50000.pt,cond2,1212,0,9001,greedy,none,none,none,none,regime,cooperative,6363,0.6441144114411441,14.305830583058306,0.09963853528209964,57.223322332233224,,,50000,baseline,private,
<SOURCE_VECSTRAIGHT_REPO>/hetzner-results/phase3_vecstraight_comm_history_factorial_without_comm_full_history_15seeds_hetzner_20260330par24/train/cond2_seed1212_ep50000.pt,cond2,1212,0,9001,greedy,none,none,none,none,regime,mixed,18328,0.3699257965953732,7.095591444783937,0.007365779135748581,28.38236577913575,,,50000,baseline,private,
<SOURCE_VECSTRAIGHT_REPO>/hetzner-results/phase3_vecstraight_comm_history_factorial_without_comm_full_history_15seeds_hetzner_20260330par24/train/cond2_seed1212_ep50000.pt,cond2,1212,0,9001,greedy,none,none,none,none,f_value,0.500,5309,0.01097193445093238,3.978056131098135,0.0,15.91222452439254,,,50000,baseline,private,
<SOURCE_VECSTRAIGHT_REPO>/hetzner-results/phase3_vecstraight_comm_history_factorial_without_comm_full_history_15seeds_hetzner_20260330par24/train/cond2_seed1212_ep50000.pt,cond2,1212,0,9001,greedy,none,none,none,none,f_value,1.500,5852,0.027811004784688995,4.055622009569378,0.0,16.22248803827751,,,50000,baseline,private,
<SOURCE_VECSTRAIGHT_REPO>/hetzner-results/phase3_vecstraight_comm_history_factorial_without_comm_full_history_15seeds_hetzner_20260330par24/train/cond2_seed1212_ep50000.pt,cond2,1212,0,9001,greedy,none,none,none,none,f_value,2.500,6044,0.40378888153540704,6.4227332892124425,0.01042356055592323,25.69093315684977,,,50000,baseline,private,
<SOURCE_VECSTRAIGHT_REPO>/hetzner-results/phase3_vecstraight_comm_history_factorial_without_comm_full_history_15seeds_hetzner_20260330par24/train/cond2_seed1212_ep50000.pt,cond2,1212,0,9001,greedy,none,none,none,none,f_value,3.500,6432,0.6493703358208955,10.493703358208956,0.011194029850746268,41.97481343283582,,,50000,baseline,private,
<SOURCE_VECSTRAIGHT_REPO>/hetzner-results/phase3_vecstraight_comm_history_factorial_without_comm_full_history_15seeds_hetzner_20260330par24/train/cond2_seed1212_ep50000.pt,cond2,1212,0,9001,greedy,none,none,none,none,f_value,5.000,6363,0.6441144114411441,14.305830583058306,0.09963853528209964,57.223322332233224,,,50000,baseline,private,
<SOURCE_VECSTRAIGHT_REPO>/hetzner-results/phase3_vecstraight_comm_history_factorial_without_comm_full_history_15seeds_hetzner_20260330par24/train/cond2_seed1313_ep50000.pt,cond2,1313,0,9001,greedy,none,none,none,none,regime,competitive,5309,0.03277453381051045,3.934450932378979,0.0,15.737803729515916,,,50000,baseline,private,
<SOURCE_VECSTRAIGHT_REPO>/hetzner-results/phase3_vecstraight_comm_history_factorial_without_comm_full_history_15seeds_hetzner_20260330par24/train/cond2_seed1313_ep50000.pt,cond2,1313,0,9001,greedy,none,none,none,none,regime,cooperative,6363,0.49442087065849444,11.91073393053591,0.10576771962910576,47.64293572214364,,,50000,baseline,private,
<SOURCE_VECSTRAIGHT_REPO>/hetzner-results/phase3_vecstraight_comm_history_factorial_without_comm_full_history_15seeds_hetzner_20260330par24/train/cond2_seed1313_ep50000.pt,cond2,1313,0,9001,greedy,none,none,none,none,regime,mixed,18328,0.1809390004364906,5.6784428197293755,0.0018005237887385422,22.713771278917502,,,50000,baseline,private,
<SOURCE_VECSTRAIGHT_REPO>/hetzner-results/phase3_vecstraight_comm_history_factorial_without_comm_full_history_15seeds_hetzner_20260330par24/train/cond2_seed1313_ep50000.pt,cond2,1313,0,9001,greedy,none,none,none,none,f_value,0.500,5309,0.03277453381051045,3.934450932378979,0.0,15.737803729515916,,,50000,baseline,private,
<SOURCE_VECSTRAIGHT_REPO>/hetzner-results/phase3_vecstraight_comm_history_factorial_without_comm_full_history_15seeds_hetzner_20260330par24/train/cond2_seed1313_ep50000.pt,cond2,1313,0,9001,greedy,none,none,none,none,f_value,1.500,5852,0.002349624060150376,4.004699248120301,0.0,16.018796992481203,,,50000,baseline,private,
<SOURCE_VECSTRAIGHT_REPO>/hetzner-results/phase3_vecstraight_comm_history_factorial_without_comm_full_history_15seeds_hetzner_20260330par24/train/cond2_seed1313_ep50000.pt,cond2,1313,0,9001,greedy,none,none,none,none,f_value,2.500,6044,0.09472203838517539,4.568332230311052,0.0,18.273328921244207,,,50000,baseline,private,
<SOURCE_VECSTRAIGHT_REPO>/hetzner-results/phase3_vecstraight_comm_history_factorial_without_comm_full_history_15seeds_hetzner_20260330par24/train/cond2_seed1313_ep50000.pt,cond2,1313,0,9001,greedy,none,none,none,none,f_value,3.500,6432,0.4244402985074627,8.244402985074627,0.005130597014925373,32.97761194029851,,,50000,baseline,private,
<SOURCE_VECSTRAIGHT_REPO>/hetzner-results/phase3_vecstraight_comm_history_factorial_without_comm_full_history_15seeds_hetzner_20260330par24/train/cond2_seed1313_ep50000.pt,cond2,1313,0,9001,greedy,none,none,none,none,f_value,5.000,6363,0.49442087065849444,11.91073393053591,0.10576771962910576,47.64293572214364,,,50000,baseline,private,
<SOURCE_VECSTRAIGHT_REPO>/hetzner-results/phase3_vecstraight_comm_history_factorial_without_comm_full_history_15seeds_hetzner_20260330par24/train/cond2_seed1414_ep50000.pt,cond2,1414,0,9001,greedy,none,none,none,none,regime,competitive,5309,0.005697871538896214,3.9886042569222075,0.0,15.95441702768883,,,50000,baseline,private,
<SOURCE_VECSTRAIGHT_REPO>/hetzner-results/phase3_vecstraight_comm_history_factorial_without_comm_full_history_15seeds_hetzner_20260330par24/train/cond2_seed1414_ep50000.pt,cond2,1414,0,9001,greedy,none,none,none,none,regime,cooperative,6363,0.4253889674681754,10.806223479490805,0.02593116454502593,43.22489391796322,,,50000,baseline,private,
<SOURCE_VECSTRAIGHT_REPO>/hetzner-results/phase3_vecstraight_comm_history_factorial_without_comm_full_history_15seeds_hetzner_20260330par24/train/cond2_seed1414_ep50000.pt,cond2,1414,0,9001,greedy,none,none,none,none,regime,mixed,18328,0.02639404190309908,4.260284810126582,0.0,17.04113924050633,,,50000,baseline,private,
<SOURCE_VECSTRAIGHT_REPO>/hetzner-results/phase3_vecstraight_comm_history_factorial_without_comm_full_history_15seeds_hetzner_20260330par24/train/cond2_seed1414_ep50000.pt,cond2,1414,0,9001,greedy,none,none,none,none,f_value,0.500,5309,0.005697871538896214,3.9886042569222075,0.0,15.95441702768883,,,50000,baseline,private,
<SOURCE_VECSTRAIGHT_REPO>/hetzner-results/phase3_vecstraight_comm_history_factorial_without_comm_full_history_15seeds_hetzner_20260330par24/train/cond2_seed1414_ep50000.pt,cond2,1414,0,9001,greedy,none,none,none,none,f_value,1.500,5852,4.2720437457279566e-05,4.000085440874915,0.0,16.00034176349966,,,50000,baseline,private,
<SOURCE_VECSTRAIGHT_REPO>/hetzner-results/phase3_vecstraight_comm_history_factorial_without_comm_full_history_15seeds_hetzner_20260330par24/train/cond2_seed1414_ep50000.pt,cond2,1414,0,9001,greedy,none,none,none,none,f_value,2.500,6044,0.0026886168100595633,4.016131700860357,0.0,16.064526803441428,,,50000,baseline,private,
<SOURCE_VECSTRAIGHT_REPO>/hetzner-results/phase3_vecstraight_comm_history_factorial_without_comm_full_history_15seeds_hetzner_20260330par24/train/cond2_seed1414_ep50000.pt,cond2,1414,0,9001,greedy,none,none,none,none,f_value,3.500,6432,0.0726445895522388,4.726445895522388,0.0,18.90578358208955,,,50000,baseline,private,
<SOURCE_VECSTRAIGHT_REPO>/hetzner-results/phase3_vecstraight_comm_history_factorial_without_comm_full_history_15seeds_hetzner_20260330par24/train/cond2_seed1414_ep50000.pt,cond2,1414,0,9001,greedy,none,none,none,none,f_value,5.000,6363,0.4253889674681754,10.806223479490805,0.02593116454502593,43.22489391796322,,,50000,baseline,private,
<SOURCE_VECSTRAIGHT_REPO>/hetzner-results/phase3_vecstraight_comm_history_factorial_without_comm_full_history_15seeds_hetzner_20260330par24/train/cond2_seed1515_ep50000.pt,cond2,1515,0,9001,greedy,none,none,none,none,regime,competitive,5309,0.06738557167074778,3.8652288566585042,0.0,15.460915426634017,,,50000,baseline,private,
<SOURCE_VECSTRAIGHT_REPO>/hetzner-results/phase3_vecstraight_comm_history_factorial_without_comm_full_history_15seeds_hetzner_20260330par24/train/cond2_seed1515_ep50000.pt,cond2,1515,0,9001,greedy,none,none,none,none,regime,cooperative,6363,0.6842684268426843,14.948294829482949,0.08062234794908062,59.793179317931795,,,50000,baseline,private,
<SOURCE_VECSTRAIGHT_REPO>/hetzner-results/phase3_vecstraight_comm_history_factorial_without_comm_full_history_15seeds_hetzner_20260330par24/train/cond2_seed1515_ep50000.pt,cond2,1515,0,9001,greedy,none,none,none,none,regime,mixed,18328,0.1725229157573112,5.526353120907901,0.0026735050196420775,22.105412483631603,,,50000,baseline,private,
<SOURCE_VECSTRAIGHT_REPO>/hetzner-results/phase3_vecstraight_comm_history_factorial_without_comm_full_history_15seeds_hetzner_20260330par24/train/cond2_seed1515_ep50000.pt,cond2,1515,0,9001,greedy,none,none,none,none,f_value,0.500,5309,0.06738557167074778,3.8652288566585042,0.0,15.460915426634017,,,50000,baseline,private,
<SOURCE_VECSTRAIGHT_REPO>/hetzner-results/phase3_vecstraight_comm_history_factorial_without_comm_full_history_15seeds_hetzner_20260330par24/train/cond2_seed1515_ep50000.pt,cond2,1515,0,9001,greedy,none,none,none,none,f_value,1.500,5852,0.017643540669856458,4.035287081339713,0.0,16.141148325358852,,,50000,baseline,private,
<SOURCE_VECSTRAIGHT_REPO>/hetzner-results/phase3_vecstraight_comm_history_factorial_without_comm_full_history_15seeds_hetzner_20260330par24/train/cond2_seed1515_ep50000.pt,cond2,1515,0,9001,greedy,none,none,none,none,f_value,2.500,6044,0.11660324288550629,4.699619457313037,0.0,18.79847782925215,,,50000,baseline,private,
<SOURCE_VECSTRAIGHT_REPO>/hetzner-results/phase3_vecstraight_comm_history_factorial_without_comm_full_history_15seeds_hetzner_20260330par24/train/cond2_seed1515_ep50000.pt,cond2,1515,0,9001,greedy,none,none,none,none,f_value,3.500,6432,0.3659825870646766,7.659825870646766,0.0076181592039800995,30.639303482587064,,,50000,baseline,private,
<SOURCE_VECSTRAIGHT_REPO>/hetzner-results/phase3_vecstraight_comm_history_factorial_without_comm_full_history_15seeds_hetzner_20260330par24/train/cond2_seed1515_ep50000.pt,cond2,1515,0,9001,greedy,none,none,none,none,f_value,5.000,6363,0.6842684268426843,14.948294829482949,0.08062234794908062,59.793179317931795,,,50000,baseline,private,
<SOURCE_VECSTRAIGHT_REPO>/hetzner-results/phase3_vecstraight_comm_history_factorial_without_comm_full_history_15seeds_hetzner_20260330par24/train/cond2_seed1616_ep50000.pt,cond2,1616,0,9001,greedy,none,none,none,none,regime,competitive,5309,0.0015068751177246186,3.996986249764551,0.0,15.987944999058204,,,50000,baseline,private,
<SOURCE_VECSTRAIGHT_REPO>/hetzner-results/phase3_vecstraight_comm_history_factorial_without_comm_full_history_15seeds_hetzner_20260330par24/train/cond2_seed1616_ep50000.pt,cond2,1616,0,9001,greedy,none,none,none,none,regime,cooperative,6363,0.6872544397296872,14.996071035674996,0.23998114097124,59.984284142699984,,,50000,baseline,private,
<SOURCE_VECSTRAIGHT_REPO>/hetzner-results/phase3_vecstraight_comm_history_factorial_without_comm_full_history_15seeds_hetzner_20260330par24/train/cond2_seed1616_ep50000.pt,cond2,1616,0,9001,greedy,none,none,none,none,regime,mixed,18328,0.28807016586643386,6.54618616324749,0.032900480139676995,26.18474465298996,,,50000,baseline,private,
<SOURCE_VECSTRAIGHT_REPO>/hetzner-results/phase3_vecstraight_comm_history_factorial_without_comm_full_history_15seeds_hetzner_20260330par24/train/cond2_seed1616_ep50000.pt,cond2,1616,0,9001,greedy,none,none,none,none,f_value,0.500,5309,0.0015068751177246186,3.996986249764551,0.0,15.987944999058204,,,50000,baseline,private,
<SOURCE_VECSTRAIGHT_REPO>/hetzner-results/phase3_vecstraight_comm_history_factorial_without_comm_full_history_15seeds_hetzner_20260330par24/train/cond2_seed1616_ep50000.pt,cond2,1616,0,9001,greedy,none,none,none,none,f_value,1.500,5852,0.007134313055365687,4.014268626110732,0.0,16.057074504442927,,,50000,baseline,private,
<SOURCE_VECSTRAIGHT_REPO>/hetzner-results/phase3_vecstraight_comm_history_factorial_without_comm_full_history_15seeds_hetzner_20260330par24/train/cond2_seed1616_ep50000.pt,cond2,1616,0,9001,greedy,none,none,none,none,f_value,2.500,6044,0.23978325612177365,5.438699536730642,0.0006618133686300463,21.754798146922568,,,50000,baseline,private,
<SOURCE_VECSTRAIGHT_REPO>/hetzner-results/phase3_vecstraight_comm_history_factorial_without_comm_full_history_15seeds_hetzner_20260330par24/train/cond2_seed1616_ep50000.pt,cond2,1616,0,9001,greedy,none,none,none,none,f_value,3.500,6432,0.5890469527363185,9.890469527363184,0.09312810945273632,39.561878109452735,,,50000,baseline,private,
<SOURCE_VECSTRAIGHT_REPO>/hetzner-results/phase3_vecstraight_comm_history_factorial_without_comm_full_history_15seeds_hetzner_20260330par24/train/cond2_seed1616_ep50000.pt,cond2,1616,0,9001,greedy,none,none,none,none,f_value,5.000,6363,0.6872544397296872,14.996071035674996,0.23998114097124,59.984284142699984,,,50000,baseline,private,
<SOURCE_VECSTRAIGHT_REPO>/hetzner-results/phase3_vecstraight_comm_history_factorial_without_comm_full_history_15seeds_hetzner_20260330par24/train/cond2_seed202_ep50000.pt,cond2,202,0,9001,greedy,none,none,none,none,regime,competitive,5309,0.007298926351478621,3.9854021472970427,0.0,15.94160858918817,,,50000,baseline,private,
<SOURCE_VECSTRAIGHT_REPO>/hetzner-results/phase3_vecstraight_comm_history_factorial_without_comm_full_history_15seeds_hetzner_20260330par24/train/cond2_seed202_ep50000.pt,cond2,202,0,9001,greedy,none,none,none,none,regime,cooperative,6363,0.37513751375137516,10.002200220022003,0.01603017444601603,40.00880088008801,,,50000,baseline,private,
<SOURCE_VECSTRAIGHT_REPO>/hetzner-results/phase3_vecstraight_comm_history_factorial_without_comm_full_history_15seeds_hetzner_20260330par24/train/cond2_seed202_ep50000.pt,cond2,202,0,9001,greedy,none,none,none,none,regime,mixed,18328,0.19819402007856832,5.730576167612396,0.0,22.922304670449584,,,50000,baseline,private,
<SOURCE_VECSTRAIGHT_REPO>/hetzner-results/phase3_vecstraight_comm_history_factorial_without_comm_full_history_15seeds_hetzner_20260330par24/train/cond2_seed202_ep50000.pt,cond2,202,0,9001,greedy,none,none,none,none,f_value,0.500,5309,0.007298926351478621,3.9854021472970427,0.0,15.94160858918817,,,50000,baseline,private,
<SOURCE_VECSTRAIGHT_REPO>/hetzner-results/phase3_vecstraight_comm_history_factorial_without_comm_full_history_15seeds_hetzner_20260330par24/train/cond2_seed202_ep50000.pt,cond2,202,0,9001,greedy,none,none,none,none,f_value,1.500,5852,0.008501367053998633,4.017002734107997,0.0,16.06801093643199,,,50000,baseline,private,
<SOURCE_VECSTRAIGHT_REPO>/hetzner-results/phase3_vecstraight_comm_history_factorial_without_comm_full_history_15seeds_hetzner_20260330par24/train/cond2_seed202_ep50000.pt,cond2,202,0,9001,greedy,none,none,none,none,f_value,2.500,6044,0.17409827928524158,5.04458967571145,0.0,20.1783587028458,,,50000,baseline,private,
<SOURCE_VECSTRAIGHT_REPO>/hetzner-results/phase3_vecstraight_comm_history_factorial_without_comm_full_history_15seeds_hetzner_20260330par24/train/cond2_seed202_ep50000.pt,cond2,202,0,9001,greedy,none,none,none,none,f_value,3.500,6432,0.39342350746268656,7.934235074626866,0.0,31.736940298507463,,,50000,baseline,private,
<SOURCE_VECSTRAIGHT_REPO>/hetzner-results/phase3_vecstraight_comm_history_factorial_without_comm_full_history_15seeds_hetzner_20260330par24/train/cond2_seed202_ep50000.pt,cond2,202,0,9001,greedy,none,none,none,none,f_value,5.000,6363,0.37513751375137516,10.002200220022003,0.01603017444601603,40.00880088008801,,,50000,baseline,private,
<SOURCE_VECSTRAIGHT_REPO>/hetzner-results/phase3_vecstraight_comm_history_factorial_without_comm_full_history_15seeds_hetzner_20260330par24/train/cond2_seed303_ep50000.pt,cond2,303,0,9001,greedy,none,none,none,none,regime,competitive,5309,0.05113957430777924,3.8977208513844417,0.0,15.590883405537767,,,50000,baseline,private,
<SOURCE_VECSTRAIGHT_REPO>/hetzner-results/phase3_vecstraight_comm_history_factorial_without_comm_full_history_15seeds_hetzner_20260330par24/train/cond2_seed303_ep50000.pt,cond2,303,0,9001,greedy,none,none,none,none,regime,cooperative,6363,0.4892346377494892,11.827754203991828,0.028602860286028604,47.311016815967314,,,50000,baseline,private,
<SOURCE_VECSTRAIGHT_REPO>/hetzner-results/phase3_vecstraight_comm_history_factorial_without_comm_full_history_15seeds_hetzner_20260330par24/train/cond2_seed303_ep50000.pt,cond2,303,0,9001,greedy,none,none,none,none,regime,mixed,18328,0.190800960279354,5.800250982103885,0.015495416848537757,23.20100392841554,,,50000,baseline,private,
<SOURCE_VECSTRAIGHT_REPO>/hetzner-results/phase3_vecstraight_comm_history_factorial_without_comm_full_history_15seeds_hetzner_20260330par24/train/cond2_seed303_ep50000.pt,cond2,303,0,9001,greedy,none,none,none,none,f_value,0.500,5309,0.05113957430777924,3.8977208513844417,0.0,15.590883405537767,,,50000,baseline,private,
<SOURCE_VECSTRAIGHT_REPO>/hetzner-results/phase3_vecstraight_comm_history_factorial_without_comm_full_history_15seeds_hetzner_20260330par24/train/cond2_seed303_ep50000.pt,cond2,303,0,9001,greedy,none,none,none,none,f_value,1.500,5852,0.004143882433356117,4.008287764866712,0.0,16.03315105946685,,,50000,baseline,private,
<SOURCE_VECSTRAIGHT_REPO>/hetzner-results/phase3_vecstraight_comm_history_factorial_without_comm_full_history_15seeds_hetzner_20260330par24/train/cond2_seed303_ep50000.pt,cond2,303,0,9001,greedy,none,none,none,none,f_value,2.500,6044,0.07366810059563203,4.442008603573792,0.00033090668431502316,17.76803441429517,,,50000,baseline,private,
<SOURCE_VECSTRAIGHT_REPO>/hetzner-results/phase3_vecstraight_comm_history_factorial_without_comm_full_history_15seeds_hetzner_20260330par24/train/cond2_seed303_ep50000.pt,cond2,303,0,9001,greedy,none,none,none,none,f_value,3.500,6432,0.470693407960199,8.70693407960199,0.043843283582089554,34.82773631840796,,,50000,baseline,private,
<SOURCE_VECSTRAIGHT_REPO>/hetzner-results/phase3_vecstraight_comm_history_factorial_without_comm_full_history_15seeds_hetzner_20260330par24/train/cond2_seed303_ep50000.pt,cond2,303,0,9001,greedy,none,none,none,none,f_value,5.000,6363,0.4892346377494892,11.827754203991828,0.028602860286028604,47.311016815967314,,,50000,baseline,private,
<SOURCE_VECSTRAIGHT_REPO>/hetzner-results/phase3_vecstraight_comm_history_factorial_without_comm_full_history_15seeds_hetzner_20260330par24/train/cond2_seed404_ep50000.pt,cond2,404,0,9001,greedy,none,none,none,none,regime,competitive,5309,0.025475607459031834,3.9490487850819362,0.0,15.796195140327745,,,50000,baseline,private,
<SOURCE_VECSTRAIGHT_REPO>/hetzner-results/phase3_vecstraight_comm_history_factorial_without_comm_full_history_15seeds_hetzner_20260330par24/train/cond2_seed404_ep50000.pt,cond2,404,0,9001,greedy,none,none,none,none,regime,cooperative,6363,0.7673660223165174,16.277856357064277,0.28775734716328777,65.1114254282571,,,50000,baseline,private,
<SOURCE_VECSTRAIGHT_REPO>/hetzner-results/phase3_vecstraight_comm_history_factorial_without_comm_full_history_15seeds_hetzner_20260330par24/train/cond2_seed404_ep50000.pt,cond2,404,0,9001,greedy,none,none,none,none,regime,mixed,18328,0.20411392405063292,5.82011130510694,0.0012003491924923613,23.28044522042776,,,50000,baseline,private,
<SOURCE_VECSTRAIGHT_REPO>/hetzner-results/phase3_vecstraight_comm_history_factorial_without_comm_full_history_15seeds_hetzner_20260330par24/train/cond2_seed404_ep50000.pt,cond2,404,0,9001,greedy,none,none,none,none,f_value,0.500,5309,0.025475607459031834,3.9490487850819362,0.0,15.796195140327745,,,50000,baseline,private,
<SOURCE_VECSTRAIGHT_REPO>/hetzner-results/phase3_vecstraight_comm_history_factorial_without_comm_full_history_15seeds_hetzner_20260330par24/train/cond2_seed404_ep50000.pt,cond2,404,0,9001,greedy,none,none,none,none,f_value,1.500,5852,0.017002734107997266,4.0340054682159945,0.0,16.136021872863978,,,50000,baseline,private,
<SOURCE_VECSTRAIGHT_REPO>/hetzner-results/phase3_vecstraight_comm_history_factorial_without_comm_full_history_15seeds_hetzner_20260330par24/train/cond2_seed404_ep50000.pt,cond2,404,0,9001,greedy,none,none,none,none,f_value,2.500,6044,0.13463765718067505,4.80782594308405,0.0,19.2313037723362,,,50000,baseline,private,
<SOURCE_VECSTRAIGHT_REPO>/hetzner-results/phase3_vecstraight_comm_history_factorial_without_comm_full_history_15seeds_hetzner_20260330par24/train/cond2_seed404_ep50000.pt,cond2,404,0,9001,greedy,none,none,none,none,f_value,3.500,6432,0.4396377487562189,8.396377487562189,0.003420398009950249,33.585509950248756,,,50000,baseline,private,
<SOURCE_VECSTRAIGHT_REPO>/hetzner-results/phase3_vecstraight_comm_history_factorial_without_comm_full_history_15seeds_hetzner_20260330par24/train/cond2_seed404_ep50000.pt,cond2,404,0,9001,greedy,none,none,none,none,f_value,5.000,6363,0.7673660223165174,16.277856357064277,0.28775734716328777,65.1114254282571,,,50000,baseline,private,
<SOURCE_VECSTRAIGHT_REPO>/hetzner-results/phase3_vecstraight_comm_history_factorial_without_comm_full_history_15seeds_hetzner_20260330par24/train/cond2_seed505_ep50000.pt,cond2,505,0,9001,greedy,none,none,none,none,regime,competitive,5309,0.001130156338293464,3.997739687323413,0.0,15.990958749293652,,,50000,baseline,private,
<SOURCE_VECSTRAIGHT_REPO>/hetzner-results/phase3_vecstraight_comm_history_factorial_without_comm_full_history_15seeds_hetzner_20260330par24/train/cond2_seed505_ep50000.pt,cond2,505,0,9001,greedy,none,none,none,none,regime,cooperative,6363,0.6377494892346377,14.203991827754203,0.11582586830111583,56.81596731101681,,,50000,baseline,private,
<SOURCE_VECSTRAIGHT_REPO>/hetzner-results/phase3_vecstraight_comm_history_factorial_without_comm_full_history_15seeds_hetzner_20260330par24/train/cond2_seed505_ep50000.pt,cond2,505,0,9001,greedy,none,none,none,none,regime,mixed,18328,0.18328513749454386,5.614005892623308,0.0010912265386294195,22.456023570493233,,,50000,baseline,private,
<SOURCE_VECSTRAIGHT_REPO>/hetzner-results/phase3_vecstraight_comm_history_factorial_without_comm_full_history_15seeds_hetzner_20260330par24/train/cond2_seed505_ep50000.pt,cond2,505,0,9001,greedy,none,none,none,none,f_value,0.500,5309,0.001130156338293464,3.997739687323413,0.0,15.990958749293652,,,50000,baseline,private,
<SOURCE_VECSTRAIGHT_REPO>/hetzner-results/phase3_vecstraight_comm_history_factorial_without_comm_full_history_15seeds_hetzner_20260330par24/train/cond2_seed505_ep50000.pt,cond2,505,0,9001,greedy,none,none,none,none,f_value,1.500,5852,0.006493506493506494,4.012987012987013,0.0,16.051948051948052,,,50000,baseline,private,
<SOURCE_VECSTRAIGHT_REPO>/hetzner-results/phase3_vecstraight_comm_history_factorial_without_comm_full_history_15seeds_hetzner_20260330par24/train/cond2_seed505_ep50000.pt,cond2,505,0,9001,greedy,none,none,none,none,f_value,2.500,6044,0.15333388484447386,4.920003309066844,0.0,19.680013236267374,,,50000,baseline,private,
<SOURCE_VECSTRAIGHT_REPO>/hetzner-results/phase3_vecstraight_comm_history_factorial_without_comm_full_history_15seeds_hetzner_20260330par24/train/cond2_seed505_ep50000.pt,cond2,505,0,9001,greedy,none,none,none,none,f_value,3.500,6432,0.3722792288557214,7.722792288557214,0.003109452736318408,30.891169154228855,,,50000,baseline,private,
<SOURCE_VECSTRAIGHT_REPO>/hetzner-results/phase3_vecstraight_comm_history_factorial_without_comm_full_history_15seeds_hetzner_20260330par24/train/cond2_seed505_ep50000.pt,cond2,505,0,9001,greedy,none,none,none,none,f_value,5.000,6363,0.6377494892346377,14.203991827754203,0.11582586830111583,56.81596731101681,,,50000,baseline,private,
<SOURCE_VECSTRAIGHT_REPO>/hetzner-results/phase3_vecstraight_comm_history_factorial_without_comm_full_history_15seeds_hetzner_20260330par24/train/cond2_seed606_ep50000.pt,cond2,606,0,9001,greedy,none,none,none,none,regime,competitive,5309,0.005462422301751742,3.9890751553964967,0.0,15.956300621585987,,,50000,baseline,private,
<SOURCE_VECSTRAIGHT_REPO>/hetzner-results/phase3_vecstraight_comm_history_factorial_without_comm_full_history_15seeds_hetzner_20260330par24/train/cond2_seed606_ep50000.pt,cond2,606,0,9001,greedy,none,none,none,none,regime,cooperative,6363,0.5593666509508094,12.94986641521295,0.042275656137042275,51.7994656608518,,,50000,baseline,private,
<SOURCE_VECSTRAIGHT_REPO>/hetzner-results/phase3_vecstraight_comm_history_factorial_without_comm_full_history_15seeds_hetzner_20260330par24/train/cond2_seed606_ep50000.pt,cond2,606,0,9001,greedy,none,none,none,none,regime,mixed,18328,0.4302979048450458,7.391095591444784,0.06509166302924486,29.564382365779135,,,50000,baseline,private,
<SOURCE_VECSTRAIGHT_REPO>/hetzner-results/phase3_vecstraight_comm_history_factorial_without_comm_full_history_15seeds_hetzner_20260330par24/train/cond2_seed606_ep50000.pt,cond2,606,0,9001,greedy,none,none,none,none,f_value,0.500,5309,0.005462422301751742,3.9890751553964967,0.0,15.956300621585987,,,50000,baseline,private,
<SOURCE_VECSTRAIGHT_REPO>/hetzner-results/phase3_vecstraight_comm_history_factorial_without_comm_full_history_15seeds_hetzner_20260330par24/train/cond2_seed606_ep50000.pt,cond2,606,0,9001,greedy,none,none,none,none,f_value,1.500,5852,0.07497436773752564,4.149948735475051,0.00017088174982911826,16.599794941900203,,,50000,baseline,private,
<SOURCE_VECSTRAIGHT_REPO>/hetzner-results/phase3_vecstraight_comm_history_factorial_without_comm_full_history_15seeds_hetzner_20260330par24/train/cond2_seed606_ep50000.pt,cond2,606,0,9001,greedy,none,none,none,none,f_value,2.500,6044,0.5461201191264063,7.276720714758438,0.0670086035737922,29.106882859033753,,,50000,baseline,private,
<SOURCE_VECSTRAIGHT_REPO>/hetzner-results/phase3_vecstraight_comm_history_factorial_without_comm_full_history_15seeds_hetzner_20260330par24/train/cond2_seed606_ep50000.pt,cond2,606,0,9001,greedy,none,none,none,none,f_value,3.500,6432,0.6447450248756219,10.447450248756219,0.12235696517412935,41.789800995024876,,,50000,baseline,private,
<SOURCE_VECSTRAIGHT_REPO>/hetzner-results/phase3_vecstraight_comm_history_factorial_without_comm_full_history_15seeds_hetzner_20260330par24/train/cond2_seed606_ep50000.pt,cond2,606,0,9001,greedy,none,none,none,none,f_value,5.000,6363,0.5593666509508094,12.94986641521295,0.042275656137042275,51.7994656608518,,,50000,baseline,private,
<SOURCE_VECSTRAIGHT_REPO>/hetzner-results/phase3_vecstraight_comm_history_factorial_without_comm_full_history_15seeds_hetzner_20260330par24/train/cond2_seed707_ep50000.pt,cond2,707,0,9001,greedy,none,none,none,none,regime,competitive,5309,0.035317385571670745,3.9293652288566583,0.0,15.717460915426633,,,50000,baseline,private,
<SOURCE_VECSTRAIGHT_REPO>/hetzner-results/phase3_vecstraight_comm_history_factorial_without_comm_full_history_15seeds_hetzner_20260330par24/train/cond2_seed707_ep50000.pt,cond2,707,0,9001,greedy,none,none,none,none,regime,cooperative,6363,0.45552412384095553,11.288385981455288,0.08203677510608204,45.153543925821154,,,50000,baseline,private,
<SOURCE_VECSTRAIGHT_REPO>/hetzner-results/phase3_vecstraight_comm_history_factorial_without_comm_full_history_15seeds_hetzner_20260330par24/train/cond2_seed707_ep50000.pt,cond2,707,0,9001,greedy,none,none,none,none,regime,mixed,18328,0.04795940637276298,4.4663902226102135,0.0,17.865560890440854,,,50000,baseline,private,
<SOURCE_VECSTRAIGHT_REPO>/hetzner-results/phase3_vecstraight_comm_history_factorial_without_comm_full_history_15seeds_hetzner_20260330par24/train/cond2_seed707_ep50000.pt,cond2,707,0,9001,greedy,none,none,none,none,f_value,0.500,5309,0.035317385571670745,3.9293652288566583,0.0,15.717460915426633,,,50000,baseline,private,
<SOURCE_VECSTRAIGHT_REPO>/hetzner-results/phase3_vecstraight_comm_history_factorial_without_comm_full_history_15seeds_hetzner_20260330par24/train/cond2_seed707_ep50000.pt,cond2,707,0,9001,greedy,none,none,none,none,f_value,1.500,5852,0.0007689678742310321,4.001537935748462,0.0,16.006151742993847,,,50000,baseline,private,
<SOURCE_VECSTRAIGHT_REPO>/hetzner-results/phase3_vecstraight_comm_history_factorial_without_comm_full_history_15seeds_hetzner_20260330par24/train/cond2_seed707_ep50000.pt,cond2,707,0,9001,greedy,none,none,none,none,f_value,2.500,6044,0.008520847121111846,4.051125082726671,0.0,16.204500330906683,,,50000,baseline,private,
<SOURCE_VECSTRAIGHT_REPO>/hetzner-results/phase3_vecstraight_comm_history_factorial_without_comm_full_history_15seeds_hetzner_20260330par24/train/cond2_seed707_ep50000.pt,cond2,707,0,9001,greedy,none,none,none,none,f_value,3.500,6432,0.12795398009950248,5.279539800995025,0.0,21.1181592039801,,,50000,baseline,private,
<SOURCE_VECSTRAIGHT_REPO>/hetzner-results/phase3_vecstraight_comm_history_factorial_without_comm_full_history_15seeds_hetzner_20260330par24/train/cond2_seed707_ep50000.pt,cond2,707,0,9001,greedy,none,none,none,none,f_value,5.000,6363,0.45552412384095553,11.288385981455288,0.08203677510608204,45.153543925821154,,,50000,baseline,private,
<SOURCE_VECSTRAIGHT_REPO>/hetzner-results/phase3_vecstraight_comm_history_factorial_without_comm_full_history_15seeds_hetzner_20260330par24/train/cond2_seed808_ep50000.pt,cond2,808,0,9001,greedy,none,none,none,none,regime,competitive,5309,0.05090412507063477,3.8981917498587304,0.0,15.592766999434922,,,50000,baseline,private,
<SOURCE_VECSTRAIGHT_REPO>/hetzner-results/phase3_vecstraight_comm_history_factorial_without_comm_full_history_15seeds_hetzner_20260330par24/train/cond2_seed808_ep50000.pt,cond2,808,0,9001,greedy,none,none,none,none,regime,cooperative,6363,0.4351720886374352,10.962753418198963,0.04023259468804023,43.85101367279585,,,50000,baseline,private,
<SOURCE_VECSTRAIGHT_REPO>/hetzner-results/phase3_vecstraight_comm_history_factorial_without_comm_full_history_15seeds_hetzner_20260330par24/train/cond2_seed808_ep50000.pt,cond2,808,0,9001,greedy,none,none,none,none,regime,mixed,18328,0.051274006983849846,4.455068747271934,0.0,17.820274989087736,,,50000,baseline,private,
<SOURCE_VECSTRAIGHT_REPO>/hetzner-results/phase3_vecstraight_comm_history_factorial_without_comm_full_history_15seeds_hetzner_20260330par24/train/cond2_seed808_ep50000.pt,cond2,808,0,9001,greedy,none,none,none,none,f_value,0.500,5309,0.05090412507063477,3.8981917498587304,0.0,15.592766999434922,,,50000,baseline,private,
<SOURCE_VECSTRAIGHT_REPO>/hetzner-results/phase3_vecstraight_comm_history_factorial_without_comm_full_history_15seeds_hetzner_20260330par24/train/cond2_seed808_ep50000.pt,cond2,808,0,9001,greedy,none,none,none,none,f_value,1.500,5852,0.011150034176349966,4.0223000683527,0.0,16.0892002734108,,,50000,baseline,private,
<SOURCE_VECSTRAIGHT_REPO>/hetzner-results/phase3_vecstraight_comm_history_factorial_without_comm_full_history_15seeds_hetzner_20260330par24/train/cond2_seed808_ep50000.pt,cond2,808,0,9001,greedy,none,none,none,none,f_value,2.500,6044,0.022129384513567173,4.132776307081403,0.0,16.53110522832561,,,50000,baseline,private,
<SOURCE_VECSTRAIGHT_REPO>/hetzner-results/phase3_vecstraight_comm_history_factorial_without_comm_full_history_15seeds_hetzner_20260330par24/train/cond2_seed808_ep50000.pt,cond2,808,0,9001,greedy,none,none,none,none,f_value,3.500,6432,0.11516635572139304,5.15166355721393,0.0,20.60665422885572,,,50000,baseline,private,
<SOURCE_VECSTRAIGHT_REPO>/hetzner-results/phase3_vecstraight_comm_history_factorial_without_comm_full_history_15seeds_hetzner_20260330par24/train/cond2_seed808_ep50000.pt,cond2,808,0,9001,greedy,none,none,none,none,f_value,5.000,6363,0.4351720886374352,10.962753418198963,0.04023259468804023,43.85101367279585,,,50000,baseline,private,
<SOURCE_VECSTRAIGHT_REPO>/hetzner-results/phase3_vecstraight_comm_history_factorial_without_comm_full_history_15seeds_hetzner_20260330par24/train/cond2_seed909_ep50000.pt,cond2,909,0,9001,greedy,none,none,none,none,regime,competitive,5309,0.0091354304012055,3.981729139197589,0.0,15.926916556790356,,,50000,baseline,private,
<SOURCE_VECSTRAIGHT_REPO>/hetzner-results/phase3_vecstraight_comm_history_factorial_without_comm_full_history_15seeds_hetzner_20260330par24/train/cond2_seed909_ep50000.pt,cond2,909,0,9001,greedy,none,none,none,none,regime,cooperative,6363,0.826968411126827,17.23149457802923,0.45041647021845044,68.92597831211692,,,50000,baseline,private,
<SOURCE_VECSTRAIGHT_REPO>/hetzner-results/phase3_vecstraight_comm_history_factorial_without_comm_full_history_15seeds_hetzner_20260330par24/train/cond2_seed909_ep50000.pt,cond2,909,0,9001,greedy,none,none,none,none,regime,mixed,18328,0.20274989087734613,5.613542121344391,0.003546486250545613,22.454168485377565,,,50000,baseline,private,
<SOURCE_VECSTRAIGHT_REPO>/hetzner-results/phase3_vecstraight_comm_history_factorial_without_comm_full_history_15seeds_hetzner_20260330par24/train/cond2_seed909_ep50000.pt,cond2,909,0,9001,greedy,none,none,none,none,f_value,0.500,5309,0.0091354304012055,3.981729139197589,0.0,15.926916556790356,,,50000,baseline,private,
<SOURCE_VECSTRAIGHT_REPO>/hetzner-results/phase3_vecstraight_comm_history_factorial_without_comm_full_history_15seeds_hetzner_20260330par24/train/cond2_seed909_ep50000.pt,cond2,909,0,9001,greedy,none,none,none,none,f_value,1.500,5852,0.07403451811346548,4.148069036226931,0.0,16.592276144907725,,,50000,baseline,private,
<SOURCE_VECSTRAIGHT_REPO>/hetzner-results/phase3_vecstraight_comm_history_factorial_without_comm_full_history_15seeds_hetzner_20260330par24/train/cond2_seed909_ep50000.pt,cond2,909,0,9001,greedy,none,none,none,none,f_value,2.500,6044,0.17045830575777632,5.022749834546658,0.0,20.09099933818663,,,50000,baseline,private,
<SOURCE_VECSTRAIGHT_REPO>/hetzner-results/phase3_vecstraight_comm_history_factorial_without_comm_full_history_15seeds_hetzner_20260330par24/train/cond2_seed909_ep50000.pt,cond2,909,0,9001,greedy,none,none,none,none,f_value,3.500,6432,0.3502021144278607,7.502021144278607,0.010105721393034827,30.008084577114428,,,50000,baseline,private,
<SOURCE_VECSTRAIGHT_REPO>/hetzner-results/phase3_vecstraight_comm_history_factorial_without_comm_full_history_15seeds_hetzner_20260330par24/train/cond2_seed909_ep50000.pt,cond2,909,0,9001,greedy,none,none,none,none,f_value,5.000,6363,0.826968411126827,17.23149457802923,0.45041647021845044,68.92597831211692,,,50000,baseline,private,
